{
  "type": "FeatureCollection",
  "name": "cbnu_buildings",
  "features": [
    {
      "type": "Feature",
      "id": 442065827,
      "geometry": {
        "type": "Polygon",
        "coordinates": [
          [
            [
              127.4564108,
              36.6231654
            ],
            [
              127.4566487,
              36.6230422
            ],
            [
              127.4565543,
              36.6229248
            ],
            [
              127.456356,
              36.6230275
            ],
            [
              127.4563187,
              36.6229812
            ],
            [
              127.4562309,
              36.6230267
            ],
            [
              127.456269,
              36.623074
            ],
            [
              127.4561715,
              36.6231245
            ],
            [
              127.4562167,
              36.6231808
            ],
            [
              127.4559867,
              36.6233
            ],
            [
              127.4559314,
              36.6232313
            ],
            [
              127.4558362,
              36.6232806
            ],
            [
              127.4558788,
              36.6233335
            ],
            [
              127.4556313,
              36.6234617
            ],
            [
              127.4557457,
              36.6236039
            ],
            [
              127.4564642,
              36.6232317
            ],
            [
              127.4564108,
              36.6231654
            ]
          ]
        ]
      },
      "properties": {
        "id": 442065827,
        "osm_type": "way",
        "osm_id": 442065827,
        "name": "수의과대학 및 동물의료센터 (E12-1)",
        "height_m": 22.0,
        "source_geometry": "OpenStreetMap",
        "source_height": "OpenStreetMap:height",
        "vworld_id": null
      }
    },
    {
      "type": "Feature",
      "id": 442065835,
      "geometry": {
        "type": "Polygon",
        "coordinates": [
          [
            [
              127.4559543,
              36.6240324
            ],
            [
              127.4563656,
              36.623827
            ],
            [
              127.4562306,
              36.6236528
            ],
            [
              127.4558192,
              36.6238582
            ],
            [
              127.4559543,
              36.6240324
            ]
          ]
        ]
      },
      "properties": {
        "id": 442065835,
        "osm_type": "way",
        "osm_id": 442065835,
        "name": "실험동물 연구지원센터 (E12-3)",
        "height_m": 24.0,
        "source_geometry": "OpenStreetMap",
        "source_height": "OpenStreetMap:height",
        "vworld_id": null
      }
    },
    {
      "type": "Feature",
      "id": 442065836,
      "geometry": {
        "type": "Polygon",
        "coordinates": [
          [
            [
              127.4567243,
              36.6236643
            ],
            [
              127.4572721,
              36.6234001
            ],
            [
              127.4571753,
              36.6232708
            ],
            [
              127.45663,
              36.6235337
            ],
            [
              127.4566702,
              36.6235874
            ],
            [
              127.4566122,
              36.6236153
            ],
            [
              127.4566529,
              36.6236696
            ],
            [
              127.4567083,
              36.6236429
            ],
            [
              127.4567243,
              36.6236643
            ]
          ]
        ]
      },
      "properties": {
        "id": 442065836,
        "osm_type": "way",
        "osm_id": 442065836,
        "name": "수의과대학 2호관 (E12-2)",
        "height_m": 14.0,
        "source_geometry": "OpenStreetMap",
        "source_height": "OpenStreetMap:height",
        "vworld_id": null
      }
    },
    {
      "type": "Feature",
      "id": 442595862,
      "geometry": {
        "type": "Polygon",
        "coordinates": [
          [
            [
              127.4548601,
              36.6301149
            ],
            [
              127.4546625,
              36.6302208
            ],
            [
              127.4543362,
              36.6298571
            ],
            [
              127.4545286,
              36.6297458
            ],
            [
              127.4548601,
              36.6301149
            ]
          ]
        ]
      },
      "properties": {
        "id": 442595862,
        "osm_type": "way",
        "osm_id": 442595862,
        "name": "대학본부 (N10)",
        "height_m": null,
        "source_geometry": "OpenStreetMap",
        "source_height": null,
        "vworld_id": null
      }
    },
    {
      "type": "Feature",
      "id": 442595863,
      "geometry": {
        "type": "Polygon",
        "coordinates": [
          [
            [
              127.4546625,
              36.6302208
            ],
            [
              127.4548601,
              36.6301149
            ],
            [
              127.4553107,
              36.6298542
            ],
            [
              127.4554534,
              36.630011
            ],
            [
              127.4549307,
              36.6303155
            ],
            [
              127.4547258,
              36.6302908
            ],
            [
              127.4546625,
              36.6302208
            ]
          ]
        ]
      },
      "properties": {
        "id": 442595863,
        "osm_type": "way",
        "osm_id": 442595863,
        "name": "국제교류원 (N10)",
        "height_m": null,
        "source_geometry": "OpenStreetMap",
        "source_height": null,
        "vworld_id": null
      }
    },
    {
      "type": "Feature",
      "id": 442760290,
      "geometry": {
        "type": "Polygon",
        "coordinates": [
          [
            [
              127.4523066,
              36.6297604
            ],
            [
              127.4521841,
              36.6296242
            ],
            [
              127.4527864,
              36.6292778
            ],
            [
              127.4528979,
              36.6292106
            ],
            [
              127.4529239,
              36.6292395
            ],
            [
              127.4529831,
              36.6292052
            ],
            [
              127.4530644,
              36.6292956
            ],
            [
              127.4530918,
              36.6292798
            ],
            [
              127.4533142,
              36.629527
            ],
            [
              127.4531765,
              36.6296068
            ],
            [
              127.4529693,
              36.6293764
            ],
            [
              127.4523066,
              36.6297604
            ]
          ]
        ]
      },
      "properties": {
        "id": 442760290,
        "osm_type": "way",
        "osm_id": 442760290,
        "name": "농업생명과학대학 강의동 (S21-4)",
        "height_m": null,
        "source_geometry": "OpenStreetMap",
        "source_height": null,
        "vworld_id": null
      }
    },
    {
      "type": "Feature",
      "id": 442760297,
      "geometry": {
        "type": "Polygon",
        "coordinates": [
          [
            [
              127.4517529,
              36.6301039
            ],
            [
              127.4519622,
              36.6299871
            ],
            [
              127.4518505,
              36.6298582
            ],
            [
              127.4516412,
              36.629975
            ],
            [
              127.4517529,
              36.6301039
            ]
          ]
        ]
      },
      "properties": {
        "id": 442760297,
        "osm_type": "way",
        "osm_id": 442760297,
        "name": "OSM way 442760297",
        "height_m": null,
        "source_geometry": "OpenStreetMap",
        "source_height": null,
        "vworld_id": null
      }
    },
    {
      "type": "Feature",
      "id": 442760299,
      "geometry": {
        "type": "Polygon",
        "coordinates": [
          [
            [
              127.4514433,
              36.629369
            ],
            [
              127.4516715,
              36.6292391
            ],
            [
              127.4515837,
              36.6291397
            ],
            [
              127.4513554,
              36.6292696
            ],
            [
              127.4514433,
              36.629369
            ]
          ]
        ]
      },
      "properties": {
        "id": 442760299,
        "osm_type": "way",
        "osm_id": 442760299,
        "name": "임산가공공장 (S21-2)",
        "height_m": null,
        "source_geometry": "OpenStreetMap",
        "source_height": null,
        "vworld_id": null
      }
    },
    {
      "type": "Feature",
      "id": 442760300,
      "geometry": {
        "type": "Polygon",
        "coordinates": [
          [
            [
              127.4518373,
              36.6292229
            ],
            [
              127.4519159,
              36.6291695
            ],
            [
              127.4518852,
              36.6291403
            ],
            [
              127.4518065,
              36.6291937
            ],
            [
              127.4518373,
              36.6292229
            ]
          ]
        ]
      },
      "properties": {
        "id": 442760300,
        "osm_type": "way",
        "osm_id": 442760300,
        "name": "OSM way 442760300",
        "height_m": null,
        "source_geometry": "OpenStreetMap",
        "source_height": null,
        "vworld_id": null
      }
    },
    {
      "type": "Feature",
      "id": 442760302,
      "geometry": {
        "type": "Polygon",
        "coordinates": [
          [
            [
              127.4516307,
              36.6290404
            ],
            [
              127.4515731,
              36.6289771
            ],
            [
              127.4514752,
              36.6290346
            ],
            [
              127.4515328,
              36.6290978
            ],
            [
              127.4516307,
              36.6290404
            ]
          ]
        ]
      },
      "properties": {
        "id": 442760302,
        "osm_type": "way",
        "osm_id": 442760302,
        "name": "OSM way 442760302",
        "height_m": null,
        "source_geometry": "OpenStreetMap",
        "source_height": null,
        "vworld_id": null
      }
    },
    {
      "type": "Feature",
      "id": 442760303,
      "geometry": {
        "type": "Polygon",
        "coordinates": [
          [
            [
              127.4529283,
              36.6290652
            ],
            [
              127.4532282,
              36.6288862
            ],
            [
              127.4531282,
              36.6287783
            ],
            [
              127.4528283,
              36.6289573
            ],
            [
              127.4529283,
              36.6290652
            ]
          ]
        ]
      },
      "properties": {
        "id": 442760303,
        "osm_type": "way",
        "osm_id": 442760303,
        "name": "OSM way 442760303",
        "height_m": null,
        "source_geometry": "OpenStreetMap",
        "source_height": null,
        "vworld_id": null
      }
    },
    {
      "type": "Feature",
      "id": 442760304,
      "geometry": {
        "type": "Polygon",
        "coordinates": [
          [
            [
              127.4528163,
              36.6284935
            ],
            [
              127.4528889,
              36.6285748
            ],
            [
              127.452815,
              36.6286173
            ],
            [
              127.4528631,
              36.6286711
            ],
            [
              127.4524459,
              36.628911
            ],
            [
              127.4526323,
              36.6291197
            ],
            [
              127.4526611,
              36.6291125
            ],
            [
              127.4527,
              36.6291559
            ],
            [
              127.4526723,
              36.6291719
            ],
            [
              127.4525578,
              36.6292381
            ],
            [
              127.4525179,
              36.6291936
            ],
            [
              127.4525488,
              36.6291758
            ],
            [
              127.452404,
              36.6290142
            ],
            [
              127.4521264,
              36.6291744
            ],
            [
              127.4520407,
              36.6290788
            ],
            [
              127.4520148,
              36.6290937
            ],
            [
              127.4519734,
              36.6290475
            ],
            [
              127.4523275,
              36.6288435
            ],
            [
              127.452287,
              36.6287982
            ],
            [
              127.4528163,
              36.6284935
            ]
          ]
        ]
      },
      "properties": {
        "id": 442760304,
        "osm_type": "way",
        "osm_id": 442760304,
        "name": "첨단바이오 연구센터 (S20)",
        "height_m": null,
        "source_geometry": "OpenStreetMap",
        "source_height": null,
        "vworld_id": null
      }
    },
    {
      "type": "Feature",
      "id": 442760305,
      "geometry": {
        "type": "Polygon",
        "coordinates": [
          [
            [
              127.4519225,
              36.6289647
            ],
            [
              127.4520196,
              36.6289151
            ],
            [
              127.4517571,
              36.6285846
            ],
            [
              127.4516721,
              36.628628
            ],
            [
              127.4517598,
              36.6287385
            ],
            [
              127.4516914,
              36.6287735
            ],
            [
              127.4517478,
              36.6288445
            ],
            [
              127.4518042,
              36.6288157
            ],
            [
              127.4519225,
              36.6289647
            ]
          ]
        ]
      },
      "properties": {
        "id": 442760305,
        "osm_type": "way",
        "osm_id": 442760305,
        "name": "중앙연구소(S19)",
        "height_m": null,
        "source_geometry": "OpenStreetMap",
        "source_height": null,
        "vworld_id": null
      }
    },
    {
      "type": "Feature",
      "id": 442760306,
      "geometry": {
        "type": "Polygon",
        "coordinates": [
          [
            [
              127.4514658,
              36.6286702
            ],
            [
              127.4515579,
              36.6286258
            ],
            [
              127.4513888,
              36.6284
            ],
            [
              127.4512967,
              36.6284444
            ],
            [
              127.4514658,
              36.6286702
            ]
          ]
        ]
      },
      "properties": {
        "id": 442760306,
        "osm_type": "way",
        "osm_id": 442760306,
        "name": "승리관",
        "height_m": null,
        "source_geometry": "OpenStreetMap",
        "source_height": null,
        "vworld_id": null
      }
    },
    {
      "type": "Feature",
      "id": 442760311,
      "geometry": {
        "type": "Polygon",
        "coordinates": [
          [
            [
              127.4523208,
              36.6276828
            ],
            [
              127.4523461,
              36.6275676
            ],
            [
              127.4524918,
              36.6275882
            ],
            [
              127.4524665,
              36.6277034
            ],
            [
              127.4523208,
              36.6276828
            ]
          ]
        ]
      },
      "properties": {
        "id": 442760311,
        "osm_type": "way",
        "osm_id": 442760311,
        "name": "양성재",
        "height_m": null,
        "source_geometry": "OpenStreetMap",
        "source_height": null,
        "vworld_id": null
      }
    },
    {
      "type": "Feature",
      "id": 442760312,
      "geometry": {
        "type": "Polygon",
        "coordinates": [
          [
            [
              127.4520008,
              36.6274571
            ],
            [
              127.452025,
              36.6274431
            ],
            [
              127.4520412,
              36.6274612
            ],
            [
              127.4524646,
              36.6272165
            ],
            [
              127.4524288,
              36.6271766
            ],
            [
              127.4523679,
              36.6271088
            ],
            [
              127.4519474,
              36.6273518
            ],
            [
              127.4519633,
              36.6273695
            ],
            [
              127.4519362,
              36.6273851
            ],
            [
              127.4520008,
              36.6274571
            ]
          ]
        ]
      },
      "properties": {
        "id": 442760312,
        "osm_type": "way",
        "osm_id": 442760312,
        "name": "신민관 (S17-3)",
        "height_m": null,
        "source_geometry": "OpenStreetMap",
        "source_height": null,
        "vworld_id": null
      }
    },
    {
      "type": "Feature",
      "id": 442760314,
      "geometry": {
        "type": "Polygon",
        "coordinates": [
          [
            [
              127.4526032,
              36.6269821
            ],
            [
              127.4530827,
              36.6275395
            ],
            [
              127.4529507,
              36.6276126
            ],
            [
              127.4525304,
              36.627124
            ],
            [
              127.4524712,
              36.6270552
            ],
            [
              127.4526032,
              36.6269821
            ]
          ]
        ]
      },
      "properties": {
        "id": 442760314,
        "osm_type": "way",
        "osm_id": 442760314,
        "name": "명덕관 (S17-2)",
        "height_m": null,
        "source_geometry": "OpenStreetMap",
        "source_height": null,
        "vworld_id": null
      }
    },
    {
      "type": "Feature",
      "id": 442760315,
      "geometry": {
        "type": "Polygon",
        "coordinates": [
          [
            [
              127.4524288,
              36.6271766
            ],
            [
              127.4525304,
              36.627124
            ],
            [
              127.4524712,
              36.6270552
            ],
            [
              127.4523679,
              36.6271088
            ],
            [
              127.4524288,
              36.6271766
            ]
          ]
        ]
      },
      "properties": {
        "id": 442760315,
        "osm_type": "way",
        "osm_id": 442760315,
        "name": "OSM way 442760315",
        "height_m": null,
        "source_geometry": "OpenStreetMap",
        "source_height": null,
        "vworld_id": null
      }
    },
    {
      "type": "Feature",
      "id": 442760316,
      "geometry": {
        "type": "Polygon",
        "coordinates": [
          [
            [
              127.452467,
              36.6282138
            ],
            [
              127.4528153,
              36.6280217
            ],
            [
              127.4527256,
              36.627917
            ],
            [
              127.4525063,
              36.628038
            ],
            [
              127.4523592,
              36.6278663
            ],
            [
              127.4523534,
              36.6278597
            ],
            [
              127.452225,
              36.6279322
            ],
            [
              127.4522616,
              36.627974
            ],
            [
              127.452467,
              36.6282138
            ]
          ]
        ]
      },
      "properties": {
        "id": 442760316,
        "osm_type": "way",
        "osm_id": 442760316,
        "name": "지선관 (S17-1)",
        "height_m": null,
        "source_geometry": "OpenStreetMap",
        "source_height": null,
        "vworld_id": null
      }
    },
    {
      "type": "Feature",
      "id": 442760317,
      "geometry": {
        "type": "Polygon",
        "coordinates": [
          [
            [
              127.4523592,
              36.6278663
            ],
            [
              127.4525321,
              36.6277673
            ],
            [
              127.4526145,
              36.6278599
            ],
            [
              127.4527185,
              36.6278003
            ],
            [
              127.4525856,
              36.6276508
            ],
            [
              127.4523163,
              36.6278049
            ],
            [
              127.4522738,
              36.627757
            ],
            [
              127.4520705,
              36.6278734
            ],
            [
              127.4521942,
              36.6280126
            ],
            [
              127.4522616,
              36.627974
            ],
            [
              127.452225,
              36.6279322
            ],
            [
              127.4523534,
              36.6278597
            ],
            [
              127.4523592,
              36.6278663
            ]
          ]
        ]
      },
      "properties": {
        "id": 442760317,
        "osm_type": "way",
        "osm_id": 442760317,
        "name": "OSM way 442760317",
        "height_m": null,
        "source_geometry": "OpenStreetMap",
        "source_height": null,
        "vworld_id": null
      }
    },
    {
      "type": "Feature",
      "id": 446440341,
      "geometry": {
        "type": "Polygon",
        "coordinates": [
          [
            [
              127.4566107,
              36.6304656
            ],
            [
              127.4566262,
              36.6304569
            ],
            [
              127.4566721,
              36.6304312
            ],
            [
              127.4566804,
              36.6304266
            ],
            [
              127.4566246,
              36.6303623
            ],
            [
              127.456954,
              36.630178
            ],
            [
              127.4570233,
              36.6302578
            ],
            [
              127.4569894,
              36.6302689
            ],
            [
              127.4571194,
              36.6304078
            ],
            [
              127.4572658,
              36.6303196
            ],
            [
              127.4571468,
              36.6301924
            ],
            [
              127.4570952,
              36.6302235
            ],
            [
              127.4570323,
              36.6301563
            ],
            [
              127.4572912,
              36.6300003
            ],
            [
              127.4571362,
              36.6298346
            ],
            [
              127.4567408,
              36.6300641
            ],
            [
              127.4567853,
              36.6301145
            ],
            [
              127.4565658,
              36.6302392
            ],
            [
              127.4565982,
              36.6302578
            ],
            [
              127.4565227,
              36.630306
            ],
            [
              127.4564456,
              36.6303011
            ],
            [
              127.4564399,
              36.6303438
            ],
            [
              127.4565119,
              36.6303517
            ],
            [
              127.4566107,
              36.6304656
            ]
          ]
        ]
      },
      "properties": {
        "id": 446440341,
        "osm_type": "way",
        "osm_id": 446440341,
        "name": "경영대학 본관 (N13)",
        "height_m": 18.0,
        "source_geometry": "OpenStreetMap",
        "source_height": "OpenStreetMap:height",
        "vworld_id": null
      }
    },
    {
      "type": "Feature",
      "id": 446440342,
      "geometry": {
        "type": "Polygon",
        "coordinates": [
          [
            [
              127.457265,
              36.6310073
            ],
            [
              127.4571893,
              36.630609
            ],
            [
              127.4573791,
              36.6305858
            ],
            [
              127.4574548,
              36.630984
            ],
            [
              127.457265,
              36.6310073
            ]
          ]
        ]
      },
      "properties": {
        "id": 446440342,
        "osm_type": "way",
        "osm_id": 446440342,
        "name": "미술관 (N16-2)",
        "height_m": 18.0,
        "source_geometry": "OpenStreetMap",
        "source_height": "OpenStreetMap:height",
        "vworld_id": null
      }
    },
    {
      "type": "Feature",
      "id": 446440344,
      "geometry": {
        "type": "Polygon",
        "coordinates": [
          [
            [
              127.4562644,
              36.6308982
            ],
            [
              127.456314,
              36.6308694
            ],
            [
              127.4562605,
              36.6308098
            ],
            [
              127.4564833,
              36.6306807
            ],
            [
              127.4565164,
              36.6307175
            ],
            [
              127.4568046,
              36.6310378
            ],
            [
              127.4568551,
              36.6310085
            ],
            [
              127.457052,
              36.6312273
            ],
            [
              127.4568805,
              36.6313267
            ],
            [
              127.456744,
              36.6311751
            ],
            [
              127.4565926,
              36.6312629
            ],
            [
              127.4562644,
              36.6308982
            ]
          ]
        ]
      },
      "properties": {
        "id": 446440344,
        "osm_type": "way",
        "osm_id": 446440344,
        "name": "인문사회관 (N14)",
        "height_m": null,
        "source_geometry": "OpenStreetMap",
        "source_height": null,
        "vworld_id": null
      }
    },
    {
      "type": "Feature",
      "id": 446440346,
      "geometry": {
        "type": "Polygon",
        "coordinates": [
          [
            [
              127.4581066,
              36.6293422
            ],
            [
              127.4581611,
              36.6294046
            ],
            [
              127.4584445,
              36.6292452
            ],
            [
              127.4582675,
              36.6290426
            ],
            [
              127.4579826,
              36.6292028
            ],
            [
              127.4580035,
              36.6292267
            ],
            [
              127.4581066,
              36.6293422
            ]
          ]
        ]
      },
      "properties": {
        "id": 446440346,
        "osm_type": "way",
        "osm_id": 446440346,
        "name": "세종국가정책대학원",
        "height_m": 19.0,
        "source_geometry": "OpenStreetMap",
        "source_height": "OpenStreetMap:height",
        "vworld_id": null
      }
    },
    {
      "type": "Feature",
      "id": 446440348,
      "geometry": {
        "type": "Polygon",
        "coordinates": [
          [
            [
              127.4580905,
              36.6308134
            ],
            [
              127.4587842,
              36.6307162
            ],
            [
              127.458822,
              36.6308901
            ],
            [
              127.4585609,
              36.6309267
            ],
            [
              127.4585492,
              36.6308728
            ],
            [
              127.4584461,
              36.6308873
            ],
            [
              127.4584411,
              36.6308647
            ],
            [
              127.4582257,
              36.6308949
            ],
            [
              127.4582365,
              36.6309448
            ],
            [
              127.4581225,
              36.6309608
            ],
            [
              127.4580905,
              36.6308134
            ]
          ]
        ]
      },
      "properties": {
        "id": 446440348,
        "osm_type": "way",
        "osm_id": 446440348,
        "name": "미술과 (N16-3)",
        "height_m": 21.0,
        "source_geometry": "OpenStreetMap",
        "source_height": "OpenStreetMap:height",
        "vworld_id": null
      }
    },
    {
      "type": "Feature",
      "id": 446440349,
      "geometry": {
        "type": "Polygon",
        "coordinates": [
          [
            [
              127.4580802,
              36.6313356
            ],
            [
              127.4583331,
              36.6311898
            ],
            [
              127.4582632,
              36.6311117
            ],
            [
              127.4580321,
              36.631245
            ],
            [
              127.4580545,
              36.63127
            ],
            [
              127.4579802,
              36.6313129
            ],
            [
              127.4580061,
              36.6313419
            ],
            [
              127.4580587,
              36.6313116
            ],
            [
              127.4580802,
              36.6313356
            ]
          ]
        ]
      },
      "properties": {
        "id": 446440349,
        "osm_type": "way",
        "osm_id": 446440349,
        "name": "정의관",
        "height_m": null,
        "source_geometry": "OpenStreetMap",
        "source_height": null,
        "vworld_id": null
      }
    },
    {
      "type": "Feature",
      "id": 446440350,
      "geometry": {
        "type": "Polygon",
        "coordinates": [
          [
            [
              127.4576141,
              36.6312165
            ],
            [
              127.4577225,
              36.6312771
            ],
            [
              127.4579075,
              36.6310639
            ],
            [
              127.4578858,
              36.6310518
            ],
            [
              127.4579993,
              36.6309209
            ],
            [
              127.4578918,
              36.6308608
            ],
            [
              127.4577372,
              36.631039
            ],
            [
              127.4577581,
              36.6310507
            ],
            [
              127.4576141,
              36.6312165
            ]
          ]
        ]
      },
      "properties": {
        "id": 446440350,
        "osm_type": "way",
        "osm_id": 446440350,
        "name": "진리관",
        "height_m": null,
        "source_geometry": "OpenStreetMap",
        "source_height": null,
        "vworld_id": null
      }
    },
    {
      "type": "Feature",
      "id": 452267227,
      "geometry": {
        "type": "Polygon",
        "coordinates": [
          [
            [
              127.4551353,
              36.6279511
            ],
            [
              127.4552988,
              36.6279722
            ],
            [
              127.4553495,
              36.6277196
            ],
            [
              127.4555887,
              36.6277505
            ],
            [
              127.455607,
              36.6276592
            ],
            [
              127.4552043,
              36.6276071
            ],
            [
              127.4551353,
              36.6279511
            ]
          ]
        ]
      },
      "properties": {
        "id": 452267227,
        "osm_type": "way",
        "osm_id": 452267227,
        "name": "충북대학교 박물관 (S9)",
        "height_m": null,
        "source_geometry": "OpenStreetMap",
        "source_height": null,
        "vworld_id": null
      }
    },
    {
      "type": "Feature",
      "id": 452267238,
      "geometry": {
        "type": "Polygon",
        "coordinates": [
          [
            [
              127.4600046,
              36.6299054
            ],
            [
              127.4601353,
              36.6298804
            ],
            [
              127.4603622,
              36.6298369
            ],
            [
              127.4604695,
              36.6298164
            ],
            [
              127.4605107,
              36.6299549
            ],
            [
              127.4600458,
              36.6300439
            ],
            [
              127.4600046,
              36.6299054
            ]
          ]
        ]
      },
      "properties": {
        "id": 452267238,
        "osm_type": "way",
        "osm_id": 452267238,
        "name": "은하수식당(교직원) (N21)",
        "height_m": null,
        "source_geometry": "OpenStreetMap",
        "source_height": null,
        "vworld_id": null
      }
    },
    {
      "type": "Feature",
      "id": 452365446,
      "geometry": {
        "type": "Polygon",
        "coordinates": [
          [
            [
              127.4550162,
              36.6296348
            ],
            [
              127.4552989,
              36.6294616
            ],
            [
              127.4552796,
              36.6294341
            ],
            [
              127.4553837,
              36.6293744
            ],
            [
              127.4553927,
              36.6293876
            ],
            [
              127.455604,
              36.6292658
            ],
            [
              127.4554653,
              36.6291063
            ],
            [
              127.4552214,
              36.6292351
            ],
            [
              127.4552559,
              36.6292743
            ],
            [
              127.4548799,
              36.6294864
            ],
            [
              127.4550162,
              36.6296348
            ]
          ]
        ]
      },
      "properties": {
        "id": 452365446,
        "osm_type": "way",
        "osm_id": 452365446,
        "name": "공동실험실습관 (N11)",
        "height_m": null,
        "source_geometry": "OpenStreetMap",
        "source_height": null,
        "vworld_id": null
      }
    },
    {
      "type": "Feature",
      "id": 452421702,
      "geometry": {
        "type": "Polygon",
        "coordinates": [
          [
            [
              127.4599241,
              36.6274408
            ],
            [
              127.4601471,
              36.627684
            ],
            [
              127.4604313,
              36.6275058
            ],
            [
              127.4603658,
              36.6274322
            ],
            [
              127.4605016,
              36.627356
            ],
            [
              127.4605585,
              36.6274259
            ],
            [
              127.460691,
              36.6275699
            ],
            [
              127.4611276,
              36.6273248
            ],
            [
              127.4607983,
              36.6269367
            ],
            [
              127.4599241,
              36.6274408
            ]
          ]
        ]
      },
      "properties": {
        "id": 452421702,
        "osm_type": "way",
        "osm_id": 452421702,
        "name": "글로컬교육스포츠센터",
        "height_m": null,
        "source_geometry": "OpenStreetMap",
        "source_height": null,
        "vworld_id": null
      }
    },
    {
      "type": "Feature",
      "id": 452601509,
      "geometry": {
        "type": "Polygon",
        "coordinates": [
          [
            [
              127.4587911,
              36.6253029
            ],
            [
              127.4591747,
              36.6250766
            ],
            [
              127.4589451,
              36.6248256
            ],
            [
              127.4585538,
              36.6250494
            ],
            [
              127.4587911,
              36.6253029
            ]
          ]
        ]
      },
      "properties": {
        "id": 452601509,
        "osm_type": "way",
        "osm_id": 452601509,
        "name": "제2 공장동 (E8-5)",
        "height_m": null,
        "source_geometry": "OpenStreetMap",
        "source_height": null,
        "vworld_id": null
      }
    },
    {
      "type": "Feature",
      "id": 452601510,
      "geometry": {
        "type": "Polygon",
        "coordinates": [
          [
            [
              127.4599463,
              36.6257852
            ],
            [
              127.4599135,
              36.6258025
            ],
            [
              127.4598573,
              36.625734
            ],
            [
              127.4604986,
              36.6253947
            ],
            [
              127.4605926,
              36.6255092
            ],
            [
              127.4604808,
              36.6255683
            ],
            [
              127.4605068,
              36.6255999
            ],
            [
              127.4601549,
              36.625786
            ],
            [
              127.4601306,
              36.6257564
            ],
            [
              127.4599856,
              36.6258331
            ],
            [
              127.4599463,
              36.6257852
            ]
          ]
        ]
      },
      "properties": {
        "id": 452601510,
        "osm_type": "way",
        "osm_id": 452601510,
        "name": "의과대학2호관 (E7-3)",
        "height_m": 18.0,
        "source_geometry": "OpenStreetMap",
        "source_height": "OpenStreetMap:height",
        "vworld_id": null
      }
    },
    {
      "type": "Feature",
      "id": 452601511,
      "geometry": {
        "type": "Polygon",
        "coordinates": [
          [
            [
              127.4613857,
              36.6248791
            ],
            [
              127.4612695,
              36.6247431
            ],
            [
              127.4611288,
              36.6248205
            ],
            [
              127.4611571,
              36.6248536
            ],
            [
              127.4609782,
              36.6249519
            ],
            [
              127.4610007,
              36.6249783
            ],
            [
              127.4607731,
              36.6251033
            ],
            [
              127.4605856,
              36.6248833
            ],
            [
              127.4603789,
              36.6249967
            ],
            [
              127.460535,
              36.6251799
            ],
            [
              127.460633,
              36.6251261
            ],
            [
              127.4606701,
              36.6251696
            ],
            [
              127.4605775,
              36.6252204
            ],
            [
              127.4606714,
              36.6253306
            ],
            [
              127.4607117,
              36.6253085
            ],
            [
              127.4607299,
              36.6253296
            ],
            [
              127.4612603,
              36.6250347
            ],
            [
              127.4612098,
              36.6249762
            ],
            [
              127.4613857,
              36.6248791
            ]
          ]
        ]
      },
      "properties": {
        "id": 452601511,
        "osm_type": "way",
        "osm_id": 452601511,
        "name": "의과대학1호관 (E7-1)",
        "height_m": 18.0,
        "source_geometry": "OpenStreetMap",
        "source_height": "OpenStreetMap:height",
        "vworld_id": null
      }
    },
    {
      "type": "Feature",
      "id": 452601512,
      "geometry": {
        "type": "Polygon",
        "coordinates": [
          [
            [
              127.4605133,
              36.6248868
            ],
            [
              127.4609546,
              36.624642
            ],
            [
              127.4608458,
              36.6245156
            ],
            [
              127.4604045,
              36.6247604
            ],
            [
              127.4605133,
              36.6248868
            ]
          ]
        ]
      },
      "properties": {
        "id": 452601512,
        "osm_type": "way",
        "osm_id": 452601512,
        "name": "임상연구동 (H3)",
        "height_m": 26.0,
        "source_geometry": "OpenStreetMap",
        "source_height": "OpenStreetMap:height",
        "vworld_id": null
      }
    },
    {
      "type": "Feature",
      "id": 452601516,
      "geometry": {
        "type": "Polygon",
        "coordinates": [
          [
            [
              127.4604159,
              36.6305631
            ],
            [
              127.4603802,
              36.6305692
            ],
            [
              127.4603563,
              36.6304798
            ],
            [
              127.4603925,
              36.6304735
            ],
            [
              127.4603828,
              36.630437
            ],
            [
              127.4609466,
              36.6303398
            ],
            [
              127.4609397,
              36.6303139
            ],
            [
              127.4611664,
              36.6302748
            ],
            [
              127.4612048,
              36.6304184
            ],
            [
              127.4610701,
              36.6304416
            ],
            [
              127.46106,
              36.6304037
            ],
            [
              127.4609372,
              36.6304248
            ],
            [
              127.4609565,
              36.6304968
            ],
            [
              127.4604227,
              36.6305887
            ],
            [
              127.4604159,
              36.6305631
            ]
          ]
        ]
      },
      "properties": {
        "id": 452601516,
        "osm_type": "way",
        "osm_id": 452601516,
        "name": "생활과학관 (N20-1)",
        "height_m": 12.0,
        "source_geometry": "OpenStreetMap",
        "source_height": "OpenStreetMap:height",
        "vworld_id": null
      }
    },
    {
      "type": "Feature",
      "id": 452601519,
      "geometry": {
        "type": "Polygon",
        "coordinates": [
          [
            [
              127.4584776,
              36.632025
            ],
            [
              127.4583788,
              36.6320502
            ],
            [
              127.4583058,
              36.6318659
            ],
            [
              127.4584457,
              36.6318302
            ],
            [
              127.4584537,
              36.6318044
            ],
            [
              127.4584792,
              36.6317775
            ],
            [
              127.4585154,
              36.6317699
            ],
            [
              127.4585664,
              36.6317796
            ],
            [
              127.4585945,
              36.6318055
            ],
            [
              127.4587445,
              36.6317671
            ],
            [
              127.4588111,
              36.6319346
            ],
            [
              127.458686,
              36.6319667
            ],
            [
              127.4586988,
              36.6319988
            ],
            [
              127.4584885,
              36.6320525
            ],
            [
              127.4584776,
              36.632025
            ]
          ]
        ]
      },
      "properties": {
        "id": 452601519,
        "osm_type": "way",
        "osm_id": 452601519,
        "name": "계영원",
        "height_m": null,
        "source_geometry": "OpenStreetMap",
        "source_height": null,
        "vworld_id": null
      }
    },
    {
      "type": "Feature",
      "id": 452601520,
      "geometry": {
        "type": "Polygon",
        "coordinates": [
          [
            [
              127.4580773,
              36.6315452
            ],
            [
              127.4581117,
              36.6316405
            ],
            [
              127.4584906,
              36.6315538
            ],
            [
              127.4584867,
              36.6315318
            ],
            [
              127.4586418,
              36.6315042
            ],
            [
              127.4586143,
              36.6314089
            ],
            [
              127.4584131,
              36.6314553
            ],
            [
              127.4584033,
              36.6314443
            ],
            [
              127.4583876,
              36.6314412
            ],
            [
              127.4583709,
              36.6314475
            ],
            [
              127.4583679,
              36.6314672
            ],
            [
              127.4583728,
              36.6314813
            ],
            [
              127.4580773,
              36.6315452
            ]
          ]
        ]
      },
      "properties": {
        "id": 452601520,
        "osm_type": "way",
        "osm_id": 452601520,
        "name": "개척관",
        "height_m": 20.0,
        "source_geometry": "OpenStreetMap",
        "source_height": "OpenStreetMap:height",
        "vworld_id": null
      }
    },
    {
      "type": "Feature",
      "id": 452601521,
      "geometry": {
        "type": "Polygon",
        "coordinates": [
          [
            [
              127.4574151,
              36.6316065
            ],
            [
              127.4573475,
              36.6315649
            ],
            [
              127.4575662,
              36.6313079
            ],
            [
              127.4576452,
              36.6313622
            ],
            [
              127.4576136,
              36.6313966
            ],
            [
              127.4576745,
              36.6314527
            ],
            [
              127.4577219,
              36.6314255
            ],
            [
              127.4578482,
              36.6315757
            ],
            [
              127.4578843,
              36.6316699
            ],
            [
              127.4575595,
              36.6317513
            ],
            [
              127.4575211,
              36.6316825
            ],
            [
              127.4575504,
              36.6316699
            ],
            [
              127.4574895,
              36.6315848
            ],
            [
              127.4574151,
              36.6316065
            ]
          ]
        ]
      },
      "properties": {
        "id": 452601521,
        "osm_type": "way",
        "osm_id": 452601521,
        "name": "개성재 관리동",
        "height_m": 8.0,
        "source_geometry": "OpenStreetMap",
        "source_height": "OpenStreetMap:height",
        "vworld_id": null
      }
    },
    {
      "type": "Feature",
      "id": 452601526,
      "geometry": {
        "type": "Polygon",
        "coordinates": [
          [
            [
              127.4501869,
              36.6272057
            ],
            [
              127.450184,
              36.6271293
            ],
            [
              127.4501468,
              36.6271293
            ],
            [
              127.4500873,
              36.6271317
            ],
            [
              127.4500962,
              36.6269538
            ],
            [
              127.4501944,
              36.626949
            ],
            [
              127.4501944,
              36.6270409
            ],
            [
              127.4503611,
              36.6270302
            ],
            [
              127.450434,
              36.6269693
            ],
            [
              127.4503536,
              36.6269012
            ],
            [
              127.4504265,
              36.6268403
            ],
            [
              127.450614,
              36.6269609
            ],
            [
              127.4504682,
              36.6270827
            ],
            [
              127.4504637,
              36.6271962
            ],
            [
              127.4501869,
              36.6272057
            ]
          ]
        ]
      },
      "properties": {
        "id": 452601526,
        "osm_type": "way",
        "osm_id": 452601526,
        "name": "양현재 관리동 (S17-7)",
        "height_m": null,
        "source_geometry": "OpenStreetMap",
        "source_height": null,
        "vworld_id": null
      }
    },
    {
      "type": "Feature",
      "id": 452601527,
      "geometry": {
        "type": "Polygon",
        "coordinates": [
          [
            [
              127.4508997,
              36.6268893
            ],
            [
              127.4510351,
              36.6268881
            ],
            [
              127.4510396,
              36.6270768
            ],
            [
              127.4510634,
              36.6270791
            ],
            [
              127.4510709,
              36.6272917
            ],
            [
              127.4509399,
              36.6272917
            ],
            [
              127.450931,
              36.6271532
            ],
            [
              127.4509042,
              36.6271532
            ],
            [
              127.4508997,
              36.6268893
            ]
          ]
        ]
      },
      "properties": {
        "id": 452601527,
        "osm_type": "way",
        "osm_id": 452601527,
        "name": "등용관 (S17-6)",
        "height_m": null,
        "source_geometry": "OpenStreetMap",
        "source_height": null,
        "vworld_id": null
      }
    },
    {
      "type": "Feature",
      "id": 452601528,
      "geometry": {
        "type": "Polygon",
        "coordinates": [
          [
            [
              127.4501617,
              36.627318
            ],
            [
              127.4504369,
              36.6273025
            ],
            [
              127.4504384,
              36.6273275
            ],
            [
              127.4507465,
              36.627318
            ],
            [
              127.4507375,
              36.6274338
            ],
            [
              127.4504057,
              36.6274458
            ],
            [
              127.4504012,
              36.6274219
            ],
            [
              127.4501646,
              36.6274302
            ],
            [
              127.4501617,
              36.627318
            ]
          ]
        ]
      },
      "properties": {
        "id": 452601528,
        "osm_type": "way",
        "osm_id": 452601528,
        "name": "청운관 (S17-5)",
        "height_m": null,
        "source_geometry": "OpenStreetMap",
        "source_height": null,
        "vworld_id": null
      }
    },
    {
      "type": "Feature",
      "id": 452602259,
      "geometry": {
        "type": "Polygon",
        "coordinates": [
          [
            [
              127.4616083,
              36.6272475
            ],
            [
              127.4617004,
              36.6272029
            ],
            [
              127.4617161,
              36.6272239
            ],
            [
              127.4618218,
              36.6271727
            ],
            [
              127.4618103,
              36.6271574
            ],
            [
              127.4618926,
              36.6271175
            ],
            [
              127.4618162,
              36.6270158
            ],
            [
              127.4615361,
              36.6271515
            ],
            [
              127.4616083,
              36.6272475
            ]
          ]
        ]
      },
      "properties": {
        "id": 452602259,
        "osm_type": "way",
        "osm_id": 452602259,
        "name": "123학군단 (E5)",
        "height_m": null,
        "source_geometry": "OpenStreetMap",
        "source_height": null,
        "vworld_id": null
      }
    },
    {
      "type": "Feature",
      "id": 452602260,
      "geometry": {
        "type": "Polygon",
        "coordinates": [
          [
            [
              127.4623604,
              36.6269989
            ],
            [
              127.4623319,
              36.6270791
            ],
            [
              127.4626063,
              36.627142
            ],
            [
              127.4627454,
              36.6267512
            ],
            [
              127.4624759,
              36.6266894
            ],
            [
              127.4624457,
              36.6267741
            ],
            [
              127.4623981,
              36.6267632
            ],
            [
              127.4623177,
              36.6269891
            ],
            [
              127.4623604,
              36.6269989
            ]
          ]
        ]
      },
      "properties": {
        "id": 452602260,
        "osm_type": "way",
        "osm_id": 452602260,
        "name": "보조체육관 (E4-3)",
        "height_m": null,
        "source_geometry": "OpenStreetMap",
        "source_height": null,
        "vworld_id": null
      }
    },
    {
      "type": "Feature",
      "id": 452848247,
      "geometry": {
        "type": "Polygon",
        "coordinates": [
          [
            [
              127.4534771,
              36.6265441
            ],
            [
              127.4535227,
              36.6265248
            ],
            [
              127.4536863,
              36.626485
            ],
            [
              127.4538016,
              36.6264569
            ],
            [
              127.4538351,
              36.6265312
            ],
            [
              127.45352,
              36.6266238
            ],
            [
              127.4534771,
              36.6265441
            ]
          ]
        ]
      },
      "properties": {
        "id": 452848247,
        "osm_type": "way",
        "osm_id": 452848247,
        "name": "동아리방",
        "height_m": 8.0,
        "source_geometry": "OpenStreetMap",
        "source_height": "OpenStreetMap:height",
        "vworld_id": null
      }
    },
    {
      "type": "Feature",
      "id": 471400699,
      "geometry": {
        "type": "Polygon",
        "coordinates": [
          [
            [
              127.4502474,
              36.6286242
            ],
            [
              127.4504465,
              36.6285656
            ],
            [
              127.4504289,
              36.628527
            ],
            [
              127.4502297,
              36.6285856
            ],
            [
              127.4502474,
              36.6286242
            ]
          ]
        ]
      },
      "properties": {
        "id": 471400699,
        "osm_type": "way",
        "osm_id": 471400699,
        "name": "OSM way 471400699",
        "height_m": null,
        "source_geometry": "OpenStreetMap",
        "source_height": null,
        "vworld_id": null
      }
    },
    {
      "type": "Feature",
      "id": 471400702,
      "geometry": {
        "type": "Polygon",
        "coordinates": [
          [
            [
              127.4502489,
              36.6285677
            ],
            [
              127.4504234,
              36.6285176
            ],
            [
              127.4504049,
              36.6284761
            ],
            [
              127.4502305,
              36.6285263
            ],
            [
              127.4502489,
              36.6285677
            ]
          ]
        ]
      },
      "properties": {
        "id": 471400702,
        "osm_type": "way",
        "osm_id": 471400702,
        "name": "OSM way 471400702",
        "height_m": null,
        "source_geometry": "OpenStreetMap",
        "source_height": null,
        "vworld_id": null
      }
    },
    {
      "type": "Feature",
      "id": 471400711,
      "geometry": {
        "type": "Polygon",
        "coordinates": [
          [
            [
              127.4502886,
              36.6289254
            ],
            [
              127.4504535,
              36.6288989
            ],
            [
              127.4504659,
              36.6289482
            ],
            [
              127.4503009,
              36.6289748
            ],
            [
              127.4502886,
              36.6289254
            ]
          ]
        ]
      },
      "properties": {
        "id": 471400711,
        "osm_type": "way",
        "osm_id": 471400711,
        "name": "OSM way 471400711",
        "height_m": null,
        "source_geometry": "OpenStreetMap",
        "source_height": null,
        "vworld_id": null
      }
    },
    {
      "type": "Feature",
      "id": 471400717,
      "geometry": {
        "type": "Polygon",
        "coordinates": [
          [
            [
              127.450645,
              36.6289892
            ],
            [
              127.4507751,
              36.6289803
            ],
            [
              127.4508006,
              36.6292218
            ],
            [
              127.4506706,
              36.6292307
            ],
            [
              127.450645,
              36.6289892
            ]
          ]
        ]
      },
      "properties": {
        "id": 471400717,
        "osm_type": "way",
        "osm_id": 471400717,
        "name": "OSM way 471400717",
        "height_m": null,
        "source_geometry": "OpenStreetMap",
        "source_height": null,
        "vworld_id": null
      }
    },
    {
      "type": "Feature",
      "id": 471400753,
      "geometry": {
        "type": "Polygon",
        "coordinates": [
          [
            [
              127.4546625,
              36.624518
            ],
            [
              127.454747,
              36.624518
            ],
            [
              127.4547409,
              36.6242973
            ],
            [
              127.4546586,
              36.6242946
            ],
            [
              127.4546625,
              36.624518
            ]
          ]
        ]
      },
      "properties": {
        "id": 471400753,
        "osm_type": "way",
        "osm_id": 471400753,
        "name": "OSM way 471400753",
        "height_m": null,
        "source_geometry": "OpenStreetMap",
        "source_height": null,
        "vworld_id": null
      }
    },
    {
      "type": "Feature",
      "id": 471400757,
      "geometry": {
        "type": "Polygon",
        "coordinates": [
          [
            [
              127.45523,
              36.6245977
            ],
            [
              127.4554976,
              36.6246064
            ],
            [
              127.4554951,
              36.6246565
            ],
            [
              127.4552275,
              36.6246478
            ],
            [
              127.45523,
              36.6245977
            ]
          ]
        ]
      },
      "properties": {
        "id": 471400757,
        "osm_type": "way",
        "osm_id": 471400757,
        "name": "OSM way 471400757",
        "height_m": null,
        "source_geometry": "OpenStreetMap",
        "source_height": null,
        "vworld_id": null
      }
    },
    {
      "type": "Feature",
      "id": 471400758,
      "geometry": {
        "type": "Polygon",
        "coordinates": [
          [
            [
              127.4549939,
              36.6245886
            ],
            [
              127.4551912,
              36.624594
            ],
            [
              127.4551891,
              36.6246423
            ],
            [
              127.4549918,
              36.6246369
            ],
            [
              127.4549939,
              36.6245886
            ]
          ]
        ]
      },
      "properties": {
        "id": 471400758,
        "osm_type": "way",
        "osm_id": 471400758,
        "name": "OSM way 471400758",
        "height_m": null,
        "source_geometry": "OpenStreetMap",
        "source_height": null,
        "vworld_id": null
      }
    },
    {
      "type": "Feature",
      "id": 471400760,
      "geometry": {
        "type": "Polygon",
        "coordinates": [
          [
            [
              127.4554406,
              36.6246645
            ],
            [
              127.4555082,
              36.6246655
            ],
            [
              127.455502,
              36.6249367
            ],
            [
              127.4554343,
              36.6249357
            ],
            [
              127.4554406,
              36.6246645
            ]
          ]
        ]
      },
      "properties": {
        "id": 471400760,
        "osm_type": "way",
        "osm_id": 471400760,
        "name": "OSM way 471400760",
        "height_m": null,
        "source_geometry": "OpenStreetMap",
        "source_height": null,
        "vworld_id": null
      }
    },
    {
      "type": "Feature",
      "id": 471400761,
      "geometry": {
        "type": "Polygon",
        "coordinates": [
          [
            [
              127.4553503,
              36.6246609
            ],
            [
              127.455425,
              36.6246619
            ],
            [
              127.4554196,
              36.6249346
            ],
            [
              127.4553448,
              36.6249336
            ],
            [
              127.4553503,
              36.6246609
            ]
          ]
        ]
      },
      "properties": {
        "id": 471400761,
        "osm_type": "way",
        "osm_id": 471400761,
        "name": "OSM way 471400761",
        "height_m": null,
        "source_geometry": "OpenStreetMap",
        "source_height": null,
        "vworld_id": null
      }
    },
    {
      "type": "Feature",
      "id": 471400762,
      "geometry": {
        "type": "Polygon",
        "coordinates": [
          [
            [
              127.4552617,
              36.6246609
            ],
            [
              127.4553334,
              36.6246616
            ],
            [
              127.4553294,
              36.6249275
            ],
            [
              127.4552577,
              36.6249268
            ],
            [
              127.4552617,
              36.6246609
            ]
          ]
        ]
      },
      "properties": {
        "id": 471400762,
        "osm_type": "way",
        "osm_id": 471400762,
        "name": "OSM way 471400762",
        "height_m": null,
        "source_geometry": "OpenStreetMap",
        "source_height": null,
        "vworld_id": null
      }
    },
    {
      "type": "Feature",
      "id": 471400764,
      "geometry": {
        "type": "Polygon",
        "coordinates": [
          [
            [
              127.4551794,
              36.6246544
            ],
            [
              127.4552506,
              36.6246557
            ],
            [
              127.4552429,
              36.6249205
            ],
            [
              127.4551718,
              36.6249192
            ],
            [
              127.4551794,
              36.6246544
            ]
          ]
        ]
      },
      "properties": {
        "id": 471400764,
        "osm_type": "way",
        "osm_id": 471400764,
        "name": "OSM way 471400764",
        "height_m": null,
        "source_geometry": "OpenStreetMap",
        "source_height": null,
        "vworld_id": null
      }
    },
    {
      "type": "Feature",
      "id": 471400765,
      "geometry": {
        "type": "Polygon",
        "coordinates": [
          [
            [
              127.4550956,
              36.6246497
            ],
            [
              127.4551659,
              36.6246511
            ],
            [
              127.4551571,
              36.6249178
            ],
            [
              127.4550868,
              36.6249163
            ],
            [
              127.4550956,
              36.6246497
            ]
          ]
        ]
      },
      "properties": {
        "id": 471400765,
        "osm_type": "way",
        "osm_id": 471400765,
        "name": "OSM way 471400765",
        "height_m": null,
        "source_geometry": "OpenStreetMap",
        "source_height": null,
        "vworld_id": null
      }
    },
    {
      "type": "Feature",
      "id": 471400766,
      "geometry": {
        "type": "Polygon",
        "coordinates": [
          [
            [
              127.4550033,
              36.6246495
            ],
            [
              127.4550869,
              36.6246507
            ],
            [
              127.4550808,
              36.6249212
            ],
            [
              127.4549972,
              36.62492
            ],
            [
              127.4550033,
              36.6246495
            ]
          ]
        ]
      },
      "properties": {
        "id": 471400766,
        "osm_type": "way",
        "osm_id": 471400766,
        "name": "OSM way 471400766",
        "height_m": null,
        "source_geometry": "OpenStreetMap",
        "source_height": null,
        "vworld_id": null
      }
    },
    {
      "type": "Feature",
      "id": 471400768,
      "geometry": {
        "type": "Polygon",
        "coordinates": [
          [
            [
              127.4549115,
              36.6249129
            ],
            [
              127.4549862,
              36.6249134
            ],
            [
              127.4549891,
              36.6246454
            ],
            [
              127.4549144,
              36.6246448
            ],
            [
              127.4549115,
              36.6249129
            ]
          ]
        ]
      },
      "properties": {
        "id": 471400768,
        "osm_type": "way",
        "osm_id": 471400768,
        "name": "OSM way 471400768",
        "height_m": null,
        "source_geometry": "OpenStreetMap",
        "source_height": null,
        "vworld_id": null
      }
    },
    {
      "type": "Feature",
      "id": 471400769,
      "geometry": {
        "type": "Polygon",
        "coordinates": [
          [
            [
              127.4548242,
              36.6249105
            ],
            [
              127.4549034,
              36.6249115
            ],
            [
              127.4549088,
              36.6246467
            ],
            [
              127.4548295,
              36.6246457
            ],
            [
              127.4548242,
              36.6249105
            ]
          ]
        ]
      },
      "properties": {
        "id": 471400769,
        "osm_type": "way",
        "osm_id": 471400769,
        "name": "OSM way 471400769",
        "height_m": null,
        "source_geometry": "OpenStreetMap",
        "source_height": null,
        "vworld_id": null
      }
    },
    {
      "type": "Feature",
      "id": 471400770,
      "geometry": {
        "type": "Polygon",
        "coordinates": [
          [
            [
              127.454666,
              36.6249005
            ],
            [
              127.4547451,
              36.6249031
            ],
            [
              127.4547528,
              36.6245922
            ],
            [
              127.4546758,
              36.6245906
            ],
            [
              127.454666,
              36.6249005
            ]
          ]
        ]
      },
      "properties": {
        "id": 471400770,
        "osm_type": "way",
        "osm_id": 471400770,
        "name": "OSM way 471400770",
        "height_m": null,
        "source_geometry": "OpenStreetMap",
        "source_height": null,
        "vworld_id": null
      }
    },
    {
      "type": "Feature",
      "id": 471400772,
      "geometry": {
        "type": "Polygon",
        "coordinates": [
          [
            [
              127.4545145,
              36.6245853
            ],
            [
              127.4545968,
              36.624589
            ],
            [
              127.4545874,
              36.6248866
            ],
            [
              127.4545511,
              36.6248861
            ],
            [
              127.4545083,
              36.6248856
            ],
            [
              127.4545145,
              36.6245853
            ]
          ]
        ]
      },
      "properties": {
        "id": 471400772,
        "osm_type": "way",
        "osm_id": 471400772,
        "name": "OSM way 471400772",
        "height_m": null,
        "source_geometry": "OpenStreetMap",
        "source_height": null,
        "vworld_id": null
      }
    },
    {
      "type": "Feature",
      "id": 471400805,
      "geometry": {
        "type": "Polygon",
        "coordinates": [
          [
            [
              127.4568779,
              36.6237258
            ],
            [
              127.4570205,
              36.623659
            ],
            [
              127.4571126,
              36.6237843
            ],
            [
              127.4569664,
              36.6238513
            ],
            [
              127.4568779,
              36.6237258
            ]
          ]
        ]
      },
      "properties": {
        "id": 471400805,
        "osm_type": "way",
        "osm_id": 471400805,
        "name": "OSM way 471400805",
        "height_m": null,
        "source_geometry": "OpenStreetMap",
        "source_height": null,
        "vworld_id": null
      }
    },
    {
      "type": "Feature",
      "id": 471400806,
      "geometry": {
        "type": "Polygon",
        "coordinates": [
          [
            [
              127.4569664,
              36.6238513
            ],
            [
              127.4570046,
              36.623905
            ],
            [
              127.4570625,
              36.6238785
            ],
            [
              127.4571323,
              36.6239767
            ],
            [
              127.4572207,
              36.6239362
            ],
            [
              127.4571126,
              36.6237843
            ],
            [
              127.4569664,
              36.6238513
            ]
          ]
        ]
      },
      "properties": {
        "id": 471400806,
        "osm_type": "way",
        "osm_id": 471400806,
        "name": "OSM way 471400806",
        "height_m": null,
        "source_geometry": "OpenStreetMap",
        "source_height": null,
        "vworld_id": null
      }
    },
    {
      "type": "Feature",
      "id": 471400809,
      "geometry": {
        "type": "Polygon",
        "coordinates": [
          [
            [
              127.4574365,
              36.6241599
            ],
            [
              127.4575535,
              36.6242181
            ],
            [
              127.4576926,
              36.6240378
            ],
            [
              127.4576401,
              36.6240087
            ],
            [
              127.4575755,
              36.6239798
            ],
            [
              127.4574365,
              36.6241599
            ]
          ]
        ]
      },
      "properties": {
        "id": 471400809,
        "osm_type": "way",
        "osm_id": 471400809,
        "name": "OSM way 471400809",
        "height_m": null,
        "source_geometry": "OpenStreetMap",
        "source_height": null,
        "vworld_id": null
      }
    },
    {
      "type": "Feature",
      "id": 471400810,
      "geometry": {
        "type": "Polygon",
        "coordinates": [
          [
            [
              127.4573944,
              36.6241722
            ],
            [
              127.4575335,
              36.624237
            ],
            [
              127.457493,
              36.6242929
            ],
            [
              127.4573539,
              36.6242281
            ],
            [
              127.4573944,
              36.6241722
            ]
          ]
        ]
      },
      "properties": {
        "id": 471400810,
        "osm_type": "way",
        "osm_id": 471400810,
        "name": "OSM way 471400810",
        "height_m": null,
        "source_geometry": "OpenStreetMap",
        "source_height": null,
        "vworld_id": null
      }
    },
    {
      "type": "Feature",
      "id": 471400811,
      "geometry": {
        "type": "Polygon",
        "coordinates": [
          [
            [
              127.457353,
              36.6241163
            ],
            [
              127.4573991,
              36.6240639
            ],
            [
              127.4572498,
              36.6239787
            ],
            [
              127.4572029,
              36.6240307
            ],
            [
              127.457353,
              36.6241163
            ]
          ]
        ]
      },
      "properties": {
        "id": 471400811,
        "osm_type": "way",
        "osm_id": 471400811,
        "name": "OSM way 471400811",
        "height_m": null,
        "source_geometry": "OpenStreetMap",
        "source_height": null,
        "vworld_id": null
      }
    },
    {
      "type": "Feature",
      "id": 471400819,
      "geometry": {
        "type": "Polygon",
        "coordinates": [
          [
            [
              127.4572621,
              36.6237151
            ],
            [
              127.4572137,
              36.6236453
            ],
            [
              127.4571511,
              36.6236732
            ],
            [
              127.4571995,
              36.623743
            ],
            [
              127.4572621,
              36.6237151
            ]
          ]
        ]
      },
      "properties": {
        "id": 471400819,
        "osm_type": "way",
        "osm_id": 471400819,
        "name": "OSM way 471400819",
        "height_m": null,
        "source_geometry": "OpenStreetMap",
        "source_height": null,
        "vworld_id": null
      }
    },
    {
      "type": "Feature",
      "id": 471400826,
      "geometry": {
        "type": "Polygon",
        "coordinates": [
          [
            [
              127.460381,
              36.6306261
            ],
            [
              127.460353,
              36.6304915
            ],
            [
              127.4600018,
              36.6305427
            ],
            [
              127.4599929,
              36.6305021
            ],
            [
              127.4598488,
              36.6305224
            ],
            [
              127.4598596,
              36.630572
            ],
            [
              127.4594409,
              36.6306309
            ],
            [
              127.4594674,
              36.6307521
            ],
            [
              127.4595797,
              36.6307364
            ],
            [
              127.4595768,
              36.6307228
            ],
            [
              127.4598425,
              36.6306855
            ],
            [
              127.4598578,
              36.6307557
            ],
            [
              127.4600416,
              36.6307299
            ],
            [
              127.4600303,
              36.630678
            ],
            [
              127.460381,
              36.6306261
            ]
          ]
        ]
      },
      "properties": {
        "id": 471400826,
        "osm_type": "way",
        "osm_id": 471400826,
        "name": "제2본관 (N19)",
        "height_m": null,
        "source_geometry": "OpenStreetMap",
        "source_height": null,
        "vworld_id": null
      }
    },
    {
      "type": "Feature",
      "id": 471400827,
      "geometry": {
        "type": "Polygon",
        "coordinates": [
          [
            [
              127.4602084,
              36.6309185
            ],
            [
              127.4601855,
              36.6308126
            ],
            [
              127.4601426,
              36.6308186
            ],
            [
              127.4601478,
              36.6308426
            ],
            [
              127.4600345,
              36.6308584
            ],
            [
              127.4600522,
              36.6309403
            ],
            [
              127.4602084,
              36.6309185
            ]
          ]
        ]
      },
      "properties": {
        "id": 471400827,
        "osm_type": "way",
        "osm_id": 471400827,
        "name": "OSM way 471400827",
        "height_m": null,
        "source_geometry": "OpenStreetMap",
        "source_height": null,
        "vworld_id": null
      }
    },
    {
      "type": "Feature",
      "id": 471400829,
      "geometry": {
        "type": "Polygon",
        "coordinates": [
          [
            [
              127.4611026,
              36.6305591
            ],
            [
              127.4610836,
              36.6304783
            ],
            [
              127.4609719,
              36.6304952
            ],
            [
              127.4609909,
              36.630576
            ],
            [
              127.4611026,
              36.6305591
            ]
          ]
        ]
      },
      "properties": {
        "id": 471400829,
        "osm_type": "way",
        "osm_id": 471400829,
        "name": "충북대학교 직장어린이집(N20-3)",
        "height_m": null,
        "source_geometry": "OpenStreetMap",
        "source_height": null,
        "vworld_id": null
      }
    },
    {
      "type": "Feature",
      "id": 471400830,
      "geometry": {
        "type": "Polygon",
        "coordinates": [
          [
            [
              127.4601747,
              36.630737
            ],
            [
              127.4603865,
              36.630699
            ],
            [
              127.4603998,
              36.6307469
            ],
            [
              127.4603172,
              36.6307618
            ],
            [
              127.4603429,
              36.6308538
            ],
            [
              127.4602137,
              36.630877
            ],
            [
              127.4601747,
              36.630737
            ]
          ]
        ]
      },
      "properties": {
        "id": 471400830,
        "osm_type": "way",
        "osm_id": 471400830,
        "name": "OSM way 471400830",
        "height_m": 8.0,
        "source_geometry": "OpenStreetMap",
        "source_height": "OpenStreetMap:height",
        "vworld_id": null
      }
    },
    {
      "type": "Feature",
      "id": 471400831,
      "geometry": {
        "type": "Polygon",
        "coordinates": [
          [
            [
              127.4517491,
              36.6312646
            ],
            [
              127.452077,
              36.6310792
            ],
            [
              127.4519488,
              36.6309333
            ],
            [
              127.451621,
              36.6311187
            ],
            [
              127.4517491,
              36.6312646
            ]
          ]
        ]
      },
      "properties": {
        "id": 471400831,
        "osm_type": "way",
        "osm_id": 471400831,
        "name": "농기계 공작실(S21-22)",
        "height_m": null,
        "source_geometry": "OpenStreetMap",
        "source_height": null,
        "vworld_id": null
      }
    },
    {
      "type": "Feature",
      "id": 471400839,
      "geometry": {
        "type": "Polygon",
        "coordinates": [
          [
            [
              127.4593066,
              36.6248127
            ],
            [
              127.4593867,
              36.6247655
            ],
            [
              127.4594085,
              36.6247893
            ],
            [
              127.4595137,
              36.6247273
            ],
            [
              127.4592092,
              36.6243945
            ],
            [
              127.4590239,
              36.6245037
            ],
            [
              127.4593066,
              36.6248127
            ]
          ]
        ]
      },
      "properties": {
        "id": 471400839,
        "osm_type": "way",
        "osm_id": 471400839,
        "name": "공학지원센터 (E8-8)",
        "height_m": null,
        "source_geometry": "OpenStreetMap",
        "source_height": null,
        "vworld_id": null
      }
    },
    {
      "type": "Feature",
      "id": 471400915,
      "geometry": {
        "type": "Polygon",
        "coordinates": [
          [
            [
              127.4556609,
              36.6280126
            ],
            [
              127.4556427,
              36.6279613
            ],
            [
              127.4554305,
              36.6280099
            ],
            [
              127.4554488,
              36.6280611
            ],
            [
              127.4556609,
              36.6280126
            ]
          ]
        ]
      },
      "properties": {
        "id": 471400915,
        "osm_type": "way",
        "osm_id": 471400915,
        "name": "OSM way 471400915",
        "height_m": null,
        "source_geometry": "OpenStreetMap",
        "source_height": null,
        "vworld_id": null
      }
    },
    {
      "type": "Feature",
      "id": 471400916,
      "geometry": {
        "type": "Polygon",
        "coordinates": [
          [
            [
              127.4548882,
              36.6282545
            ],
            [
              127.4551579,
              36.6282837
            ],
            [
              127.4551339,
              36.6284262
            ],
            [
              127.4548642,
              36.628397
            ],
            [
              127.4548882,
              36.6282545
            ]
          ]
        ]
      },
      "properties": {
        "id": 471400916,
        "osm_type": "way",
        "osm_id": 471400916,
        "name": "차고 (S10)",
        "height_m": null,
        "source_geometry": "OpenStreetMap",
        "source_height": null,
        "vworld_id": null
      }
    },
    {
      "type": "Feature",
      "id": 471400939,
      "geometry": {
        "type": "Polygon",
        "coordinates": [
          [
            [
              127.4519619,
              36.6298821
            ],
            [
              127.4520103,
              36.6298506
            ],
            [
              127.4519637,
              36.6298044
            ],
            [
              127.4519153,
              36.6298359
            ],
            [
              127.4519619,
              36.6298821
            ]
          ]
        ]
      },
      "properties": {
        "id": 471400939,
        "osm_type": "way",
        "osm_id": 471400939,
        "name": "OSM way 471400939",
        "height_m": null,
        "source_geometry": "OpenStreetMap",
        "source_height": null,
        "vworld_id": null
      }
    },
    {
      "type": "Feature",
      "id": 471400940,
      "geometry": {
        "type": "Polygon",
        "coordinates": [
          [
            [
              127.4520547,
              36.6300744
            ],
            [
              127.4520992,
              36.6300488
            ],
            [
              127.4520088,
              36.6299477
            ],
            [
              127.4519643,
              36.6299734
            ],
            [
              127.4520547,
              36.6300744
            ]
          ]
        ]
      },
      "properties": {
        "id": 471400940,
        "osm_type": "way",
        "osm_id": 471400940,
        "name": "OSM way 471400940",
        "height_m": null,
        "source_geometry": "OpenStreetMap",
        "source_height": null,
        "vworld_id": null
      }
    },
    {
      "type": "Feature",
      "id": 471400942,
      "geometry": {
        "type": "Polygon",
        "coordinates": [
          [
            [
              127.4521097,
              36.6300456
            ],
            [
              127.4521387,
              36.6300271
            ],
            [
              127.4520916,
              36.6299795
            ],
            [
              127.4520625,
              36.629998
            ],
            [
              127.4521097,
              36.6300456
            ]
          ]
        ]
      },
      "properties": {
        "id": 471400942,
        "osm_type": "way",
        "osm_id": 471400942,
        "name": "OSM way 471400942",
        "height_m": null,
        "source_geometry": "OpenStreetMap",
        "source_height": null,
        "vworld_id": null
      }
    },
    {
      "type": "Feature",
      "id": 471400943,
      "geometry": {
        "type": "Polygon",
        "coordinates": [
          [
            [
              127.4519855,
              36.6301183
            ],
            [
              127.452032,
              36.6300921
            ],
            [
              127.4519572,
              36.6300066
            ],
            [
              127.4519107,
              36.6300328
            ],
            [
              127.4519855,
              36.6301183
            ]
          ]
        ]
      },
      "properties": {
        "id": 471400943,
        "osm_type": "way",
        "osm_id": 471400943,
        "name": "OSM way 471400943",
        "height_m": null,
        "source_geometry": "OpenStreetMap",
        "source_height": null,
        "vworld_id": null
      }
    },
    {
      "type": "Feature",
      "id": 471400944,
      "geometry": {
        "type": "Polygon",
        "coordinates": [
          [
            [
              127.4519338,
              36.6301523
            ],
            [
              127.4519661,
              36.6301339
            ],
            [
              127.4518885,
              36.6300462
            ],
            [
              127.4518561,
              36.6300647
            ],
            [
              127.4519338,
              36.6301523
            ]
          ]
        ]
      },
      "properties": {
        "id": 471400944,
        "osm_type": "way",
        "osm_id": 471400944,
        "name": "OSM way 471400944",
        "height_m": null,
        "source_geometry": "OpenStreetMap",
        "source_height": null,
        "vworld_id": null
      }
    },
    {
      "type": "Feature",
      "id": 471400946,
      "geometry": {
        "type": "Polygon",
        "coordinates": [
          [
            [
              127.451872,
              36.6301789
            ],
            [
              127.4519171,
              36.6301531
            ],
            [
              127.4518445,
              36.6300716
            ],
            [
              127.4517994,
              36.6300974
            ],
            [
              127.451872,
              36.6301789
            ]
          ]
        ]
      },
      "properties": {
        "id": 471400946,
        "osm_type": "way",
        "osm_id": 471400946,
        "name": "OSM way 471400946",
        "height_m": null,
        "source_geometry": "OpenStreetMap",
        "source_height": null,
        "vworld_id": null
      }
    },
    {
      "type": "Feature",
      "id": 471400947,
      "geometry": {
        "type": "Polygon",
        "coordinates": [
          [
            [
              127.4518289,
              36.6302807
            ],
            [
              127.4518735,
              36.6302566
            ],
            [
              127.4520139,
              36.630424
            ],
            [
              127.4519693,
              36.6304481
            ],
            [
              127.4518289,
              36.6302807
            ]
          ]
        ]
      },
      "properties": {
        "id": 471400947,
        "osm_type": "way",
        "osm_id": 471400947,
        "name": "OSM way 471400947",
        "height_m": null,
        "source_geometry": "OpenStreetMap",
        "source_height": null,
        "vworld_id": null
      }
    },
    {
      "type": "Feature",
      "id": 471400948,
      "geometry": {
        "type": "Polygon",
        "coordinates": [
          [
            [
              127.4521398,
              36.6302735
            ],
            [
              127.4521915,
              36.6302447
            ],
            [
              127.4521094,
              36.6301496
            ],
            [
              127.452058,
              36.6301773
            ],
            [
              127.4521349,
              36.630269
            ],
            [
              127.4521398,
              36.6302735
            ]
          ]
        ]
      },
      "properties": {
        "id": 471400948,
        "osm_type": "way",
        "osm_id": 471400948,
        "name": "OSM way 471400948",
        "height_m": null,
        "source_geometry": "OpenStreetMap",
        "source_height": null,
        "vworld_id": null
      }
    },
    {
      "type": "Feature",
      "id": 471400950,
      "geometry": {
        "type": "Polygon",
        "coordinates": [
          [
            [
              127.4520766,
              36.6303005
            ],
            [
              127.4521349,
              36.630269
            ],
            [
              127.452058,
              36.6301773
            ],
            [
              127.4519997,
              36.6302088
            ],
            [
              127.4520766,
              36.6303005
            ]
          ]
        ]
      },
      "properties": {
        "id": 471400950,
        "osm_type": "way",
        "osm_id": 471400950,
        "name": "OSM way 471400950",
        "height_m": null,
        "source_geometry": "OpenStreetMap",
        "source_height": null,
        "vworld_id": null
      }
    },
    {
      "type": "Feature",
      "id": 471400951,
      "geometry": {
        "type": "Polygon",
        "coordinates": [
          [
            [
              127.452021,
              36.6303364
            ],
            [
              127.4520785,
              36.6303043
            ],
            [
              127.4519982,
              36.6302118
            ],
            [
              127.4519407,
              36.630244
            ],
            [
              127.452021,
              36.6303364
            ]
          ]
        ]
      },
      "properties": {
        "id": 471400951,
        "osm_type": "way",
        "osm_id": 471400951,
        "name": "OSM way 471400951",
        "height_m": null,
        "source_geometry": "OpenStreetMap",
        "source_height": null,
        "vworld_id": null
      }
    },
    {
      "type": "Feature",
      "id": 471400952,
      "geometry": {
        "type": "Polygon",
        "coordinates": [
          [
            [
              127.4522371,
              36.6304013
            ],
            [
              127.4522955,
              36.6303729
            ],
            [
              127.4522305,
              36.6302879
            ],
            [
              127.4521679,
              36.6303188
            ],
            [
              127.4522371,
              36.6304013
            ]
          ]
        ]
      },
      "properties": {
        "id": 471400952,
        "osm_type": "way",
        "osm_id": 471400952,
        "name": "OSM way 471400952",
        "height_m": null,
        "source_geometry": "OpenStreetMap",
        "source_height": null,
        "vworld_id": null
      }
    },
    {
      "type": "Feature",
      "id": 471400953,
      "geometry": {
        "type": "Polygon",
        "coordinates": [
          [
            [
              127.4521582,
              36.630505
            ],
            [
              127.4522045,
              36.6304808
            ],
            [
              127.4521011,
              36.6303539
            ],
            [
              127.4520548,
              36.6303782
            ],
            [
              127.4521582,
              36.630505
            ]
          ]
        ]
      },
      "properties": {
        "id": 471400953,
        "osm_type": "way",
        "osm_id": 471400953,
        "name": "OSM way 471400953",
        "height_m": null,
        "source_geometry": "OpenStreetMap",
        "source_height": null,
        "vworld_id": null
      }
    },
    {
      "type": "Feature",
      "id": 471400955,
      "geometry": {
        "type": "Polygon",
        "coordinates": [
          [
            [
              127.4522327,
              36.630481
            ],
            [
              127.4522799,
              36.6304549
            ],
            [
              127.4521541,
              36.6303081
            ],
            [
              127.4521062,
              36.6303337
            ],
            [
              127.4522327,
              36.630481
            ]
          ]
        ]
      },
      "properties": {
        "id": 471400955,
        "osm_type": "way",
        "osm_id": 471400955,
        "name": "OSM way 471400955",
        "height_m": null,
        "source_geometry": "OpenStreetMap",
        "source_height": null,
        "vworld_id": null
      }
    },
    {
      "type": "Feature",
      "id": 471400956,
      "geometry": {
        "type": "Polygon",
        "coordinates": [
          [
            [
              127.4513027,
              36.6308022
            ],
            [
              127.4513544,
              36.6307699
            ],
            [
              127.4512746,
              36.6306875
            ],
            [
              127.4512229,
              36.6307198
            ],
            [
              127.4513027,
              36.6308022
            ]
          ]
        ]
      },
      "properties": {
        "id": 471400956,
        "osm_type": "way",
        "osm_id": 471400956,
        "name": "OSM way 471400956",
        "height_m": null,
        "source_geometry": "OpenStreetMap",
        "source_height": null,
        "vworld_id": null
      }
    },
    {
      "type": "Feature",
      "id": 471400957,
      "geometry": {
        "type": "Polygon",
        "coordinates": [
          [
            [
              127.4512502,
              36.6308792
            ],
            [
              127.451308,
              36.6308429
            ],
            [
              127.45123,
              36.6307629
            ],
            [
              127.4511722,
              36.6307991
            ],
            [
              127.4512502,
              36.6308792
            ]
          ]
        ]
      },
      "properties": {
        "id": 471400957,
        "osm_type": "way",
        "osm_id": 471400957,
        "name": "OSM way 471400957",
        "height_m": null,
        "source_geometry": "OpenStreetMap",
        "source_height": null,
        "vworld_id": null
      }
    },
    {
      "type": "Feature",
      "id": 471400959,
      "geometry": {
        "type": "Polygon",
        "coordinates": [
          [
            [
              127.4521493,
              36.6305861
            ],
            [
              127.4522698,
              36.6305128
            ],
            [
              127.4523264,
              36.6305727
            ],
            [
              127.4522059,
              36.630646
            ],
            [
              127.4521493,
              36.6305861
            ]
          ]
        ]
      },
      "properties": {
        "id": 471400959,
        "osm_type": "way",
        "osm_id": 471400959,
        "name": "OSM way 471400959",
        "height_m": null,
        "source_geometry": "OpenStreetMap",
        "source_height": null,
        "vworld_id": null
      }
    },
    {
      "type": "Feature",
      "id": 471400960,
      "geometry": {
        "type": "Polygon",
        "coordinates": [
          [
            [
              127.4522956,
              36.6307869
            ],
            [
              127.4524299,
              36.6307186
            ],
            [
              127.4524802,
              36.6307823
            ],
            [
              127.4523459,
              36.6308506
            ],
            [
              127.4522956,
              36.6307869
            ]
          ]
        ]
      },
      "properties": {
        "id": 471400960,
        "osm_type": "way",
        "osm_id": 471400960,
        "name": "농대부속건물(S21-24)",
        "height_m": null,
        "source_geometry": "OpenStreetMap",
        "source_height": null,
        "vworld_id": null
      }
    },
    {
      "type": "Feature",
      "id": 471400965,
      "geometry": {
        "type": "Polygon",
        "coordinates": [
          [
            [
              127.4535581,
              36.6296752
            ],
            [
              127.4537421,
              36.6295718
            ],
            [
              127.4538199,
              36.629661
            ],
            [
              127.4536359,
              36.6297644
            ],
            [
              127.4535581,
              36.6296752
            ]
          ]
        ]
      },
      "properties": {
        "id": 471400965,
        "osm_type": "way",
        "osm_id": 471400965,
        "name": "OSM way 471400965",
        "height_m": null,
        "source_geometry": "OpenStreetMap",
        "source_height": null,
        "vworld_id": null
      }
    },
    {
      "type": "Feature",
      "id": 471400997,
      "geometry": {
        "type": "Polygon",
        "coordinates": [
          [
            [
              127.4569546,
              36.633175
            ],
            [
              127.4573158,
              36.6332889
            ],
            [
              127.4572372,
              36.6334494
            ],
            [
              127.456876,
              36.6333355
            ],
            [
              127.4569546,
              36.633175
            ]
          ]
        ]
      },
      "properties": {
        "id": 471400997,
        "osm_type": "way",
        "osm_id": 471400997,
        "name": "국제교류본부 3호관 (N9)",
        "height_m": null,
        "source_geometry": "OpenStreetMap",
        "source_height": null,
        "vworld_id": null
      }
    },
    {
      "type": "Feature",
      "id": 471401075,
      "geometry": {
        "type": "Polygon",
        "coordinates": [
          [
            [
              127.4599534,
              36.6311601
            ],
            [
              127.4599299,
              36.6310035
            ],
            [
              127.4601157,
              36.6309701
            ],
            [
              127.4601438,
              36.6310352
            ],
            [
              127.4599534,
              36.6311601
            ]
          ]
        ]
      },
      "properties": {
        "id": 471401075,
        "osm_type": "way",
        "osm_id": 471401075,
        "name": "OSM way 471401075",
        "height_m": null,
        "source_geometry": "OpenStreetMap",
        "source_height": null,
        "vworld_id": null
      }
    },
    {
      "type": "Feature",
      "id": 471401079,
      "geometry": {
        "type": "Polygon",
        "coordinates": [
          [
            [
              127.4539102,
              36.6252253
            ],
            [
              127.4539037,
              36.6250618
            ],
            [
              127.4535383,
              36.6250712
            ],
            [
              127.4535448,
              36.6252347
            ],
            [
              127.4539102,
              36.6252253
            ]
          ]
        ]
      },
      "properties": {
        "id": 471401079,
        "osm_type": "way",
        "osm_id": 471401079,
        "name": "농장관리실(S5-1)",
        "height_m": null,
        "source_geometry": "OpenStreetMap",
        "source_height": null,
        "vworld_id": null
      }
    },
    {
      "type": "Feature",
      "id": 471667850,
      "geometry": {
        "type": "Polygon",
        "coordinates": [
          [
            [
              127.4502626,
              36.6284846
            ],
            [
              127.4501639,
              36.6284911
            ],
            [
              127.4501337,
              36.6281974
            ],
            [
              127.4502325,
              36.6281909
            ],
            [
              127.4502626,
              36.6284846
            ]
          ]
        ]
      },
      "properties": {
        "id": 471667850,
        "osm_type": "way",
        "osm_id": 471667850,
        "name": "OSM way 471667850",
        "height_m": null,
        "source_geometry": "OpenStreetMap",
        "source_height": null,
        "vworld_id": null
      }
    },
    {
      "type": "Feature",
      "id": 472037973,
      "geometry": {
        "type": "Polygon",
        "coordinates": [
          [
            [
              127.4500986,
              36.6277986
            ],
            [
              127.4502446,
              36.627784
            ],
            [
              127.4502339,
              36.6277154
            ],
            [
              127.450088,
              36.62773
            ],
            [
              127.4500986,
              36.6277986
            ]
          ]
        ]
      },
      "properties": {
        "id": 472037973,
        "osm_type": "way",
        "osm_id": 472037973,
        "name": "OSM way 472037973",
        "height_m": null,
        "source_geometry": "OpenStreetMap",
        "source_height": null,
        "vworld_id": null
      }
    },
    {
      "type": "Feature",
      "id": 472037974,
      "geometry": {
        "type": "Polygon",
        "coordinates": [
          [
            [
              127.450059,
              36.6276529
            ],
            [
              127.4501511,
              36.6276524
            ],
            [
              127.4501498,
              36.6275037
            ],
            [
              127.4500578,
              36.6275043
            ],
            [
              127.450059,
              36.6276529
            ]
          ]
        ]
      },
      "properties": {
        "id": 472037974,
        "osm_type": "way",
        "osm_id": 472037974,
        "name": "OSM way 472037974",
        "height_m": null,
        "source_geometry": "OpenStreetMap",
        "source_height": null,
        "vworld_id": null
      }
    },
    {
      "type": "Feature",
      "id": 472037989,
      "geometry": {
        "type": "Polygon",
        "coordinates": [
          [
            [
              127.4619495,
              36.6271505
            ],
            [
              127.4620727,
              36.6270929
            ],
            [
              127.4619779,
              36.6269623
            ],
            [
              127.4618546,
              36.6270199
            ],
            [
              127.4619495,
              36.6271505
            ]
          ]
        ]
      },
      "properties": {
        "id": 472037989,
        "osm_type": "way",
        "osm_id": 472037989,
        "name": "OSM way 472037989",
        "height_m": null,
        "source_geometry": "OpenStreetMap",
        "source_height": null,
        "vworld_id": null
      }
    },
    {
      "type": "Feature",
      "id": 472037990,
      "geometry": {
        "type": "Polygon",
        "coordinates": [
          [
            [
              127.4618203,
              36.6272153
            ],
            [
              127.4618916,
              36.6271739
            ],
            [
              127.4619261,
              36.6272122
            ],
            [
              127.4618548,
              36.6272536
            ],
            [
              127.4618203,
              36.6272153
            ]
          ]
        ]
      },
      "properties": {
        "id": 472037990,
        "osm_type": "way",
        "osm_id": 472037990,
        "name": "OSM way 472037990",
        "height_m": null,
        "source_geometry": "OpenStreetMap",
        "source_height": null,
        "vworld_id": null
      }
    },
    {
      "type": "Feature",
      "id": 473927091,
      "geometry": {
        "type": "Polygon",
        "coordinates": [
          [
            [
              127.459961,
              36.623893
            ],
            [
              127.4601536,
              36.6239179
            ],
            [
              127.4602077,
              36.6236491
            ],
            [
              127.4600151,
              36.6236241
            ],
            [
              127.459961,
              36.623893
            ]
          ]
        ]
      },
      "properties": {
        "id": 473927091,
        "osm_type": "way",
        "osm_id": 473927091,
        "name": "OSM way 473927091",
        "height_m": null,
        "source_geometry": "OpenStreetMap",
        "source_height": null,
        "vworld_id": null
      }
    },
    {
      "type": "Feature",
      "id": 485638558,
      "geometry": {
        "type": "Polygon",
        "coordinates": [
          [
            [
              127.4560931,
              36.6262314
            ],
            [
              127.4561182,
              36.6262326
            ],
            [
              127.4561363,
              36.6262572
            ],
            [
              127.4561293,
              36.626284
            ],
            [
              127.4561056,
              36.6262975
            ],
            [
              127.4560687,
              36.6262975
            ],
            [
              127.4560491,
              36.6262824
            ],
            [
              127.4560491,
              36.6262555
            ],
            [
              127.4560701,
              36.6262314
            ],
            [
              127.4560931,
              36.6262314
            ]
          ]
        ]
      },
      "properties": {
        "id": 485638558,
        "osm_type": "way",
        "osm_id": 485638558,
        "name": "충북대 천문대",
        "height_m": null,
        "source_geometry": "OpenStreetMap",
        "source_height": null,
        "vworld_id": null
      }
    },
    {
      "type": "Feature",
      "id": 485644757,
      "geometry": {
        "type": "Polygon",
        "coordinates": [
          [
            [
              127.4530756,
              36.6266938
            ],
            [
              127.4531767,
              36.626708
            ],
            [
              127.4531944,
              36.6266147
            ],
            [
              127.4530882,
              36.6266005
            ],
            [
              127.4530756,
              36.6266938
            ]
          ]
        ]
      },
      "properties": {
        "id": 485644757,
        "osm_type": "way",
        "osm_id": 485644757,
        "name": "자연대온실2(S6-2)",
        "height_m": null,
        "source_geometry": "OpenStreetMap",
        "source_height": null,
        "vworld_id": null
      }
    },
    {
      "type": "Feature",
      "id": 655035322,
      "geometry": {
        "type": "Polygon",
        "coordinates": [
          [
            [
              127.4575952,
              36.6263524
            ],
            [
              127.4576451,
              36.62632
            ],
            [
              127.4576737,
              36.6263486
            ],
            [
              127.4577941,
              36.626284
            ],
            [
              127.4578107,
              36.6263015
            ],
            [
              127.4578466,
              36.6262814
            ],
            [
              127.457944,
              36.6263963
            ],
            [
              127.4577079,
              36.6265355
            ],
            [
              127.457691,
              36.6265195
            ],
            [
              127.4576779,
              36.6265061
            ],
            [
              127.4576533,
              36.6265185
            ],
            [
              127.4575815,
              36.6264318
            ],
            [
              127.4575394,
              36.6263868
            ],
            [
              127.4575952,
              36.6263524
            ]
          ]
        ]
      },
      "properties": {
        "id": 655035322,
        "osm_type": "way",
        "osm_id": 655035322,
        "name": "합동강의실 (E8-2)",
        "height_m": 8.0,
        "source_geometry": "OpenStreetMap",
        "source_height": "OpenStreetMap:height",
        "vworld_id": null
      }
    },
    {
      "type": "Feature",
      "id": 665834150,
      "geometry": {
        "type": "Polygon",
        "coordinates": [
          [
            [
              127.4620813,
              36.6282079
            ],
            [
              127.4621308,
              36.6280691
            ],
            [
              127.4620672,
              36.6280545
            ],
            [
              127.4621283,
              36.627883
            ],
            [
              127.462379,
              36.6279405
            ],
            [
              127.4622871,
              36.6281985
            ],
            [
              127.4622532,
              36.6281907
            ],
            [
              127.4622345,
              36.6282431
            ],
            [
              127.4620813,
              36.6282079
            ]
          ]
        ]
      },
      "properties": {
        "id": 665834150,
        "osm_type": "way",
        "osm_id": 665834150,
        "name": "특고압 변전실",
        "height_m": null,
        "source_geometry": "OpenStreetMap",
        "source_height": null,
        "vworld_id": null
      }
    },
    {
      "type": "Feature",
      "id": 665834151,
      "geometry": {
        "type": "Polygon",
        "coordinates": [
          [
            [
              127.46289,
              36.6250834
            ],
            [
              127.4629992,
              36.6250749
            ],
            [
              127.4630081,
              36.6251488
            ],
            [
              127.4628989,
              36.6251573
            ],
            [
              127.46289,
              36.6250834
            ]
          ]
        ]
      },
      "properties": {
        "id": 665834151,
        "osm_type": "way",
        "osm_id": 665834151,
        "name": "OSM way 665834151",
        "height_m": null,
        "source_geometry": "OpenStreetMap",
        "source_height": null,
        "vworld_id": null
      }
    },
    {
      "type": "Feature",
      "id": 676959806,
      "geometry": {
        "type": "Polygon",
        "coordinates": [
          [
            [
              127.4620385,
              36.6265508
            ],
            [
              127.4624473,
              36.6263217
            ],
            [
              127.4625663,
              36.6264585
            ],
            [
              127.4621575,
              36.6266876
            ],
            [
              127.4620385,
              36.6265508
            ]
          ]
        ]
      },
      "properties": {
        "id": 676959806,
        "osm_type": "way",
        "osm_id": 676959806,
        "name": "운동장본부석 (E4-2)",
        "height_m": 13.0,
        "source_geometry": "OpenStreetMap",
        "source_height": "OpenStreetMap:height",
        "vworld_id": null
      }
    },
    {
      "type": "Feature",
      "id": 676959811,
      "geometry": {
        "type": "Polygon",
        "coordinates": [
          [
            [
              127.4612538,
              36.628711
            ],
            [
              127.4611513,
              36.6287701
            ],
            [
              127.4604808,
              36.6291567
            ],
            [
              127.4603703,
              36.6290333
            ],
            [
              127.4603221,
              36.6290597
            ],
            [
              127.4602248,
              36.6291172
            ],
            [
              127.4604175,
              36.6293325
            ],
            [
              127.4605826,
              36.6292373
            ],
            [
              127.4606087,
              36.6292665
            ],
            [
              127.4612445,
              36.6288999
            ],
            [
              127.4612246,
              36.6288777
            ],
            [
              127.4613423,
              36.6288099
            ],
            [
              127.4612538,
              36.628711
            ]
          ]
        ]
      },
      "properties": {
        "id": 676959811,
        "osm_type": "way",
        "osm_id": 676959811,
        "name": "사범대학 실험동 (E1-1)",
        "height_m": 21.0,
        "source_geometry": "OpenStreetMap",
        "source_height": "OpenStreetMap:height",
        "vworld_id": null
      }
    },
    {
      "type": "Feature",
      "id": 676959812,
      "geometry": {
        "type": "Polygon",
        "coordinates": [
          [
            [
              127.4610963,
              36.628578
            ],
            [
              127.4608974,
              36.6283634
            ],
            [
              127.460852,
              36.6283905
            ],
            [
              127.4607409,
              36.6282708
            ],
            [
              127.4599342,
              36.6287525
            ],
            [
              127.4601217,
              36.6289547
            ],
            [
              127.4601905,
              36.6289136
            ],
            [
              127.4602682,
              36.6288672
            ],
            [
              127.4601885,
              36.6287812
            ],
            [
              127.4603216,
              36.6286981
            ],
            [
              127.4605718,
              36.6285523
            ],
            [
              127.4605356,
              36.6285133
            ],
            [
              127.4607035,
              36.628413
            ],
            [
              127.4607338,
              36.6284456
            ],
            [
              127.4607074,
              36.6284652
            ],
            [
              127.4609102,
              36.6286784
            ],
            [
              127.4610275,
              36.628619
            ],
            [
              127.4610963,
              36.628578
            ]
          ]
        ]
      },
      "properties": {
        "id": 676959812,
        "osm_type": "way",
        "osm_id": 676959812,
        "name": "사범대학 강의동 (E1-2)",
        "height_m": 21.0,
        "source_geometry": "OpenStreetMap",
        "source_height": "OpenStreetMap:height",
        "vworld_id": null
      }
    },
    {
      "type": "Feature",
      "id": 692592588,
      "geometry": {
        "type": "Polygon",
        "coordinates": [
          [
            [
              127.4592089,
              36.6308815
            ],
            [
              127.4592944,
              36.6308714
            ],
            [
              127.4592973,
              36.6308876
            ],
            [
              127.4595332,
              36.6308605
            ],
            [
              127.4595405,
              36.6309016
            ],
            [
              127.4598182,
              36.6308698
            ],
            [
              127.4598689,
              36.6311557
            ],
            [
              127.4598215,
              36.6311747
            ],
            [
              127.4595761,
              36.6312046
            ],
            [
              127.4595476,
              36.631054
            ],
            [
              127.4589756,
              36.6311238
            ],
            [
              127.4589628,
              36.6310563
            ],
            [
              127.4592143,
              36.6310258
            ],
            [
              127.4591984,
              36.6309414
            ],
            [
              127.4592195,
              36.6309389
            ],
            [
              127.4592089,
              36.6308815
            ]
          ]
        ]
      },
      "properties": {
        "id": 692592588,
        "osm_type": "way",
        "osm_id": 692592588,
        "name": "법학관 (N18)",
        "height_m": 13.0,
        "source_geometry": "OpenStreetMap",
        "source_height": "OpenStreetMap:height",
        "vworld_id": null
      }
    },
    {
      "type": "Feature",
      "id": 692594348,
      "geometry": {
        "type": "Polygon",
        "coordinates": [
          [
            [
              127.4564397,
              36.6304654
            ],
            [
              127.4560158,
              36.6307121
            ],
            [
              127.4559022,
              36.6305864
            ],
            [
              127.456326,
              36.6303396
            ],
            [
              127.4564397,
              36.6304654
            ]
          ]
        ]
      },
      "properties": {
        "id": 692594348,
        "osm_type": "way",
        "osm_id": 692594348,
        "name": "씨비엔유 스타",
        "height_m": null,
        "source_geometry": "OpenStreetMap",
        "source_height": null,
        "vworld_id": null
      }
    },
    {
      "type": "Feature",
      "id": 692594349,
      "geometry": {
        "type": "Polygon",
        "coordinates": [
          [
            [
              127.4555278,
              36.6305625
            ],
            [
              127.4557255,
              36.6304448
            ],
            [
              127.4559354,
              36.6306721
            ],
            [
              127.4557377,
              36.6307897
            ],
            [
              127.4555278,
              36.6305625
            ]
          ]
        ]
      },
      "properties": {
        "id": 692594349,
        "osm_type": "way",
        "osm_id": 692594349,
        "name": "이마트24 충북대대학본부점",
        "height_m": null,
        "source_geometry": "OpenStreetMap",
        "source_height": null,
        "vworld_id": null
      }
    },
    {
      "type": "Feature",
      "id": 765358663,
      "geometry": {
        "type": "Polygon",
        "coordinates": [
          [
            [
              127.4566721,
              36.6304312
            ],
            [
              127.4567849,
              36.630557
            ],
            [
              127.4565164,
              36.6307175
            ],
            [
              127.4564833,
              36.6306807
            ],
            [
              127.4567065,
              36.6305467
            ],
            [
              127.4566262,
              36.6304569
            ],
            [
              127.4566721,
              36.6304312
            ]
          ]
        ]
      },
      "properties": {
        "id": 765358663,
        "osm_type": "way",
        "osm_id": 765358663,
        "name": "OSM way 765358663",
        "height_m": null,
        "source_geometry": "OpenStreetMap",
        "source_height": null,
        "vworld_id": null
      }
    },
    {
      "type": "Feature",
      "id": 1283849589,
      "geometry": {
        "type": "Polygon",
        "coordinates": [
          [
            [
              127.4521088,
              36.6310136
            ],
            [
              127.4519956,
              36.6309227
            ],
            [
              127.4522051,
              36.6308137
            ],
            [
              127.4522787,
              36.6308864
            ],
            [
              127.4521824,
              36.6309046
            ],
            [
              127.4521088,
              36.6310136
            ]
          ]
        ]
      },
      "properties": {
        "id": 1283849589,
        "osm_type": "way",
        "osm_id": 1283849589,
        "name": "농기계 실습실(S21-23)",
        "height_m": null,
        "source_geometry": "OpenStreetMap",
        "source_height": null,
        "vworld_id": null
      }
    },
    {
      "type": "Feature",
      "id": 1283849590,
      "geometry": {
        "type": "Polygon",
        "coordinates": [
          [
            [
              127.4545664,
              36.6281289
            ],
            [
              127.4545878,
              36.6280565
            ],
            [
              127.4546651,
              36.6280841
            ],
            [
              127.4546479,
              36.6281495
            ],
            [
              127.4545664,
              36.6281289
            ]
          ]
        ]
      },
      "properties": {
        "id": 1283849590,
        "osm_type": "way",
        "osm_id": 1283849590,
        "name": "인쇄목공실(S13)",
        "height_m": null,
        "source_geometry": "OpenStreetMap",
        "source_height": null,
        "vworld_id": null
      }
    }
  ]
}
