{"type": "FeatureCollection", "features": [{"type": "Feature", "properties": {"surface": "bare"}, "geometry": {"type": "Polygon", "coordinates": [[[127.452666, 36.6227], [127.452631, 36.622694], [127.452611, 36.622702], [127.452595, 36.622724], [127.452602, 36.622736], [127.452642, 36.622768], [127.452754, 36.622857], [127.452886, 36.622992], [127.452885, 36.623016], [127.452865, 36.623056], [127.452845, 36.623087], [127.453149, 36.623225], [127.453018, 36.623376], [127.45296, 36.623435], [127.452874, 36.623584], [127.452877, 36.623595], [127.45296, 36.623484], [127.452975, 36.623464], [127.453021, 36.623403], [127.453111, 36.623284], [127.453229, 36.62335], [127.45327, 36.623265], [127.453451, 36.623308], [127.453452, 36.623209], [127.453443, 36.623085], [127.453436, 36.622961], [127.453274, 36.622846], [127.453141, 36.622826], [127.453032, 36.622808], [127.45302, 36.622806], [127.452923, 36.622789], [127.452934, 36.622742], [127.452666, 36.622699], [127.452666, 36.6227]]]}}, {"type": "Feature", "properties": {"surface": "bare"}, "geometry": {"type": "Polygon", "coordinates": [[[127.453509, 36.624907], [127.453509, 36.624902], [127.453501, 36.624902], [127.453469, 36.624903], [127.453434, 36.624903], [127.453424, 36.624907], [127.453423, 36.624911], [127.453427, 36.625], [127.453428, 36.625026], [127.45365, 36.625019], [127.45365, 36.625017], [127.453712, 36.625017], [127.453859, 36.625013], [127.453859, 36.625032], [127.453905, 36.625032], [127.453905, 36.625], [127.453906, 36.624972], [127.453907, 36.624901], [127.453805, 36.624902], [127.453798, 36.624902], [127.453778, 36.624902], [127.453572, 36.624902], [127.453571, 36.624907], [127.453509, 36.624907]]]}}, {"type": "Feature", "properties": {"surface": "bare"}, "geometry": {"type": "Polygon", "coordinates": [[[127.451847, 36.625858], [127.452235, 36.625849], [127.452368, 36.625841], [127.452425, 36.625833], [127.452469, 36.625796], [127.452468, 36.625752], [127.452466, 36.625543], [127.452265, 36.625546], [127.452269, 36.625725], [127.451944, 36.62573], [127.45192, 36.625755], [127.451864, 36.62583], [127.451847, 36.625858]]]}}, {"type": "Feature", "properties": {"surface": "bare"}, "geometry": {"type": "Polygon", "coordinates": [[[127.450652, 36.626137], [127.450719, 36.626116], [127.45078, 36.626091], [127.450827, 36.626072], [127.450871, 36.626046], [127.450916, 36.626014], [127.450936, 36.625997], [127.450949, 36.625984], [127.450966, 36.625941], [127.450566, 36.625949], [127.45049, 36.625951], [127.450499, 36.626077], [127.450505, 36.626152], [127.450602, 36.626148], [127.450652, 36.626137]], [[127.450707, 36.626044], [127.450776, 36.626025], [127.450799, 36.626078], [127.450734, 36.626094], [127.450707, 36.626044]], [[127.45061, 36.626055], [127.450665, 36.626044], [127.450675, 36.626071], [127.45062, 36.626086], [127.45061, 36.626055]], [[127.450637, 36.626117], [127.450626, 36.626093], [127.450715, 36.626069], [127.450727, 36.626096], [127.45068, 36.626114], [127.450676, 36.626106], [127.450637, 36.626117]]]}}, {"type": "Feature", "properties": {"surface": "bare"}, "geometry": {"type": "Polygon", "coordinates": [[[127.453189, 36.626241], [127.453114, 36.626224], [127.453091, 36.626288], [127.452804, 36.626225], [127.452805, 36.62625], [127.45281, 36.626258], [127.452853, 36.626269], [127.452916, 36.626287], [127.452992, 36.626307], [127.45301, 36.62631], [127.453061, 36.626313], [127.453103, 36.626307], [127.45316, 36.626296], [127.453306, 36.626263], [127.453316, 36.626254], [127.453323, 36.626241], [127.45335, 36.626147], [127.453318, 36.62614], [127.453297, 36.626219], [127.453277, 36.626247], [127.453195, 36.626273], [127.453177, 36.62627], [127.453178, 36.626264], [127.453189, 36.626241]]]}}, {"type": "Feature", "properties": {"surface": "bare"}, "geometry": {"type": "Polygon", "coordinates": [[[127.450093, 36.626421], [127.450092, 36.626596], [127.450089, 36.626598], [127.450089, 36.6266], [127.45005, 36.626629], [127.450022, 36.626628], [127.45, 36.626628], [127.45, 36.62669], [127.450016, 36.626688], [127.450017, 36.626687], [127.450053, 36.626665], [127.45016, 36.626599], [127.45012, 36.626548], [127.450339, 36.626436], [127.450309, 36.62622], [127.450168, 36.626265], [127.450167, 36.626264], [127.450015, 36.626297], [127.450016, 36.626299], [127.45, 36.6263], [127.45, 36.62642], [127.450093, 36.626421]]]}}, {"type": "Feature", "properties": {"surface": "bare"}, "geometry": {"type": "Polygon", "coordinates": [[[127.451214, 36.627183], [127.45115, 36.627142], [127.451109, 36.627097], [127.451085, 36.627031], [127.451049, 36.626801], [127.451041, 36.6268], [127.450767, 36.626789], [127.450443, 36.626776], [127.450426, 36.626775], [127.450373, 36.626773], [127.450309, 36.62677], [127.450148, 36.626763], [127.450005, 36.626812], [127.450001, 36.626816], [127.45, 36.626816], [127.45, 36.627227], [127.450441, 36.627208], [127.450554, 36.627237], [127.450689, 36.627228], [127.450707, 36.627272], [127.450727, 36.627271], [127.450728, 36.627297], [127.450751, 36.627309], [127.450765, 36.627489], [127.45109, 36.627482], [127.451309, 36.627434], [127.451451, 36.627357], [127.451421, 36.627324], [127.451387, 36.62729], [127.451324, 36.627237], [127.451298, 36.627221], [127.451214, 36.627183]], [[127.450947, 36.627402], [127.450948, 36.627435], [127.450835, 36.627435], [127.450835, 36.627371], [127.450946, 36.627375], [127.450947, 36.627402]]]}}, {"type": "Feature", "properties": {"surface": "bare"}, "geometry": {"type": "Polygon", "coordinates": [[[127.450021, 36.627463], [127.45, 36.627464], [127.45, 36.627479], [127.450007, 36.627609], [127.450007, 36.627682], [127.450013, 36.62779], [127.450211, 36.62777], [127.45025, 36.627748], [127.450261, 36.627737], [127.450267, 36.627723], [127.450268, 36.627703], [127.450262, 36.627679], [127.450248, 36.627663], [127.450226, 36.627644], [127.450201, 36.627626], [127.450184, 36.627611], [127.450173, 36.627593], [127.450169, 36.627546], [127.450164, 36.627519], [127.450158, 36.627499], [127.450144, 36.62748], [127.450127, 36.627467], [127.450113, 36.627463], [127.450121, 36.627607], [127.450107, 36.627607], [127.450107, 36.627609], [127.450034, 36.62761], [127.450034, 36.627609], [127.450031, 36.627609], [127.450021, 36.627463]], [[127.450086, 36.627692], [127.450091, 36.627713], [127.450058, 36.627717], [127.450054, 36.627696], [127.450086, 36.627692]], [[127.450182, 36.627706], [127.45019, 36.627745], [127.450062, 36.62776], [127.450054, 36.62772], [127.450182, 36.627706]]]}}, {"type": "Feature", "properties": {"surface": "bare"}, "geometry": {"type": "Polygon", "coordinates": [[[127.45174, 36.62769], [127.451488, 36.627393], [127.451476, 36.627382], [127.451464, 36.627379], [127.451452, 36.62738], [127.451119, 36.627563], [127.451382, 36.627881], [127.45174, 36.62769]]]}}, {"type": "Feature", "properties": {"surface": "bare"}, "geometry": {"type": "Polygon", "coordinates": [[[127.453953, 36.628045], [127.453961, 36.628044], [127.453999, 36.627796], [127.453996, 36.627779], [127.45399, 36.627767], [127.453983, 36.627759], [127.45397, 36.627753], [127.453945, 36.627747], [127.453653, 36.627713], [127.453652, 36.627729], [127.453657, 36.627743], [127.453809, 36.627764], [127.453829, 36.627769], [127.453842, 36.627778], [127.453853, 36.627791], [127.453864, 36.627805], [127.453866, 36.627828], [127.453867, 36.627867], [127.453862, 36.627893], [127.453854, 36.627909], [127.453838, 36.627926], [127.453795, 36.627945], [127.453773, 36.627954], [127.453738, 36.62796], [127.453703, 36.627964], [127.453681, 36.627963], [127.453656, 36.62796], [127.453627, 36.627944], [127.453607, 36.627923], [127.453593, 36.627903], [127.453579, 36.627897], [127.453567, 36.627894], [127.453551, 36.62789], [127.453522, 36.627886], [127.453499, 36.627882], [127.453463, 36.627866], [127.453422, 36.627829], [127.453399, 36.627781], [127.453393, 36.627761], [127.453397, 36.627734], [127.453405, 36.62771], [127.453416, 36.627696], [127.453426, 36.627686], [127.453346, 36.627677], [127.453348, 36.627679], [127.453358, 36.627717], [127.453363, 36.627756], [127.453363, 36.627795], [127.453359, 36.627804], [127.453345, 36.62781], [127.453205, 36.627818], [127.453134, 36.627812], [127.453094, 36.627802], [127.453062, 36.627789], [127.453053, 36.62778], [127.453049, 36.627776], [127.453047, 36.627773], [127.453036, 36.627795], [127.453033, 36.627817], [127.453035, 36.62784], [127.453089, 36.627837], [127.453139, 36.627839], [127.453204, 36.627845], [127.45325, 36.627845], [127.453287, 36.627846], [127.453336, 36.627849], [127.453363, 36.627857], [127.453381, 36.627866], [127.453394, 36.627877], [127.453408, 36.627893], [127.453409, 36.627894], [127.45341, 36.627902], [127.453414, 36.627907], [127.45343, 36.62792], [127.453436, 36.627926], [127.453438, 36.627936], [127.45344, 36.627957], [127.45344, 36.627999], [127.453444, 36.628017], [127.453457, 36.628035], [127.453482, 36.628057], [127.453506, 36.628075], [127.453531, 36.628089], [127.453557, 36.628098], [127.453596, 36.628109], [127.453644, 36.628117], [127.453705, 36.628124], [127.453766, 36.628128], [127.453786, 36.628128], [127.453803, 36.628126], [127.453825, 36.628121], [127.453835, 36.628118], [127.453861, 36.628108], [127.453873, 36.6281], [127.453905, 36.628071], [127.453941, 36.62805], [127.453953, 36.628045]]]}}, {"type": "Feature", "properties": {"surface": "bare"}, "geometry": {"type": "Polygon", "coordinates": [[[127.451184, 36.628371], [127.451471, 36.628211], [127.450911, 36.627572], [127.450608, 36.627739], [127.451184, 36.628371]], [[127.450904, 36.628022], [127.450915, 36.628035], [127.450896, 36.628047], [127.450884, 36.628033], [127.450904, 36.628022]]]}}, {"type": "Feature", "properties": {"surface": "bare"}, "geometry": {"type": "Polygon", "coordinates": [[[127.452444, 36.63261], [127.452451, 36.63261], [127.452522, 36.632606], [127.452521, 36.632585], [127.452466, 36.63259], [127.452449, 36.632434], [127.452451, 36.632432], [127.452437, 36.632422], [127.452383, 36.63246], [127.452396, 36.632613], [127.452444, 36.63261]]]}}, {"type": "Feature", "properties": {"surface": "bare"}, "geometry": {"type": "Polygon", "coordinates": [[[127.453544, 36.62241], [127.453586, 36.622428], [127.453794, 36.622226], [127.453706, 36.62222], [127.453613, 36.622221], [127.453621, 36.622232], [127.453628, 36.622266], [127.453623, 36.622303], [127.453613, 36.622321], [127.453541, 36.62241], [127.453544, 36.62241]]]}}, {"type": "Feature", "properties": {"surface": "bare"}, "geometry": {"type": "Polygon", "coordinates": [[[127.460116, 36.623469], [127.460128, 36.623419], [127.460137, 36.62334], [127.460137, 36.623034], [127.460159, 36.622944], [127.46017, 36.622912], [127.460212, 36.622869], [127.46025, 36.622852], [127.46025, 36.622802], [127.460248, 36.622779], [127.460245, 36.622752], [127.460237, 36.622733], [127.460231, 36.622715], [127.46023, 36.622705], [127.46023, 36.622703], [127.46016, 36.622691], [127.460048, 36.622677], [127.459934, 36.622672], [127.45982, 36.622677], [127.459707, 36.622691], [127.459597, 36.622714], [127.45949, 36.622746], [127.459388, 36.622786], [127.459369, 36.622796], [127.459328, 36.622796], [127.459227, 36.622802], [127.459128, 36.622816], [127.459043, 36.622832], [127.458976, 36.622839], [127.458841, 36.622852], [127.458755, 36.622864], [127.458681, 36.622848], [127.458574, 36.622834], [127.458429, 36.622821], [127.458382, 36.622819], [127.458361, 36.622793], [127.458312, 36.622739], [127.458275, 36.622658], [127.458235, 36.622581], [127.458187, 36.622508], [127.458131, 36.622438], [127.458066, 36.622373], [127.457995, 36.622313], [127.457917, 36.622259], [127.457834, 36.62221], [127.457745, 36.622168], [127.457527, 36.622076], [127.457429, 36.622039], [127.457328, 36.62201], [127.457319, 36.622002], [127.457245, 36.62194], [127.457164, 36.621884], [127.457076, 36.621835], [127.456983, 36.621792], [127.456886, 36.621757], [127.456785, 36.62173], [127.456681, 36.62171], [127.456575, 36.621699], [127.456468, 36.621696], [127.456362, 36.621701], [127.456256, 36.621714], [127.456153, 36.621735], [127.456052, 36.621764], [127.455914, 36.62181], [127.455817, 36.621847], [127.455724, 36.621892], [127.455637, 36.621943], [127.455634, 36.621946], [127.455636, 36.621949], [127.455647, 36.621958], [127.455662, 36.621965], [127.455728, 36.621977], [127.455741, 36.621982], [127.455754, 36.621988], [127.455761, 36.621992], [127.455772, 36.622016], [127.455771, 36.622054], [127.455727, 36.622053], [127.455722, 36.62215], [127.455724, 36.62217], [127.45576, 36.622236], [127.455858, 36.622382], [127.455881, 36.622435], [127.455901, 36.622481], [127.455906, 36.622488], [127.455912, 36.622495], [127.455919, 36.6225], [127.455928, 36.622505], [127.455935, 36.622508], [127.455943, 36.622511], [127.455957, 36.622513], [127.455967, 36.622514], [127.455973, 36.622514], [127.455983, 36.622513], [127.455994, 36.62251], [127.456004, 36.622506], [127.456045, 36.622486], [127.456064, 36.622478], [127.456072, 36.622476], [127.456079, 36.622474], [127.456086, 36.622473], [127.456091, 36.622472], [127.456098, 36.622473], [127.456104, 36.622473], [127.456112, 36.622475], [127.45612, 36.622479], [127.45613, 36.622483], [127.45614, 36.622489], [127.456155, 36.622499], [127.456159, 36.622502], [127.456166, 36.622509], [127.456168, 36.622512], [127.456173, 36.62252], [127.456177, 36.622531], [127.456203, 36.622564], [127.456232, 36.622596], [127.456219, 36.622606], [127.456211, 36.622618], [127.45621, 36.622628], [127.45621, 36.622639], [127.456217, 36.622653], [127.456224, 36.622662], [127.456226, 36.62266], [127.456262, 36.622639], [127.456282, 36.62263], [127.456372, 36.622589], [127.456402, 36.622578], [127.456431, 36.622602], [127.45646, 36.622593], [127.456482, 36.622588], [127.456494, 36.622587], [127.456527, 36.622584], [127.456572, 36.622581], [127.456644, 36.62258], [127.456798, 36.622597], [127.456829, 36.622652], [127.456881, 36.622664], [127.45752, 36.62281], [127.457663, 36.622866], [127.457697, 36.622879], [127.457729, 36.622892], [127.457793, 36.622934], [127.457839, 36.622984], [127.457884, 36.623022], [127.457977, 36.623055], [127.458057, 36.623081], [127.458148, 36.623097], [127.458217, 36.623105], [127.458246, 36.623108], [127.458272, 36.62311], [127.458336, 36.623118], [127.458353, 36.623122], [127.458402, 36.623133], [127.458448, 36.623157], [127.458481, 36.623179], [127.458496, 36.623208], [127.458512, 36.62326], [127.458526, 36.623293], [127.45859, 36.623406], [127.458674, 36.623555], [127.458699, 36.623584], [127.458723, 36.623597], [127.458757, 36.623614], [127.458788, 36.623622], [127.458815, 36.623627], [127.458866, 36.623627], [127.459182, 36.62359], [127.459214, 36.623589], [127.459262, 36.623588], [127.459274, 36.623589], [127.459276, 36.623589], [127.459288, 36.623592], [127.459308, 36.623598], [127.459323, 36.623603], [127.459352, 36.623616], [127.459367, 36.623621], [127.459379, 36.623624], [127.459386, 36.623626], [127.4594, 36.623627], [127.459417, 36.623627], [127.459436, 36.623626], [127.459512, 36.623616], [127.459542, 36.623613], [127.459549, 36.623613], [127.459596, 36.623603], [127.45976, 36.623569], [127.459821, 36.623566], [127.459987, 36.623558], [127.460044, 36.623538], [127.460088, 36.623514], [127.460116, 36.623469]]]}}, {"type": "Feature", "properties": {"surface": "bare"}, "geometry": {"type": "Polygon", "coordinates": [[[127.453719, 36.622689], [127.453749, 36.62268], [127.453776, 36.622665], [127.453801, 36.622641], [127.453825, 36.622615], [127.45383, 36.622587], [127.453826, 36.622544], [127.453824, 36.622486], [127.453842, 36.622423], [127.453863, 36.622388], [127.453894, 36.622358], [127.453918, 36.62233], [127.453933, 36.62231], [127.453934, 36.622287], [127.453924, 36.622262], [127.453905, 36.622238], [127.453899, 36.622237], [127.453712, 36.622421], [127.453636, 36.622507], [127.45359, 36.622579], [127.453585, 36.622587], [127.453558, 36.622637], [127.453534, 36.622723], [127.453527, 36.622776], [127.453526, 36.622856], [127.453535, 36.622924], [127.453542, 36.62299], [127.453547, 36.623034], [127.453552, 36.623097], [127.453604, 36.623088], [127.453651, 36.623057], [127.453685, 36.623026], [127.453701, 36.623009], [127.453711, 36.622989], [127.453709, 36.622951], [127.453705, 36.622896], [127.453702, 36.622854], [127.453697, 36.622798], [127.453693, 36.622763], [127.453699, 36.62272], [127.453701, 36.622704], [127.453719, 36.622689]]]}}, {"type": "Feature", "properties": {"surface": "bare"}, "geometry": {"type": "Polygon", "coordinates": [[[127.456392, 36.623844], [127.456197, 36.623944], [127.456082, 36.624002], [127.456059, 36.624011], [127.456009, 36.624018], [127.455877, 36.624049], [127.455876, 36.62405], [127.455873, 36.624052], [127.455849, 36.624103], [127.456268, 36.624653], [127.456407, 36.624835], [127.45647, 36.624895], [127.456475, 36.624901], [127.456714, 36.624768], [127.456709, 36.624761], [127.456907, 36.62465], [127.457073, 36.624559], [127.45708, 36.624555], [127.457188, 36.624495], [127.457166, 36.62447], [127.456562, 36.623756], [127.456423, 36.623829], [127.456392, 36.623844]]]}}, {"type": "Feature", "properties": {"surface": "bare"}, "geometry": {"type": "Polygon", "coordinates": [[[127.455464, 36.624577], [127.455483, 36.624591], [127.455488, 36.624596], [127.455494, 36.624605], [127.455503, 36.624624], [127.455506, 36.624894], [127.455503, 36.6249], [127.455484, 36.624904], [127.455472, 36.624905], [127.455458, 36.624904], [127.455458, 36.624913], [127.455502, 36.624913], [127.455513, 36.624911], [127.45552, 36.624908], [127.455523, 36.6249], [127.455522, 36.624822], [127.455517, 36.624656], [127.455516, 36.624615], [127.455514, 36.624608], [127.455513, 36.624597], [127.455484, 36.624573], [127.455476, 36.624569], [127.45547, 36.624567], [127.455123, 36.624554], [127.454785, 36.624543], [127.454782, 36.624545], [127.454781, 36.62455], [127.454778, 36.624596], [127.454797, 36.624597], [127.454797, 36.62457], [127.454798, 36.624559], [127.454808, 36.624555], [127.454976, 36.624559], [127.455424, 36.624572], [127.455464, 36.624577]]]}}, {"type": "Feature", "properties": {"surface": "bare"}, "geometry": {"type": "Polygon", "coordinates": [[[127.453802, 36.627406], [127.453755, 36.627339], [127.453741, 36.627323], [127.453707, 36.627257], [127.453549, 36.627322], [127.453555, 36.627327], [127.453578, 36.627352], [127.453603, 36.627397], [127.453772, 36.627402], [127.453802, 36.627406]]]}}, {"type": "Feature", "properties": {"surface": "bare"}, "geometry": {"type": "Polygon", "coordinates": [[[127.460693, 36.627574], [127.460622, 36.627614], [127.460643, 36.627639], [127.461205, 36.627318], [127.461154, 36.627265], [127.46114, 36.627271], [127.46111, 36.627284], [127.461136, 36.627315], [127.461156, 36.627338], [127.461147, 36.627343], [127.460709, 36.627593], [127.460693, 36.627574]]]}}, {"type": "Feature", "properties": {"surface": "bare"}, "geometry": {"type": "Polygon", "coordinates": [[[127.461414, 36.628941], [127.461355, 36.628884], [127.461346, 36.628883], [127.461333, 36.628888], [127.46131, 36.628901], [127.460862, 36.629157], [127.460634, 36.629289], [127.460657, 36.629316], [127.460397, 36.629451], [127.460348, 36.629487], [127.46034, 36.629511], [127.460341, 36.629524], [127.460346, 36.629533], [127.460381, 36.629567], [127.460446, 36.62961], [127.460605, 36.629695], [127.460721, 36.629729], [127.460805, 36.629754], [127.460848, 36.629767], [127.460881, 36.629777], [127.461115, 36.629818], [127.461351, 36.629871], [127.46137, 36.629871], [127.4614, 36.629884], [127.461447, 36.629905], [127.461532, 36.629941], [127.461542, 36.629925], [127.461587, 36.629855], [127.461639, 36.629748], [127.46164, 36.629745], [127.46171, 36.629599], [127.461726, 36.629566], [127.461759, 36.629279], [127.461748, 36.62923], [127.461722, 36.629102], [127.461675, 36.629055], [127.461658, 36.629035], [127.461634, 36.62903], [127.46157, 36.629014], [127.461524, 36.629003], [127.461502, 36.628997], [127.4615, 36.628997], [127.461462, 36.628995], [127.461459, 36.628995], [127.461441, 36.628994], [127.461434, 36.628975], [127.461414, 36.628941]]]}}, {"type": "Feature", "properties": {"surface": "bare"}, "geometry": {"type": "Polygon", "coordinates": [[[127.455693, 36.63037], [127.45487, 36.630844], [127.454728, 36.630926], [127.454898, 36.631132], [127.454975, 36.631226], [127.455678, 36.630841], [127.456054, 36.630634], [127.455933, 36.6305], [127.455921, 36.630507], [127.455894, 36.630476], [127.455906, 36.63047], [127.455775, 36.630324], [127.455693, 36.63037]], [[127.455611, 36.630686], [127.455609, 36.630687], [127.455595, 36.630695], [127.455569, 36.630668], [127.455584, 36.630661], [127.455587, 36.630659], [127.455611, 36.630686]], [[127.455588, 36.630699], [127.455584, 36.630702], [127.455573, 36.630708], [127.455547, 36.630677], [127.455557, 36.630671], [127.455561, 36.630669], [127.455588, 36.630699]], [[127.455223, 36.630867], [127.45524, 36.630858], [127.455266, 36.630887], [127.45525, 36.630896], [127.455223, 36.630867]], [[127.455222, 36.630877], [127.455241, 36.630899], [127.455227, 36.630908], [127.4552, 36.630877], [127.455205, 36.630874], [127.455214, 36.630869], [127.455222, 36.630877]], [[127.454918, 36.631084], [127.454901, 36.631095], [127.454887, 36.631079], [127.454875, 36.631066], [127.454888, 36.631059], [127.454894, 36.631055], [127.454918, 36.631084]]]}}, {"type": "Feature", "properties": {"surface": "bare"}, "geometry": {"type": "Polygon", "coordinates": [[[127.459661, 36.631617], [127.459091, 36.631993], [127.459068, 36.631993], [127.459052, 36.631988], [127.459026, 36.631953], [127.458942, 36.631652], [127.458945, 36.631611], [127.458951, 36.631561], [127.458984, 36.631459], [127.459052, 36.631382], [127.459084, 36.631345], [127.459088, 36.631342], [127.459223, 36.631247], [127.459279, 36.63124], [127.459521, 36.63121], [127.45983, 36.631407], [127.459865, 36.631424], [127.459872, 36.631418], [127.459891, 36.631401], [127.460088, 36.631148], [127.460189, 36.631083], [127.460259, 36.631036], [127.460277, 36.631023], [127.460364, 36.630964], [127.460437, 36.630915], [127.460461, 36.630906], [127.460473, 36.630898], [127.46049, 36.630894], [127.46063, 36.630839], [127.460653, 36.630831], [127.460648, 36.630822], [127.460638, 36.630801], [127.460585, 36.630764], [127.460472, 36.63082], [127.460462, 36.630822], [127.460294, 36.630861], [127.460293, 36.63087], [127.460287, 36.63089], [127.460269, 36.630911], [127.460107, 36.631012], [127.459919, 36.631147], [127.459914, 36.631186], [127.459891, 36.631185], [127.459809, 36.631188], [127.459771, 36.631193], [127.459717, 36.631201], [127.459652, 36.631213], [127.459615, 36.631218], [127.459591, 36.631219], [127.459566, 36.631219], [127.459555, 36.631214], [127.459541, 36.631205], [127.459534, 36.631198], [127.459525, 36.631188], [127.459471, 36.631194], [127.45935, 36.631206], [127.459246, 36.631211], [127.45915, 36.631242], [127.459081, 36.631298], [127.458969, 36.631385], [127.45892, 36.631431], [127.458903, 36.631478], [127.458908, 36.631516], [127.458915, 36.631563], [127.45893, 36.631613], [127.459006, 36.631971], [127.459027, 36.632008], [127.459069, 36.63202], [127.459121, 36.63202], [127.459188, 36.631997], [127.459205, 36.631987], [127.459232, 36.631971], [127.459237, 36.631967], [127.459264, 36.631928], [127.459616, 36.631695], [127.459619, 36.631691], [127.459661, 36.631617]]]}}, {"type": "Feature", "properties": {"surface": "bare"}, "geometry": {"type": "Polygon", "coordinates": [[[127.459161, 36.634291], [127.459047, 36.634286], [127.459037, 36.634423], [127.459039, 36.634421], [127.459053, 36.634323], [127.459133, 36.634329], [127.459131, 36.634341], [127.459142, 36.634342], [127.459176, 36.634312], [127.459179, 36.63431], [127.459161, 36.634291]]]}}, {"type": "Feature", "properties": {"surface": "field"}, "geometry": {"type": "Polygon", "coordinates": [[[127.4526, 36.622761], [127.45259, 36.622764], [127.452582, 36.622773], [127.452577, 36.622785], [127.452542, 36.622908], [127.452539, 36.622919], [127.452506, 36.623027], [127.452455, 36.623195], [127.452455, 36.6232], [127.452459, 36.623276], [127.452458, 36.623278], [127.452452, 36.623304], [127.452458, 36.623305], [127.452544, 36.623317], [127.452597, 36.623324], [127.452611, 36.623326], [127.452618, 36.623326], [127.45262, 36.623326], [127.452629, 36.623324], [127.452635, 36.623321], [127.452639, 36.623318], [127.452725, 36.623238], [127.452829, 36.623102], [127.45286, 36.623032], [127.452865, 36.623006], [127.452865, 36.622994], [127.452861, 36.622975], [127.452851, 36.622964], [127.452632, 36.622771], [127.452617, 36.622763], [127.4526, 36.622761]], [[127.452625, 36.622984], [127.452612, 36.623036], [127.452585, 36.623032], [127.452598, 36.62298], [127.452625, 36.622984]]]}}, {"type": "Feature", "properties": {"surface": "field"}, "geometry": {"type": "Polygon", "coordinates": [[[127.452803, 36.623337], [127.452825, 36.623366], [127.452838, 36.623396], [127.452867, 36.62342], [127.452897, 36.623428], [127.45296, 36.623435], [127.453018, 36.623376], [127.453149, 36.623225], [127.452845, 36.623087], [127.452755, 36.623231], [127.452721, 36.623264], [127.452687, 36.62332], [127.452685, 36.623333], [127.452712, 36.623344], [127.452768, 36.623336], [127.452788, 36.623334], [127.452803, 36.623337]], [[127.453042, 36.623301], [127.453017, 36.623338], [127.45301, 36.623336], [127.452948, 36.623312], [127.452971, 36.623274], [127.453042, 36.623301]], [[127.452998, 36.623357], [127.452938, 36.623335], [127.45295, 36.623314], [127.45301, 36.623336], [127.452998, 36.623357]]]}}, {"type": "Feature", "properties": {"surface": "field"}, "geometry": {"type": "Polygon", "coordinates": [[[127.45251, 36.623407], [127.452442, 36.623394], [127.452436, 36.623393], [127.45243, 36.623454], [127.452432, 36.623544], [127.452445, 36.623632], [127.452469, 36.623719], [127.452472, 36.623727], [127.452596, 36.623693], [127.452835, 36.623628], [127.452838, 36.623627], [127.452827, 36.623477], [127.452809, 36.623433], [127.452784, 36.623411], [127.452639, 36.623401], [127.452611, 36.623407], [127.45251, 36.623407]]]}}, {"type": "Feature", "properties": {"surface": "field"}, "geometry": {"type": "Polygon", "coordinates": [[[127.452901, 36.624285], [127.452914, 36.624286], [127.452937, 36.624283], [127.452956, 36.62428], [127.452957, 36.62428], [127.452959, 36.624279], [127.452962, 36.624278], [127.452965, 36.624276], [127.452966, 36.624274], [127.452967, 36.624274], [127.452967, 36.624273], [127.452965, 36.624267], [127.452963, 36.62426], [127.452962, 36.624257], [127.452961, 36.624254], [127.452961, 36.624252], [127.452958, 36.624247], [127.452954, 36.624241], [127.452954, 36.62424], [127.452953, 36.62424], [127.45295, 36.62424], [127.45294, 36.624238], [127.452912, 36.624237], [127.452898, 36.624237], [127.452884, 36.624239], [127.452867, 36.624242], [127.452866, 36.624243], [127.452866, 36.624245], [127.452868, 36.624256], [127.452871, 36.62427], [127.452871, 36.624271], [127.452874, 36.624275], [127.452878, 36.624279], [127.452879, 36.62428], [127.452885, 36.624283], [127.452892, 36.624285], [127.452901, 36.624285]]]}}, {"type": "Feature", "properties": {"surface": "field"}, "geometry": {"type": "Polygon", "coordinates": [[[127.452935, 36.624298], [127.452935, 36.624307], [127.452934, 36.624342], [127.452934, 36.624376], [127.452934, 36.624384], [127.452936, 36.624384], [127.452941, 36.624385], [127.452959, 36.624384], [127.453011, 36.624381], [127.453041, 36.624379], [127.453043, 36.624378], [127.453045, 36.624377], [127.453046, 36.624375], [127.453046, 36.624373], [127.453046, 36.624371], [127.453045, 36.62437], [127.453045, 36.624369], [127.453043, 36.624368], [127.453037, 36.624364], [127.453028, 36.624359], [127.453025, 36.624357], [127.453023, 36.624355], [127.453019, 36.624351], [127.45301, 36.624337], [127.453006, 36.624328], [127.453004, 36.624324], [127.452998, 36.624313], [127.45299, 36.624297], [127.452988, 36.624296], [127.452984, 36.624293], [127.452976, 36.62429], [127.452972, 36.624289], [127.452969, 36.624289], [127.452958, 36.624289], [127.452946, 36.62429], [127.452943, 36.624291], [127.452938, 36.624294], [127.452937, 36.624294], [127.452936, 36.624295], [127.452935, 36.624298]]]}}, {"type": "Feature", "properties": {"surface": "field"}, "geometry": {"type": "Polygon", "coordinates": [[[127.453069, 36.624372], [127.453069, 36.624373], [127.45307, 36.624374], [127.453074, 36.624377], [127.453088, 36.624388], [127.453108, 36.624402], [127.453131, 36.624416], [127.453153, 36.624431], [127.453164, 36.624442], [127.453171, 36.624451], [127.453173, 36.624453], [127.453178, 36.624455], [127.453184, 36.624456], [127.453195, 36.624455], [127.45321, 36.624454], [127.453217, 36.624452], [127.453236, 36.624446], [127.453262, 36.624437], [127.453263, 36.624436], [127.453264, 36.624435], [127.453264, 36.624434], [127.453262, 36.624431], [127.453255, 36.624421], [127.453244, 36.624407], [127.453236, 36.624402], [127.453224, 36.624397], [127.453202, 36.624389], [127.453175, 36.624381], [127.453146, 36.624373], [127.453109, 36.624365], [127.453099, 36.624363], [127.453087, 36.624363], [127.453073, 36.624363], [127.453072, 36.624364], [127.453071, 36.624364], [127.45307, 36.624365], [127.453069, 36.624367], [127.453068, 36.624369], [127.453069, 36.624372]]]}}, {"type": "Feature", "properties": {"surface": "field"}, "geometry": {"type": "Polygon", "coordinates": [[[127.453154, 36.625055], [127.453092, 36.625], [127.453058, 36.62497], [127.452993, 36.625], [127.452956, 36.625018], [127.453026, 36.625119], [127.45303, 36.625124], [127.453038, 36.625119], [127.453154, 36.625055]]]}}, {"type": "Feature", "properties": {"surface": "field"}, "geometry": {"type": "Polygon", "coordinates": [[[127.452853, 36.625501], [127.452834, 36.625513], [127.45283, 36.625526], [127.45283, 36.625545], [127.452845, 36.625555], [127.453245, 36.625669], [127.453249, 36.625522], [127.453241, 36.625485], [127.453192, 36.625402], [127.453164, 36.625392], [127.453128, 36.625402], [127.453092, 36.625427], [127.453079, 36.625435], [127.453046, 36.625453], [127.453024, 36.625465], [127.452948, 36.625486], [127.452883, 36.625493], [127.452853, 36.625501]]]}}, {"type": "Feature", "properties": {"surface": "field"}, "geometry": {"type": "Polygon", "coordinates": [[[127.452801, 36.625702], [127.45304, 36.625765], [127.453052, 36.625762], [127.45309, 36.625657], [127.452823, 36.625588], [127.45282, 36.625592], [127.452808, 36.625624], [127.452803, 36.625629], [127.452784, 36.625648], [127.452763, 36.625675], [127.452764, 36.625692], [127.452801, 36.625702]]]}}, {"type": "Feature", "properties": {"surface": "field"}, "geometry": {"type": "Polygon", "coordinates": [[[127.45309, 36.625831], [127.453232, 36.625869], [127.453235, 36.625861], [127.45339, 36.625903], [127.453446, 36.62575], [127.453438, 36.625741], [127.453141, 36.625671], [127.453137, 36.625683], [127.453093, 36.625822], [127.45309, 36.625831]]]}}, {"type": "Feature", "properties": {"surface": "field"}, "geometry": {"type": "Polygon", "coordinates": [[[127.452817, 36.62581], [127.452818, 36.625953], [127.452819, 36.625967], [127.452826, 36.625971], [127.452887, 36.62598], [127.452974, 36.625996], [127.453042, 36.625775], [127.452799, 36.625716], [127.452772, 36.625709], [127.45276, 36.625713], [127.452764, 36.62573], [127.452787, 36.625766], [127.452788, 36.625767], [127.4528, 36.625781], [127.45281, 36.625799], [127.452817, 36.62581]]]}}, {"type": "Feature", "properties": {"surface": "field"}, "geometry": {"type": "Polygon", "coordinates": [[[127.453114, 36.626224], [127.453189, 36.626241], [127.453178, 36.626264], [127.453177, 36.62627], [127.453195, 36.626273], [127.453277, 36.626247], [127.453297, 36.626219], [127.453318, 36.62614], [127.453322, 36.626126], [127.453244, 36.626116], [127.453242, 36.626122], [127.452916, 36.626043], [127.4528, 36.626047], [127.452801, 36.626072], [127.452804, 36.626225], [127.453091, 36.626288], [127.453114, 36.626224]]]}}, {"type": "Feature", "properties": {"surface": "field"}, "geometry": {"type": "Polygon", "coordinates": [[[127.452867, 36.626355], [127.452865, 36.626365], [127.452869, 36.626369], [127.452875, 36.626373], [127.452985, 36.626387], [127.452999, 36.626387], [127.453008, 36.626387], [127.453021, 36.626386], [127.453043, 36.626385], [127.453048, 36.626385], [127.453125, 36.626389], [127.453209, 36.626396], [127.453237, 36.626397], [127.453251, 36.626397], [127.453261, 36.626395], [127.453266, 36.626389], [127.453277, 36.626326], [127.453276, 36.626321], [127.453269, 36.626318], [127.45326, 36.626319], [127.453202, 36.626331], [127.453117, 36.62635], [127.453082, 36.626354], [127.453066, 36.626356], [127.453053, 36.626355], [127.453019, 36.626353], [127.453006, 36.626352], [127.452999, 36.626355], [127.452994, 36.626358], [127.452987, 36.62636], [127.452979, 36.62636], [127.452891, 36.626353], [127.452884, 36.626352], [127.452867, 36.626355]]]}}, {"type": "Feature", "properties": {"surface": "field"}, "geometry": {"type": "Polygon", "coordinates": [[[127.45026, 36.626598], [127.450257, 36.626604], [127.450304, 36.626688], [127.450313, 36.626693], [127.450322, 36.626693], [127.450428, 36.626696], [127.450519, 36.626697], [127.45053, 36.626698], [127.450551, 36.626688], [127.450549, 36.626675], [127.450546, 36.626655], [127.450533, 36.626574], [127.450523, 36.62651], [127.450519, 36.626499], [127.450504, 36.626493], [127.450484, 36.626492], [127.450461, 36.626495], [127.45043, 36.626506], [127.45026, 36.626598]]]}}, {"type": "Feature", "properties": {"surface": "field"}, "geometry": {"type": "Polygon", "coordinates": [[[127.452448, 36.626725], [127.452436, 36.626591], [127.452431, 36.626562], [127.452416, 36.626554], [127.452257, 36.626554], [127.452232, 36.626559], [127.452227, 36.626574], [127.452229, 36.626616], [127.452238, 36.626627], [127.452422, 36.626731], [127.452442, 36.62673], [127.452448, 36.626725]]]}}, {"type": "Feature", "properties": {"surface": "field"}, "geometry": {"type": "Polygon", "coordinates": [[[127.450648, 36.626696], [127.450734, 36.626692], [127.451029, 36.626667], [127.451039, 36.626666], [127.451045, 36.626663], [127.451046, 36.626658], [127.451043, 36.626644], [127.451038, 36.626634], [127.450607, 36.626671], [127.450586, 36.626672], [127.450579, 36.626674], [127.450588, 36.626681], [127.450603, 36.626687], [127.45063, 36.626694], [127.450648, 36.626696]]]}}, {"type": "Feature", "properties": {"surface": "field"}, "geometry": {"type": "Polygon", "coordinates": [[[127.453214, 36.626439], [127.453036, 36.626439], [127.452931, 36.626439], [127.452915, 36.626439], [127.452913, 36.626442], [127.45289, 36.626561], [127.452884, 36.626573], [127.452876, 36.626582], [127.452865, 36.626586], [127.45284, 36.626593], [127.452824, 36.626594], [127.452725, 36.6266], [127.452631, 36.626609], [127.452587, 36.626623], [127.452565, 36.626643], [127.452559, 36.626657], [127.452559, 36.626707], [127.452561, 36.626716], [127.452566, 36.626727], [127.452573, 36.626734], [127.452585, 36.626748], [127.452648, 36.626788], [127.452707, 36.626844], [127.452838, 36.627004], [127.452891, 36.627071], [127.452906, 36.627091], [127.452918, 36.6271], [127.452927, 36.627101], [127.452938, 36.627093], [127.453036, 36.626904], [127.453108, 36.626797], [127.453117, 36.626787], [127.453147, 36.626749], [127.453164, 36.626729], [127.453197, 36.626668], [127.453201, 36.626654], [127.45322, 36.626585], [127.453247, 36.62645], [127.453242, 36.626442], [127.453234, 36.62644], [127.453214, 36.626439]]]}}, {"type": "Feature", "properties": {"surface": "field"}, "geometry": {"type": "Polygon", "coordinates": [[[127.450454, 36.62878], [127.450467, 36.62878], [127.450474, 36.62878], [127.45049, 36.628788], [127.450516, 36.628824], [127.450527, 36.62883], [127.450556, 36.628833], [127.450566, 36.628845], [127.450578, 36.62887], [127.450589, 36.628876], [127.450598, 36.628876], [127.450871, 36.62884], [127.451238, 36.628747], [127.451284, 36.628727], [127.451297, 36.628713], [127.451297, 36.628704], [127.451297, 36.628702], [127.451293, 36.628686], [127.451206, 36.628597], [127.450999, 36.628382], [127.450926, 36.628306], [127.45075, 36.628126], [127.450676, 36.628049], [127.450595, 36.627936], [127.450497, 36.627834], [127.450475, 36.627818], [127.45046, 36.62781], [127.450441, 36.627805], [127.450418, 36.627807], [127.450247, 36.627828], [127.450169, 36.627837], [127.450144, 36.627842], [127.450126, 36.627848], [127.450113, 36.627857], [127.450113, 36.62786], [127.450111, 36.627862], [127.450101, 36.627878], [127.450098, 36.627907], [127.450109, 36.62812], [127.450102, 36.628124], [127.450098, 36.628136], [127.450139, 36.628428], [127.450169, 36.628678], [127.450174, 36.628727], [127.450203, 36.628863], [127.450208, 36.62887], [127.450216, 36.62888], [127.450225, 36.628882], [127.450235, 36.628882], [127.45039, 36.628803], [127.450454, 36.62878]]]}}, {"type": "Feature", "properties": {"surface": "field"}, "geometry": {"type": "Polygon", "coordinates": [[[127.450403, 36.628974], [127.450331, 36.628985], [127.450219, 36.629002], [127.450203, 36.629005], [127.450204, 36.629099], [127.450217, 36.62912], [127.450238, 36.629129], [127.45025, 36.629129], [127.45028, 36.629149], [127.450311, 36.629154], [127.450549, 36.629143], [127.450569, 36.629136], [127.450575, 36.62913], [127.450581, 36.629117], [127.450581, 36.629116], [127.450585, 36.629114], [127.450584, 36.629101], [127.45057, 36.628978], [127.450544, 36.628961], [127.450403, 36.628974]]]}}, {"type": "Feature", "properties": {"surface": "field"}, "geometry": {"type": "Polygon", "coordinates": [[[127.451823, 36.630169], [127.451847, 36.630158], [127.452109, 36.630001], [127.452058, 36.629946], [127.452016, 36.629967], [127.451967, 36.629914], [127.451906, 36.629952], [127.451901, 36.629955], [127.451908, 36.629963], [127.45191, 36.629967], [127.451733, 36.630069], [127.451823, 36.630169]]]}}, {"type": "Feature", "properties": {"surface": "field"}, "geometry": {"type": "Polygon", "coordinates": [[[127.452448, 36.630275], [127.452216, 36.630007], [127.452211, 36.630004], [127.4522, 36.630002], [127.452195, 36.630002], [127.452019, 36.630102], [127.45186, 36.630192], [127.451883, 36.630218], [127.45213, 36.630496], [127.452131, 36.630497], [127.45226, 36.63042], [127.452269, 36.630415], [127.45227, 36.630415], [127.452291, 36.630409], [127.4523, 36.630406], [127.452439, 36.630317], [127.45244, 36.630316], [127.452455, 36.6303], [127.452456, 36.630292], [127.452448, 36.630275]], [[127.452275, 36.630411], [127.452271, 36.630411], [127.452227, 36.63037], [127.452226, 36.630368], [127.452262, 36.630344], [127.452373, 36.630271], [127.452376, 36.63027], [127.452415, 36.630315], [127.452415, 36.630318], [127.452275, 36.630411]]]}}, {"type": "Feature", "properties": {"surface": "field"}, "geometry": {"type": "Polygon", "coordinates": [[[127.451904, 36.630432], [127.451929, 36.630423], [127.451947, 36.630422], [127.451965, 36.630423], [127.451981, 36.63043], [127.451992, 36.630443], [127.452017, 36.630471], [127.45207, 36.630531], [127.45208, 36.630525], [127.45199, 36.630398], [127.45185, 36.630237], [127.451797, 36.630267], [127.451784, 36.630275], [127.45175, 36.63023], [127.451191, 36.630564], [127.451262, 36.630644], [127.451198, 36.630686], [127.451292, 36.630782], [127.451904, 36.630432]]]}}, {"type": "Feature", "properties": {"surface": "field"}, "geometry": {"type": "Polygon", "coordinates": [[[127.453905, 36.622238], [127.453924, 36.622262], [127.453934, 36.622287], [127.453933, 36.62231], [127.453918, 36.62233], [127.453894, 36.622358], [127.453863, 36.622388], [127.453842, 36.622423], [127.453824, 36.622486], [127.453826, 36.622544], [127.45383, 36.622587], [127.453825, 36.622615], [127.453801, 36.622641], [127.453776, 36.622665], [127.453749, 36.62268], [127.453719, 36.622689], [127.453701, 36.622704], [127.453699, 36.62272], [127.453711, 36.622725], [127.453758, 36.622736], [127.453818, 36.622686], [127.453844, 36.622663], [127.453876, 36.622634], [127.453937, 36.622576], [127.453973, 36.622544], [127.453994, 36.622526], [127.454016, 36.622511], [127.454039, 36.622498], [127.454052, 36.622491], [127.454066, 36.622485], [127.454094, 36.622473], [127.454109, 36.622467], [127.454138, 36.622457], [127.454152, 36.622453], [127.454177, 36.622446], [127.454197, 36.622442], [127.454215, 36.62244], [127.454222, 36.62244], [127.454236, 36.622441], [127.454338, 36.622361], [127.454349, 36.622354], [127.454356, 36.622343], [127.454301, 36.62232], [127.454202, 36.622288], [127.454099, 36.622264], [127.453993, 36.622248], [127.453905, 36.622238]]]}}, {"type": "Feature", "properties": {"surface": "field"}, "geometry": {"type": "Polygon", "coordinates": [[[127.455151, 36.622818], [127.455155, 36.622802], [127.455154, 36.622785], [127.455152, 36.622771], [127.455151, 36.622768], [127.455146, 36.62275], [127.455137, 36.622735], [127.455135, 36.622731], [127.455117, 36.622705], [127.455044, 36.622601], [127.455018, 36.622566], [127.45501, 36.622557], [127.455007, 36.622553], [127.455006, 36.622552], [127.455003, 36.622549], [127.454995, 36.622543], [127.454987, 36.622539], [127.45498, 36.622536], [127.454975, 36.622534], [127.454971, 36.622533], [127.454956, 36.62253], [127.454952, 36.62253], [127.454943, 36.622529], [127.454905, 36.62253], [127.454881, 36.622533], [127.454864, 36.622538], [127.454857, 36.622541], [127.454852, 36.622545], [127.454848, 36.62255], [127.454847, 36.622554], [127.454846, 36.622558], [127.454844, 36.622571], [127.454844, 36.622585], [127.454846, 36.622686], [127.454847, 36.622759], [127.454846, 36.622803], [127.454845, 36.622827], [127.454846, 36.622843], [127.454853, 36.62288], [127.454859, 36.622901], [127.454864, 36.622913], [127.45487, 36.622919], [127.454876, 36.622923], [127.454878, 36.622924], [127.454889, 36.622927], [127.4549, 36.622928], [127.454926, 36.622929], [127.454945, 36.622931], [127.454973, 36.622936], [127.454988, 36.62294], [127.455003, 36.622944], [127.455016, 36.622949], [127.455025, 36.622953], [127.455032, 36.622957], [127.45508, 36.622982], [127.455099, 36.622992], [127.455116, 36.622998], [127.455144, 36.623007], [127.455146, 36.623008], [127.455185, 36.623018], [127.455227, 36.623027], [127.455243, 36.62303], [127.455247, 36.62303], [127.455248, 36.62303], [127.455251, 36.62303], [127.455253, 36.623029], [127.455257, 36.623028], [127.45526, 36.623025], [127.455265, 36.623015], [127.455265, 36.623008], [127.455259, 36.622997], [127.45525, 36.622987], [127.455241, 36.622977], [127.455231, 36.622969], [127.455222, 36.622961], [127.455196, 36.622938], [127.455168, 36.622915], [127.455149, 36.6229], [127.455139, 36.622891], [127.455136, 36.622885], [127.455135, 36.622874], [127.455137, 36.622861], [127.455141, 36.622848], [127.455151, 36.622818]]]}}, {"type": "Feature", "properties": {"surface": "field"}, "geometry": {"type": "Polygon", "coordinates": [[[127.455309, 36.623126], [127.455301, 36.623111], [127.455299, 36.623108], [127.455294, 36.623104], [127.455286, 36.623097], [127.45526, 36.623078], [127.455259, 36.623077], [127.455232, 36.62306], [127.455218, 36.623053], [127.455206, 36.623053], [127.455186, 36.623053], [127.455164, 36.623055], [127.455148, 36.623059], [127.455132, 36.623067], [127.45511, 36.623081], [127.455076, 36.623105], [127.455055, 36.623117], [127.45504, 36.623123], [127.455017, 36.623129], [127.454968, 36.62314], [127.454944, 36.623146], [127.454919, 36.623155], [127.454898, 36.623164], [127.454887, 36.623171], [127.454883, 36.623178], [127.454882, 36.623184], [127.454882, 36.623201], [127.454882, 36.623203], [127.454883, 36.623207], [127.454885, 36.623211], [127.454888, 36.623216], [127.454893, 36.623221], [127.454906, 36.623232], [127.454922, 36.623243], [127.454939, 36.623253], [127.454947, 36.623256], [127.454955, 36.623257], [127.454969, 36.623258], [127.454982, 36.623258], [127.455023, 36.623252], [127.455114, 36.623239], [127.455192, 36.623231], [127.45525, 36.623226], [127.45528, 36.623222], [127.455282, 36.623222], [127.455298, 36.623217], [127.455304, 36.623213], [127.455309, 36.623209], [127.455315, 36.6232], [127.455318, 36.623187], [127.455318, 36.62317], [127.455315, 36.623148], [127.455309, 36.623126]]]}}, {"type": "Feature", "properties": {"surface": "field"}, "geometry": {"type": "Polygon", "coordinates": [[[127.454761, 36.623403], [127.454385, 36.623387], [127.454366, 36.623394], [127.45436, 36.623404], [127.454343, 36.623549], [127.454336, 36.623608], [127.454332, 36.62365], [127.454323, 36.623746], [127.454312, 36.623853], [127.454302, 36.623957], [127.454291, 36.62406], [127.454288, 36.624093], [127.454287, 36.624111], [127.454298, 36.624124], [127.454316, 36.624126], [127.454759, 36.62413], [127.454846, 36.624131], [127.455108, 36.624132], [127.45514, 36.62413], [127.45516, 36.624123], [127.455169, 36.624106], [127.455196, 36.623828], [127.455219, 36.623591], [127.455218, 36.62357], [127.455195, 36.623542], [127.455136, 36.6235], [127.455055, 36.623458], [127.454971, 36.623434], [127.45494, 36.623426], [127.454938, 36.623424], [127.454935, 36.623423], [127.454797, 36.623405], [127.454795, 36.623405], [127.454761, 36.623403]]]}}, {"type": "Feature", "properties": {"surface": "field"}, "geometry": {"type": "Polygon", "coordinates": [[[127.453867, 36.623863], [127.453876, 36.623946], [127.453889, 36.624058], [127.453901, 36.624086], [127.453916, 36.624102], [127.453932, 36.624106], [127.453952, 36.62411], [127.454161, 36.624111], [127.454183, 36.624111], [127.454196, 36.624111], [127.454215, 36.624103], [127.45423, 36.624084], [127.454238, 36.624054], [127.454245, 36.623953], [127.454254, 36.62383], [127.454257, 36.623799], [127.454257, 36.62379], [127.454274, 36.623629], [127.454294, 36.623435], [127.454295, 36.623404], [127.454273, 36.623394], [127.453838, 36.623424], [127.453827, 36.623428], [127.453819, 36.623433], [127.453818, 36.623447], [127.453843, 36.623662], [127.453859, 36.6238], [127.453867, 36.623863]]]}}, {"type": "Feature", "properties": {"surface": "field"}, "geometry": {"type": "Polygon", "coordinates": [[[127.453249, 36.624156], [127.453167, 36.624197], [127.453147, 36.624207], [127.453075, 36.624242], [127.453069, 36.624244], [127.453067, 36.624244], [127.453063, 36.624244], [127.45306, 36.624244], [127.453058, 36.624244], [127.452965, 36.62424], [127.452962, 36.624241], [127.452962, 36.624245], [127.452993, 36.62429], [127.453025, 36.624342], [127.453051, 36.624355], [127.453102, 36.624359], [127.453166, 36.624373], [127.453201, 36.624386], [127.453247, 36.624402], [127.453325, 36.624439], [127.453373, 36.624467], [127.453412, 36.624464], [127.453578, 36.62441], [127.453635, 36.624362], [127.453663, 36.624292], [127.453671, 36.624265], [127.453681, 36.62426], [127.453688, 36.624256], [127.453729, 36.624255], [127.45376, 36.624236], [127.453799, 36.624199], [127.453804, 36.624194], [127.45382, 36.624155], [127.453822, 36.624125], [127.4538, 36.623973], [127.453776, 36.623888], [127.45375, 36.623879], [127.453644, 36.623893], [127.453504, 36.623906], [127.453484, 36.623907], [127.453393, 36.623914], [127.453391, 36.623916], [127.453389, 36.623917], [127.453389, 36.623923], [127.453425, 36.623969], [127.453431, 36.623977], [127.453433, 36.623982], [127.453434, 36.623985], [127.453432, 36.623988], [127.453429, 36.623992], [127.453294, 36.624116], [127.453249, 36.624156]], [[127.453778, 36.623993], [127.453749, 36.623996], [127.453746, 36.623973], [127.453775, 36.62397], [127.453778, 36.623993]]]}}, {"type": "Feature", "properties": {"surface": "field"}, "geometry": {"type": "Polygon", "coordinates": [[[127.455007, 36.624519], [127.455419, 36.624531], [127.455509, 36.624541], [127.455482, 36.624227], [127.455414, 36.624227], [127.455092, 36.624236], [127.454736, 36.624238], [127.454274, 36.62424], [127.454004, 36.624241], [127.453969, 36.624251], [127.453951, 36.624269], [127.453954, 36.624341], [127.453962, 36.624477], [127.453973, 36.624481], [127.454725, 36.624507], [127.454742, 36.624508], [127.45479, 36.624509], [127.454801, 36.62451], [127.455007, 36.624519]]]}}, {"type": "Feature", "properties": {"surface": "field"}, "geometry": {"type": "Polygon", "coordinates": [[[127.453407, 36.624481], [127.453407, 36.624488], [127.45341, 36.624491], [127.453413, 36.624493], [127.453415, 36.624494], [127.45342, 36.624494], [127.453429, 36.624494], [127.453433, 36.624493], [127.453437, 36.624492], [127.453442, 36.62449], [127.453455, 36.624486], [127.453476, 36.62448], [127.453481, 36.624479], [127.453483, 36.624478], [127.453493, 36.624474], [127.453501, 36.62447], [127.453502, 36.624467], [127.453504, 36.624459], [127.453504, 36.624451], [127.453504, 36.624448], [127.453504, 36.624447], [127.453502, 36.624447], [127.453498, 36.624446], [127.453494, 36.624445], [127.453489, 36.624445], [127.453481, 36.624447], [127.453466, 36.62445], [127.453455, 36.624454], [127.453434, 36.624463], [127.453408, 36.624475], [127.453407, 36.624477], [127.453407, 36.624481]]]}}, {"type": "Feature", "properties": {"surface": "field"}, "geometry": {"type": "Polygon", "coordinates": [[[127.454481, 36.624527], [127.454481, 36.624536], [127.454283, 36.624527], [127.454004, 36.624519], [127.453989, 36.624523], [127.453984, 36.624526], [127.453981, 36.624702], [127.453983, 36.624714], [127.453994, 36.624716], [127.454036, 36.624713], [127.454064, 36.624722], [127.454092, 36.624732], [127.454109, 36.624744], [127.454129, 36.624789], [127.454129, 36.624812], [127.454123, 36.624832], [127.454114, 36.624847], [127.454113, 36.624854], [127.454121, 36.624858], [127.45415, 36.624859], [127.45471, 36.624873], [127.454719, 36.624873], [127.454722, 36.624865], [127.454722, 36.624842], [127.454736, 36.624842], [127.454736, 36.624782], [127.454742, 36.624659], [127.454746, 36.624566], [127.454746, 36.624554], [127.454743, 36.624548], [127.454739, 36.624543], [127.454731, 36.624539], [127.454481, 36.624527]]]}}, {"type": "Feature", "properties": {"surface": "field"}, "geometry": {"type": "Polygon", "coordinates": [[[127.453667, 36.624694], [127.453666, 36.624716], [127.453666, 36.624719], [127.453665, 36.624795], [127.453665, 36.624798], [127.453666, 36.624799], [127.453667, 36.624799], [127.453668, 36.6248], [127.453887, 36.6248], [127.453891, 36.6248], [127.453893, 36.624799], [127.453894, 36.624797], [127.453895, 36.624795], [127.453895, 36.624794], [127.453899, 36.624633], [127.453899, 36.62463], [127.453894, 36.624627], [127.453893, 36.624627], [127.453882, 36.624627], [127.453822, 36.624626], [127.45379, 36.624626], [127.453766, 36.624629], [127.453716, 36.624648], [127.453676, 36.624677], [127.453673, 36.62468], [127.453671, 36.624684], [127.453668, 36.62469], [127.453667, 36.624694]]]}}, {"type": "Feature", "properties": {"surface": "field"}, "geometry": {"type": "Polygon", "coordinates": [[[127.454797, 36.62457], [127.454797, 36.624597], [127.454778, 36.624596], [127.454777, 36.624659], [127.454773, 36.624885], [127.454835, 36.624888], [127.455039, 36.624896], [127.455327, 36.624908], [127.455455, 36.624913], [127.455458, 36.624913], [127.455458, 36.624904], [127.455472, 36.624905], [127.455484, 36.624904], [127.455503, 36.6249], [127.455506, 36.624894], [127.455503, 36.624624], [127.455494, 36.624605], [127.455488, 36.624596], [127.455483, 36.624591], [127.455464, 36.624577], [127.455424, 36.624572], [127.454976, 36.624559], [127.454808, 36.624555], [127.454798, 36.624559], [127.454797, 36.62457]]]}}, {"type": "Feature", "properties": {"surface": "field"}, "geometry": {"type": "Polygon", "coordinates": [[[127.453461, 36.6249], [127.453463, 36.624902], [127.453501, 36.624902], [127.453503, 36.624902], [127.453505, 36.624899], [127.453503, 36.624804], [127.453503, 36.624802], [127.453503, 36.624801], [127.453502, 36.6248], [127.453501, 36.6248], [127.453498, 36.624799], [127.453464, 36.624799], [127.453462, 36.624799], [127.45346, 36.624799], [127.453459, 36.6248], [127.453457, 36.624802], [127.45346, 36.624875], [127.453461, 36.624899], [127.453461, 36.6249]]]}}, {"type": "Feature", "properties": {"surface": "field"}, "geometry": {"type": "Polygon", "coordinates": [[[127.453978, 36.625], [127.453965, 36.62512], [127.453953, 36.625227], [127.453954, 36.62524], [127.453972, 36.625244], [127.454364, 36.625249], [127.454379, 36.625245], [127.454388, 36.625236], [127.454394, 36.62512], [127.4544, 36.62502], [127.45441, 36.625018], [127.454712, 36.625021], [127.454713, 36.625], [127.454716, 36.624922], [127.454712, 36.624917], [127.454706, 36.624914], [127.454009, 36.624904], [127.453992, 36.624915], [127.453985, 36.624936], [127.453978, 36.625]]]}}, {"type": "Feature", "properties": {"surface": "field"}, "geometry": {"type": "Polygon", "coordinates": [[[127.455216, 36.62503], [127.455217, 36.62512], [127.455217, 36.625125], [127.455232, 36.625128], [127.455547, 36.625126], [127.455548, 36.62512], [127.455551, 36.6251], [127.455553, 36.625045], [127.455551, 36.625], [127.455548, 36.624959], [127.45554, 36.624951], [127.455472, 36.624945], [127.454799, 36.624917], [127.454797, 36.625], [127.454797, 36.625022], [127.455216, 36.62503]]]}}, {"type": "Feature", "properties": {"surface": "field"}, "geometry": {"type": "Polygon", "coordinates": [[[127.453233, 36.625303], [127.453237, 36.6253], [127.453237, 36.625292], [127.45324, 36.62529], [127.453316, 36.625289], [127.453418, 36.625286], [127.453424, 36.625285], [127.453425, 36.625283], [127.453425, 36.62528], [127.453374, 36.625253], [127.453364, 36.625252], [127.453249, 36.625269], [127.453192, 36.625285], [127.453171, 36.625293], [127.45317, 36.625297], [127.453171, 36.625299], [127.453177, 36.625301], [127.453222, 36.625303], [127.453233, 36.625303]]]}}, {"type": "Feature", "properties": {"surface": "field"}, "geometry": {"type": "Polygon", "coordinates": [[[127.453023, 36.626012], [127.453029, 36.626022], [127.453347, 36.626087], [127.45339, 36.625944], [127.453071, 36.625862], [127.453023, 36.626012]], [[127.453376, 36.625946], [127.453347, 36.626045], [127.453285, 36.626033], [127.453314, 36.625932], [127.453376, 36.625946]]]}}, {"type": "Feature", "properties": {"surface": "field"}, "geometry": {"type": "Polygon", "coordinates": [[[127.454753, 36.632533], [127.454812, 36.632601], [127.454851, 36.632619], [127.454876, 36.632625], [127.454903, 36.632629], [127.454913, 36.63263], [127.454922, 36.63263], [127.454928, 36.632629], [127.454933, 36.632627], [127.454935, 36.632623], [127.454933, 36.632601], [127.454865, 36.63248], [127.454854, 36.63247], [127.454846, 36.632467], [127.454835, 36.632466], [127.454806, 36.632469], [127.45479, 36.632472], [127.454769, 36.632479], [127.454755, 36.632485], [127.454747, 36.632496], [127.454746, 36.632509], [127.45475, 36.632522], [127.454753, 36.632533]]]}}, {"type": "Feature", "properties": {"surface": "field"}, "geometry": {"type": "Polygon", "coordinates": [[[127.456158, 36.622684], [127.456164, 36.622676], [127.456168, 36.62267], [127.456179, 36.62265], [127.456182, 36.622644], [127.456184, 36.622641], [127.456184, 36.622639], [127.456183, 36.622634], [127.45618, 36.622631], [127.45617, 36.622629], [127.456157, 36.622629], [127.456151, 36.622632], [127.456141, 36.622638], [127.456108, 36.622665], [127.456064, 36.6227], [127.456015, 36.622735], [127.45595, 36.622779], [127.455936, 36.622788], [127.455921, 36.622796], [127.455888, 36.62281], [127.455829, 36.62283], [127.45581, 36.622836], [127.455793, 36.622842], [127.455781, 36.622848], [127.455773, 36.622852], [127.455769, 36.622855], [127.455711, 36.622893], [127.455677, 36.622917], [127.455664, 36.622927], [127.455657, 36.622934], [127.455651, 36.622939], [127.455606, 36.622977], [127.455549, 36.623022], [127.455515, 36.623049], [127.455504, 36.623058], [127.455501, 36.623061], [127.455491, 36.623073], [127.455483, 36.623085], [127.455479, 36.623095], [127.455479, 36.623103], [127.45548, 36.623108], [127.455483, 36.623111], [127.455488, 36.623113], [127.455495, 36.623114], [127.455503, 36.623113], [127.455514, 36.623109], [127.455532, 36.623098], [127.455743, 36.622971], [127.45602, 36.622801], [127.456049, 36.622783], [127.456074, 36.622765], [127.456094, 36.622749], [127.456107, 36.622738], [127.456116, 36.622729], [127.456147, 36.622696], [127.456158, 36.622684]]]}}, {"type": "Feature", "properties": {"surface": "field"}, "geometry": {"type": "Polygon", "coordinates": [[[127.457388, 36.623126], [127.457384, 36.623126], [127.457371, 36.623126], [127.457361, 36.623127], [127.457353, 36.62313], [127.457347, 36.623131], [127.457339, 36.62313], [127.45733, 36.623128], [127.457318, 36.623123], [127.457299, 36.623112], [127.457278, 36.623097], [127.457267, 36.623086], [127.45726, 36.623079], [127.457246, 36.623061], [127.457233, 36.623043], [127.457227, 36.623032], [127.457225, 36.623028], [127.457223, 36.623024], [127.457222, 36.623021], [127.457222, 36.62302], [127.457223, 36.623016], [127.457225, 36.623009], [127.457229, 36.623003], [127.457234, 36.622998], [127.457246, 36.62299], [127.457263, 36.622987], [127.457301, 36.622982], [127.457342, 36.622978], [127.457369, 36.622977], [127.457389, 36.622976], [127.457411, 36.622974], [127.457431, 36.622971], [127.457438, 36.622969], [127.457442, 36.622968], [127.457444, 36.622967], [127.457463, 36.62296], [127.457498, 36.622951], [127.457534, 36.622941], [127.457555, 36.622933], [127.457579, 36.622922], [127.457603, 36.622909], [127.457651, 36.622875], [127.457663, 36.622866], [127.45752, 36.62281], [127.456881, 36.622664], [127.456854, 36.622705], [127.456836, 36.622734], [127.456818, 36.622769], [127.456801, 36.622807], [127.456787, 36.622847], [127.456778, 36.62288], [127.456776, 36.62289], [127.456775, 36.622894], [127.456775, 36.622895], [127.456777, 36.622905], [127.456781, 36.622909], [127.456789, 36.622912], [127.456799, 36.622914], [127.456808, 36.622915], [127.45688, 36.622917], [127.456963, 36.622919], [127.456982, 36.62292], [127.456999, 36.622923], [127.457009, 36.622926], [127.457023, 36.622933], [127.45706, 36.622956], [127.45708, 36.622971], [127.457099, 36.622986], [127.457114, 36.622998], [127.457124, 36.623007], [127.457131, 36.623014], [127.457156, 36.623042], [127.457179, 36.62307], [127.457189, 36.623083], [127.457198, 36.623093], [127.457206, 36.623101], [127.457212, 36.623105], [127.457216, 36.623107], [127.457263, 36.623135], [127.457288, 36.62315], [127.457295, 36.623155], [127.457298, 36.623158], [127.4573, 36.623161], [127.457304, 36.623171], [127.457306, 36.623185], [127.457308, 36.6232], [127.457311, 36.623213], [127.457318, 36.623226], [127.457337, 36.623252], [127.457408, 36.623342], [127.457451, 36.623395], [127.457486, 36.623436], [127.457511, 36.623464], [127.457524, 36.623477], [127.457531, 36.623484], [127.457558, 36.623505], [127.457568, 36.623512], [127.457575, 36.623516], [127.457579, 36.623519], [127.457589, 36.623523], [127.457598, 36.623526], [127.457606, 36.623528], [127.457611, 36.623529], [127.457616, 36.623529], [127.457631, 36.623528], [127.457643, 36.623526], [127.457669, 36.623513], [127.457684, 36.623503], [127.457697, 36.623493], [127.457708, 36.623481], [127.457755, 36.623429], [127.457791, 36.62339], [127.4578, 36.623379], [127.457803, 36.623377], [127.457804, 36.623376], [127.457805, 36.623375], [127.457812, 36.623374], [127.457828, 36.623381], [127.457863, 36.623398], [127.4579, 36.623416], [127.457909, 36.623421], [127.457911, 36.623423], [127.457912, 36.623423], [127.457912, 36.623424], [127.457892, 36.623452], [127.457877, 36.623472], [127.457874, 36.623478], [127.457872, 36.623481], [127.457872, 36.623482], [127.457874, 36.623486], [127.457879, 36.623491], [127.457884, 36.623496], [127.457886, 36.6235], [127.457886, 36.623512], [127.457885, 36.623525], [127.457885, 36.623534], [127.457887, 36.623538], [127.45789, 36.62354], [127.457898, 36.623541], [127.457905, 36.62354], [127.457914, 36.623536], [127.457924, 36.623531], [127.457932, 36.623523], [127.457972, 36.623473], [127.458, 36.623437], [127.45802, 36.623414], [127.458037, 36.623398], [127.458056, 36.623384], [127.458061, 36.623381], [127.458078, 36.623369], [127.458102, 36.62335], [127.458113, 36.623341], [127.458121, 36.623333], [127.458126, 36.623328], [127.458128, 36.623325], [127.458128, 36.623323], [127.458127, 36.623317], [127.458125, 36.62331], [127.458116, 36.623296], [127.458108, 36.623285], [127.458102, 36.62328], [127.458089, 36.623274], [127.458021, 36.623246], [127.457978, 36.62323], [127.457966, 36.623224], [127.45796, 36.623221], [127.457958, 36.62322], [127.457949, 36.623214], [127.457943, 36.62321], [127.457932, 36.623194], [127.457918, 36.623175], [127.457912, 36.623167], [127.457906, 36.623162], [127.457891, 36.623153], [127.457846, 36.623133], [127.457817, 36.623122], [127.457807, 36.623119], [127.457802, 36.623117], [127.457799, 36.623117], [127.457774, 36.623117], [127.457762, 36.623117], [127.457755, 36.623119], [127.457743, 36.623126], [127.457728, 36.623135], [127.457719, 36.623141], [127.457712, 36.623147], [127.457678, 36.623181], [127.457655, 36.623203], [127.457648, 36.623209], [127.457644, 36.623212], [127.457641, 36.623213], [127.457634, 36.623216], [127.457628, 36.623217], [127.457605, 36.623209], [127.457549, 36.623184], [127.4575, 36.623163], [127.457484, 36.623156], [127.457461, 36.623147], [127.457451, 36.623144], [127.457447, 36.623142], [127.457437, 36.623139], [127.457405, 36.62313], [127.457394, 36.623127], [127.457388, 36.623126]]]}}, {"type": "Feature", "properties": {"surface": "field"}, "geometry": {"type": "Polygon", "coordinates": [[[127.45834, 36.623177], [127.458347, 36.623172], [127.458351, 36.623165], [127.458351, 36.62316], [127.45835, 36.623152], [127.458349, 36.623137], [127.458351, 36.62313], [127.458353, 36.623122], [127.458336, 36.623118], [127.458272, 36.62311], [127.458304, 36.623157], [127.458319, 36.623175], [127.458324, 36.623179], [127.458328, 36.62318], [127.458334, 36.62318], [127.45834, 36.623177]]]}}, {"type": "Feature", "properties": {"surface": "field"}, "geometry": {"type": "Polygon", "coordinates": [[[127.458283, 36.623178], [127.458259, 36.623182], [127.45818, 36.623196], [127.458157, 36.623201], [127.45813, 36.623206], [127.458125, 36.623204], [127.458118, 36.623201], [127.458111, 36.623194], [127.458103, 36.623184], [127.458092, 36.623169], [127.458091, 36.623168], [127.458089, 36.623167], [127.458085, 36.623167], [127.458069, 36.623167], [127.458048, 36.623168], [127.458023, 36.623168], [127.45799, 36.623166], [127.457983, 36.623167], [127.457975, 36.623168], [127.457968, 36.62317], [127.457965, 36.623173], [127.457965, 36.623177], [127.457966, 36.623181], [127.457969, 36.623186], [127.457975, 36.623191], [127.457992, 36.623202], [127.458004, 36.623208], [127.458019, 36.623214], [127.458046, 36.623225], [127.458083, 36.623242], [127.458109, 36.623255], [127.458111, 36.623257], [127.458139, 36.623273], [127.458149, 36.623277], [127.458157, 36.623278], [127.458158, 36.623278], [127.458159, 36.623278], [127.458161, 36.623277], [127.458164, 36.623275], [127.458179, 36.623267], [127.458231, 36.623234], [127.458299, 36.623188], [127.458301, 36.623185], [127.458299, 36.62318], [127.458297, 36.623179], [127.458294, 36.623177], [127.458293, 36.623177], [127.45829, 36.623177], [127.458283, 36.623178]]]}}, {"type": "Feature", "properties": {"surface": "field"}, "geometry": {"type": "Polygon", "coordinates": [[[127.458313, 36.623192], [127.458203, 36.62332], [127.458216, 36.623348], [127.45825, 36.623348], [127.458397, 36.623256], [127.458395, 36.623221], [127.458373, 36.623189], [127.458313, 36.623192]]]}}, {"type": "Feature", "properties": {"surface": "field"}, "geometry": {"type": "Polygon", "coordinates": [[[127.459662, 36.623643], [127.459667, 36.623643], [127.459705, 36.623643], [127.459747, 36.623646], [127.459778, 36.623629], [127.459805, 36.623607], [127.459811, 36.623596], [127.459818, 36.623585], [127.459821, 36.623566], [127.45976, 36.623569], [127.459596, 36.623603], [127.459593, 36.623614], [127.459594, 36.623617], [127.459597, 36.623627], [127.459607, 36.623633], [127.459662, 36.623643]]]}}, {"type": "Feature", "properties": {"surface": "field"}, "geometry": {"type": "Polygon", "coordinates": [[[127.457157, 36.623745], [127.457172, 36.623776], [127.457209, 36.623816], [127.457281, 36.623882], [127.457357, 36.623941], [127.457377, 36.623956], [127.457385, 36.623959], [127.457392, 36.62396], [127.4574, 36.623957], [127.457531, 36.623744], [127.457538, 36.623733], [127.457542, 36.62372], [127.457543, 36.623709], [127.45754, 36.623701], [127.457534, 36.623685], [127.457523, 36.623667], [127.457508, 36.623653], [127.457497, 36.623645], [127.457472, 36.623633], [127.457456, 36.62363], [127.457391, 36.623642], [127.457266, 36.623679], [127.457169, 36.623718], [127.457163, 36.623721], [127.457156, 36.623726], [127.457154, 36.623734], [127.457157, 36.623745]]]}}, {"type": "Feature", "properties": {"surface": "field"}, "geometry": {"type": "Polygon", "coordinates": [[[127.457506, 36.623927], [127.457515, 36.62393], [127.457652, 36.623995], [127.457661, 36.623994], [127.45767, 36.623989], [127.457822, 36.623792], [127.457658, 36.623711], [127.457638, 36.623712], [127.457626, 36.623719], [127.457619, 36.623727], [127.457506, 36.623905], [127.457501, 36.623919], [127.457503, 36.623924], [127.457506, 36.623927]]]}}, {"type": "Feature", "properties": {"surface": "field"}, "geometry": {"type": "Polygon", "coordinates": [[[127.45522, 36.62416], [127.455221, 36.624166], [127.455228, 36.62417], [127.455438, 36.624172], [127.455458, 36.62417], [127.45546, 36.624168], [127.455518, 36.624001], [127.455522, 36.623973], [127.455519, 36.623936], [127.455474, 36.623876], [127.455455, 36.623853], [127.455292, 36.623656], [127.455279, 36.623648], [127.45527, 36.623649], [127.455267, 36.623654], [127.455261, 36.623662], [127.455255, 36.623696], [127.455244, 36.623849], [127.455239, 36.623916], [127.45522, 36.62416]]]}}, {"type": "Feature", "properties": {"surface": "field"}, "geometry": {"type": "Polygon", "coordinates": [[[127.455512, 36.624458], [127.455521, 36.624491], [127.45553, 36.624512], [127.455531, 36.624516], [127.455541, 36.62455], [127.455545, 36.62459], [127.455552, 36.624668], [127.455556, 36.624671], [127.455609, 36.624676], [127.455807, 36.624673], [127.455819, 36.624671], [127.455825, 36.624669], [127.455828, 36.624664], [127.455766, 36.624495], [127.455731, 36.624401], [127.455667, 36.624236], [127.455619, 36.624112], [127.455612, 36.624097], [127.455602, 36.624089], [127.455598, 36.624089], [127.455593, 36.624091], [127.455498, 36.624235], [127.455496, 36.624249], [127.455497, 36.624263], [127.455512, 36.624458]]]}}, {"type": "Feature", "properties": {"surface": "field"}, "geometry": {"type": "Polygon", "coordinates": [[[127.463801, 36.626041], [127.463791, 36.626042], [127.463787, 36.626046], [127.463777, 36.626077], [127.463778, 36.626082], [127.463778, 36.626083], [127.463791, 36.626092], [127.463831, 36.626091], [127.463839, 36.626091], [127.463924, 36.626091], [127.463947, 36.62609], [127.463958, 36.626088], [127.463962, 36.626083], [127.463962, 36.62608], [127.463958, 36.626075], [127.463836, 36.626048], [127.463801, 36.626041]]]}}, {"type": "Feature", "properties": {"surface": "field"}, "geometry": {"type": "Polygon", "coordinates": [[[127.463586, 36.626136], [127.463586, 36.626134], [127.463583, 36.62613], [127.463572, 36.626126], [127.463542, 36.626117], [127.46352, 36.626111], [127.463515, 36.626111], [127.463511, 36.626113], [127.463507, 36.626123], [127.46351, 36.626133], [127.463518, 36.626139], [127.463524, 36.62614], [127.463534, 36.626141], [127.463582, 36.626138], [127.463586, 36.626136]]]}}, {"type": "Feature", "properties": {"surface": "field"}, "geometry": {"type": "Polygon", "coordinates": [[[127.464165, 36.626186], [127.464159, 36.626187], [127.464159, 36.626189], [127.46416, 36.626193], [127.464167, 36.626209], [127.464176, 36.626184], [127.464165, 36.626186]]]}}, {"type": "Feature", "properties": {"surface": "field"}, "geometry": {"type": "Polygon", "coordinates": [[[127.462326, 36.627847], [127.46234, 36.627852], [127.462375, 36.627862], [127.462383, 36.627864], [127.46239, 36.627861], [127.462418, 36.627803], [127.462419, 36.627798], [127.462419, 36.627792], [127.462415, 36.627788], [127.462385, 36.627778], [127.462377, 36.627776], [127.462369, 36.627776], [127.462361, 36.627781], [127.462349, 36.627803], [127.462345, 36.627812], [127.462334, 36.627835], [127.462328, 36.62784], [127.462326, 36.627846], [127.462326, 36.627847]]]}}, {"type": "Feature", "properties": {"surface": "field"}, "geometry": {"type": "Polygon", "coordinates": [[[127.459987, 36.630003], [127.45998, 36.630001], [127.459977, 36.630001], [127.459941, 36.630009], [127.459927, 36.630015], [127.459921, 36.630021], [127.459921, 36.630026], [127.459922, 36.630032], [127.459946, 36.630123], [127.459953, 36.630129], [127.459958, 36.630131], [127.459964, 36.630134], [127.459982, 36.630134], [127.460036, 36.63012], [127.460048, 36.630115], [127.460054, 36.63011], [127.460064, 36.630091], [127.460061, 36.630067], [127.460059, 36.630058], [127.460065, 36.630054], [127.46008, 36.630051], [127.460083, 36.630046], [127.460083, 36.630043], [127.460083, 36.630042], [127.460077, 36.630013], [127.460075, 36.630012], [127.460063, 36.630013], [127.460005, 36.630024], [127.460004, 36.630024], [127.459999, 36.630022], [127.459987, 36.630003]]]}}, {"type": "Feature", "properties": {"surface": "field"}, "geometry": {"type": "Polygon", "coordinates": [[[127.456171, 36.631102], [127.456177, 36.631105], [127.456184, 36.631105], [127.45619, 36.631102], [127.456193, 36.631094], [127.456192, 36.631089], [127.456168, 36.631067], [127.456119, 36.631033], [127.456106, 36.631024], [127.456098, 36.631025], [127.456097, 36.631025], [127.456089, 36.631031], [127.456088, 36.631033], [127.456087, 36.631035], [127.456086, 36.631042], [127.456093, 36.631049], [127.456123, 36.631071], [127.456161, 36.631095], [127.456171, 36.631102]]]}}, {"type": "Feature", "properties": {"surface": "field"}, "geometry": {"type": "Polygon", "coordinates": [[[127.45708, 36.631421], [127.457126, 36.631444], [127.457139, 36.631448], [127.457141, 36.631448], [127.457147, 36.631444], [127.457188, 36.631395], [127.457232, 36.631333], [127.457251, 36.631294], [127.457258, 36.631283], [127.457258, 36.631276], [127.457251, 36.631269], [127.457242, 36.63126], [127.457209, 36.631249], [127.457201, 36.631249], [127.457188, 36.631252], [127.457153, 36.631286], [127.457086, 36.631345], [127.457043, 36.63139], [127.457041, 36.631395], [127.457042, 36.631399], [127.457045, 36.631405], [127.45708, 36.631421]]]}}, {"type": "Feature", "properties": {"surface": "field"}, "geometry": {"type": "Polygon", "coordinates": [[[127.455906, 36.631445], [127.455913, 36.631435], [127.455928, 36.631411], [127.455937, 36.631405], [127.455951, 36.631401], [127.455967, 36.631394], [127.455974, 36.631389], [127.455979, 36.63138], [127.45598, 36.631374], [127.455977, 36.631367], [127.455968, 36.631361], [127.455944, 36.631357], [127.455937, 36.63136], [127.45589, 36.631437], [127.455887, 36.631444], [127.455887, 36.631448], [127.455891, 36.631449], [127.455898, 36.631448], [127.455906, 36.631445]]]}}, {"type": "Feature", "properties": {"surface": "field"}, "geometry": {"type": "Polygon", "coordinates": [[[127.45582, 36.631286], [127.455802, 36.631286], [127.455764, 36.631304], [127.455735, 36.631342], [127.455735, 36.631346], [127.455739, 36.631354], [127.455773, 36.631377], [127.455779, 36.631383], [127.455779, 36.631387], [127.455776, 36.631392], [127.455752, 36.631423], [127.455739, 36.63143], [127.455728, 36.631432], [127.455712, 36.631432], [127.455663, 36.631417], [127.455658, 36.631417], [127.455651, 36.63142], [127.455635, 36.631438], [127.455618, 36.631469], [127.455604, 36.631528], [127.455603, 36.631574], [127.455605, 36.63161], [127.455617, 36.631652], [127.455658, 36.631701], [127.455691, 36.631736], [127.455698, 36.631738], [127.455703, 36.631738], [127.455709, 36.631734], [127.455714, 36.631729], [127.455725, 36.631722], [127.455738, 36.631716], [127.455763, 36.631712], [127.455784, 36.631709], [127.455797, 36.631703], [127.455802, 36.631699], [127.455805, 36.631694], [127.455807, 36.631682], [127.455804, 36.631668], [127.455772, 36.631627], [127.455732, 36.631547], [127.45573, 36.631539], [127.455729, 36.631522], [127.455729, 36.631512], [127.45573, 36.631502], [127.455743, 36.631478], [127.45581, 36.631408], [127.455846, 36.631373], [127.455848, 36.631369], [127.455868, 36.631345], [127.455868, 36.631335], [127.455838, 36.631295], [127.455827, 36.631288], [127.45582, 36.631286]]]}}, {"type": "Feature", "properties": {"surface": "field"}, "geometry": {"type": "Polygon", "coordinates": [[[127.456555, 36.631549], [127.456586, 36.631588], [127.456622, 36.631615], [127.456653, 36.631635], [127.456675, 36.631644], [127.456686, 36.631644], [127.456695, 36.631644], [127.456702, 36.631642], [127.456709, 36.631628], [127.456707, 36.631622], [127.456637, 36.631553], [127.456545, 36.631466], [127.456537, 36.631461], [127.456531, 36.631461], [127.456523, 36.631463], [127.456514, 36.631472], [127.456514, 36.631475], [127.456535, 36.631493], [127.456547, 36.631514], [127.45655, 36.631532], [127.456555, 36.631549]]]}}, {"type": "Feature", "properties": {"surface": "field"}, "geometry": {"type": "Polygon", "coordinates": [[[127.456044, 36.631966], [127.456054, 36.631964], [127.456067, 36.631957], [127.45607, 36.631951], [127.45607, 36.631944], [127.45605, 36.631914], [127.455959, 36.631783], [127.455909, 36.631705], [127.455839, 36.631598], [127.455836, 36.63159], [127.4558, 36.631502], [127.4558, 36.631499], [127.455826, 36.631488], [127.455828, 36.631482], [127.455842, 36.631473], [127.455851, 36.631462], [127.455923, 36.631361], [127.455926, 36.631354], [127.455926, 36.63135], [127.455922, 36.631344], [127.455905, 36.631337], [127.455898, 36.631338], [127.455889, 36.631341], [127.455875, 36.631354], [127.455808, 36.631446], [127.455767, 36.631502], [127.455762, 36.631512], [127.455761, 36.631516], [127.455761, 36.631521], [127.455763, 36.63153], [127.455816, 36.631628], [127.45582, 36.631639], [127.455841, 36.631685], [127.455861, 36.631742], [127.455863, 36.631757], [127.455869, 36.631796], [127.455874, 36.631819], [127.455888, 36.631845], [127.45591, 36.63187], [127.455923, 36.631882], [127.455968, 36.631923], [127.455999, 36.631949], [127.456032, 36.631965], [127.456044, 36.631966]]]}}, {"type": "Feature", "properties": {"surface": "field"}, "geometry": {"type": "Polygon", "coordinates": [[[127.457037, 36.633903], [127.457035, 36.633899], [127.456941, 36.633895], [127.456936, 36.633897], [127.456933, 36.633949], [127.456936, 36.633956], [127.456941, 36.633958], [127.456966, 36.63396], [127.457027, 36.633963], [127.457034, 36.633956], [127.457037, 36.633903]]]}}, {"type": "Feature", "properties": {"surface": "grass"}, "geometry": {"type": "Polygon", "coordinates": [[[127.452631, 36.622694], [127.452638, 36.622666], [127.45263, 36.622675], [127.452611, 36.622702], [127.452631, 36.622694]]]}}, {"type": "Feature", "properties": {"surface": "grass"}, "geometry": {"type": "Polygon", "coordinates": [[[127.452542, 36.622908], [127.452577, 36.622785], [127.452582, 36.622773], [127.45259, 36.622764], [127.4526, 36.622761], [127.452617, 36.622763], [127.452632, 36.622771], [127.452851, 36.622964], [127.452861, 36.622975], [127.452865, 36.622994], [127.452865, 36.623006], [127.45286, 36.623032], [127.452829, 36.623102], [127.452725, 36.623238], [127.452639, 36.623318], [127.452635, 36.623321], [127.452629, 36.623324], [127.45262, 36.623326], [127.452618, 36.623326], [127.452611, 36.623326], [127.452597, 36.623324], [127.452544, 36.623317], [127.452458, 36.623305], [127.452452, 36.623304], [127.452439, 36.623366], [127.452436, 36.623393], [127.452442, 36.623394], [127.45251, 36.623407], [127.452611, 36.623407], [127.452639, 36.623401], [127.452784, 36.623411], [127.452809, 36.623433], [127.452827, 36.623477], [127.452838, 36.623627], [127.452835, 36.623628], [127.452639, 36.623682], [127.452704, 36.623748], [127.452818, 36.623653], [127.45285, 36.623621], [127.452854, 36.623619], [127.452855, 36.623616], [127.452877, 36.623595], [127.452874, 36.623584], [127.45296, 36.623435], [127.452897, 36.623428], [127.452867, 36.62342], [127.452838, 36.623396], [127.452825, 36.623366], [127.452803, 36.623337], [127.452788, 36.623334], [127.452768, 36.623336], [127.452712, 36.623344], [127.452685, 36.623333], [127.452687, 36.62332], [127.452721, 36.623264], [127.452755, 36.623231], [127.452845, 36.623087], [127.452865, 36.623056], [127.452885, 36.623016], [127.452886, 36.622992], [127.452754, 36.622857], [127.452642, 36.622768], [127.452602, 36.622736], [127.452595, 36.622724], [127.452574, 36.622755], [127.452539, 36.622818], [127.452528, 36.622839], [127.452492, 36.622926], [127.452468, 36.623016], [127.452456, 36.623106], [127.452456, 36.623108], [127.452455, 36.623195], [127.452506, 36.623027], [127.452539, 36.622919], [127.452542, 36.622908]], [[127.452678, 36.623713], [127.452701, 36.623691], [127.452728, 36.62371], [127.452705, 36.623731], [127.452678, 36.623713]]]}}, {"type": "Feature", "properties": {"surface": "grass"}, "geometry": {"type": "Polygon", "coordinates": [[[127.452585, 36.623032], [127.452612, 36.623036], [127.452625, 36.622984], [127.452598, 36.62298], [127.452585, 36.623032]]]}}, {"type": "Feature", "properties": {"surface": "grass"}, "geometry": {"type": "Polygon", "coordinates": [[[127.452705, 36.624072], [127.452778, 36.624031], [127.452566, 36.623911], [127.452602, 36.623963], [127.452666, 36.624035], [127.452705, 36.624072]]]}}, {"type": "Feature", "properties": {"surface": "grass"}, "geometry": {"type": "Polygon", "coordinates": [[[127.453167, 36.624197], [127.453249, 36.624156], [127.453294, 36.624116], [127.453429, 36.623992], [127.453432, 36.623988], [127.453434, 36.623985], [127.453433, 36.623982], [127.453431, 36.623977], [127.453344, 36.624061], [127.453319, 36.624085], [127.453318, 36.624085], [127.453248, 36.624152], [127.453067, 36.624244], [127.453069, 36.624244], [127.453075, 36.624242], [127.453147, 36.624207], [127.453167, 36.624197]]]}}, {"type": "Feature", "properties": {"surface": "grass"}, "geometry": {"type": "Polygon", "coordinates": [[[127.453464, 36.624799], [127.453498, 36.624799], [127.453498, 36.624786], [127.453574, 36.624786], [127.453574, 36.624804], [127.453691, 36.624803], [127.453806, 36.624801], [127.453805, 36.624902], [127.453907, 36.624901], [127.453907, 36.6249], [127.453908, 36.62485], [127.453909, 36.624801], [127.453909, 36.624782], [127.453917, 36.624662], [127.45392, 36.624622], [127.453926, 36.624523], [127.453927, 36.62451], [127.453926, 36.624476], [127.453926, 36.624444], [127.453927, 36.624288], [127.453913, 36.624208], [127.453911, 36.624198], [127.453871, 36.624142], [127.453867, 36.624136], [127.453855, 36.624114], [127.45383, 36.623906], [127.45378, 36.623475], [127.453769, 36.623435], [127.453601, 36.623449], [127.453572, 36.623458], [127.453541, 36.62348], [127.453329, 36.623674], [127.453245, 36.623763], [127.45319, 36.623843], [127.45318, 36.623871], [127.453176, 36.623901], [127.453249, 36.623927], [127.453283, 36.623932], [127.453387, 36.623938], [127.453425, 36.623969], [127.453389, 36.623923], [127.453389, 36.623917], [127.453391, 36.623916], [127.453393, 36.623914], [127.453484, 36.623907], [127.453504, 36.623906], [127.453644, 36.623893], [127.45375, 36.623879], [127.453776, 36.623888], [127.4538, 36.623973], [127.453822, 36.624125], [127.45382, 36.624155], [127.453804, 36.624194], [127.453799, 36.624199], [127.45376, 36.624236], [127.453729, 36.624255], [127.453688, 36.624256], [127.453681, 36.62426], [127.453671, 36.624265], [127.453663, 36.624292], [127.453635, 36.624362], [127.453578, 36.62441], [127.453412, 36.624464], [127.453373, 36.624467], [127.453325, 36.624439], [127.453247, 36.624402], [127.453201, 36.624386], [127.453166, 36.624373], [127.453102, 36.624359], [127.453051, 36.624355], [127.453025, 36.624342], [127.452993, 36.62429], [127.452962, 36.624245], [127.452962, 36.624241], [127.452965, 36.62424], [127.453058, 36.624244], [127.452954, 36.624238], [127.452856, 36.624232], [127.452871, 36.62427], [127.452868, 36.624256], [127.452866, 36.624245], [127.452866, 36.624243], [127.452867, 36.624242], [127.452884, 36.624239], [127.452898, 36.624237], [127.452912, 36.624237], [127.45294, 36.624238], [127.45295, 36.62424], [127.452953, 36.62424], [127.452954, 36.62424], [127.452954, 36.624241], [127.452958, 36.624247], [127.452961, 36.624252], [127.452961, 36.624254], [127.452962, 36.624257], [127.452963, 36.62426], [127.452965, 36.624267], [127.452967, 36.624273], [127.452967, 36.624274], [127.452966, 36.624274], [127.452965, 36.624276], [127.452962, 36.624278], [127.452959, 36.624279], [127.452957, 36.62428], [127.452956, 36.62428], [127.452937, 36.624283], [127.452914, 36.624286], [127.452901, 36.624285], [127.452892, 36.624285], [127.452885, 36.624283], [127.452879, 36.62428], [127.452878, 36.624279], [127.452874, 36.624275], [127.452871, 36.624271], [127.452876, 36.624283], [127.452787, 36.624295], [127.452777, 36.624282], [127.452738, 36.624297], [127.452692, 36.624316], [127.452693, 36.624371], [127.452693, 36.624445], [127.45274, 36.624445], [127.45274, 36.624423], [127.452872, 36.624421], [127.452872, 36.624438], [127.452912, 36.624438], [127.452947, 36.624439], [127.452946, 36.624413], [127.452988, 36.624412], [127.452988, 36.624393], [127.453074, 36.624391], [127.453074, 36.624396], [127.453075, 36.624396], [127.453077, 36.624411], [127.453113, 36.624411], [127.453113, 36.624481], [127.453135, 36.624529], [127.453138, 36.624534], [127.453156, 36.624527], [127.45322, 36.624627], [127.4532, 36.624638], [127.453203, 36.624641], [127.453259, 36.624622], [127.453263, 36.624628], [127.45329, 36.624616], [127.453306, 36.624642], [127.45328, 36.624652], [127.453288, 36.624664], [127.453292, 36.624671], [127.453293, 36.624671], [127.453295, 36.62467], [127.453299, 36.624675], [127.453314, 36.624669], [127.453379, 36.624767], [127.453362, 36.624776], [127.453357, 36.624778], [127.453358, 36.62478], [127.453271, 36.624815], [127.45324, 36.624828], [127.45324, 36.624827], [127.453229, 36.624831], [127.453117, 36.624917], [127.453204, 36.625], [127.453255, 36.625054], [127.453319, 36.625116], [127.453379, 36.625163], [127.453413, 36.625185], [127.453447, 36.625207], [127.453533, 36.625255], [127.453617, 36.625299], [127.453685, 36.625319], [127.453714, 36.625322], [127.453742, 36.625324], [127.453773, 36.625319], [127.453802, 36.625306], [127.453825, 36.625291], [127.453846, 36.62527], [127.453861, 36.625251], [127.453875, 36.625224], [127.453885, 36.625196], [127.453887, 36.625183], [127.453897, 36.625123], [127.453905, 36.625032], [127.453859, 36.625032], [127.453858, 36.625079], [127.45386, 36.625187], [127.453514, 36.625197], [127.453513, 36.625182], [127.453507, 36.625182], [127.453504, 36.625132], [127.453428, 36.62513], [127.453429, 36.625066], [127.453428, 36.625026], [127.453427, 36.625], [127.453423, 36.624911], [127.453424, 36.624907], [127.453434, 36.624903], [127.453469, 36.624903], [127.453501, 36.624902], [127.453463, 36.624902], [127.453461, 36.6249], [127.453461, 36.624899], [127.45346, 36.624875], [127.453457, 36.624802], [127.453459, 36.6248], [127.45346, 36.624799], [127.453462, 36.624799], [127.453464, 36.624799]], [[127.453891, 36.6248], [127.453887, 36.6248], [127.453668, 36.6248], [127.453667, 36.624799], [127.453666, 36.624799], [127.453665, 36.624798], [127.453665, 36.624795], [127.453666, 36.624719], [127.453666, 36.624716], [127.453667, 36.624694], [127.453668, 36.62469], [127.453671, 36.624684], [127.453673, 36.62468], [127.453676, 36.624677], [127.453716, 36.624648], [127.453766, 36.624629], [127.45379, 36.624626], [127.453822, 36.624626], [127.453882, 36.624627], [127.453893, 36.624627], [127.453894, 36.624627], [127.453899, 36.62463], [127.453899, 36.624633], [127.453895, 36.624794], [127.453895, 36.624795], [127.453894, 36.624797], [127.453893, 36.624799], [127.453891, 36.6248]], [[127.453371, 36.624677], [127.453359, 36.624664], [127.453336, 36.62464], [127.453396, 36.624603], [127.453421, 36.62463], [127.453472, 36.624601], [127.453439, 36.624564], [127.45356, 36.624493], [127.453563, 36.624496], [127.453564, 36.624495], [127.453612, 36.624551], [127.453609, 36.624552], [127.45361, 36.624553], [127.453499, 36.624615], [127.453526, 36.624647], [127.453536, 36.624657], [127.453535, 36.624657], [127.45354, 36.624663], [127.453556, 36.624682], [127.453485, 36.624725], [127.453464, 36.624701], [127.45342, 36.624727], [127.453403, 36.624738], [127.453354, 36.624687], [127.453371, 36.624677]], [[127.453804, 36.624569], [127.453841, 36.624568], [127.453849, 36.624621], [127.453811, 36.624623], [127.453804, 36.624569]], [[127.453728, 36.624481], [127.453759, 36.624468], [127.45379, 36.624516], [127.453759, 36.624529], [127.453728, 36.624481]], [[127.453493, 36.624474], [127.453483, 36.624478], [127.453481, 36.624479], [127.453476, 36.62448], [127.453455, 36.624486], [127.453442, 36.62449], [127.453437, 36.624492], [127.453433, 36.624493], [127.453429, 36.624494], [127.45342, 36.624494], [127.453415, 36.624494], [127.453413, 36.624493], [127.45341, 36.624491], [127.453407, 36.624488], [127.453407, 36.624481], [127.453407, 36.624477], [127.453408, 36.624475], [127.453434, 36.624463], [127.453455, 36.624454], [127.453466, 36.62445], [127.453481, 36.624447], [127.453489, 36.624445], [127.453494, 36.624445], [127.453498, 36.624446], [127.453502, 36.624447], [127.453504, 36.624447], [127.453504, 36.624448], [127.453504, 36.624451], [127.453504, 36.624459], [127.453502, 36.624467], [127.453501, 36.62447], [127.453493, 36.624474]], [[127.453264, 36.624434], [127.453264, 36.624435], [127.453263, 36.624436], [127.453262, 36.624437], [127.453236, 36.624446], [127.453217, 36.624452], [127.45321, 36.624454], [127.453195, 36.624455], [127.453184, 36.624456], [127.453178, 36.624455], [127.453173, 36.624453], [127.453171, 36.624451], [127.453164, 36.624442], [127.453153, 36.624431], [127.453131, 36.624416], [127.453108, 36.624402], [127.453088, 36.624388], [127.453074, 36.624377], [127.45307, 36.624374], [127.453069, 36.624373], [127.453069, 36.624372], [127.453068, 36.624369], [127.453069, 36.624367], [127.45307, 36.624365], [127.453071, 36.624364], [127.453072, 36.624364], [127.453073, 36.624363], [127.453087, 36.624363], [127.453099, 36.624363], [127.453109, 36.624365], [127.453146, 36.624373], [127.453175, 36.624381], [127.453202, 36.624389], [127.453224, 36.624397], [127.453236, 36.624402], [127.453244, 36.624407], [127.453255, 36.624421], [127.453262, 36.624431], [127.453264, 36.624434]], [[127.453023, 36.624355], [127.453025, 36.624357], [127.453028, 36.624359], [127.453037, 36.624364], [127.453043, 36.624368], [127.453045, 36.624369], [127.453045, 36.62437], [127.453046, 36.624371], [127.453046, 36.624373], [127.453046, 36.624375], [127.453045, 36.624377], [127.453043, 36.624378], [127.453041, 36.624379], [127.453011, 36.624381], [127.452959, 36.624384], [127.452941, 36.624385], [127.452936, 36.624384], [127.452934, 36.624384], [127.452934, 36.624376], [127.452934, 36.624342], [127.452935, 36.624307], [127.452935, 36.624298], [127.452936, 36.624295], [127.452937, 36.624294], [127.452938, 36.624294], [127.452943, 36.624291], [127.452946, 36.62429], [127.452958, 36.624289], [127.452969, 36.624289], [127.452972, 36.624289], [127.452976, 36.62429], [127.452984, 36.624293], [127.452988, 36.624296], [127.45299, 36.624297], [127.452998, 36.624313], [127.453004, 36.624324], [127.453006, 36.624328], [127.45301, 36.624337], [127.453019, 36.624351], [127.453023, 36.624355]], [[127.453328, 36.623871], [127.453309, 36.623863], [127.453296, 36.623853], [127.453288, 36.623843], [127.453285, 36.623832], [127.453285, 36.623821], [127.45329, 36.623811], [127.453298, 36.623801], [127.453538, 36.623558], [127.453601, 36.623517], [127.453637, 36.623501], [127.453664, 36.623496], [127.453688, 36.623497], [127.453706, 36.623504], [127.453715, 36.623516], [127.453742, 36.623816], [127.453735, 36.623834], [127.45373, 36.623844], [127.453719, 36.623853], [127.453701, 36.623856], [127.453405, 36.623875], [127.453354, 36.623877], [127.453328, 36.623871]]]}}, {"type": "Feature", "properties": {"surface": "grass"}, "geometry": {"type": "Polygon", "coordinates": [[[127.452443, 36.624668], [127.452441, 36.624566], [127.45244, 36.624495], [127.452439, 36.624402], [127.452423, 36.624389], [127.452387, 36.62442], [127.452393, 36.624426], [127.452397, 36.624435], [127.452399, 36.624451], [127.452408, 36.624668], [127.452419, 36.624956], [127.452419, 36.625], [127.452419, 36.62501], [127.452448, 36.62501], [127.452447, 36.625], [127.452443, 36.624668]]]}}, {"type": "Feature", "properties": {"surface": "grass"}, "geometry": {"type": "Polygon", "coordinates": [[[127.452663, 36.625046], [127.45267, 36.625175], [127.452671, 36.625188], [127.452682, 36.62539], [127.452541, 36.625395], [127.452548, 36.625553], [127.452691, 36.625551], [127.4527, 36.625706], [127.452704, 36.625706], [127.452703, 36.625745], [127.452703, 36.625752], [127.452765, 36.625787], [127.452778, 36.625795], [127.452783, 36.625798], [127.452789, 36.625807], [127.452792, 36.625822], [127.452793, 36.625845], [127.452793, 36.625873], [127.4528, 36.626047], [127.452916, 36.626043], [127.453242, 36.626122], [127.453244, 36.626116], [127.453322, 36.626126], [127.453318, 36.62614], [127.45335, 36.626147], [127.453406, 36.625945], [127.453066, 36.625857], [127.453014, 36.626004], [127.452985, 36.625997], [127.453033, 36.62585], [127.453043, 36.625821], [127.453098, 36.625654], [127.453129, 36.625661], [127.453075, 36.625827], [127.45309, 36.625831], [127.453093, 36.625822], [127.453137, 36.625683], [127.453141, 36.625671], [127.453438, 36.625741], [127.453446, 36.62575], [127.45339, 36.625903], [127.453235, 36.625861], [127.453232, 36.625869], [127.453415, 36.625917], [127.453425, 36.625901], [127.453495, 36.625723], [127.453343, 36.625681], [127.453364, 36.62562], [127.453522, 36.625656], [127.453553, 36.625578], [127.453595, 36.625472], [127.453619, 36.625406], [127.453624, 36.625383], [127.453626, 36.625368], [127.453617, 36.625347], [127.4536, 36.625323], [127.453514, 36.625278], [127.453427, 36.625229], [127.453359, 36.625185], [127.453356, 36.625183], [127.453294, 36.625134], [127.453229, 36.625071], [127.45316, 36.625], [127.453086, 36.624929], [127.45306, 36.62491], [127.452854, 36.625], [127.452775, 36.625035], [127.452745, 36.625043], [127.452722, 36.625045], [127.452663, 36.625046]], [[127.452956, 36.625018], [127.452993, 36.625], [127.453058, 36.62497], [127.453092, 36.625], [127.453154, 36.625055], [127.453038, 36.625119], [127.45303, 36.625124], [127.453026, 36.625119], [127.452956, 36.625018]], [[127.452948, 36.625486], [127.453024, 36.625465], [127.453046, 36.625453], [127.453079, 36.625435], [127.453092, 36.625427], [127.453128, 36.625402], [127.453164, 36.625392], [127.453192, 36.625402], [127.453241, 36.625485], [127.453249, 36.625522], [127.453245, 36.625669], [127.452845, 36.625555], [127.45283, 36.625545], [127.45283, 36.625526], [127.452834, 36.625513], [127.452853, 36.625501], [127.452883, 36.625493], [127.452948, 36.625486]], [[127.452553, 36.625414], [127.452678, 36.62541], [127.452682, 36.625533], [127.452554, 36.625536], [127.452553, 36.625414]], [[127.452823, 36.625588], [127.45309, 36.625657], [127.453052, 36.625762], [127.45304, 36.625765], [127.452801, 36.625702], [127.452764, 36.625692], [127.452763, 36.625675], [127.452784, 36.625648], [127.452803, 36.625629], [127.452808, 36.625624], [127.45282, 36.625592], [127.452823, 36.625588]], [[127.452788, 36.625767], [127.452787, 36.625766], [127.452764, 36.62573], [127.45276, 36.625713], [127.452772, 36.625709], [127.452799, 36.625716], [127.453042, 36.625775], [127.452974, 36.625996], [127.452887, 36.62598], [127.452826, 36.625971], [127.452819, 36.625967], [127.452818, 36.625953], [127.452817, 36.62581], [127.45281, 36.625799], [127.4528, 36.625781], [127.452788, 36.625767]], [[127.4535, 36.62547], [127.453506, 36.625444], [127.453577, 36.625452], [127.453568, 36.625477], [127.4535, 36.62547]], [[127.453284, 36.625366], [127.453284, 36.62533], [127.453293, 36.62533], [127.453293, 36.625321], [127.453408, 36.625319], [127.453412, 36.625445], [127.453327, 36.625472], [127.453299, 36.625439], [127.453295, 36.625367], [127.453284, 36.625366]], [[127.453198, 36.625307], [127.453229, 36.625307], [127.453229, 36.625343], [127.453199, 36.625343], [127.453198, 36.625307]], [[127.453256, 36.625233], [127.453031, 36.625302], [127.453057, 36.625362], [127.452986, 36.625377], [127.452923, 36.625228], [127.453215, 36.62514], [127.453256, 36.625233]], [[127.453222, 36.625303], [127.453177, 36.625301], [127.453171, 36.625299], [127.45317, 36.625297], [127.453171, 36.625293], [127.453192, 36.625285], [127.453249, 36.625269], [127.453364, 36.625252], [127.453374, 36.625253], [127.453425, 36.62528], [127.453425, 36.625283], [127.453424, 36.625285], [127.453418, 36.625286], [127.453316, 36.625289], [127.45324, 36.62529], [127.453237, 36.625292], [127.453237, 36.6253], [127.453233, 36.625303], [127.453222, 36.625303]], [[127.453347, 36.626087], [127.453029, 36.626022], [127.453023, 36.626012], [127.453071, 36.625862], [127.45339, 36.625944], [127.453347, 36.626087]], [[127.452877, 36.62506], [127.452874, 36.625055], [127.452944, 36.625023], [127.452979, 36.625073], [127.452912, 36.625104], [127.452877, 36.62506]], [[127.452897, 36.625087], [127.452862, 36.625102], [127.452842, 36.625077], [127.452877, 36.62506], [127.452897, 36.625087]]]}}, {"type": "Feature", "properties": {"surface": "grass"}, "geometry": {"type": "Polygon", "coordinates": [[[127.452287, 36.625038], [127.452256, 36.62504], [127.452255, 36.625036], [127.452254, 36.625033], [127.452252, 36.625031], [127.452251, 36.62503], [127.452249, 36.62503], [127.452057, 36.625032], [127.452054, 36.625031], [127.452053, 36.625031], [127.452052, 36.625031], [127.452052, 36.62503], [127.452052, 36.625013], [127.452052, 36.625011], [127.452051, 36.625011], [127.452051, 36.62501], [127.45205, 36.62501], [127.452047, 36.62501], [127.452047, 36.625041], [127.452116, 36.62504], [127.452114, 36.625151], [127.452244, 36.625146], [127.452254, 36.625469], [127.452248, 36.625472], [127.452164, 36.625473], [127.452172, 36.625486], [127.452277, 36.625482], [127.452279, 36.625189], [127.45228, 36.625135], [127.452452, 36.62514], [127.452449, 36.625114], [127.452449, 36.625105], [127.452409, 36.625106], [127.452409, 36.625114], [127.452336, 36.625113], [127.452336, 36.625108], [127.452314, 36.625108], [127.452313, 36.625095], [127.452303, 36.625095], [127.452302, 36.625032], [127.45231, 36.625032], [127.452309, 36.62502], [127.452287, 36.625038]]]}}, {"type": "Feature", "properties": {"surface": "grass"}, "geometry": {"type": "MultiPolygon", "coordinates": [[[[127.452109, 36.625157], [127.452051, 36.625156], [127.452053, 36.625183], [127.452072, 36.62527], [127.452102, 36.625355], [127.452114, 36.625381], [127.452137, 36.625382], [127.452138, 36.625363], [127.452116, 36.625361], [127.452112, 36.625267], [127.452123, 36.625264], [127.452123, 36.625248], [127.45213, 36.625247], [127.452132, 36.625204], [127.45211, 36.6252], [127.452109, 36.625157]], [[127.452087, 36.625246], [127.452086, 36.625215], [127.45213, 36.625216], [127.452129, 36.625244], [127.452087, 36.625246]]], [[[127.452136, 36.62541], [127.452129, 36.62541], [127.452135, 36.625424], [127.452136, 36.625424], [127.452137, 36.625382], [127.452136, 36.62541]]]]}}, {"type": "Feature", "properties": {"surface": "grass"}, "geometry": {"type": "Polygon", "coordinates": [[[127.452605, 36.625832], [127.45256, 36.625877], [127.452545, 36.625895], [127.452533, 36.625898], [127.452533, 36.625903], [127.452539, 36.625902], [127.45254, 36.625939], [127.452639, 36.625936], [127.452639, 36.625949], [127.452708, 36.625947], [127.452703, 36.625856], [127.4527, 36.625846], [127.45269, 36.625835], [127.452673, 36.62583], [127.452605, 36.625832]]]}}, {"type": "Feature", "properties": {"surface": "grass"}, "geometry": {"type": "Polygon", "coordinates": [[[127.450271, 36.625886], [127.45017, 36.625888], [127.450135, 36.625891], [127.450328, 36.625887], [127.450271, 36.625886]]]}}, {"type": "Feature", "properties": {"surface": "grass"}, "geometry": {"type": "Polygon", "coordinates": [[[127.450796, 36.626333], [127.450805, 36.626328], [127.450777, 36.626303], [127.450742, 36.626329], [127.450738, 36.626326], [127.450737, 36.626327], [127.450729, 36.626319], [127.450727, 36.626317], [127.450723, 36.626322], [127.450686, 36.62629], [127.450691, 36.626284], [127.450681, 36.626275], [127.450686, 36.626271], [127.450685, 36.626269], [127.450724, 36.626242], [127.450726, 36.626241], [127.450881, 36.626136], [127.450976, 36.626214], [127.451037, 36.62617], [127.451084, 36.626136], [127.451092, 36.62612], [127.451091, 36.626109], [127.451091, 36.626103], [127.451086, 36.626066], [127.451076, 36.62598], [127.451023, 36.62594], [127.450966, 36.625941], [127.450949, 36.625984], [127.450936, 36.625997], [127.450916, 36.626014], [127.450871, 36.626046], [127.450827, 36.626072], [127.45078, 36.626091], [127.450719, 36.626116], [127.450652, 36.626137], [127.450602, 36.626148], [127.450505, 36.626152], [127.450499, 36.626077], [127.450369, 36.626083], [127.450319, 36.62611], [127.450276, 36.626135], [127.450203, 36.626175], [127.450159, 36.626192], [127.450101, 36.62621], [127.450042, 36.626219], [127.45, 36.626221], [127.45, 36.6263], [127.450016, 36.626299], [127.450015, 36.626297], [127.450167, 36.626264], [127.450168, 36.626265], [127.450309, 36.62622], [127.450324, 36.626219], [127.450323, 36.626208], [127.450404, 36.626201], [127.450409, 36.626221], [127.450406, 36.626222], [127.450406, 36.626226], [127.450416, 36.626224], [127.45042, 36.626267], [127.450449, 36.626266], [127.450454, 36.626301], [127.450458, 36.626328], [127.450459, 36.626337], [127.450428, 36.626339], [127.450437, 36.626432], [127.450436, 36.626432], [127.450436, 36.62644], [127.450437, 36.626444], [127.450437, 36.626445], [127.450467, 36.626433], [127.450536, 36.62641], [127.450518, 36.626368], [127.450517, 36.626366], [127.450514, 36.626358], [127.450511, 36.626354], [127.45067, 36.626306], [127.450699, 36.626365], [127.450704, 36.626364], [127.450753, 36.626348], [127.450796, 36.626333]], [[127.45044, 36.626426], [127.450435, 36.626374], [127.45049, 36.62637], [127.450495, 36.626417], [127.45044, 36.626426]], [[127.450571, 36.626195], [127.450561, 36.62617], [127.450634, 36.626154], [127.450643, 36.626179], [127.450571, 36.626195]], [[127.450968, 36.62619], [127.450946, 36.626169], [127.450993, 36.626137], [127.451016, 36.626158], [127.450968, 36.62619]]]}}, {"type": "Feature", "properties": {"surface": "grass"}, "geometry": {"type": "Polygon", "coordinates": [[[127.450773, 36.626385], [127.450772, 36.626386], [127.450777, 36.626401], [127.450801, 36.626415], [127.450828, 36.626417], [127.451106, 36.626387], [127.451103, 36.626344], [127.45109, 36.62623], [127.451161, 36.626223], [127.45115, 36.626143], [127.451111, 36.626171], [127.45107, 36.6262], [127.450899, 36.626325], [127.450864, 36.626347], [127.450819, 36.626369], [127.450773, 36.626385]]]}}, {"type": "Feature", "properties": {"surface": "grass"}, "geometry": {"type": "Polygon", "coordinates": [[[127.452019, 36.62638], [127.452051, 36.62638], [127.452051, 36.626372], [127.452019, 36.62638]]]}}, {"type": "Feature", "properties": {"surface": "grass"}, "geometry": {"type": "Polygon", "coordinates": [[[127.452018, 36.626434], [127.452001, 36.626433], [127.452001, 36.626384], [127.451962, 36.626394], [127.451981, 36.626434], [127.451974, 36.626436], [127.451985, 36.626469], [127.451991, 36.626481], [127.45199, 36.626482], [127.451992, 36.626489], [127.452016, 36.626482], [127.452161, 36.626479], [127.452161, 36.626478], [127.452158, 36.626478], [127.452158, 36.62645], [127.452145, 36.626348], [127.452056, 36.626371], [127.452137, 36.62637], [127.452138, 36.626471], [127.45205, 36.626472], [127.45205, 36.626462], [127.452019, 36.626462], [127.452018, 36.626434]]]}}, {"type": "Feature", "properties": {"surface": "grass"}, "geometry": {"type": "Polygon", "coordinates": [[[127.453066, 36.626356], [127.453082, 36.626354], [127.453117, 36.62635], [127.453202, 36.626331], [127.45326, 36.626319], [127.453269, 36.626318], [127.453276, 36.626321], [127.453277, 36.626326], [127.453266, 36.626389], [127.453261, 36.626395], [127.453251, 36.626397], [127.453237, 36.626397], [127.453209, 36.626396], [127.453125, 36.626389], [127.453048, 36.626385], [127.453041, 36.626424], [127.453036, 36.626439], [127.453214, 36.626439], [127.453234, 36.62644], [127.453242, 36.626442], [127.453247, 36.62645], [127.45322, 36.626585], [127.453201, 36.626654], [127.453208, 36.626644], [127.453231, 36.626616], [127.453236, 36.626612], [127.453263, 36.626512], [127.453306, 36.626324], [127.453301, 36.626311], [127.453291, 36.626308], [127.453172, 36.626336], [127.453113, 36.626347], [127.453064, 36.626354], [127.453054, 36.626353], [127.453053, 36.626355], [127.453066, 36.626356]]]}}, {"type": "Feature", "properties": {"surface": "grass"}, "geometry": {"type": "Polygon", "coordinates": [[[127.450551, 36.626688], [127.45053, 36.626698], [127.450519, 36.626697], [127.450428, 36.626696], [127.450322, 36.626693], [127.450313, 36.626693], [127.450304, 36.626688], [127.450257, 36.626604], [127.45026, 36.626598], [127.45043, 36.626506], [127.450461, 36.626495], [127.450484, 36.626492], [127.450504, 36.626493], [127.450519, 36.626499], [127.450523, 36.62651], [127.450533, 36.626574], [127.450525, 36.626457], [127.450488, 36.62647], [127.450444, 36.626488], [127.450356, 36.626533], [127.450269, 36.626583], [127.450243, 36.626595], [127.450302, 36.626696], [127.450479, 36.626706], [127.450996, 36.626726], [127.451164, 36.626728], [127.451189, 36.626729], [127.451204, 36.626727], [127.451292, 36.6267], [127.45129, 36.626696], [127.451285, 36.626698], [127.451245, 36.626614], [127.451252, 36.626612], [127.451247, 36.6266], [127.450594, 36.626664], [127.450559, 36.626663], [127.45055, 36.626659], [127.450546, 36.626655], [127.450549, 36.626675], [127.450551, 36.626688]], [[127.451108, 36.626726], [127.451061, 36.626724], [127.451064, 36.626696], [127.451098, 36.62668], [127.45121, 36.626652], [127.451242, 36.626697], [127.451203, 36.626723], [127.451164, 36.626728], [127.451108, 36.626726]], [[127.450579, 36.626674], [127.450586, 36.626672], [127.450607, 36.626671], [127.451038, 36.626634], [127.451043, 36.626644], [127.451046, 36.626658], [127.451045, 36.626663], [127.451039, 36.626666], [127.451029, 36.626667], [127.450734, 36.626692], [127.450648, 36.626696], [127.45063, 36.626694], [127.450603, 36.626687], [127.450588, 36.626681], [127.450579, 36.626674]]]}}, {"type": "Feature", "properties": {"surface": "grass"}, "geometry": {"type": "Polygon", "coordinates": [[[127.452366, 36.626721], [127.452442, 36.62676], [127.452457, 36.6267], [127.452474, 36.626671], [127.452492, 36.626637], [127.452499, 36.626608], [127.452507, 36.626541], [127.452222, 36.626546], [127.452214, 36.626547], [127.452211, 36.626561], [127.452218, 36.626626], [127.452228, 36.626637], [127.452283, 36.626672], [127.452287, 36.626675], [127.45234, 36.626705], [127.452345, 36.626709], [127.452366, 36.626721]], [[127.452257, 36.626554], [127.452416, 36.626554], [127.452431, 36.626562], [127.452436, 36.626591], [127.452448, 36.626725], [127.452442, 36.62673], [127.452422, 36.626731], [127.452238, 36.626627], [127.452229, 36.626616], [127.452227, 36.626574], [127.452232, 36.626559], [127.452257, 36.626554]]]}}, {"type": "Feature", "properties": {"surface": "grass"}, "geometry": {"type": "Polygon", "coordinates": [[[127.453147, 36.626749], [127.453119, 36.626785], [127.453132, 36.626777], [127.453143, 36.626762], [127.453147, 36.626749]]]}}, {"type": "Feature", "properties": {"surface": "grass"}, "geometry": {"type": "Polygon", "coordinates": [[[127.452458, 36.626901], [127.452499, 36.62688], [127.45233, 36.62676], [127.452299, 36.626737], [127.452265, 36.626712], [127.452244, 36.626699], [127.452207, 36.626681], [127.452175, 36.626666], [127.452139, 36.626656], [127.452114, 36.626652], [127.452047, 36.626661], [127.452, 36.626671], [127.452039, 36.626746], [127.452038, 36.626747], [127.452015, 36.626795], [127.452, 36.626799], [127.452014, 36.626836], [127.4518, 36.626903], [127.451791, 36.626886], [127.451751, 36.626901], [127.451751, 36.626904], [127.451752, 36.626917], [127.451758, 36.626942], [127.451762, 36.626959], [127.45174, 36.626962], [127.451746, 36.626976], [127.451755, 36.626996], [127.451819, 36.627122], [127.451855, 36.627204], [127.4519, 36.627186], [127.451915, 36.627176], [127.451923, 36.627154], [127.451926, 36.627131], [127.451923, 36.627102], [127.45192, 36.627076], [127.451923, 36.627048], [127.451942, 36.627019], [127.451964, 36.626999], [127.451994, 36.626977], [127.452027, 36.626954], [127.452054, 36.626927], [127.452076, 36.626899], [127.452101, 36.626866], [127.452132, 36.626835], [127.45218, 36.626804], [127.452214, 36.626795], [127.452237, 36.626794], [127.452265, 36.626799], [127.452296, 36.626809], [127.452336, 36.626828], [127.452369, 36.626846], [127.452447, 36.626912], [127.452492, 36.626965], [127.452511, 36.626955], [127.452554, 36.626931], [127.452564, 36.626941], [127.45252, 36.626966], [127.452502, 36.626977], [127.452515, 36.626992], [127.452595, 36.626947], [127.452541, 36.62691], [127.452489, 36.626939], [127.452458, 36.626901]]]}}, {"type": "Feature", "properties": {"surface": "grass"}, "geometry": {"type": "Polygon", "coordinates": [[[127.451425, 36.62728], [127.451424, 36.627254], [127.451416, 36.627223], [127.451406, 36.627207], [127.45139, 36.627197], [127.451386, 36.627196], [127.45141, 36.627171], [127.451444, 36.627194], [127.451455, 36.627208], [127.451461, 36.627226], [127.451477, 36.62727], [127.451487, 36.627278], [127.451497, 36.627279], [127.451521, 36.627279], [127.451547, 36.627276], [127.451586, 36.62727], [127.45165, 36.627253], [127.451546, 36.62706], [127.451355, 36.627127], [127.451352, 36.627123], [127.451304, 36.627062], [127.451111, 36.626803], [127.451102, 36.626803], [127.451049, 36.626801], [127.451085, 36.627031], [127.451109, 36.627097], [127.45115, 36.627142], [127.451214, 36.627183], [127.451298, 36.627221], [127.451324, 36.627237], [127.451387, 36.62729], [127.451388, 36.62729], [127.451413, 36.627288], [127.451425, 36.62728]]]}}, {"type": "Feature", "properties": {"surface": "grass"}, "geometry": {"type": "Polygon", "coordinates": [[[127.4532, 36.62733], [127.453262, 36.627315], [127.45329, 36.627314], [127.4533, 36.627312], [127.453309, 36.627308], [127.453317, 36.6273], [127.453334, 36.627272], [127.453342, 36.627253], [127.453346, 36.627237], [127.453346, 36.627217], [127.45334, 36.627204], [127.453333, 36.627197], [127.453315, 36.627185], [127.453268, 36.627156], [127.453231, 36.627137], [127.453206, 36.627128], [127.453183, 36.627124], [127.453162, 36.627124], [127.453142, 36.627127], [127.45312, 36.627135], [127.453097, 36.627147], [127.453073, 36.627164], [127.453064, 36.627173], [127.453057, 36.627185], [127.453042, 36.62723], [127.453035, 36.627245], [127.453025, 36.627257], [127.453013, 36.627264], [127.452995, 36.62727], [127.452985, 36.62727], [127.452975, 36.627268], [127.453117, 36.627398], [127.453111, 36.627383], [127.45311, 36.627369], [127.453114, 36.627361], [127.45312, 36.627353], [127.453131, 36.627344], [127.453142, 36.627338], [127.453158, 36.627333], [127.4532, 36.62733]]]}}, {"type": "Feature", "properties": {"surface": "grass"}, "geometry": {"type": "Polygon", "coordinates": [[[127.451993, 36.627761], [127.452184, 36.62766], [127.452162, 36.627634], [127.452148, 36.627606], [127.452139, 36.627573], [127.452137, 36.627553], [127.452146, 36.627526], [127.452158, 36.627502], [127.452138, 36.627489], [127.452105, 36.627466], [127.45207, 36.62748], [127.452022, 36.62751], [127.451977, 36.627545], [127.451946, 36.627579], [127.451917, 36.627638], [127.451914, 36.627653], [127.451916, 36.627663], [127.451927, 36.62768], [127.451993, 36.627761]]]}}, {"type": "Feature", "properties": {"surface": "grass"}, "geometry": {"type": "Polygon", "coordinates": [[[127.452921, 36.628162], [127.452924, 36.628154], [127.452922, 36.628144], [127.452901, 36.628107], [127.452893, 36.628101], [127.452882, 36.6281], [127.452868, 36.628101], [127.45286, 36.628103], [127.452853, 36.628107], [127.452885, 36.628145], [127.45274, 36.628224], [127.452708, 36.628187], [127.452532, 36.628282], [127.452514, 36.628291], [127.452493, 36.628295], [127.452475, 36.628296], [127.452459, 36.628293], [127.452446, 36.628286], [127.452435, 36.628277], [127.452423, 36.62826], [127.452377, 36.628281], [127.452247, 36.628127], [127.452292, 36.628102], [127.452281, 36.628087], [127.452272, 36.628082], [127.452261, 36.628081], [127.45225, 36.628084], [127.45222, 36.628098], [127.452215, 36.628104], [127.452215, 36.62811], [127.452217, 36.628117], [127.452224, 36.628129], [127.452369, 36.628298], [127.45239, 36.628314], [127.452411, 36.628321], [127.452428, 36.628323], [127.452453, 36.628322], [127.452479, 36.628319], [127.452518, 36.628307], [127.452602, 36.628276], [127.452662, 36.628258], [127.45269, 36.628253], [127.452727, 36.628252], [127.452777, 36.628252], [127.452805, 36.62825], [127.452827, 36.628244], [127.452869, 36.628217], [127.452913, 36.628178], [127.452921, 36.628162]]]}}, {"type": "Feature", "properties": {"surface": "grass"}, "geometry": {"type": "Polygon", "coordinates": [[[127.450578, 36.628943], [127.450519, 36.628947], [127.450502, 36.628941], [127.450487, 36.628928], [127.450468, 36.6289], [127.450504, 36.62889], [127.450516, 36.628917], [127.450535, 36.628922], [127.450769, 36.628902], [127.450803, 36.628902], [127.45084, 36.628898], [127.451139, 36.628812], [127.451277, 36.628765], [127.45133, 36.628743], [127.451346, 36.628737], [127.451365, 36.628736], [127.451384, 36.628736], [127.451424, 36.628744], [127.451445, 36.628757], [127.451575, 36.628867], [127.451659, 36.628928], [127.451686, 36.628972], [127.451689, 36.628981], [127.451691, 36.628989], [127.451692, 36.628999], [127.451692, 36.629015], [127.451688, 36.629102], [127.451771, 36.629203], [127.451895, 36.629117], [127.451929, 36.629098], [127.451866, 36.629024], [127.451964, 36.628966], [127.452074, 36.628904], [127.451946, 36.628763], [127.451928, 36.62874], [127.451904, 36.628755], [127.452011, 36.628897], [127.451954, 36.628928], [127.45196, 36.628935], [127.45191, 36.628962], [127.451896, 36.628945], [127.45191, 36.628937], [127.451906, 36.628933], [127.451904, 36.628934], [127.451781, 36.628792], [127.451748, 36.628809], [127.451736, 36.628816], [127.451667, 36.628734], [127.451674, 36.628729], [127.451662, 36.628715], [127.451708, 36.628693], [127.45164, 36.628598], [127.451643, 36.628596], [127.451628, 36.628576], [127.451547, 36.628619], [127.45153, 36.628597], [127.451521, 36.628602], [127.451477, 36.628624], [127.451472, 36.628627], [127.451469, 36.628628], [127.45147, 36.62863], [127.451435, 36.628645], [127.451412, 36.628657], [127.451246, 36.628434], [127.451368, 36.628375], [127.451381, 36.62839], [127.451385, 36.628388], [127.451402, 36.628415], [127.451995, 36.628101], [127.452018, 36.628089], [127.452034, 36.628078], [127.452044, 36.628063], [127.452045, 36.628052], [127.45204, 36.628041], [127.45202, 36.628018], [127.451648, 36.628205], [127.451382, 36.627881], [127.451119, 36.627563], [127.451017, 36.627621], [127.451001, 36.627605], [127.451104, 36.627544], [127.451253, 36.627465], [127.451309, 36.627434], [127.45109, 36.627482], [127.450765, 36.627489], [127.450751, 36.627309], [127.450728, 36.627298], [127.450728, 36.627379], [127.450728, 36.627388], [127.450488, 36.627391], [127.450488, 36.627402], [127.450401, 36.627404], [127.4504, 36.627375], [127.450161, 36.627385], [127.450161, 36.627375], [127.450159, 36.62727], [127.450402, 36.627264], [127.450403, 36.627259], [127.450414, 36.627253], [127.45043, 36.627254], [127.450439, 36.627256], [127.450445, 36.627262], [127.450447, 36.627277], [127.450707, 36.627272], [127.450689, 36.627228], [127.450554, 36.627237], [127.450441, 36.627208], [127.45, 36.627227], [127.45, 36.627464], [127.450021, 36.627463], [127.450113, 36.627463], [127.450127, 36.627467], [127.450144, 36.62748], [127.450158, 36.627499], [127.450164, 36.627519], [127.450169, 36.627546], [127.450173, 36.627593], [127.450184, 36.627611], [127.450201, 36.627626], [127.450226, 36.627644], [127.450248, 36.627663], [127.450262, 36.627679], [127.450268, 36.627703], [127.450267, 36.627723], [127.450261, 36.627737], [127.45025, 36.627748], [127.450211, 36.62777], [127.450013, 36.62779], [127.450036, 36.628192], [127.450047, 36.628373], [127.450058, 36.628592], [127.450067, 36.628594], [127.450112, 36.628611], [127.45013, 36.62862], [127.450144, 36.628636], [127.450166, 36.628674], [127.450169, 36.628678], [127.450139, 36.628428], [127.450098, 36.628136], [127.450102, 36.628124], [127.450109, 36.62812], [127.450098, 36.627907], [127.450101, 36.627878], [127.450111, 36.627862], [127.450113, 36.62786], [127.450113, 36.627857], [127.450126, 36.627848], [127.450144, 36.627842], [127.450169, 36.627837], [127.450247, 36.627828], [127.450418, 36.627807], [127.450441, 36.627805], [127.45046, 36.62781], [127.450475, 36.627818], [127.450497, 36.627834], [127.450595, 36.627936], [127.450676, 36.628049], [127.45075, 36.628126], [127.450926, 36.628306], [127.450999, 36.628382], [127.451206, 36.628597], [127.451293, 36.628686], [127.451297, 36.628702], [127.451297, 36.628704], [127.451297, 36.628713], [127.451284, 36.628727], [127.451238, 36.628747], [127.450871, 36.62884], [127.450598, 36.628876], [127.450589, 36.628876], [127.450578, 36.62887], [127.450566, 36.628845], [127.450556, 36.628833], [127.450527, 36.62883], [127.450516, 36.628824], [127.45049, 36.628788], [127.450474, 36.62878], [127.450467, 36.62878], [127.450454, 36.62878], [127.45039, 36.628803], [127.450235, 36.628882], [127.450225, 36.628882], [127.450216, 36.62888], [127.450208, 36.62887], [127.450219, 36.629002], [127.450331, 36.628985], [127.450403, 36.628974], [127.450544, 36.628961], [127.45057, 36.628978], [127.450584, 36.629101], [127.450585, 36.629114], [127.450581, 36.629116], [127.450581, 36.629117], [127.450575, 36.62913], [127.450569, 36.629136], [127.450593, 36.629174], [127.450602, 36.629192], [127.450607, 36.629218], [127.450608, 36.62923], [127.450554, 36.629236], [127.45056, 36.62924], [127.45056, 36.629249], [127.450554, 36.629263], [127.450546, 36.629271], [127.450521, 36.629283], [127.450512, 36.629289], [127.450495, 36.629309], [127.450488, 36.629327], [127.450491, 36.629344], [127.450499, 36.62936], [127.450516, 36.629373], [127.450541, 36.629383], [127.450558, 36.629385], [127.450584, 36.629386], [127.450621, 36.629383], [127.450666, 36.629393], [127.450706, 36.629395], [127.450731, 36.629395], [127.450746, 36.629391], [127.450761, 36.629382], [127.450783, 36.629357], [127.450806, 36.629342], [127.450815, 36.629338], [127.450824, 36.629337], [127.450832, 36.629339], [127.450842, 36.629343], [127.450862, 36.629357], [127.450867, 36.629366], [127.450873, 36.62939], [127.450878, 36.629398], [127.450894, 36.629409], [127.45091, 36.629415], [127.450935, 36.629413], [127.450952, 36.629417], [127.450968, 36.629424], [127.45098, 36.629433], [127.450986, 36.629442], [127.450983, 36.629453], [127.450966, 36.629477], [127.450953, 36.629495], [127.450909, 36.629548], [127.450892, 36.629579], [127.450881, 36.629591], [127.450859, 36.629605], [127.450836, 36.629612], [127.45076, 36.62966], [127.450732, 36.629685], [127.45071, 36.629716], [127.450694, 36.629745], [127.45068, 36.629778], [127.450657, 36.629883], [127.45066, 36.629902], [127.450666, 36.62993], [127.450682, 36.62998], [127.450691, 36.629997], [127.4507, 36.630012], [127.450726, 36.630042], [127.450738, 36.630052], [127.450751, 36.63006], [127.45079, 36.630073], [127.450816, 36.630089], [127.450846, 36.630116], [127.450867, 36.63014], [127.45089, 36.630174], [127.450899, 36.630192], [127.450904, 36.630202], [127.450911, 36.630212], [127.450924, 36.630224], [127.450939, 36.630233], [127.450955, 36.63024], [127.450971, 36.630244], [127.450989, 36.630245], [127.451014, 36.630242], [127.451042, 36.630238], [127.451059, 36.630232], [127.451075, 36.630218], [127.451091, 36.630196], [127.451098, 36.630175], [127.451101, 36.630153], [127.4511, 36.63013], [127.451094, 36.630116], [127.451083, 36.630108], [127.451061, 36.630099], [127.451045, 36.630095], [127.451004, 36.630088], [127.450967, 36.63008], [127.450948, 36.630072], [127.450926, 36.630056], [127.450909, 36.630036], [127.450901, 36.630019], [127.450894, 36.629989], [127.450888, 36.629962], [127.450888, 36.629948], [127.450893, 36.629939], [127.4509, 36.62993], [127.450924, 36.629912], [127.450935, 36.629907], [127.450964, 36.629899], [127.450976, 36.629894], [127.450991, 36.629884], [127.451005, 36.629871], [127.451015, 36.629859], [127.45102, 36.629846], [127.451021, 36.629831], [127.451011, 36.629801], [127.451009, 36.629789], [127.451009, 36.629763], [127.451013, 36.629747], [127.45102, 36.629734], [127.451038, 36.629713], [127.451075, 36.629674], [127.451088, 36.629655], [127.451099, 36.629633], [127.451107, 36.629608], [127.451114, 36.629582], [127.451121, 36.629537], [127.45112, 36.629521], [127.451117, 36.629506], [127.451108, 36.629488], [127.451088, 36.62946], [127.45105, 36.629417], [127.451037, 36.629395], [127.45103, 36.629377], [127.451026, 36.629358], [127.451025, 36.629342], [127.451027, 36.629329], [127.451032, 36.629319], [127.451038, 36.629313], [127.451057, 36.6293], [127.451064, 36.629293], [127.451071, 36.629281], [127.451076, 36.629268], [127.451078, 36.629257], [127.451076, 36.629246], [127.45107, 36.629235], [127.451062, 36.629225], [127.451049, 36.629218], [127.451031, 36.629216], [127.451008, 36.629217], [127.450976, 36.629222], [127.450933, 36.629235], [127.450896, 36.629253], [127.450879, 36.629257], [127.450857, 36.629256], [127.450834, 36.629251], [127.450816, 36.629245], [127.450796, 36.629231], [127.450789, 36.629224], [127.450785, 36.629217], [127.450786, 36.629209], [127.450786, 36.629206], [127.450796, 36.62918], [127.4508, 36.629157], [127.4508, 36.629131], [127.450795, 36.62907], [127.450799, 36.629066], [127.450828, 36.628921], [127.450794, 36.628928], [127.450758, 36.62893], [127.450578, 36.628943]], [[127.45027, 36.628903], [127.450414, 36.628869], [127.450423, 36.628908], [127.450284, 36.628937], [127.45027, 36.628903]], [[127.451539, 36.628775], [127.451634, 36.628728], [127.451655, 36.628756], [127.451558, 36.628804], [127.451539, 36.628775]], [[127.450608, 36.627739], [127.450911, 36.627572], [127.451471, 36.628211], [127.451184, 36.628371], [127.450608, 36.627739]], [[127.451166, 36.627823], [127.451211, 36.627795], [127.45128, 36.627868], [127.451235, 36.627898], [127.451166, 36.627823]], [[127.451709, 36.629022], [127.45173, 36.629011], [127.451774, 36.629062], [127.451754, 36.629077], [127.451709, 36.629022]]]}}, {"type": "Feature", "properties": {"surface": "grass"}, "geometry": {"type": "Polygon", "coordinates": [[[127.45235, 36.628362], [127.452169, 36.628152], [127.452155, 36.628137], [127.45214, 36.628131], [127.452128, 36.628128], [127.452113, 36.628129], [127.452088, 36.628134], [127.45196, 36.628202], [127.451899, 36.628235], [127.451961, 36.628309], [127.451801, 36.628399], [127.451845, 36.628453], [127.451858, 36.628456], [127.451905, 36.628521], [127.451989, 36.628562], [127.452016, 36.628569], [127.452028, 36.62857], [127.452046, 36.628566], [127.452072, 36.628554], [127.452341, 36.628392], [127.452352, 36.628379], [127.452352, 36.628372], [127.45235, 36.628362]]]}}, {"type": "Feature", "properties": {"surface": "grass"}, "geometry": {"type": "Polygon", "coordinates": [[[127.451839, 36.628553], [127.451793, 36.628489], [127.45179, 36.628485], [127.451726, 36.62852], [127.451826, 36.628652], [127.45185, 36.628639], [127.451877, 36.628626], [127.451883, 36.628618], [127.451883, 36.628615], [127.451839, 36.628553]]]}}, {"type": "Feature", "properties": {"surface": "grass"}, "geometry": {"type": "Polygon", "coordinates": [[[127.452974, 36.629066], [127.45298, 36.629063], [127.453151, 36.628967], [127.453263, 36.62891], [127.453306, 36.628886], [127.453017, 36.628332], [127.452772, 36.628301], [127.452744, 36.6283], [127.452702, 36.628302], [127.45265, 36.628316], [127.452498, 36.628371], [127.452479, 36.62838], [127.452465, 36.628393], [127.452456, 36.628413], [127.452585, 36.628571], [127.452796, 36.628447], [127.452879, 36.628532], [127.452879, 36.628533], [127.452887, 36.628541], [127.45296, 36.628629], [127.452993, 36.628611], [127.453005, 36.628621], [127.453106, 36.628734], [127.45311, 36.62874], [127.453097, 36.628748], [127.453183, 36.628849], [127.45317, 36.628856], [127.453172, 36.628859], [127.45289, 36.62903], [127.452884, 36.629023], [127.452878, 36.629042], [127.452884, 36.629054], [127.452897, 36.629062], [127.452907, 36.629065], [127.45292, 36.629068], [127.452943, 36.629068], [127.452974, 36.629066]], [[127.452865, 36.628487], [127.452917, 36.628455], [127.452954, 36.628496], [127.452901, 36.628526], [127.452865, 36.628487]]]}}, {"type": "Feature", "properties": {"surface": "grass"}, "geometry": {"type": "Polygon", "coordinates": [[[127.451419, 36.629069], [127.451423, 36.629104], [127.451424, 36.629128], [127.451427, 36.629173], [127.451557, 36.629095], [127.451666, 36.629217], [127.451695, 36.6292], [127.451703, 36.629188], [127.451704, 36.62918], [127.451701, 36.629172], [127.45166, 36.62912], [127.451655, 36.629016], [127.451649, 36.62899], [127.451636, 36.628963], [127.45161, 36.628926], [127.451587, 36.628904], [127.451553, 36.628944], [127.451536, 36.628959], [127.451524, 36.628964], [127.451501, 36.628979], [127.451461, 36.629002], [127.451442, 36.629017], [127.45143, 36.629031], [127.451423, 36.629043], [127.45142, 36.629053], [127.451419, 36.629069]], [[127.451489, 36.629018], [127.451567, 36.628982], [127.451592, 36.629016], [127.451512, 36.629052], [127.451489, 36.629018]], [[127.451622, 36.629142], [127.451612, 36.629148], [127.451593, 36.629126], [127.451602, 36.629121], [127.451581, 36.629093], [127.451608, 36.629079], [127.451664, 36.629145], [127.451637, 36.629162], [127.451622, 36.629142]]]}}, {"type": "Feature", "properties": {"surface": "grass"}, "geometry": {"type": "Polygon", "coordinates": [[[127.452183, 36.629153], [127.452214, 36.629186], [127.45215, 36.629224], [127.452268, 36.629359], [127.4525, 36.629235], [127.452442, 36.62917], [127.452459, 36.629157], [127.452364, 36.629047], [127.452183, 36.629153]]]}}, {"type": "Feature", "properties": {"surface": "grass"}, "geometry": {"type": "Polygon", "coordinates": [[[127.452853, 36.629429], [127.452829, 36.629398], [127.452678, 36.629481], [127.452296, 36.629704], [127.452324, 36.629735], [127.452569, 36.629591], [127.452853, 36.629429]]]}}, {"type": "Feature", "properties": {"surface": "grass"}, "geometry": {"type": "Polygon", "coordinates": [[[127.452429, 36.629739], [127.452499, 36.629821], [127.452723, 36.63007], [127.452739, 36.630071], [127.452754, 36.630066], [127.453191, 36.629811], [127.453189, 36.6298], [127.452894, 36.629461], [127.452429, 36.629739]]]}}, {"type": "Feature", "properties": {"surface": "grass"}, "geometry": {"type": "Polygon", "coordinates": [[[127.452054, 36.629815], [127.451989, 36.629854], [127.451879, 36.629922], [127.451906, 36.629952], [127.451967, 36.629914], [127.452016, 36.629967], [127.452058, 36.629946], [127.452109, 36.630001], [127.452131, 36.629987], [127.452157, 36.629968], [127.452165, 36.62996], [127.452164, 36.629946], [127.452054, 36.629815]]]}}, {"type": "Feature", "properties": {"surface": "grass"}, "geometry": {"type": "Polygon", "coordinates": [[[127.452474, 36.630296], [127.452216, 36.629994], [127.452204, 36.629991], [127.452191, 36.629992], [127.452177, 36.629997], [127.451961, 36.630119], [127.451853, 36.630184], [127.45186, 36.630192], [127.452019, 36.630102], [127.452195, 36.630002], [127.4522, 36.630002], [127.452211, 36.630004], [127.452216, 36.630007], [127.452448, 36.630275], [127.452456, 36.630292], [127.452455, 36.6303], [127.45244, 36.630316], [127.452474, 36.630296]]]}}, {"type": "Feature", "properties": {"surface": "grass"}, "geometry": {"type": "Polygon", "coordinates": [[[127.451784, 36.630275], [127.451797, 36.630267], [127.45185, 36.630237], [127.451827, 36.630211], [127.451818, 36.6302], [127.45175, 36.63023], [127.451784, 36.630275]]]}}, {"type": "Feature", "properties": {"surface": "grass"}, "geometry": {"type": "Polygon", "coordinates": [[[127.452262, 36.630344], [127.452226, 36.630368], [127.452227, 36.63037], [127.452271, 36.630411], [127.452275, 36.630411], [127.452415, 36.630318], [127.452415, 36.630315], [127.452376, 36.63027], [127.452373, 36.630271], [127.452262, 36.630344]], [[127.452232, 36.630368], [127.452373, 36.630275], [127.452411, 36.630317], [127.452272, 36.63041], [127.452232, 36.630368]]]}}, {"type": "Feature", "properties": {"surface": "grass"}, "geometry": {"type": "Polygon", "coordinates": [[[127.451088, 36.630688], [127.45108, 36.630661], [127.45108, 36.630631], [127.451087, 36.630603], [127.451106, 36.630589], [127.451104, 36.630581], [127.45112, 36.630579], [127.451215, 36.630508], [127.451382, 36.630409], [127.45131, 36.630314], [127.451617, 36.630139], [127.451687, 36.630227], [127.45171, 36.630217], [127.451805, 36.630177], [127.451823, 36.630169], [127.451733, 36.630069], [127.451711, 36.630081], [127.451614, 36.629922], [127.451789, 36.629815], [127.451845, 36.629784], [127.451857, 36.629783], [127.451873, 36.629788], [127.451879, 36.629793], [127.451913, 36.629772], [127.451966, 36.629824], [127.451926, 36.629848], [127.451928, 36.629849], [127.451937, 36.629847], [127.451968, 36.629833], [127.452031, 36.629794], [127.452018, 36.629777], [127.451927, 36.62967], [127.451916, 36.629667], [127.451902, 36.62967], [127.451859, 36.629705], [127.45186, 36.629713], [127.451877, 36.629728], [127.451511, 36.629937], [127.451543, 36.62997], [127.451555, 36.629982], [127.451559, 36.629989], [127.451559, 36.63], [127.451545, 36.630016], [127.451535, 36.630021], [127.451547, 36.630039], [127.451516, 36.630053], [127.451505, 36.630036], [127.451499, 36.630039], [127.451488, 36.630052], [127.451472, 36.630065], [127.451451, 36.630078], [127.451437, 36.630093], [127.451437, 36.630114], [127.451442, 36.630134], [127.451447, 36.630156], [127.451445, 36.630173], [127.451433, 36.63019], [127.451413, 36.630212], [127.451401, 36.630223], [127.451309, 36.630269], [127.451254, 36.630299], [127.451215, 36.63033], [127.451189, 36.630353], [127.45116, 36.630381], [127.451134, 36.630407], [127.451118, 36.630426], [127.451098, 36.630448], [127.451089, 36.630474], [127.451079, 36.630485], [127.451054, 36.630504], [127.451037, 36.63051], [127.451018, 36.630509], [127.450995, 36.630505], [127.450974, 36.630499], [127.450953, 36.630491], [127.450935, 36.630482], [127.450928, 36.630478], [127.450927, 36.630478], [127.450918, 36.630495], [127.450909, 36.630514], [127.450909, 36.630559], [127.450911, 36.630586], [127.450936, 36.630635], [127.450935, 36.630646], [127.450928, 36.630663], [127.450919, 36.630674], [127.450905, 36.630674], [127.450887, 36.630672], [127.450884, 36.630671], [127.450892, 36.630678], [127.45104, 36.63081], [127.451097, 36.630858], [127.451213, 36.630956], [127.451361, 36.631083], [127.451394, 36.631054], [127.451413, 36.631046], [127.451434, 36.631052], [127.451482, 36.631027], [127.451576, 36.630972], [127.451489, 36.63087], [127.451475, 36.630857], [127.451399, 36.630781], [127.451302, 36.630839], [127.45128, 36.630841], [127.451256, 36.630841], [127.451239, 36.630835], [127.451088, 36.630688]], [[127.451527, 36.630069], [127.451553, 36.630054], [127.451581, 36.630089], [127.451555, 36.630102], [127.451527, 36.630069]]]}}, {"type": "Feature", "properties": {"surface": "grass"}, "geometry": {"type": "Polygon", "coordinates": [[[127.45, 36.630712], [127.450027, 36.63071], [127.450047, 36.630706], [127.45006, 36.630701], [127.450066, 36.630693], [127.450059, 36.630664], [127.45, 36.630579], [127.45, 36.630712]]]}}, {"type": "Feature", "properties": {"surface": "grass"}, "geometry": {"type": "Polygon", "coordinates": [[[127.453412, 36.630507], [127.453398, 36.63052], [127.453372, 36.630551], [127.453361, 36.630571], [127.453354, 36.630579], [127.45334, 36.630586], [127.453277, 36.630622], [127.45314, 36.63073], [127.453114, 36.630756], [127.453059, 36.630798], [127.453003, 36.630843], [127.452993, 36.630851], [127.452976, 36.630863], [127.452966, 36.630865], [127.452916, 36.630874], [127.452802, 36.630945], [127.452767, 36.630963], [127.452744, 36.630977], [127.452723, 36.630989], [127.452699, 36.631004], [127.45268, 36.631015], [127.452655, 36.631034], [127.452633, 36.631053], [127.452605, 36.631074], [127.452587, 36.631089], [127.452569, 36.6311], [127.452543, 36.631118], [127.452533, 36.631125], [127.452517, 36.631145], [127.452505, 36.63116], [127.452473, 36.631205], [127.452467, 36.631224], [127.452453, 36.631261], [127.452442, 36.631282], [127.452428, 36.631319], [127.452423, 36.631337], [127.452409, 36.631373], [127.452392, 36.631411], [127.452386, 36.631431], [127.452383, 36.631449], [127.452378, 36.631473], [127.452375, 36.631496], [127.452372, 36.631517], [127.452368, 36.631552], [127.452353, 36.631562], [127.452335, 36.631567], [127.452326, 36.631567], [127.452307, 36.631564], [127.452303, 36.631556], [127.452296, 36.631538], [127.452131, 36.631571], [127.452074, 36.63159], [127.452043, 36.631605], [127.452013, 36.631632], [127.452048, 36.631661], [127.452092, 36.6317], [127.452117, 36.63167], [127.452149, 36.63165], [127.452188, 36.631633], [127.452231, 36.631621], [127.452661, 36.631538], [127.452695, 36.631536], [127.452721, 36.631538], [127.452762, 36.631552], [127.452809, 36.63157], [127.452861, 36.631594], [127.452912, 36.631622], [127.452999, 36.63167], [127.453001, 36.631666], [127.453265, 36.631509], [127.453384, 36.631445], [127.453422, 36.631422], [127.453754, 36.631228], [127.453812, 36.631194], [127.454336, 36.63088], [127.454355, 36.630854], [127.454359, 36.630846], [127.454368, 36.63083], [127.45438, 36.630791], [127.454381, 36.63077], [127.454377, 36.630699], [127.454252, 36.630477], [127.454085, 36.630197], [127.453968, 36.630003], [127.453839, 36.630209], [127.453826, 36.630224], [127.453791, 36.630254], [127.453745, 36.630305], [127.453724, 36.630325], [127.453685, 36.63035], [127.453597, 36.630396], [127.453493, 36.630457], [127.453429, 36.630495], [127.453412, 36.630507]]]}}, {"type": "Feature", "properties": {"surface": "grass"}, "geometry": {"type": "Polygon", "coordinates": [[[127.450901, 36.631945], [127.450902, 36.631946], [127.45093, 36.631971], [127.450921, 36.631865], [127.450872, 36.631868], [127.450818, 36.631872], [127.450901, 36.631945]]]}}, {"type": "Feature", "properties": {"surface": "grass"}, "geometry": {"type": "Polygon", "coordinates": [[[127.452661, 36.632113], [127.452667, 36.632116], [127.452668, 36.632116], [127.452676, 36.632117], [127.452695, 36.632116], [127.452832, 36.632111], [127.452833, 36.632111], [127.452848, 36.631979], [127.452861, 36.631941], [127.452873, 36.631914], [127.452872, 36.631895], [127.452866, 36.631888], [127.452853, 36.631886], [127.452748, 36.631888], [127.452724, 36.631894], [127.452708, 36.631901], [127.452578, 36.631975], [127.452568, 36.631992], [127.452567, 36.632005], [127.452576, 36.632033], [127.452583, 36.632041], [127.452661, 36.632113]]]}}, {"type": "Feature", "properties": {"surface": "grass"}, "geometry": {"type": "Polygon", "coordinates": [[[127.45119, 36.631996], [127.450963, 36.632], [127.450995, 36.632028], [127.451151, 36.632019], [127.451151, 36.632029], [127.451188, 36.632028], [127.45119, 36.631996]]]}}, {"type": "Feature", "properties": {"surface": "grass"}, "geometry": {"type": "Polygon", "coordinates": [[[127.453623, 36.622303], [127.453628, 36.622266], [127.453621, 36.622232], [127.453613, 36.622221], [127.453588, 36.622222], [127.453472, 36.622233], [127.453465, 36.622234], [127.453562, 36.622235], [127.453556, 36.622295], [127.453552, 36.622313], [127.453532, 36.622399], [127.453532, 36.622404], [127.453535, 36.622409], [127.453538, 36.62241], [127.453541, 36.62241], [127.453613, 36.622321], [127.453623, 36.622303]]]}}, {"type": "Feature", "properties": {"surface": "grass"}, "geometry": {"type": "Polygon", "coordinates": [[[127.45434, 36.622489], [127.454347, 36.622492], [127.454355, 36.622495], [127.45437, 36.622497], [127.454389, 36.622497], [127.45441, 36.622496], [127.454433, 36.622494], [127.454455, 36.622489], [127.454469, 36.622486], [127.454482, 36.622481], [127.454493, 36.622475], [127.454498, 36.622471], [127.454507, 36.622464], [127.454515, 36.622456], [127.454525, 36.622444], [127.454533, 36.62243], [127.454534, 36.622429], [127.454527, 36.62243], [127.454486, 36.622407], [127.454396, 36.62236], [127.454356, 36.622343], [127.454349, 36.622354], [127.454338, 36.622361], [127.454236, 36.622441], [127.454248, 36.622443], [127.454258, 36.622446], [127.454273, 36.622452], [127.45429, 36.622461], [127.454306, 36.62247], [127.454331, 36.622484], [127.45434, 36.622489]]]}}, {"type": "Feature", "properties": {"surface": "grass"}, "geometry": {"type": "Polygon", "coordinates": [[[127.45501, 36.622557], [127.455018, 36.622566], [127.455044, 36.622601], [127.455117, 36.622705], [127.455135, 36.622731], [127.455127, 36.622711], [127.455119, 36.622685], [127.455103, 36.622619], [127.455095, 36.622591], [127.45509, 36.622577], [127.455087, 36.622571], [127.45508, 36.622561], [127.455072, 36.622553], [127.455067, 36.622549], [127.455056, 36.622542], [127.455038, 36.622533], [127.455025, 36.622528], [127.455014, 36.622525], [127.455003, 36.622523], [127.45499, 36.622521], [127.454978, 36.62252], [127.454971, 36.62252], [127.454965, 36.622521], [127.45496, 36.622523], [127.454957, 36.622524], [127.454953, 36.622528], [127.454952, 36.62253], [127.454956, 36.62253], [127.454971, 36.622533], [127.454975, 36.622534], [127.45498, 36.622536], [127.454987, 36.622539], [127.454995, 36.622543], [127.455003, 36.622549], [127.455006, 36.622552], [127.455007, 36.622553], [127.45501, 36.622557]]]}}, {"type": "Feature", "properties": {"surface": "grass"}, "geometry": {"type": "Polygon", "coordinates": [[[127.455299, 36.622626], [127.455292, 36.622632], [127.455286, 36.62264], [127.455278, 36.622653], [127.455271, 36.622668], [127.455267, 36.622678], [127.455262, 36.622694], [127.455259, 36.622717], [127.455258, 36.622742], [127.455257, 36.622787], [127.455256, 36.622796], [127.455254, 36.622807], [127.45525, 36.622814], [127.455247, 36.622818], [127.455244, 36.622822], [127.455239, 36.622825], [127.455232, 36.622829], [127.455224, 36.622832], [127.455219, 36.622833], [127.455213, 36.622833], [127.455207, 36.622832], [127.455201, 36.62283], [127.455192, 36.622825], [127.455184, 36.622818], [127.455176, 36.622811], [127.455171, 36.622805], [127.455165, 36.622798], [127.45516, 36.622789], [127.455155, 36.622778], [127.455152, 36.622771], [127.455154, 36.622785], [127.455155, 36.622802], [127.455151, 36.622818], [127.455141, 36.622848], [127.455137, 36.622861], [127.455135, 36.622874], [127.455136, 36.622885], [127.455139, 36.622891], [127.455149, 36.6229], [127.455168, 36.622915], [127.455196, 36.622938], [127.455222, 36.622961], [127.455311, 36.62291], [127.455311, 36.622902], [127.455313, 36.622895], [127.455314, 36.622892], [127.455319, 36.622885], [127.455325, 36.62288], [127.455333, 36.622876], [127.455342, 36.622873], [127.455352, 36.62287], [127.455363, 36.622869], [127.455402, 36.622867], [127.455418, 36.622865], [127.455435, 36.622861], [127.455454, 36.622855], [127.455476, 36.622846], [127.455508, 36.622833], [127.45553, 36.622822], [127.45555, 36.62281], [127.455561, 36.622803], [127.455571, 36.622795], [127.455579, 36.622787], [127.455585, 36.622777], [127.455589, 36.622767], [127.455591, 36.622756], [127.455591, 36.622743], [127.45559, 36.622737], [127.455588, 36.622724], [127.455584, 36.622712], [127.455576, 36.622695], [127.455566, 36.622679], [127.455552, 36.62266], [127.455537, 36.622643], [127.455524, 36.622632], [127.45551, 36.622622], [127.4555, 36.622616], [127.455488, 36.622612], [127.455482, 36.622611], [127.45547, 36.622608], [127.455463, 36.622608], [127.455457, 36.622607], [127.455436, 36.622606], [127.455406, 36.622607], [127.455365, 36.62261], [127.455339, 36.622613], [127.455321, 36.622617], [127.455314, 36.622618], [127.455308, 36.62262], [127.455303, 36.622623], [127.455299, 36.622626]]]}}, {"type": "Feature", "properties": {"surface": "grass"}, "geometry": {"type": "Polygon", "coordinates": [[[127.454328, 36.622614], [127.454302, 36.622622], [127.45429, 36.622627], [127.45428, 36.622631], [127.45427, 36.622636], [127.454261, 36.622641], [127.454253, 36.622646], [127.454247, 36.622651], [127.454241, 36.622657], [127.454236, 36.622663], [127.454232, 36.62267], [127.454229, 36.622676], [127.454226, 36.622683], [127.454222, 36.622697], [127.454218, 36.622713], [127.454216, 36.622729], [127.454215, 36.622747], [127.454215, 36.622766], [127.454218, 36.622806], [127.454225, 36.622865], [127.454228, 36.622884], [127.454232, 36.622903], [127.454237, 36.622922], [127.454243, 36.622942], [127.454251, 36.622961], [127.454256, 36.62297], [127.454262, 36.622978], [127.454268, 36.622987], [127.454275, 36.622995], [127.454283, 36.623002], [127.4543, 36.623015], [127.454308, 36.623021], [127.454326, 36.623031], [127.454359, 36.623048], [127.454419, 36.623076], [127.454441, 36.623084], [127.454456, 36.623089], [127.454495, 36.6231], [127.454512, 36.623094], [127.454524, 36.623089], [127.454533, 36.623084], [127.454539, 36.623079], [127.454543, 36.623074], [127.454544, 36.62307], [127.454545, 36.623065], [127.454544, 36.623061], [127.454539, 36.623034], [127.454539, 36.623027], [127.45454, 36.623022], [127.454541, 36.623018], [127.454549, 36.623005], [127.454561, 36.622986], [127.454603, 36.622925], [127.454633, 36.622884], [127.454653, 36.622859], [127.454674, 36.622835], [127.454687, 36.622821], [127.45471, 36.622798], [127.454726, 36.62278], [127.454732, 36.622772], [127.454742, 36.622757], [127.454756, 36.622732], [127.454763, 36.622717], [127.454766, 36.622709], [127.45477, 36.622696], [127.454774, 36.622676], [127.454778, 36.622662], [127.454803, 36.622602], [127.454805, 36.622595], [127.454808, 36.622581], [127.454809, 36.622575], [127.454808, 36.622565], [127.454807, 36.622561], [127.454803, 36.622553], [127.454801, 36.62255], [127.454795, 36.622544], [127.454788, 36.622539], [127.454779, 36.622535], [127.454775, 36.622534], [127.454764, 36.622532], [127.454745, 36.622531], [127.454697, 36.622531], [127.454657, 36.622533], [127.454623, 36.622535], [127.4546, 36.622538], [127.454565, 36.622543], [127.454543, 36.622549], [127.45451, 36.622558], [127.454464, 36.622573], [127.454425, 36.622585], [127.454328, 36.622614]]]}}, {"type": "Feature", "properties": {"surface": "grass"}, "geometry": {"type": "Polygon", "coordinates": [[[127.454945, 36.622931], [127.454926, 36.622929], [127.4549, 36.622928], [127.454889, 36.622927], [127.454878, 36.622924], [127.454876, 36.622923], [127.454877, 36.622933], [127.454879, 36.622943], [127.454882, 36.622953], [127.454886, 36.622963], [127.454891, 36.622973], [127.454898, 36.622982], [127.454905, 36.622991], [127.454913, 36.622999], [127.454925, 36.623011], [127.454939, 36.623021], [127.454956, 36.623033], [127.454972, 36.623043], [127.45498, 36.623047], [127.454985, 36.623049], [127.454989, 36.623049], [127.455032, 36.623054], [127.455041, 36.623056], [127.455046, 36.623058], [127.455049, 36.623061], [127.455049, 36.623062], [127.454844, 36.623169], [127.454836, 36.623176], [127.454828, 36.623188], [127.454824, 36.623204], [127.454823, 36.62329], [127.454828, 36.623291], [127.454832, 36.623292], [127.454885, 36.623308], [127.454887, 36.623308], [127.454889, 36.623308], [127.45489, 36.623307], [127.454907, 36.623301], [127.454976, 36.623276], [127.455003, 36.623267], [127.455045, 36.623258], [127.455179, 36.623241], [127.45528, 36.623227], [127.45528, 36.623222], [127.45525, 36.623226], [127.455192, 36.623231], [127.455114, 36.623239], [127.455023, 36.623252], [127.454982, 36.623258], [127.454969, 36.623258], [127.454955, 36.623257], [127.454947, 36.623256], [127.454939, 36.623253], [127.454922, 36.623243], [127.454906, 36.623232], [127.454893, 36.623221], [127.454888, 36.623216], [127.454885, 36.623211], [127.454883, 36.623207], [127.454882, 36.623203], [127.454882, 36.623201], [127.454882, 36.623184], [127.454883, 36.623178], [127.454887, 36.623171], [127.454898, 36.623164], [127.454919, 36.623155], [127.454944, 36.623146], [127.454968, 36.62314], [127.455017, 36.623129], [127.45504, 36.623123], [127.455055, 36.623117], [127.455076, 36.623105], [127.45511, 36.623081], [127.455132, 36.623067], [127.455148, 36.623059], [127.455164, 36.623055], [127.455186, 36.623053], [127.455206, 36.623053], [127.455218, 36.623053], [127.455232, 36.62306], [127.455259, 36.623077], [127.45526, 36.623078], [127.455256, 36.623048], [127.455249, 36.623033], [127.455247, 36.62303], [127.455243, 36.62303], [127.455227, 36.623027], [127.455185, 36.623018], [127.455146, 36.623008], [127.455144, 36.623007], [127.455116, 36.622998], [127.455099, 36.622992], [127.45508, 36.622982], [127.455032, 36.622957], [127.455025, 36.622953], [127.455016, 36.622949], [127.455003, 36.622944], [127.454988, 36.62294], [127.454973, 36.622936], [127.454945, 36.622931]]]}}, {"type": "Feature", "properties": {"surface": "grass"}, "geometry": {"type": "Polygon", "coordinates": [[[127.454052, 36.62305], [127.454044, 36.623043], [127.454028, 36.623032], [127.454011, 36.623022], [127.454, 36.623017], [127.453986, 36.623012], [127.453945, 36.623001], [127.453897, 36.622989], [127.453826, 36.62297], [127.453807, 36.622964], [127.453784, 36.622958], [127.453758, 36.622953], [127.453743, 36.622951], [127.45373, 36.622951], [127.453709, 36.622951], [127.453711, 36.622989], [127.453701, 36.623009], [127.453685, 36.623026], [127.453651, 36.623057], [127.453604, 36.623088], [127.453552, 36.623097], [127.453567, 36.623273], [127.453564, 36.623344], [127.453564, 36.623346], [127.453564, 36.623347], [127.453566, 36.623348], [127.453567, 36.623349], [127.45359, 36.623357], [127.453595, 36.623358], [127.453596, 36.623359], [127.453601, 36.623359], [127.453619, 36.623359], [127.453616, 36.623163], [127.45362, 36.623151], [127.453628, 36.623137], [127.453638, 36.623132], [127.453665, 36.623121], [127.453731, 36.623112], [127.453785, 36.623115], [127.453824, 36.623123], [127.453862, 36.62314], [127.453944, 36.623184], [127.454059, 36.623253], [127.454074, 36.623263], [127.454083, 36.623272], [127.454093, 36.62329], [127.454213, 36.623286], [127.454197, 36.623259], [127.454141, 36.623183], [127.454124, 36.623164], [127.454071, 36.62312], [127.454071, 36.623107], [127.45407, 36.62309], [127.454068, 36.623081], [127.454066, 36.623073], [127.454057, 36.623057], [127.454052, 36.62305]]]}}, {"type": "Feature", "properties": {"surface": "grass"}, "geometry": {"type": "Polygon", "coordinates": [[[127.455529, 36.623463], [127.455528, 36.623463], [127.45546, 36.623373], [127.455297, 36.623466], [127.455499, 36.623713], [127.455509, 36.623717], [127.455517, 36.623717], [127.455531, 36.623714], [127.455854, 36.62355], [127.45617, 36.623381], [127.456145, 36.623346], [127.455717, 36.623562], [127.455719, 36.623564], [127.455689, 36.62358], [127.455687, 36.623577], [127.455673, 36.623584], [127.455625, 36.623524], [127.45567, 36.623501], [127.455607, 36.623421], [127.455531, 36.623462], [127.45553, 36.623463], [127.455529, 36.623463]], [[127.455551, 36.62359], [127.455615, 36.623557], [127.455641, 36.623589], [127.455576, 36.623622], [127.455551, 36.62359]]]}}, {"type": "Feature", "properties": {"surface": "grass"}, "geometry": {"type": "Polygon", "coordinates": [[[127.454038, 36.623382], [127.453805, 36.6234], [127.453835, 36.623672], [127.45388, 36.624084], [127.453896, 36.624113], [127.453905, 36.624122], [127.453924, 36.62413], [127.453961, 36.624135], [127.454182, 36.624136], [127.454201, 36.624134], [127.454221, 36.624127], [127.454233, 36.624116], [127.454243, 36.62409], [127.454265, 36.623878], [127.45429, 36.623633], [127.454308, 36.623456], [127.454308, 36.623455], [127.454315, 36.623393], [127.454316, 36.623393], [127.454318, 36.623371], [127.45427, 36.623371], [127.454038, 36.623382]], [[127.454196, 36.624111], [127.454183, 36.624111], [127.454161, 36.624111], [127.453952, 36.62411], [127.453932, 36.624106], [127.453916, 36.624102], [127.453901, 36.624086], [127.453889, 36.624058], [127.453876, 36.623946], [127.453867, 36.623863], [127.453859, 36.6238], [127.453843, 36.623662], [127.453818, 36.623447], [127.453819, 36.623433], [127.453827, 36.623428], [127.453838, 36.623424], [127.454273, 36.623394], [127.454295, 36.623404], [127.454294, 36.623435], [127.454274, 36.623629], [127.454257, 36.62379], [127.454257, 36.623799], [127.454254, 36.62383], [127.454245, 36.623953], [127.454238, 36.624054], [127.45423, 36.624084], [127.454215, 36.624103], [127.454196, 36.624111]]]}}, {"type": "Feature", "properties": {"surface": "grass"}, "geometry": {"type": "Polygon", "coordinates": [[[127.454973, 36.623406], [127.454958, 36.623403], [127.454909, 36.623393], [127.454757, 36.623384], [127.454512, 36.623372], [127.454349, 36.623371], [127.45434, 36.623445], [127.454277, 36.62411], [127.454277, 36.624124], [127.454282, 36.624131], [127.454294, 36.624135], [127.455103, 36.62414], [127.455142, 36.624139], [127.455164, 36.624134], [127.455175, 36.62413], [127.455181, 36.624113], [127.455201, 36.623898], [127.455207, 36.623833], [127.455229, 36.623577], [127.455233, 36.623551], [127.455197, 36.623515], [127.455125, 36.623471], [127.455041, 36.623433], [127.454973, 36.623406]], [[127.454336, 36.623608], [127.454343, 36.623549], [127.45436, 36.623404], [127.454366, 36.623394], [127.454385, 36.623387], [127.454761, 36.623403], [127.454795, 36.623405], [127.454797, 36.623405], [127.454935, 36.623423], [127.454938, 36.623424], [127.45494, 36.623426], [127.454971, 36.623434], [127.455055, 36.623458], [127.455136, 36.6235], [127.455195, 36.623542], [127.455218, 36.62357], [127.455219, 36.623591], [127.455196, 36.623828], [127.455169, 36.624106], [127.45516, 36.624123], [127.45514, 36.62413], [127.455108, 36.624132], [127.454846, 36.624131], [127.454759, 36.62413], [127.454316, 36.624126], [127.454298, 36.624124], [127.454287, 36.624111], [127.454288, 36.624093], [127.454291, 36.62406], [127.454302, 36.623957], [127.454312, 36.623853], [127.454323, 36.623746], [127.454332, 36.62365], [127.454336, 36.623608]]]}}, {"type": "Feature", "properties": {"surface": "grass"}, "geometry": {"type": "Polygon", "coordinates": [[[127.455892, 36.623682], [127.455893, 36.623681], [127.455894, 36.623679], [127.455895, 36.623678], [127.455895, 36.623673], [127.455895, 36.623671], [127.455894, 36.623669], [127.455891, 36.623664], [127.455875, 36.623645], [127.455863, 36.623638], [127.45585, 36.623637], [127.455835, 36.62364], [127.455756, 36.623683], [127.45556, 36.623783], [127.455689, 36.623945], [127.455722, 36.623927], [127.455723, 36.623926], [127.455724, 36.623924], [127.455724, 36.623922], [127.455725, 36.62392], [127.455724, 36.623916], [127.455722, 36.623909], [127.455623, 36.623777], [127.455622, 36.623775], [127.455623, 36.623774], [127.455623, 36.623772], [127.455625, 36.623771], [127.455855, 36.623658], [127.455856, 36.623658], [127.455857, 36.623658], [127.455858, 36.623658], [127.455878, 36.623686], [127.45588, 36.623686], [127.455881, 36.623686], [127.455883, 36.623686], [127.455885, 36.623686], [127.455887, 36.623685], [127.455891, 36.623683], [127.455892, 36.623682]]]}}, {"type": "Feature", "properties": {"surface": "grass"}, "geometry": {"type": "Polygon", "coordinates": [[[127.453775, 36.62397], [127.453746, 36.623973], [127.453749, 36.623996], [127.453778, 36.623993], [127.453775, 36.62397]]]}}, {"type": "Feature", "properties": {"surface": "grass"}, "geometry": {"type": "Polygon", "coordinates": [[[127.455528, 36.624548], [127.455532, 36.624553], [127.455535, 36.624558], [127.455537, 36.624564], [127.455545, 36.624656], [127.455546, 36.624664], [127.455547, 36.624689], [127.455555, 36.62492], [127.455555, 36.624933], [127.455552, 36.624939], [127.455546, 36.624941], [127.455532, 36.624941], [127.455038, 36.62492], [127.454772, 36.62491], [127.454773, 36.625], [127.454774, 36.625031], [127.455186, 36.625039], [127.455182, 36.625178], [127.455177, 36.625339], [127.455196, 36.625339], [127.455182, 36.625718], [127.455139, 36.625721], [127.455131, 36.625726], [127.455128, 36.625734], [127.455127, 36.625782], [127.455131, 36.62579], [127.455184, 36.625789], [127.455255, 36.625788], [127.455262, 36.625787], [127.455264, 36.625784], [127.455277, 36.625237], [127.455338, 36.625238], [127.455338, 36.625239], [127.455468, 36.625239], [127.455549, 36.62524], [127.45555, 36.625214], [127.455568, 36.625214], [127.455576, 36.62521], [127.45558, 36.625199], [127.45558, 36.625177], [127.455583, 36.625009], [127.455584, 36.625], [127.455584, 36.624996], [127.455584, 36.624977], [127.455589, 36.62469], [127.455841, 36.624694], [127.45601, 36.624697], [127.45601, 36.624686], [127.45587, 36.624683], [127.455859, 36.624654], [127.45581, 36.624526], [127.455772, 36.624427], [127.455698, 36.624236], [127.455742, 36.624214], [127.455658, 36.62411], [127.455677, 36.624101], [127.45568, 36.624099], [127.455677, 36.624094], [127.455615, 36.624017], [127.455553, 36.623945], [127.455537, 36.623927], [127.455429, 36.62379], [127.455333, 36.623665], [127.455263, 36.623582], [127.455259, 36.623578], [127.455256, 36.623603], [127.455212, 36.624165], [127.454982, 36.624163], [127.454454, 36.624163], [127.454279, 36.624163], [127.454213, 36.624163], [127.454018, 36.624162], [127.453994, 36.624164], [127.453971, 36.624175], [127.453956, 36.624188], [127.453948, 36.62421], [127.453949, 36.624233], [127.453951, 36.624269], [127.453969, 36.624251], [127.454004, 36.624241], [127.454274, 36.62424], [127.454736, 36.624238], [127.455092, 36.624236], [127.455414, 36.624227], [127.455482, 36.624227], [127.455509, 36.624541], [127.455528, 36.624548]], [[127.455553, 36.625045], [127.455551, 36.6251], [127.455548, 36.62512], [127.455547, 36.625126], [127.455232, 36.625128], [127.455217, 36.625125], [127.455217, 36.62512], [127.455216, 36.62503], [127.454797, 36.625022], [127.454797, 36.625], [127.454799, 36.624917], [127.455472, 36.624945], [127.45554, 36.624951], [127.455548, 36.624959], [127.455551, 36.625], [127.455553, 36.625045]], [[127.455545, 36.62459], [127.455541, 36.62455], [127.455531, 36.624516], [127.45553, 36.624512], [127.455521, 36.624491], [127.455512, 36.624458], [127.455497, 36.624263], [127.455496, 36.624249], [127.455498, 36.624235], [127.455593, 36.624091], [127.455598, 36.624089], [127.455602, 36.624089], [127.455612, 36.624097], [127.455619, 36.624112], [127.455667, 36.624236], [127.455731, 36.624401], [127.455766, 36.624495], [127.455828, 36.624664], [127.455825, 36.624669], [127.455819, 36.624671], [127.455807, 36.624673], [127.455609, 36.624676], [127.455556, 36.624671], [127.455552, 36.624668], [127.455545, 36.62459]], [[127.455221, 36.624166], [127.45522, 36.62416], [127.455239, 36.623916], [127.455244, 36.623849], [127.455255, 36.623696], [127.455261, 36.623662], [127.455267, 36.623654], [127.45527, 36.623649], [127.455279, 36.623648], [127.455292, 36.623656], [127.455455, 36.623853], [127.455474, 36.623876], [127.455519, 36.623936], [127.455522, 36.623973], [127.455518, 36.624001], [127.45546, 36.624168], [127.455458, 36.62417], [127.455438, 36.624172], [127.455228, 36.62417], [127.455221, 36.624166]], [[127.45543, 36.625204], [127.455434, 36.625167], [127.455526, 36.625168], [127.455526, 36.625207], [127.45543, 36.625204]]]}}, {"type": "Feature", "properties": {"surface": "grass"}, "geometry": {"type": "Polygon", "coordinates": [[[127.454129, 36.624812], [127.454129, 36.624789], [127.454109, 36.624744], [127.454092, 36.624732], [127.454064, 36.624722], [127.454036, 36.624713], [127.453994, 36.624716], [127.453983, 36.624714], [127.453981, 36.624702], [127.453984, 36.624526], [127.453989, 36.624523], [127.454004, 36.624519], [127.454283, 36.624527], [127.454481, 36.624536], [127.454481, 36.624527], [127.454388, 36.624523], [127.45398, 36.624508], [127.45397, 36.624514], [127.453965, 36.624522], [127.453958, 36.624662], [127.453956, 36.624724], [127.453953, 36.624778], [127.453953, 36.624794], [127.453954, 36.624814], [127.453959, 36.624831], [127.453971, 36.62485], [127.453982, 36.62486], [127.453996, 36.624867], [127.454014, 36.62487], [127.454035, 36.62487], [127.454055, 36.624868], [127.454076, 36.624864], [127.454096, 36.624864], [127.454434, 36.624873], [127.454735, 36.624884], [127.454736, 36.624842], [127.454722, 36.624842], [127.454722, 36.624865], [127.454719, 36.624873], [127.45471, 36.624873], [127.45415, 36.624859], [127.454121, 36.624858], [127.454113, 36.624854], [127.454114, 36.624847], [127.454123, 36.624832], [127.454129, 36.624812]]]}}, {"type": "Feature", "properties": {"surface": "grass"}, "geometry": {"type": "Polygon", "coordinates": [[[127.453957, 36.624897], [127.453952, 36.6249], [127.453951, 36.624905], [127.453947, 36.625], [127.453945, 36.625051], [127.453936, 36.625146], [127.453927, 36.625183], [127.453925, 36.62519], [127.453912, 36.625227], [127.453889, 36.625273], [127.453865, 36.625315], [127.453856, 36.625335], [127.453853, 36.625349], [127.453853, 36.62538], [127.453909, 36.62567], [127.453919, 36.625686], [127.453932, 36.625691], [127.453945, 36.625692], [127.453941, 36.625629], [127.453927, 36.625629], [127.453929, 36.625517], [127.453935, 36.625517], [127.453934, 36.625497], [127.454034, 36.625496], [127.454035, 36.625488], [127.454033, 36.625488], [127.454034, 36.625447], [127.454036, 36.625447], [127.454036, 36.625445], [127.454177, 36.625444], [127.454179, 36.625498], [127.454368, 36.625503], [127.454374, 36.62528], [127.454408, 36.62528], [127.454408, 36.625255], [127.454409, 36.625181], [127.454411, 36.625025], [127.454731, 36.625031], [127.454732, 36.625], [127.454735, 36.624908], [127.45451, 36.6249], [127.454192, 36.624891], [127.454091, 36.62489], [127.454076, 36.624891], [127.454024, 36.624896], [127.45398, 36.624897], [127.453957, 36.624897]], [[127.45441, 36.625018], [127.4544, 36.62502], [127.454394, 36.62512], [127.454388, 36.625236], [127.454379, 36.625245], [127.454364, 36.625249], [127.453972, 36.625244], [127.453954, 36.62524], [127.453953, 36.625227], [127.453965, 36.62512], [127.453978, 36.625], [127.453985, 36.624936], [127.453992, 36.624915], [127.454009, 36.624904], [127.454706, 36.624914], [127.454712, 36.624917], [127.454716, 36.624922], [127.454713, 36.625], [127.454712, 36.625021], [127.45441, 36.625018]]]}}, {"type": "Feature", "properties": {"surface": "grass"}, "geometry": {"type": "Polygon", "coordinates": [[[127.455679, 36.625371], [127.455681, 36.625379], [127.455688, 36.625384], [127.455694, 36.625386], [127.455823, 36.625388], [127.455828, 36.625259], [127.455762, 36.625258], [127.455681, 36.625257], [127.455679, 36.625371]]]}}, {"type": "Feature", "properties": {"surface": "grass"}, "geometry": {"type": "MultiPolygon", "coordinates": [[[[127.453758, 36.626048], [127.453736, 36.626045], [127.453733, 36.626066], [127.453727, 36.626065], [127.453726, 36.626071], [127.453615, 36.626059], [127.453604, 36.626131], [127.453605, 36.626144], [127.453612, 36.626152], [127.453641, 36.626169], [127.453661, 36.626174], [127.453677, 36.626176], [127.453777, 36.626168], [127.453907, 36.626152], [127.454108, 36.626137], [127.454126, 36.626134], [127.454172, 36.626111], [127.454191, 36.626097], [127.454197, 36.626088], [127.454215, 36.625941], [127.454235, 36.625797], [127.454271, 36.625799], [127.454281, 36.625736], [127.45425, 36.625721], [127.454238, 36.625719], [127.453991, 36.625716], [127.453937, 36.625716], [127.453917, 36.625713], [127.453904, 36.625707], [127.453892, 36.625695], [127.453882, 36.625674], [127.453821, 36.625366], [127.453812, 36.625355], [127.453802, 36.625351], [127.453775, 36.625352], [127.453738, 36.625358], [127.453695, 36.625382], [127.453683, 36.625399], [127.453659, 36.625434], [127.453584, 36.625606], [127.453449, 36.625927], [127.453445, 36.625937], [127.45344, 36.625953], [127.453382, 36.626165], [127.453364, 36.626238], [127.453414, 36.626233], [127.453466, 36.626221], [127.453503, 36.626212], [127.453523, 36.626199], [127.453539, 36.626183], [127.453552, 36.626163], [127.453561, 36.626138], [127.453574, 36.62607], [127.453585, 36.62601], [127.453623, 36.626016], [127.453635, 36.62594], [127.453906, 36.62597], [127.453898, 36.626011], [127.453893, 36.626042], [127.453891, 36.626049], [127.453761, 36.626033], [127.453758, 36.626048]], [[127.453404, 36.626202], [127.453435, 36.62603], [127.453521, 36.626041], [127.453489, 36.626211], [127.453404, 36.626202]], [[127.453591, 36.625997], [127.453598, 36.62595], [127.453631, 36.625954], [127.453624, 36.626], [127.453591, 36.625997]], [[127.453584, 36.625926], [127.453606, 36.625778], [127.454017, 36.62583], [127.453988, 36.625971], [127.453584, 36.625926]], [[127.454233, 36.625791], [127.454242, 36.625732], [127.454277, 36.625736], [127.454268, 36.625796], [127.454233, 36.625791]]], [[[127.453732, 36.626029], [127.453732, 36.62603], [127.453761, 36.626033], [127.453732, 36.626029]]]]}}, {"type": "Feature", "properties": {"surface": "grass"}, "geometry": {"type": "Polygon", "coordinates": [[[127.455128, 36.625998], [127.455367, 36.626], [127.455371, 36.626], [127.455374, 36.625999], [127.455376, 36.625972], [127.455362, 36.625962], [127.45535, 36.625941], [127.455338, 36.625936], [127.455317, 36.625934], [127.455318, 36.625863], [127.455255, 36.625862], [127.455255, 36.625811], [127.455185, 36.62581], [127.455141, 36.625811], [127.455137, 36.625811], [127.455132, 36.625815], [127.455131, 36.625819], [127.455128, 36.625998]], [[127.455256, 36.625934], [127.455256, 36.625868], [127.455316, 36.625869], [127.455315, 36.625935], [127.455256, 36.625934]]]}}, {"type": "Feature", "properties": {"surface": "grass"}, "geometry": {"type": "Polygon", "coordinates": [[[127.454321, 36.626085], [127.454338, 36.626084], [127.454841, 36.626043], [127.454846, 36.625805], [127.454664, 36.625803], [127.454426, 36.625805], [127.454371, 36.625813], [127.454343, 36.625827], [127.45433, 36.625839], [127.454318, 36.625858], [127.45429, 36.62606], [127.454294, 36.626072], [127.454307, 36.626083], [127.454321, 36.626085]]]}}, {"type": "Feature", "properties": {"surface": "grass"}, "geometry": {"type": "Polygon", "coordinates": [[[127.453834, 36.62642], [127.453831, 36.626398], [127.453825, 36.626382], [127.453825, 36.626369], [127.453821, 36.626352], [127.4538, 36.62621], [127.453691, 36.626218], [127.453662, 36.626223], [127.453535, 36.626246], [127.453457, 36.626264], [127.453482, 36.626351], [127.453485, 36.626356], [127.453484, 36.626361], [127.453483, 36.626367], [127.453482, 36.626371], [127.453477, 36.626378], [127.453469, 36.626386], [127.453466, 36.626389], [127.453442, 36.626411], [127.453435, 36.626429], [127.453431, 36.626446], [127.453431, 36.626457], [127.453436, 36.626483], [127.453452, 36.626497], [127.453632, 36.626445], [127.453622, 36.626422], [127.453677, 36.626405], [127.453688, 36.626429], [127.453771, 36.626404], [127.453814, 36.626495], [127.453831, 36.626487], [127.453835, 36.626478], [127.453841, 36.626465], [127.45384, 36.626436], [127.453834, 36.62642]]]}}, {"type": "Feature", "properties": {"surface": "grass"}, "geometry": {"type": "Polygon", "coordinates": [[[127.455595, 36.627263], [127.455643, 36.627196], [127.45566, 36.62717], [127.455689, 36.627119], [127.455702, 36.627089], [127.455709, 36.627059], [127.455712, 36.627025], [127.455711, 36.62699], [127.455704, 36.626916], [127.455695, 36.626836], [127.455679, 36.626742], [127.455669, 36.626711], [127.455669, 36.626696], [127.455675, 36.626683], [127.455683, 36.626673], [127.455712, 36.626659], [127.455723, 36.626648], [127.45574, 36.626623], [127.455766, 36.626582], [127.455816, 36.626491], [127.455868, 36.626401], [127.455901, 36.626352], [127.455917, 36.626332], [127.455901, 36.626332], [127.455701, 36.626275], [127.45571, 36.626343], [127.455717, 36.626387], [127.455715, 36.626387], [127.455716, 36.626395], [127.455684, 36.626409], [127.45569, 36.626482], [127.455699, 36.626563], [127.455694, 36.626563], [127.455695, 36.626587], [127.455624, 36.626592], [127.455622, 36.62657], [127.455336, 36.626595], [127.455334, 36.626585], [127.455331, 36.626585], [127.455325, 36.626523], [127.45532, 36.626483], [127.455296, 36.626485], [127.455298, 36.626513], [127.455246, 36.626517], [127.455243, 36.626488], [127.455206, 36.62649], [127.455175, 36.626308], [127.455164, 36.626228], [127.455383, 36.626213], [127.455369, 36.626114], [127.455241, 36.626113], [127.455134, 36.626117], [127.455074, 36.626119], [127.454845, 36.626134], [127.454795, 36.626137], [127.454383, 36.626172], [127.454319, 36.626197], [127.454228, 36.626307], [127.454189, 36.626389], [127.454176, 36.626466], [127.454182, 36.626534], [127.454193, 36.626585], [127.454219, 36.62664], [127.454241, 36.626688], [127.454296, 36.626778], [127.454425, 36.626969], [127.454581, 36.627224], [127.454637, 36.627321], [127.454694, 36.627433], [127.454725, 36.627521], [127.454735, 36.627523], [127.454775, 36.627518], [127.455139, 36.627472], [127.455178, 36.627467], [127.455182, 36.627463], [127.455103, 36.626742], [127.455073, 36.626568], [127.454707, 36.626614], [127.454702, 36.626561], [127.45511, 36.626512], [127.455147, 36.626774], [127.455216, 36.627456], [127.455229, 36.627454], [127.455262, 36.627444], [127.455308, 36.627418], [127.455415, 36.627424], [127.455418, 36.627408], [127.455427, 36.627312], [127.455532, 36.627325], [127.455518, 36.627431], [127.455627, 36.627441], [127.455647, 36.627418], [127.455614, 36.627409], [127.455601, 36.627403], [127.455573, 36.627386], [127.455565, 36.627377], [127.45556, 36.627369], [127.45556, 36.627358], [127.455563, 36.62734], [127.455574, 36.627303], [127.455583, 36.627284], [127.455595, 36.627263]], [[127.454535, 36.626354], [127.454567, 36.626586], [127.454531, 36.626589], [127.454535, 36.626623], [127.454405, 36.626632], [127.454361, 36.626237], [127.454988, 36.626184], [127.454988, 36.626185], [127.455014, 36.626182], [127.455024, 36.626292], [127.455, 36.626295], [127.455002, 36.626314], [127.454535, 36.626354]], [[127.45491, 36.626331], [127.45497, 36.626326], [127.454975, 36.62636], [127.454915, 36.626362], [127.45491, 36.626331]]]}}, {"type": "Feature", "properties": {"surface": "grass"}, "geometry": {"type": "Polygon", "coordinates": [[[127.454107, 36.627202], [127.454121, 36.627229], [127.454127, 36.627269], [127.454123, 36.627288], [127.454098, 36.627311], [127.454075, 36.627321], [127.453997, 36.627336], [127.453939, 36.627351], [127.453901, 36.627375], [127.453871, 36.627416], [127.453917, 36.627423], [127.454288, 36.627492], [127.454366, 36.627504], [127.454397, 36.627502], [127.454433, 36.627489], [127.454459, 36.627479], [127.454482, 36.62746], [127.454507, 36.627422], [127.454511, 36.627396], [127.454512, 36.627379], [127.45451, 36.627355], [127.454503, 36.62733], [127.454241, 36.626887], [127.454133, 36.626999], [127.454086, 36.627029], [127.454036, 36.627047], [127.453985, 36.627066], [127.453925, 36.627077], [127.453887, 36.627078], [127.453752, 36.627057], [127.453764, 36.627083], [127.453781, 36.627104], [127.453802, 36.627122], [127.453842, 36.627138], [127.45391, 36.627144], [127.453981, 36.627144], [127.454017, 36.62715], [127.454051, 36.62716], [127.454076, 36.627174], [127.454107, 36.627202]]]}}, {"type": "Feature", "properties": {"surface": "grass"}, "geometry": {"type": "Polygon", "coordinates": [[[127.453278, 36.627593], [127.45334, 36.627607], [127.453413, 36.627609], [127.453544, 36.627598], [127.453607, 36.627602], [127.453643, 36.627609], [127.453694, 36.627622], [127.453799, 36.62766], [127.45385, 36.627674], [127.453964, 36.62769], [127.453968, 36.627667], [127.454315, 36.627723], [127.454349, 36.627601], [127.45403, 36.627537], [127.453845, 36.62751], [127.453704, 36.627494], [127.453596, 36.627498], [127.453455, 36.627509], [127.453343, 36.627532], [127.453254, 36.627577], [127.45325, 36.62758], [127.453278, 36.627593]]]}}, {"type": "Feature", "properties": {"surface": "grass"}, "geometry": {"type": "Polygon", "coordinates": [[[127.454914, 36.627753], [127.454942, 36.627773], [127.454967, 36.627789], [127.454994, 36.627795], [127.455027, 36.62779], [127.455049, 36.627774], [127.455071, 36.627752], [127.455095, 36.627714], [127.45514, 36.627624], [127.455147, 36.627587], [127.455147, 36.627557], [127.455135, 36.627529], [127.455119, 36.62752], [127.454841, 36.627556], [127.454849, 36.627588], [127.454849, 36.627606], [127.454845, 36.627625], [127.454837, 36.627638], [127.454829, 36.627651], [127.454806, 36.627674], [127.454914, 36.627753]]]}}, {"type": "Feature", "properties": {"surface": "grass"}, "geometry": {"type": "Polygon", "coordinates": [[[127.454399, 36.627605], [127.454369, 36.627739], [127.454583, 36.627767], [127.454622, 36.627769], [127.454731, 36.627767], [127.454779, 36.627761], [127.454753, 36.627727], [127.454683, 36.627682], [127.454618, 36.62764], [127.454399, 36.627605]]]}}, {"type": "Feature", "properties": {"surface": "grass"}, "geometry": {"type": "Polygon", "coordinates": [[[127.453342, 36.628935], [127.452999, 36.629124], [127.452994, 36.629136], [127.453006, 36.629151], [127.453355, 36.629541], [127.453422, 36.629598], [127.453436, 36.629597], [127.453452, 36.629595], [127.453664, 36.62947], [127.453342, 36.628935]]]}}, {"type": "Feature", "properties": {"surface": "grass"}, "geometry": {"type": "Polygon", "coordinates": [[[127.454736, 36.629465], [127.455013, 36.629685], [127.455174, 36.629731], [127.455029, 36.629588], [127.455023, 36.629592], [127.454888, 36.629441], [127.4549, 36.629433], [127.454881, 36.629411], [127.454793, 36.629324], [127.454733, 36.629329], [127.454589, 36.62942], [127.454582, 36.629426], [127.454665, 36.629503], [127.454736, 36.629465]]]}}, {"type": "Feature", "properties": {"surface": "grass"}, "geometry": {"type": "Polygon", "coordinates": [[[127.454965, 36.629838], [127.454932, 36.629853], [127.454873, 36.629786], [127.454948, 36.629735], [127.454994, 36.629736], [127.455046, 36.629807], [127.455144, 36.629762], [127.454982, 36.62972], [127.454514, 36.629483], [127.45446, 36.629528], [127.454471, 36.629547], [127.454486, 36.629562], [127.454531, 36.629588], [127.45454, 36.629582], [127.454538, 36.62958], [127.454594, 36.629544], [127.454865, 36.629849], [127.454858, 36.629853], [127.454863, 36.629859], [127.454815, 36.629895], [127.454853, 36.629932], [127.454998, 36.629852], [127.45499, 36.629831], [127.454965, 36.629838]]]}}, {"type": "Feature", "properties": {"surface": "grass"}, "geometry": {"type": "Polygon", "coordinates": [[[127.455261, 36.629761], [127.455698, 36.629884], [127.455706, 36.62988], [127.455501, 36.629626], [127.455261, 36.629761]]]}}, {"type": "Feature", "properties": {"surface": "grass"}, "geometry": {"type": "Polygon", "coordinates": [[[127.455375, 36.629986], [127.455372, 36.629988], [127.455374, 36.62999], [127.455247, 36.630064], [127.455111, 36.630146], [127.455156, 36.630196], [127.455648, 36.629913], [127.455568, 36.629886], [127.455268, 36.629805], [127.45535, 36.629901], [127.455315, 36.62992], [127.455375, 36.629986]]]}}, {"type": "Feature", "properties": {"surface": "grass"}, "geometry": {"type": "Polygon", "coordinates": [[[127.456138, 36.62986], [127.456162, 36.629846], [127.45617, 36.629827], [127.456165, 36.62981], [127.456109, 36.629744], [127.455247, 36.630237], [127.455237, 36.63025], [127.455231, 36.630271], [127.45523, 36.630282], [127.455241, 36.630303], [127.455253, 36.630315], [127.455294, 36.630354], [127.455979, 36.629953], [127.456138, 36.62986]]]}}, {"type": "Feature", "properties": {"surface": "grass"}, "geometry": {"type": "Polygon", "coordinates": [[[127.454382, 36.630147], [127.454378, 36.630129], [127.454335, 36.630083], [127.454155, 36.629883], [127.454107, 36.629897], [127.454508, 36.630608], [127.454517, 36.630611], [127.454541, 36.630456], [127.454541, 36.630433], [127.454347, 36.630185], [127.454351, 36.630175], [127.454366, 36.630169], [127.454382, 36.630147]]]}}, {"type": "Feature", "properties": {"surface": "grass"}, "geometry": {"type": "Polygon", "coordinates": [[[127.454865, 36.630466], [127.454844, 36.630483], [127.454823, 36.630617], [127.455099, 36.630456], [127.455034, 36.630393], [127.455018, 36.630392], [127.455002, 36.630393], [127.454865, 36.630466]]]}}, {"type": "Feature", "properties": {"surface": "grass"}, "geometry": {"type": "Polygon", "coordinates": [[[127.454972, 36.631303], [127.455013, 36.631273], [127.454975, 36.631226], [127.454919, 36.631261], [127.454907, 36.631367], [127.454948, 36.631324], [127.454972, 36.631303]]]}}, {"type": "Feature", "properties": {"surface": "grass"}, "geometry": {"type": "Polygon", "coordinates": [[[127.454507, 36.631233], [127.454672, 36.63118], [127.454688, 36.631201], [127.454695, 36.631194], [127.454675, 36.631153], [127.454589, 36.631029], [127.454209, 36.631252], [127.453858, 36.631448], [127.454053, 36.631592], [127.454085, 36.631571], [127.453961, 36.631476], [127.45407, 36.631391], [127.454119, 36.63143], [127.454131, 36.631429], [127.454137, 36.631426], [127.454141, 36.631421], [127.454135, 36.63141], [127.454105, 36.631383], [127.454206, 36.631319], [127.454249, 36.631363], [127.454507, 36.631233]]]}}, {"type": "Feature", "properties": {"surface": "grass"}, "geometry": {"type": "Polygon", "coordinates": [[[127.454931, 36.631737], [127.454936, 36.631742], [127.454941, 36.631744], [127.45495, 36.63174], [127.454905, 36.631623], [127.454824, 36.63142], [127.454733, 36.631259], [127.454725, 36.631267], [127.45477, 36.631358], [127.454801, 36.631416], [127.454847, 36.631553], [127.454858, 36.631585], [127.454856, 36.631591], [127.454739, 36.631655], [127.454759, 36.631672], [127.454779, 36.631688], [127.454764, 36.631695], [127.454699, 36.631725], [127.454635, 36.63176], [127.454604, 36.631781], [127.454672, 36.631848], [127.454677, 36.631843], [127.454844, 36.631737], [127.454907, 36.631706], [127.454931, 36.631737]]]}}, {"type": "Feature", "properties": {"surface": "grass"}, "geometry": {"type": "Polygon", "coordinates": [[[127.453627, 36.631659], [127.453769, 36.631728], [127.45393, 36.631549], [127.453829, 36.631474], [127.453693, 36.631553], [127.45368, 36.631583], [127.453627, 36.631659]]]}}, {"type": "Feature", "properties": {"surface": "grass"}, "geometry": {"type": "Polygon", "coordinates": [[[127.453488, 36.631879], [127.453505, 36.631874], [127.453522, 36.631871], [127.453536, 36.631864], [127.453545, 36.631857], [127.453551, 36.631851], [127.453563, 36.63183], [127.453565, 36.631819], [127.453559, 36.631806], [127.453449, 36.631709], [127.453264, 36.631819], [127.453221, 36.631861], [127.453194, 36.631936], [127.453186, 36.63197], [127.453184, 36.631986], [127.453189, 36.632032], [127.453388, 36.63202], [127.453469, 36.631882], [127.453488, 36.631879]]]}}, {"type": "Feature", "properties": {"surface": "grass"}, "geometry": {"type": "Polygon", "coordinates": [[[127.453431, 36.632018], [127.453605, 36.632027], [127.453637, 36.63195], [127.45367, 36.631887], [127.453599, 36.63186], [127.453462, 36.631965], [127.453431, 36.632018]]]}}, {"type": "Feature", "properties": {"surface": "grass"}, "geometry": {"type": "Polygon", "coordinates": [[[127.45364, 36.632025], [127.453736, 36.632026], [127.453787, 36.631927], [127.453697, 36.631898], [127.45364, 36.632025]]]}}, {"type": "Feature", "properties": {"surface": "grass"}, "geometry": {"type": "Polygon", "coordinates": [[[127.454915, 36.631874], [127.454799, 36.631949], [127.454746, 36.631996], [127.454686, 36.632065], [127.454651, 36.632118], [127.454693, 36.632136], [127.454738, 36.632074], [127.454831, 36.631982], [127.454937, 36.631903], [127.454978, 36.631882], [127.455005, 36.631921], [127.455012, 36.631929], [127.455023, 36.631932], [127.454971, 36.631796], [127.454953, 36.631801], [127.454946, 36.631808], [127.454941, 36.631815], [127.454953, 36.631849], [127.454915, 36.631874]]]}}, {"type": "Feature", "properties": {"surface": "grass"}, "geometry": {"type": "Polygon", "coordinates": [[[127.454417, 36.631955], [127.454409, 36.631951], [127.454379, 36.631983], [127.45436, 36.632007], [127.45449, 36.632055], [127.454559, 36.631958], [127.454566, 36.631952], [127.454481, 36.631895], [127.454417, 36.631955]]]}}, {"type": "Feature", "properties": {"surface": "grass"}, "geometry": {"type": "Polygon", "coordinates": [[[127.454386, 36.632388], [127.454405, 36.632386], [127.454431, 36.632372], [127.454443, 36.632357], [127.454452, 36.632334], [127.454451, 36.632317], [127.454442, 36.632306], [127.454397, 36.6323], [127.454401, 36.632276], [127.454431, 36.632169], [127.454468, 36.632087], [127.454336, 36.63204], [127.45432, 36.632064], [127.454298, 36.632103], [127.45428, 36.632145], [127.454253, 36.632204], [127.454262, 36.63222], [127.454256, 36.632359], [127.454257, 36.632371], [127.454259, 36.632379], [127.454269, 36.632385], [127.454386, 36.632388]]]}}, {"type": "Feature", "properties": {"surface": "grass"}, "geometry": {"type": "Polygon", "coordinates": [[[127.455034, 36.63228], [127.455026, 36.632284], [127.455011, 36.632328], [127.45484, 36.632388], [127.45485, 36.632315], [127.454869, 36.632259], [127.454905, 36.632197], [127.454937, 36.632154], [127.455, 36.632097], [127.455043, 36.632067], [127.45506, 36.632058], [127.455064, 36.632061], [127.455087, 36.632156], [127.45509, 36.632172], [127.455069, 36.632187], [127.455068, 36.632194], [127.455071, 36.632207], [127.45512, 36.632246], [127.455135, 36.632252], [127.455144, 36.632249], [127.455113, 36.632199], [127.455095, 36.632145], [127.455091, 36.63213], [127.455058, 36.632022], [127.455044, 36.631986], [127.45503, 36.631989], [127.455019, 36.631994], [127.455013, 36.632002], [127.455029, 36.632044], [127.454952, 36.632094], [127.454913, 36.632133], [127.454872, 36.632186], [127.454833, 36.632252], [127.454817, 36.632299], [127.454808, 36.632349], [127.454805, 36.63238], [127.454624, 36.632459], [127.454624, 36.632418], [127.454629, 36.632332], [127.45465, 36.632241], [127.454684, 36.63225], [127.454699, 36.632252], [127.454704, 36.632251], [127.454707, 36.632247], [127.454709, 36.632241], [127.454706, 36.632235], [127.45456, 36.632197], [127.454555, 36.632197], [127.454551, 36.632199], [127.454547, 36.632212], [127.454548, 36.632218], [127.4546, 36.632227], [127.454576, 36.632313], [127.45455, 36.632309], [127.454537, 36.63231], [127.454528, 36.632314], [127.454523, 36.63232], [127.454516, 36.632366], [127.454505, 36.632387], [127.454485, 36.632409], [127.454457, 36.632425], [127.454422, 36.632439], [127.454391, 36.632443], [127.454271, 36.632442], [127.454256, 36.632445], [127.454251, 36.63245], [127.454249, 36.632483], [127.454063, 36.63248], [127.454063, 36.632438], [127.45406, 36.632435], [127.454053, 36.632434], [127.454047, 36.632436], [127.454045, 36.632507], [127.454235, 36.632507], [127.454278, 36.632513], [127.454322, 36.632519], [127.454528, 36.632548], [127.454574, 36.632527], [127.454623, 36.632498], [127.45469, 36.632458], [127.454716, 36.632445], [127.454761, 36.632427], [127.454824, 36.632405], [127.454971, 36.632357], [127.455103, 36.632316], [127.455118, 36.632311], [127.455135, 36.632299], [127.455114, 36.632295], [127.455034, 36.63228]]]}}, {"type": "Feature", "properties": {"surface": "grass"}, "geometry": {"type": "Polygon", "coordinates": [[[127.455169, 36.632413], [127.455226, 36.632315], [127.455172, 36.632325], [127.455097, 36.632341], [127.455017, 36.63236], [127.454909, 36.632395], [127.454833, 36.63242], [127.45477, 36.632443], [127.454712, 36.632475], [127.454638, 36.632514], [127.454592, 36.632538], [127.45459, 36.632556], [127.454601, 36.632576], [127.455067, 36.632737], [127.455105, 36.632751], [127.455254, 36.632807], [127.4556, 36.632936], [127.456195, 36.633148], [127.456279, 36.633178], [127.456304, 36.633187], [127.456448, 36.633242], [127.45667, 36.63331], [127.45676, 36.633335], [127.456816, 36.633349], [127.456842, 36.633301], [127.45685, 36.633282], [127.456658, 36.633204], [127.456657, 36.633207], [127.456515, 36.633151], [127.455054, 36.632613], [127.455066, 36.632592], [127.45506, 36.632589], [127.455159, 36.632409], [127.455169, 36.632413]], [[127.454876, 36.632625], [127.454851, 36.632619], [127.454812, 36.632601], [127.454753, 36.632533], [127.45475, 36.632522], [127.454746, 36.632509], [127.454747, 36.632496], [127.454755, 36.632485], [127.454769, 36.632479], [127.45479, 36.632472], [127.454806, 36.632469], [127.454835, 36.632466], [127.454846, 36.632467], [127.454854, 36.63247], [127.454865, 36.63248], [127.454933, 36.632601], [127.454935, 36.632623], [127.454933, 36.632627], [127.454928, 36.632629], [127.454922, 36.63263], [127.454913, 36.63263], [127.454903, 36.632629], [127.454876, 36.632625]], [[127.45501, 36.632486], [127.455059, 36.632398], [127.455118, 36.632417], [127.455072, 36.63251], [127.45501, 36.632486]]]}}, {"type": "Feature", "properties": {"surface": "grass"}, "geometry": {"type": "Polygon", "coordinates": [[[127.456179, 36.622589], [127.456173, 36.622605], [127.456166, 36.622616], [127.455965, 36.622764], [127.455943, 36.622776], [127.455921, 36.622785], [127.45581, 36.622825], [127.455772, 36.622836], [127.45575, 36.622846], [127.455725, 36.622863], [127.455563, 36.623004], [127.455549, 36.623022], [127.455606, 36.622977], [127.455651, 36.622939], [127.455657, 36.622934], [127.455664, 36.622927], [127.455677, 36.622917], [127.455711, 36.622893], [127.455769, 36.622855], [127.455773, 36.622852], [127.455781, 36.622848], [127.455793, 36.622842], [127.45581, 36.622836], [127.455829, 36.62283], [127.455888, 36.62281], [127.455921, 36.622796], [127.455936, 36.622788], [127.45595, 36.622779], [127.456015, 36.622735], [127.456064, 36.6227], [127.456108, 36.622665], [127.456141, 36.622638], [127.456151, 36.622632], [127.456157, 36.622629], [127.45617, 36.622629], [127.45618, 36.622631], [127.456183, 36.622634], [127.456184, 36.622639], [127.456184, 36.622641], [127.456182, 36.622644], [127.456179, 36.62265], [127.456168, 36.62267], [127.456164, 36.622676], [127.456158, 36.622684], [127.456147, 36.622696], [127.456116, 36.622729], [127.456107, 36.622738], [127.456094, 36.622749], [127.456074, 36.622765], [127.456049, 36.622783], [127.45602, 36.622801], [127.455743, 36.622971], [127.455532, 36.623098], [127.455551, 36.623127], [127.455557, 36.623124], [127.455598, 36.623097], [127.45579, 36.622976], [127.455866, 36.622926], [127.456061, 36.622801], [127.456077, 36.622789], [127.456129, 36.622746], [127.456204, 36.622677], [127.456224, 36.622662], [127.456217, 36.622653], [127.45621, 36.622639], [127.45621, 36.622628], [127.456211, 36.622618], [127.456219, 36.622606], [127.456232, 36.622596], [127.456203, 36.622564], [127.456177, 36.622531], [127.456181, 36.622549], [127.456179, 36.622589]]]}}, {"type": "Feature", "properties": {"surface": "grass"}, "geometry": {"type": "Polygon", "coordinates": [[[127.456487, 36.62307], [127.456491, 36.623075], [127.456491, 36.623076], [127.456604, 36.623025], [127.456599, 36.623015], [127.45652, 36.623054], [127.456487, 36.62307]]]}}, {"type": "Feature", "properties": {"surface": "grass"}, "geometry": {"type": "Polygon", "coordinates": [[[127.457384, 36.623126], [127.457388, 36.623126], [127.457394, 36.623127], [127.457405, 36.62313], [127.457437, 36.623139], [127.457447, 36.623142], [127.457443, 36.62314], [127.457426, 36.623132], [127.457408, 36.623125], [127.457393, 36.623121], [127.457381, 36.623118], [127.457374, 36.623117], [127.457353, 36.623116], [127.45734, 36.623113], [127.45733, 36.62311], [127.457315, 36.623105], [127.457289, 36.623096], [127.457276, 36.62309], [127.457268, 36.623087], [127.457278, 36.623097], [127.457299, 36.623112], [127.457318, 36.623123], [127.45733, 36.623128], [127.457339, 36.62313], [127.457347, 36.623131], [127.457353, 36.62313], [127.457361, 36.623127], [127.457371, 36.623126], [127.457384, 36.623126]]]}}, {"type": "Feature", "properties": {"surface": "grass"}, "geometry": {"type": "Polygon", "coordinates": [[[127.45668, 36.62315], [127.456668, 36.623131], [127.456566, 36.623183], [127.456493, 36.623079], [127.456522, 36.623124], [127.456539, 36.623149], [127.456473, 36.623181], [127.456248, 36.623295], [127.45627, 36.623327], [127.456387, 36.623265], [127.456405, 36.623287], [127.45668, 36.62315]], [[127.456597, 36.623172], [127.456647, 36.623146], [127.456657, 36.62316], [127.456606, 36.623184], [127.456597, 36.623172]]]}}, {"type": "Feature", "properties": {"surface": "grass"}, "geometry": {"type": "Polygon", "coordinates": [[[127.456215, 36.623508], [127.45622, 36.623509], [127.456226, 36.62351], [127.456231, 36.623513], [127.456238, 36.623517], [127.456269, 36.623557], [127.45628, 36.623569], [127.456256, 36.623582], [127.456254, 36.623585], [127.456253, 36.623586], [127.456253, 36.62359], [127.456253, 36.623592], [127.456254, 36.623594], [127.456255, 36.623597], [127.456274, 36.623624], [127.456276, 36.623624], [127.45629, 36.623643], [127.456446, 36.623562], [127.45646, 36.623556], [127.456375, 36.623441], [127.456595, 36.623334], [127.456605, 36.623322], [127.45661, 36.623306], [127.456611, 36.623291], [127.456606, 36.62328], [127.456134, 36.623517], [127.456152, 36.623535], [127.456203, 36.623512], [127.456215, 36.623508]], [[127.456411, 36.623385], [127.45645, 36.623366], [127.45647, 36.623392], [127.456431, 36.623412], [127.456411, 36.623385]], [[127.45646, 36.623373], [127.456557, 36.623327], [127.456567, 36.623341], [127.45647, 36.623386], [127.45646, 36.623373]]]}}, {"type": "Feature", "properties": {"surface": "grass"}, "geometry": {"type": "Polygon", "coordinates": [[[127.45729, 36.62344], [127.457261, 36.623443], [127.457099, 36.623525], [127.457173, 36.623622], [127.457383, 36.623519], [127.457372, 36.623507], [127.457329, 36.623453], [127.457319, 36.623443], [127.457305, 36.62344], [127.45729, 36.62344]]]}}, {"type": "Feature", "properties": {"surface": "grass"}, "geometry": {"type": "Polygon", "coordinates": [[[127.457219, 36.623931], [127.457201, 36.623939], [127.457227, 36.623952], [127.457236, 36.623939], [127.4574, 36.624014], [127.45742, 36.623984], [127.457439, 36.623955], [127.457563, 36.623728], [127.457564, 36.623706], [127.457555, 36.623678], [127.457493, 36.623621], [127.457478, 36.623609], [127.457423, 36.623563], [127.457198, 36.623692], [127.457149, 36.623716], [127.457103, 36.623652], [127.457154, 36.623629], [127.457083, 36.623533], [127.456822, 36.623666], [127.456848, 36.623699], [127.457012, 36.623619], [127.457216, 36.623904], [127.457207, 36.623915], [127.457219, 36.623931]], [[127.4574, 36.623957], [127.457392, 36.62396], [127.457385, 36.623959], [127.457377, 36.623956], [127.457357, 36.623941], [127.457281, 36.623882], [127.457209, 36.623816], [127.457172, 36.623776], [127.457157, 36.623745], [127.457154, 36.623734], [127.457156, 36.623726], [127.457163, 36.623721], [127.457169, 36.623718], [127.457266, 36.623679], [127.457391, 36.623642], [127.457456, 36.62363], [127.457472, 36.623633], [127.457497, 36.623645], [127.457508, 36.623653], [127.457523, 36.623667], [127.457534, 36.623685], [127.45754, 36.623701], [127.457543, 36.623709], [127.457542, 36.62372], [127.457538, 36.623733], [127.457531, 36.623744], [127.4574, 36.623957]]]}}, {"type": "Feature", "properties": {"surface": "grass"}, "geometry": {"type": "Polygon", "coordinates": [[[127.457509, 36.624321], [127.457509, 36.624314], [127.457508, 36.62431], [127.457506, 36.624304], [127.457503, 36.624301], [127.457491, 36.624293], [127.457472, 36.624321], [127.457425, 36.62437], [127.457402, 36.624383], [127.457381, 36.624395], [127.45731, 36.62442], [127.457397, 36.624444], [127.457432, 36.624474], [127.457534, 36.624413], [127.457491, 36.624363], [127.457509, 36.624321]]]}}, {"type": "Feature", "properties": {"surface": "grass"}, "geometry": {"type": "Polygon", "coordinates": [[[127.456611, 36.624952], [127.456608, 36.624954], [127.456606, 36.624957], [127.456605, 36.62496], [127.456606, 36.624962], [127.456607, 36.624964], [127.45661, 36.624967], [127.456616, 36.624969], [127.456635, 36.62497], [127.456651, 36.624969], [127.456668, 36.624965], [127.456711, 36.624947], [127.456819, 36.624888], [127.457016, 36.624772], [127.456972, 36.624727], [127.456955, 36.624754], [127.456967, 36.62477], [127.456876, 36.62482], [127.456872, 36.624816], [127.456767, 36.624869], [127.456757, 36.624871], [127.456701, 36.624909], [127.456695, 36.624924], [127.456689, 36.62493], [127.456672, 36.624938], [127.456611, 36.624952]]]}}, {"type": "Feature", "properties": {"surface": "grass"}, "geometry": {"type": "Polygon", "coordinates": [[[127.456153, 36.62481], [127.456153, 36.62484], [127.456208, 36.624841], [127.456207, 36.624947], [127.45627, 36.624949], [127.456268, 36.625001], [127.456268, 36.625012], [127.456276, 36.625012], [127.456276, 36.625206], [127.456208, 36.625205], [127.456205, 36.625372], [127.456515, 36.625376], [127.456543, 36.625376], [127.456559, 36.625329], [127.456575, 36.625264], [127.456578, 36.625247], [127.456578, 36.625225], [127.456534, 36.625173], [127.456468, 36.625094], [127.456436, 36.625057], [127.456389, 36.625001], [127.456328, 36.624929], [127.456312, 36.624913], [127.456257, 36.624877], [127.45624, 36.624858], [127.456185, 36.624792], [127.456166, 36.624791], [127.45616, 36.624794], [127.456154, 36.6248], [127.456153, 36.62481]]]}}, {"type": "Feature", "properties": {"surface": "grass"}, "geometry": {"type": "Polygon", "coordinates": [[[127.457406, 36.624822], [127.457397, 36.624818], [127.457234, 36.624795], [127.457228, 36.624796], [127.457194, 36.624816], [127.457211, 36.624834], [127.45708, 36.624912], [127.457061, 36.624892], [127.456946, 36.624957], [127.456977, 36.624991], [127.45696, 36.625001], [127.45677, 36.625108], [127.456825, 36.625172], [127.45683, 36.625178], [127.456842, 36.625172], [127.457126, 36.625001], [127.457359, 36.624861], [127.457368, 36.624874], [127.457403, 36.624911], [127.457458, 36.624877], [127.457455, 36.624873], [127.457447, 36.624878], [127.457406, 36.624836], [127.457414, 36.62483], [127.457406, 36.624822]]]}}, {"type": "Feature", "properties": {"surface": "grass"}, "geometry": {"type": "Polygon", "coordinates": [[[127.457547, 36.6251], [127.457545, 36.625001], [127.457545, 36.62498], [127.457545, 36.624972], [127.457542, 36.624963], [127.45749, 36.62491], [127.457451, 36.624933], [127.457512, 36.625001], [127.45754, 36.625032], [127.45732, 36.62517], [127.457315, 36.625173], [127.457357, 36.6252], [127.457377, 36.625204], [127.4574, 36.625195], [127.457443, 36.625169], [127.457538, 36.625113], [127.457547, 36.6251]]]}}, {"type": "Feature", "properties": {"surface": "grass"}, "geometry": {"type": "Polygon", "coordinates": [[[127.456159, 36.625288], [127.45617, 36.625288], [127.456171, 36.625256], [127.456012, 36.625249], [127.455938, 36.625249], [127.455913, 36.625251], [127.455912, 36.625266], [127.455911, 36.625389], [127.456159, 36.625393], [127.456159, 36.625288]]]}}, {"type": "Feature", "properties": {"surface": "grass"}, "geometry": {"type": "Polygon", "coordinates": [[[127.457399, 36.625314], [127.457363, 36.62531], [127.45736, 36.625312], [127.457346, 36.625417], [127.457356, 36.625428], [127.457446, 36.625442], [127.457496, 36.625421], [127.457512, 36.625331], [127.457502, 36.625324], [127.457493, 36.625323], [127.457399, 36.625314]]]}}, {"type": "Feature", "properties": {"surface": "grass"}, "geometry": {"type": "Polygon", "coordinates": [[[127.457043, 36.625783], [127.457041, 36.625776], [127.45699, 36.625718], [127.456791, 36.625477], [127.456526, 36.625473], [127.456513, 36.625481], [127.456603, 36.625544], [127.456611, 36.625879], [127.456469, 36.625942], [127.456447, 36.62592], [127.456437, 36.625911], [127.456425, 36.625908], [127.456409, 36.625909], [127.4564, 36.625914], [127.456394, 36.625922], [127.456394, 36.625938], [127.456396, 36.62599], [127.456411, 36.625995], [127.456421, 36.625995], [127.456465, 36.625986], [127.4567, 36.625926], [127.456776, 36.625917], [127.456823, 36.625916], [127.45699, 36.625922], [127.457007, 36.625921], [127.457026, 36.625913], [127.457041, 36.625902], [127.457045, 36.62589], [127.457045, 36.62579], [127.457043, 36.625783]]]}}, {"type": "Feature", "properties": {"surface": "grass"}, "geometry": {"type": "Polygon", "coordinates": [[[127.455658, 36.625817], [127.456107, 36.625832], [127.456105, 36.625875], [127.45614, 36.625876], [127.456155, 36.625873], [127.45616, 36.625864], [127.456167, 36.625838], [127.456167, 36.625796], [127.456152, 36.625787], [127.456115, 36.625779], [127.455618, 36.625768], [127.455605, 36.625784], [127.455596, 36.625802], [127.455593, 36.625814], [127.455589, 36.625867], [127.455652, 36.625868], [127.455658, 36.625817]]]}}, {"type": "Feature", "properties": {"surface": "grass"}, "geometry": {"type": "Polygon", "coordinates": [[[127.456082, 36.625958], [127.456043, 36.625957], [127.456021, 36.625964], [127.456013, 36.625973], [127.456011, 36.625996], [127.455969, 36.625996], [127.455609, 36.625984], [127.455598, 36.625979], [127.455595, 36.62595], [127.455553, 36.625949], [127.455536, 36.625952], [127.455527, 36.625958], [127.455522, 36.626012], [127.456089, 36.626035], [127.456219, 36.626036], [127.456221, 36.625963], [127.456215, 36.625956], [127.456193, 36.625953], [127.456172, 36.625953], [127.456162, 36.625958], [127.456158, 36.625996], [127.456097, 36.625995], [127.456093, 36.625979], [127.456095, 36.625966], [127.456082, 36.625958]]]}}, {"type": "Feature", "properties": {"surface": "grass"}, "geometry": {"type": "Polygon", "coordinates": [[[127.456378, 36.626939], [127.456393, 36.626936], [127.45642, 36.62692], [127.456556, 36.626828], [127.456582, 36.626812], [127.456584, 36.626807], [127.456583, 36.626802], [127.456583, 36.6268], [127.456576, 36.626798], [127.456552, 36.626794], [127.456416, 36.626783], [127.456399, 36.626784], [127.456381, 36.626789], [127.456336, 36.62681], [127.456323, 36.626823], [127.456318, 36.626837], [127.456301, 36.626932], [127.456303, 36.626934], [127.45631, 36.626937], [127.456378, 36.626939]]]}}, {"type": "Feature", "properties": {"surface": "grass"}, "geometry": {"type": "Polygon", "coordinates": [[[127.456614, 36.626821], [127.456575, 36.626843], [127.456465, 36.626916], [127.456456, 36.626927], [127.456456, 36.626934], [127.456462, 36.62694], [127.456473, 36.626944], [127.456799, 36.626967], [127.456826, 36.626965], [127.456837, 36.626956], [127.456848, 36.626928], [127.456853, 36.626891], [127.456854, 36.626867], [127.45683, 36.626841], [127.456803, 36.626822], [127.456748, 36.626816], [127.456674, 36.626808], [127.456654, 36.626808], [127.456614, 36.626821]], [[127.456828, 36.626923], [127.456831, 36.62693], [127.45683, 36.626944], [127.456819, 36.626957], [127.456798, 36.626959], [127.456784, 36.626951], [127.456779, 36.626932], [127.456794, 36.626919], [127.456811, 36.626919], [127.456828, 36.626923]]]}}, {"type": "Feature", "properties": {"surface": "grass"}, "geometry": {"type": "Polygon", "coordinates": [[[127.456574, 36.627091], [127.456577, 36.627087], [127.456589, 36.62699], [127.456407, 36.626975], [127.456384, 36.626973], [127.456376, 36.626973], [127.456364, 36.626978], [127.456311, 36.627014], [127.456291, 36.627032], [127.456277, 36.627058], [127.456277, 36.627066], [127.456279, 36.627072], [127.456288, 36.627074], [127.456565, 36.627093], [127.456574, 36.627091]]]}}, {"type": "Feature", "properties": {"surface": "grass"}, "geometry": {"type": "Polygon", "coordinates": [[[127.456246, 36.627111], [127.456246, 36.627133], [127.456253, 36.627156], [127.456418, 36.627412], [127.456778, 36.627252], [127.456952, 36.627264], [127.456951, 36.62729], [127.457053, 36.627415], [127.457097, 36.627394], [127.457216, 36.627401], [127.457298, 36.627511], [127.457375, 36.627474], [127.45742, 36.627543], [127.457334, 36.627581], [127.457369, 36.627646], [127.457374, 36.627653], [127.457694, 36.627512], [127.457646, 36.627439], [127.457559, 36.627341], [127.457521, 36.627307], [127.457462, 36.627263], [127.457416, 36.62723], [127.457359, 36.627163], [127.457323, 36.627116], [127.457294, 36.627071], [127.45728, 36.627039], [127.457221, 36.627032], [127.457208, 36.627034], [127.4572, 36.627041], [127.45719, 36.627124], [127.457158, 36.627328], [127.457126, 36.627326], [127.45713, 36.627234], [127.456957, 36.627224], [127.456953, 36.627262], [127.456842, 36.627255], [127.456848, 36.627217], [127.456566, 36.6272], [127.456575, 36.627115], [127.456293, 36.627093], [127.456273, 36.627094], [127.456261, 36.627097], [127.456249, 36.627105], [127.456246, 36.627111]]]}}, {"type": "Feature", "properties": {"surface": "grass"}, "geometry": {"type": "Polygon", "coordinates": [[[127.456919, 36.627334], [127.456719, 36.627318], [127.456703, 36.627321], [127.456438, 36.627443], [127.456499, 36.627532], [127.456569, 36.627636], [127.457021, 36.627431], [127.456938, 36.627326], [127.456919, 36.627334]]]}}, {"type": "Feature", "properties": {"surface": "grass"}, "geometry": {"type": "Polygon", "coordinates": [[[127.456256, 36.62776], [127.456272, 36.627759], [127.456419, 36.627696], [127.45643, 36.627684], [127.456468, 36.627572], [127.456467, 36.627565], [127.456457, 36.627551], [127.456401, 36.627469], [127.456394, 36.62746], [127.456106, 36.627596], [127.456099, 36.627606], [127.456073, 36.6277], [127.456074, 36.627707], [127.45608, 36.627713], [127.456118, 36.627727], [127.456237, 36.627759], [127.456256, 36.62776]]]}}, {"type": "Feature", "properties": {"surface": "grass"}, "geometry": {"type": "Polygon", "coordinates": [[[127.457336, 36.62767], [127.457281, 36.627584], [127.457249, 36.627598], [127.457223, 36.627608], [127.457222, 36.627608], [127.457234, 36.627631], [127.456964, 36.62775], [127.456956, 36.627733], [127.456644, 36.627871], [127.456689, 36.627937], [127.457336, 36.62767]]]}}, {"type": "Feature", "properties": {"surface": "grass"}, "geometry": {"type": "Polygon", "coordinates": [[[127.456081, 36.627859], [127.456188, 36.627797], [127.4562, 36.62779], [127.456198, 36.627786], [127.456064, 36.627759], [127.456045, 36.627756], [127.455981, 36.627895], [127.456081, 36.627859]]]}}, {"type": "Feature", "properties": {"surface": "grass"}, "geometry": {"type": "Polygon", "coordinates": [[[127.45735, 36.627841], [127.457318, 36.627866], [127.457339, 36.627871], [127.457355, 36.627881], [127.457346, 36.627902], [127.457326, 36.627933], [127.457304, 36.627964], [127.457253, 36.627986], [127.457221, 36.627978], [127.457179, 36.627958], [127.457147, 36.627924], [127.457112, 36.62794], [127.457102, 36.627957], [127.4571, 36.627985], [127.457111, 36.628009], [127.457148, 36.628032], [127.457202, 36.628061], [127.457266, 36.628076], [127.457333, 36.628079], [127.457405, 36.628057], [127.457436, 36.62803], [127.457483, 36.627971], [127.45752, 36.627911], [127.457543, 36.627853], [127.457555, 36.627801], [127.45754, 36.627793], [127.45751, 36.627793], [127.457466, 36.6278], [127.45741, 36.627817], [127.457377, 36.627828], [127.45735, 36.627841]]]}}, {"type": "Feature", "properties": {"surface": "grass"}, "geometry": {"type": "Polygon", "coordinates": [[[127.456115, 36.627972], [127.456118, 36.627962], [127.456125, 36.627953], [127.456126, 36.627953], [127.456091, 36.627894], [127.455962, 36.627941], [127.455848, 36.628211], [127.455969, 36.628231], [127.456287, 36.628103], [127.456567, 36.627987], [127.456525, 36.627924], [127.456498, 36.627936], [127.456486, 36.627915], [127.456272, 36.628006], [127.456269, 36.628], [127.456177, 36.628038], [127.456148, 36.62799], [127.456136, 36.62799], [127.456129, 36.627988], [127.456119, 36.627982], [127.456115, 36.627972]], [[127.455975, 36.628201], [127.456012, 36.628184], [127.456021, 36.6282], [127.455984, 36.628215], [127.455975, 36.628201]]]}}, {"type": "Feature", "properties": {"surface": "grass"}, "geometry": {"type": "Polygon", "coordinates": [[[127.456852, 36.628044], [127.45676, 36.628088], [127.456985, 36.628334], [127.457155, 36.62819], [127.457177, 36.628159], [127.457178, 36.628129], [127.457165, 36.628113], [127.45713, 36.628106], [127.457023, 36.628164], [127.45695, 36.628086], [127.45703, 36.628042], [127.456993, 36.628029], [127.456912, 36.62803], [127.456852, 36.628044]]]}}, {"type": "Feature", "properties": {"surface": "grass"}, "geometry": {"type": "Polygon", "coordinates": [[[127.456753, 36.62852], [127.456749, 36.628535], [127.456753, 36.628548], [127.457138, 36.628997], [127.457157, 36.628997], [127.457169, 36.628993], [127.457385, 36.628871], [127.457361, 36.628843], [127.457361, 36.628842], [127.457388, 36.628825], [127.457355, 36.628784], [127.457209, 36.628868], [127.457091, 36.62873], [127.457083, 36.628735], [127.457017, 36.628659], [127.457026, 36.628654], [127.456926, 36.628538], [127.456915, 36.628525], [127.456902, 36.62851], [127.457249, 36.628312], [127.457202, 36.628257], [127.456753, 36.62852]]]}}, {"type": "Feature", "properties": {"surface": "grass"}, "geometry": {"type": "Polygon", "coordinates": [[[127.455861, 36.629029], [127.455863, 36.628986], [127.455862, 36.628971], [127.455834, 36.628901], [127.455831, 36.628875], [127.455837, 36.628853], [127.45588, 36.628788], [127.455945, 36.628721], [127.456001, 36.628691], [127.456063, 36.62866], [127.456156, 36.628624], [127.456191, 36.628616], [127.456243, 36.628608], [127.456294, 36.628608], [127.456339, 36.628617], [127.456373, 36.628634], [127.456404, 36.628655], [127.456431, 36.628679], [127.456451, 36.628706], [127.456468, 36.628754], [127.456476, 36.628799], [127.456479, 36.628845], [127.456493, 36.628918], [127.45652, 36.6289], [127.456539, 36.628849], [127.45666, 36.628865], [127.456637, 36.628988], [127.456594, 36.628978], [127.456488, 36.629043], [127.456492, 36.629094], [127.456491, 36.629115], [127.456475, 36.629155], [127.45646, 36.629179], [127.456511, 36.629227], [127.45672, 36.629257], [127.456667, 36.629482], [127.456467, 36.62946], [127.456484, 36.62933], [127.456387, 36.629221], [127.456347, 36.629229], [127.456321, 36.629226], [127.456233, 36.629202], [127.456216, 36.629203], [127.456055, 36.6293], [127.456014, 36.629321], [127.456014, 36.62933], [127.45602, 36.629359], [127.456022, 36.629389], [127.456019, 36.62941], [127.455998, 36.629447], [127.456283, 36.629775], [127.45697, 36.629378], [127.457087, 36.62931], [127.457243, 36.62922], [127.456764, 36.628676], [127.456388, 36.628265], [127.456435, 36.628244], [127.456469, 36.628276], [127.456509, 36.628251], [127.456477, 36.628213], [127.456647, 36.628122], [127.45668, 36.628156], [127.456692, 36.628143], [127.456694, 36.628126], [127.456669, 36.628093], [127.45663, 36.628108], [127.456474, 36.628174], [127.456349, 36.628221], [127.456123, 36.6283], [127.455934, 36.628383], [127.455828, 36.628434], [127.455746, 36.628482], [127.455625, 36.628559], [127.455543, 36.628621], [127.455468, 36.628683], [127.455381, 36.628754], [127.455375, 36.62876], [127.455387, 36.628778], [127.455398, 36.628788], [127.455488, 36.628733], [127.455696, 36.628967], [127.455609, 36.629022], [127.455877, 36.629321], [127.456182, 36.629145], [127.456177, 36.629113], [127.456177, 36.629108], [127.456053, 36.629171], [127.456027, 36.629181], [127.455987, 36.629181], [127.455962, 36.629178], [127.455931, 36.629165], [127.455904, 36.62915], [127.455878, 36.629126], [127.455858, 36.629092], [127.455854, 36.629058], [127.455861, 36.629029]], [[127.455617, 36.628835], [127.455626, 36.628796], [127.455675, 36.628803], [127.455666, 36.628843], [127.455617, 36.628835]], [[127.456191, 36.628555], [127.456198, 36.628515], [127.456247, 36.628521], [127.45624, 36.628563], [127.456191, 36.628555]], [[127.456536, 36.628847], [127.456542, 36.62881], [127.456587, 36.628815], [127.456583, 36.628852], [127.456536, 36.628847]], [[127.456157, 36.629288], [127.456197, 36.629265], [127.456225, 36.629296], [127.456185, 36.62932], [127.456157, 36.629288]]]}}, {"type": "Feature", "properties": {"surface": "grass"}, "geometry": {"type": "Polygon", "coordinates": [[[127.457214, 36.629067], [127.457317, 36.629184], [127.457355, 36.629169], [127.457356, 36.628983], [127.457347, 36.628983], [127.45733, 36.628987], [127.457214, 36.629067]]]}}, {"type": "Feature", "properties": {"surface": "grass"}, "geometry": {"type": "Polygon", "coordinates": [[[127.456785, 36.629827], [127.456814, 36.629811], [127.456931, 36.62995], [127.457162, 36.629803], [127.456988, 36.629618], [127.456736, 36.629768], [127.456785, 36.629827]]]}}, {"type": "Feature", "properties": {"surface": "grass"}, "geometry": {"type": "Polygon", "coordinates": [[[127.457067, 36.630146], [127.457098, 36.630183], [127.457128, 36.630165], [127.457148, 36.630153], [127.457254, 36.630299], [127.457255, 36.63025], [127.457259, 36.630189], [127.457266, 36.630107], [127.457266, 36.63008], [127.45726, 36.630026], [127.457067, 36.630146]]]}}, {"type": "Feature", "properties": {"surface": "grass"}, "geometry": {"type": "Polygon", "coordinates": [[[127.456132, 36.630123], [127.455819, 36.630299], [127.455869, 36.630361], [127.456001, 36.630298], [127.456081, 36.630387], [127.456283, 36.630281], [127.456154, 36.630125], [127.456132, 36.630123]]]}}, {"type": "Feature", "properties": {"surface": "grass"}, "geometry": {"type": "Polygon", "coordinates": [[[127.457407, 36.630948], [127.457316, 36.630956], [127.457211, 36.630967], [127.457211, 36.630965], [127.457197, 36.630966], [127.457177, 36.630835], [127.457177, 36.630832], [127.45715, 36.630835], [127.457141, 36.630836], [127.457144, 36.630863], [127.457007, 36.630875], [127.457003, 36.630836], [127.457003, 36.630828], [127.456943, 36.630836], [127.456933, 36.630837], [127.457109, 36.631028], [127.457127, 36.631042], [127.457163, 36.631072], [127.457181, 36.631084], [127.457202, 36.631096], [127.457239, 36.63111], [127.457363, 36.631157], [127.45741, 36.63108], [127.457429, 36.630997], [127.457423, 36.630882], [127.457418, 36.630834], [127.457408, 36.630739], [127.457405, 36.630708], [127.457388, 36.63056], [127.457372, 36.630416], [127.45737, 36.630369], [127.457373, 36.630319], [127.457381, 36.630229], [127.457393, 36.630198], [127.457406, 36.630174], [127.457445, 36.630039], [127.457447, 36.630022], [127.457451, 36.629982], [127.457413, 36.629885], [127.457368, 36.629802], [127.457292, 36.629714], [127.457155, 36.629566], [127.457136, 36.629541], [127.45713, 36.62954], [127.457093, 36.629562], [127.457092, 36.629567], [127.457093, 36.629571], [127.457113, 36.629592], [127.457094, 36.629603], [127.457156, 36.629674], [127.457205, 36.629643], [127.457332, 36.629798], [127.457359, 36.629845], [127.457376, 36.629895], [127.457384, 36.629931], [127.457379, 36.629952], [127.457366, 36.629968], [127.457292, 36.630012], [127.457301, 36.630077], [127.457291, 36.630336], [127.457283, 36.630375], [127.457264, 36.630413], [127.457245, 36.630437], [127.457217, 36.63046], [127.457178, 36.630486], [127.456809, 36.630682], [127.456804, 36.63069], [127.456804, 36.630698], [127.456808, 36.630707], [127.456868, 36.630768], [127.457134, 36.630741], [127.457133, 36.630733], [127.457162, 36.63073], [127.457137, 36.630565], [127.457346, 36.630542], [127.457376, 36.630742], [127.457397, 36.630739], [127.457406, 36.630788], [127.457383, 36.630791], [127.45739, 36.630834], [127.457407, 36.630948]], [[127.457155, 36.629668], [127.457106, 36.629611], [127.457156, 36.629585], [127.457205, 36.629643], [127.457155, 36.629668]]]}}, {"type": "Feature", "properties": {"surface": "grass"}, "geometry": {"type": "Polygon", "coordinates": [[[127.456774, 36.630493], [127.456672, 36.630553], [127.45675, 36.630639], [127.456763, 36.63065], [127.456773, 36.630653], [127.456779, 36.630654], [127.456787, 36.630652], [127.456999, 36.630536], [127.457149, 36.630456], [127.457183, 36.630435], [127.457207, 36.630411], [127.457227, 36.630391], [127.457245, 36.630349], [127.457254, 36.630317], [127.457254, 36.630299], [127.45725, 36.630301], [127.457251, 36.630302], [127.457097, 36.630388], [127.456977, 36.630254], [127.456983, 36.630251], [127.456916, 36.630174], [127.456657, 36.630323], [127.456706, 36.630382], [127.456686, 36.630393], [127.456774, 36.630493]]]}}, {"type": "Feature", "properties": {"surface": "grass"}, "geometry": {"type": "Polygon", "coordinates": [[[127.456635, 36.630421], [127.456582, 36.63045], [127.456636, 36.630513], [127.45669, 36.630482], [127.456635, 36.630421]]]}}, {"type": "Feature", "properties": {"surface": "grass"}, "geometry": {"type": "Polygon", "coordinates": [[[127.456087, 36.630675], [127.456434, 36.630468], [127.456407, 36.630433], [127.456054, 36.630634], [127.456087, 36.630675]]]}}, {"type": "Feature", "properties": {"surface": "grass"}, "geometry": {"type": "MultiPolygon", "coordinates": [[[[127.456418, 36.630693], [127.456417, 36.630694], [127.456423, 36.6307], [127.456418, 36.630693]]], [[[127.456546, 36.630838], [127.456601, 36.630899], [127.456694, 36.630837], [127.45673, 36.630813], [127.456558, 36.630621], [127.456423, 36.6307], [127.456546, 36.630838]]]]}}, {"type": "Feature", "properties": {"surface": "grass"}, "geometry": {"type": "Polygon", "coordinates": [[[127.456177, 36.631105], [127.456171, 36.631102], [127.456161, 36.631095], [127.456123, 36.631071], [127.456093, 36.631049], [127.456086, 36.631042], [127.456087, 36.631035], [127.456032, 36.631082], [127.455977, 36.631128], [127.455958, 36.631149], [127.455945, 36.631165], [127.45594, 36.631175], [127.455939, 36.631188], [127.455942, 36.631203], [127.455949, 36.63122], [127.455963, 36.631242], [127.455971, 36.631251], [127.455998, 36.631274], [127.456002, 36.631279], [127.456002, 36.631284], [127.455998, 36.63129], [127.455989, 36.631296], [127.455963, 36.631306], [127.45595, 36.631307], [127.455935, 36.631304], [127.455873, 36.631281], [127.455832, 36.631271], [127.455809, 36.631268], [127.455779, 36.631267], [127.455746, 36.631271], [127.455714, 36.631279], [127.455687, 36.631289], [127.455673, 36.631297], [127.455661, 36.631308], [127.455649, 36.63132], [127.455638, 36.631336], [127.45562, 36.631371], [127.455593, 36.631438], [127.455577, 36.631483], [127.455565, 36.631526], [127.455559, 36.631566], [127.455557, 36.631604], [127.455559, 36.631648], [127.455562, 36.631676], [127.455569, 36.631699], [127.45558, 36.631719], [127.455596, 36.631739], [127.455612, 36.631755], [127.455629, 36.631766], [127.455646, 36.631773], [127.455661, 36.631777], [127.455679, 36.631779], [127.455696, 36.631779], [127.455712, 36.631777], [127.455726, 36.631771], [127.455755, 36.631754], [127.455768, 36.631748], [127.455804, 36.631739], [127.455817, 36.631738], [127.455828, 36.631739], [127.455852, 36.63175], [127.455863, 36.631757], [127.455861, 36.631742], [127.455841, 36.631685], [127.45582, 36.631639], [127.455816, 36.631628], [127.455763, 36.63153], [127.455761, 36.631521], [127.455761, 36.631516], [127.455762, 36.631512], [127.455767, 36.631502], [127.455808, 36.631446], [127.455875, 36.631354], [127.455889, 36.631341], [127.455898, 36.631338], [127.455905, 36.631337], [127.455922, 36.631344], [127.455926, 36.63135], [127.455926, 36.631354], [127.455923, 36.631361], [127.455851, 36.631462], [127.455842, 36.631473], [127.455828, 36.631482], [127.455826, 36.631488], [127.4558, 36.631499], [127.4558, 36.631502], [127.455836, 36.63159], [127.455839, 36.631598], [127.455909, 36.631705], [127.455959, 36.631783], [127.45605, 36.631914], [127.45607, 36.631944], [127.45607, 36.631951], [127.456067, 36.631957], [127.456054, 36.631964], [127.456044, 36.631966], [127.456032, 36.631965], [127.455999, 36.631949], [127.455968, 36.631923], [127.455923, 36.631882], [127.455925, 36.631887], [127.45594, 36.631929], [127.455965, 36.631965], [127.455973, 36.631978], [127.456015, 36.632044], [127.456033, 36.632071], [127.45604, 36.632089], [127.456029, 36.632117], [127.456018, 36.632139], [127.456027, 36.632143], [127.455962, 36.632259], [127.455959, 36.632257], [127.455951, 36.632273], [127.456192, 36.632331], [127.456228, 36.63235], [127.456235, 36.632359], [127.45624, 36.632413], [127.456306, 36.632423], [127.456334, 36.632421], [127.456334, 36.632427], [127.45636, 36.632431], [127.45637, 36.632429], [127.456373, 36.632433], [127.456392, 36.632436], [127.456406, 36.632429], [127.456413, 36.632439], [127.456417, 36.632439], [127.456462, 36.632428], [127.456454, 36.632414], [127.456445, 36.632399], [127.456269, 36.632363], [127.456253, 36.632287], [127.456241, 36.632246], [127.456244, 36.632246], [127.456228, 36.63217], [127.456162, 36.632215], [127.456146, 36.632228], [127.456125, 36.632234], [127.456098, 36.632235], [127.456079, 36.632232], [127.456064, 36.632223], [127.456055, 36.632206], [127.456056, 36.632189], [127.456081, 36.632147], [127.456091, 36.632122], [127.456096, 36.632096], [127.456094, 36.63208], [127.45609, 36.632057], [127.45609, 36.632038], [127.456093, 36.632015], [127.456142, 36.631972], [127.456135, 36.631962], [127.456126, 36.631965], [127.456039, 36.631846], [127.456013, 36.631814], [127.455978, 36.631776], [127.455933, 36.631664], [127.455911, 36.631611], [127.45587, 36.631623], [127.455811, 36.631514], [127.455825, 36.63151], [127.455823, 36.631506], [127.455981, 36.631459], [127.455982, 36.631461], [127.456009, 36.631453], [127.456021, 36.631449], [127.456397, 36.631333], [127.456433, 36.631405], [127.456405, 36.631413], [127.456469, 36.63157], [127.456391, 36.631596], [127.456399, 36.631613], [127.45641, 36.631638], [127.45644, 36.631633], [127.456467, 36.631633], [127.456502, 36.631641], [127.456525, 36.631651], [127.456561, 36.631692], [127.456659, 36.631638], [127.456691, 36.631675], [127.456709, 36.631668], [127.456747, 36.631719], [127.456742, 36.631726], [127.45677, 36.631765], [127.45682, 36.631823], [127.456798, 36.631836], [127.456756, 36.631893], [127.456736, 36.631871], [127.45672, 36.63188], [127.456729, 36.63189], [127.456732, 36.631892], [127.456775, 36.631914], [127.456797, 36.631909], [127.456902, 36.631759], [127.457034, 36.631604], [127.45714, 36.63148], [127.457199, 36.631411], [127.457306, 36.631254], [127.457308, 36.631247], [127.457305, 36.631239], [127.457297, 36.631231], [127.457215, 36.631197], [127.457204, 36.631196], [127.457193, 36.631197], [127.457187, 36.6312], [127.457127, 36.631279], [127.45708, 36.63132], [127.457016, 36.631358], [127.456998, 36.631367], [127.456989, 36.631377], [127.456987, 36.631384], [127.456989, 36.631396], [127.456996, 36.631404], [127.457054, 36.631433], [127.457059, 36.631436], [127.457064, 36.631438], [127.456847, 36.631752], [127.456322, 36.631166], [127.456152, 36.630977], [127.456098, 36.631025], [127.456106, 36.631024], [127.456119, 36.631033], [127.456168, 36.631067], [127.456192, 36.631089], [127.456193, 36.631094], [127.45619, 36.631102], [127.456184, 36.631105], [127.456177, 36.631105]], [[127.456653, 36.631635], [127.456622, 36.631615], [127.456586, 36.631588], [127.456555, 36.631549], [127.45655, 36.631532], [127.456547, 36.631514], [127.456535, 36.631493], [127.456514, 36.631475], [127.456514, 36.631472], [127.456523, 36.631463], [127.456531, 36.631461], [127.456537, 36.631461], [127.456545, 36.631466], [127.456637, 36.631553], [127.456707, 36.631622], [127.456709, 36.631628], [127.456702, 36.631642], [127.456695, 36.631644], [127.456686, 36.631644], [127.456675, 36.631644], [127.456659, 36.631638], [127.456653, 36.631635]], [[127.45602, 36.632269], [127.456038, 36.632234], [127.456142, 36.632272], [127.45612, 36.632304], [127.45602, 36.632269]], [[127.455906, 36.631445], [127.455898, 36.631448], [127.455891, 36.631449], [127.455887, 36.631448], [127.455887, 36.631444], [127.45589, 36.631437], [127.455937, 36.63136], [127.455944, 36.631357], [127.455968, 36.631361], [127.455977, 36.631367], [127.45598, 36.631374], [127.455979, 36.63138], [127.455974, 36.631389], [127.455967, 36.631394], [127.455951, 36.631401], [127.455937, 36.631405], [127.455928, 36.631411], [127.455913, 36.631435], [127.455906, 36.631445]], [[127.455802, 36.631699], [127.455797, 36.631703], [127.455784, 36.631709], [127.455763, 36.631712], [127.455738, 36.631716], [127.455725, 36.631722], [127.455714, 36.631729], [127.455709, 36.631734], [127.455703, 36.631738], [127.455698, 36.631738], [127.455691, 36.631736], [127.455658, 36.631701], [127.455617, 36.631652], [127.455605, 36.63161], [127.455603, 36.631574], [127.455604, 36.631528], [127.455618, 36.631469], [127.455635, 36.631438], [127.455651, 36.63142], [127.455658, 36.631417], [127.455663, 36.631417], [127.455712, 36.631432], [127.455728, 36.631432], [127.455739, 36.63143], [127.455752, 36.631423], [127.455776, 36.631392], [127.455779, 36.631387], [127.455779, 36.631383], [127.455773, 36.631377], [127.455739, 36.631354], [127.455735, 36.631346], [127.455735, 36.631342], [127.455764, 36.631304], [127.455802, 36.631286], [127.45582, 36.631286], [127.455827, 36.631288], [127.455838, 36.631295], [127.455868, 36.631335], [127.455868, 36.631345], [127.455848, 36.631369], [127.455846, 36.631373], [127.45581, 36.631408], [127.455743, 36.631478], [127.45573, 36.631502], [127.455729, 36.631512], [127.455729, 36.631522], [127.45573, 36.631539], [127.455732, 36.631547], [127.455772, 36.631627], [127.455804, 36.631668], [127.455807, 36.631682], [127.455805, 36.631694], [127.455802, 36.631699]], [[127.457139, 36.631448], [127.457126, 36.631444], [127.45708, 36.631421], [127.457045, 36.631405], [127.457042, 36.631399], [127.457041, 36.631395], [127.457043, 36.63139], [127.457086, 36.631345], [127.457153, 36.631286], [127.457188, 36.631252], [127.457201, 36.631249], [127.457209, 36.631249], [127.457242, 36.63126], [127.457251, 36.631269], [127.457258, 36.631276], [127.457258, 36.631283], [127.457251, 36.631294], [127.457232, 36.631333], [127.457188, 36.631395], [127.457147, 36.631444], [127.457141, 36.631448], [127.457139, 36.631448]]]}}, {"type": "Feature", "properties": {"surface": "grass"}, "geometry": {"type": "Polygon", "coordinates": [[[127.45705, 36.631715], [127.457048, 36.631704], [127.457035, 36.631692], [127.457023, 36.631697], [127.457008, 36.631717], [127.456939, 36.631826], [127.456897, 36.631904], [127.456884, 36.631941], [127.456915, 36.631948], [127.456931, 36.631909], [127.456975, 36.631831], [127.45705, 36.631715]]]}}, {"type": "Feature", "properties": {"surface": "grass"}, "geometry": {"type": "Polygon", "coordinates": [[[127.456838, 36.632239], [127.456841, 36.632267], [127.456844, 36.63228], [127.456846, 36.632289], [127.456874, 36.632368], [127.456894, 36.632409], [127.456895, 36.632411], [127.456912, 36.63244], [127.456923, 36.632461], [127.456988, 36.63244], [127.456963, 36.632397], [127.456914, 36.632284], [127.4569, 36.632242], [127.456884, 36.632171], [127.456883, 36.632122], [127.456893, 36.63203], [127.456906, 36.631971], [127.456907, 36.631969], [127.456902, 36.631966], [127.456878, 36.631963], [127.456875, 36.631965], [127.456868, 36.631986], [127.456861, 36.632021], [127.456858, 36.632043], [127.456855, 36.632063], [127.456845, 36.632125], [127.45684, 36.632164], [127.456837, 36.632215], [127.456838, 36.632239]]]}}, {"type": "Feature", "properties": {"surface": "grass"}, "geometry": {"type": "Polygon", "coordinates": [[[127.45571, 36.632591], [127.455946, 36.632677], [127.456137, 36.632748], [127.456126, 36.632686], [127.456067, 36.632693], [127.456043, 36.632576], [127.456029, 36.63253], [127.456016, 36.632502], [127.456001, 36.632481], [127.455984, 36.632467], [127.455976, 36.632462], [127.455812, 36.632401], [127.45571, 36.632591]]]}}, {"type": "Feature", "properties": {"surface": "grass"}, "geometry": {"type": "Polygon", "coordinates": [[[127.457656, 36.63314], [127.457666, 36.633146], [127.457698, 36.633145], [127.4577, 36.633119], [127.457495, 36.632975], [127.457318, 36.632817], [127.45714, 36.632629], [127.457071, 36.632555], [127.457017, 36.632482], [127.456948, 36.632503], [127.457125, 36.632695], [127.457252, 36.632823], [127.45737, 36.632926], [127.45741, 36.632963], [127.457458, 36.633003], [127.45751, 36.633041], [127.457575, 36.633083], [127.457656, 36.63314]]]}}, {"type": "Feature", "properties": {"surface": "grass"}, "geometry": {"type": "Polygon", "coordinates": [[[127.456696, 36.633745], [127.456577, 36.633738], [127.456573, 36.633768], [127.456708, 36.633768], [127.456715, 36.63366], [127.456588, 36.633658], [127.456588, 36.633663], [127.456703, 36.63367], [127.456696, 36.633745]]]}}, {"type": "Feature", "properties": {"surface": "grass"}, "geometry": {"type": "Polygon", "coordinates": [[[127.457035, 36.633974], [127.457034, 36.63398], [127.457039, 36.63398], [127.457042, 36.633944], [127.457044, 36.633903], [127.457046, 36.633903], [127.457046, 36.633898], [127.456911, 36.633891], [127.456907, 36.633948], [127.456911, 36.633961], [127.456919, 36.633972], [127.456939, 36.633973], [127.45694, 36.633969], [127.457035, 36.633974]], [[127.457035, 36.633899], [127.457037, 36.633903], [127.457034, 36.633956], [127.457027, 36.633963], [127.456966, 36.63396], [127.456941, 36.633958], [127.456936, 36.633956], [127.456933, 36.633949], [127.456936, 36.633897], [127.456941, 36.633895], [127.457035, 36.633899]]]}}, {"type": "Feature", "properties": {"surface": "grass"}, "geometry": {"type": "Polygon", "coordinates": [[[127.457442, 36.622968], [127.457438, 36.622969], [127.457431, 36.622971], [127.457411, 36.622974], [127.457389, 36.622976], [127.457369, 36.622977], [127.457342, 36.622978], [127.457301, 36.622982], [127.457263, 36.622987], [127.457246, 36.62299], [127.457234, 36.622998], [127.457229, 36.623003], [127.457225, 36.623009], [127.457223, 36.623016], [127.457222, 36.62302], [127.457222, 36.623021], [127.457223, 36.623024], [127.457225, 36.623028], [127.457227, 36.623032], [127.457228, 36.62303], [127.45723, 36.623028], [127.457236, 36.623023], [127.457241, 36.62302], [127.457246, 36.623018], [127.457251, 36.623016], [127.457264, 36.623013], [127.457328, 36.623006], [127.457409, 36.622995], [127.457439, 36.62299], [127.457461, 36.622985], [127.457476, 36.622981], [127.457491, 36.622977], [127.457507, 36.622971], [127.457532, 36.622961], [127.457593, 36.622932], [127.45762, 36.622919], [127.457644, 36.622906], [127.457653, 36.622901], [127.457697, 36.622879], [127.457663, 36.622866], [127.457651, 36.622875], [127.457603, 36.622909], [127.457579, 36.622922], [127.457555, 36.622933], [127.457534, 36.622941], [127.457498, 36.622951], [127.457463, 36.62296], [127.457444, 36.622967], [127.457442, 36.622968]]]}}, {"type": "Feature", "properties": {"surface": "grass"}, "geometry": {"type": "Polygon", "coordinates": [[[127.460179, 36.623845], [127.460181, 36.623827], [127.460182, 36.623818], [127.460181, 36.623799], [127.460179, 36.623771], [127.460173, 36.623629], [127.460171, 36.623618], [127.460166, 36.623608], [127.460159, 36.623597], [127.460149, 36.623592], [127.460135, 36.623586], [127.460112, 36.623584], [127.459817, 36.623596], [127.459811, 36.623596], [127.459805, 36.623607], [127.459778, 36.623629], [127.459747, 36.623646], [127.459705, 36.623643], [127.459667, 36.623643], [127.459673, 36.623645], [127.459688, 36.62366], [127.4597, 36.623681], [127.459706, 36.623699], [127.459705, 36.623717], [127.459685, 36.623737], [127.459664, 36.623744], [127.459636, 36.623745], [127.459613, 36.623741], [127.459587, 36.623732], [127.459566, 36.623724], [127.459516, 36.623699], [127.459492, 36.623695], [127.459468, 36.623691], [127.459436, 36.623689], [127.459411, 36.623689], [127.459388, 36.62369], [127.459364, 36.623692], [127.459336, 36.623697], [127.459313, 36.623699], [127.459289, 36.623702], [127.459287, 36.623703], [127.459265, 36.623703], [127.459241, 36.623704], [127.459217, 36.623707], [127.459194, 36.623712], [127.459144, 36.623724], [127.459121, 36.623727], [127.459038, 36.623733], [127.459015, 36.623733], [127.458991, 36.623734], [127.458952, 36.623734], [127.458896, 36.623732], [127.458836, 36.623742], [127.458784, 36.623763], [127.458718, 36.623838], [127.458693, 36.623859], [127.458688, 36.623862], [127.45866, 36.623869], [127.458634, 36.623869], [127.458608, 36.623862], [127.45859, 36.623848], [127.45857, 36.623826], [127.458564, 36.62382], [127.458564, 36.623818], [127.458517, 36.623774], [127.458494, 36.623767], [127.458454, 36.62376], [127.458422, 36.623759], [127.458378, 36.623759], [127.458244, 36.623753], [127.458184, 36.623761], [127.458019, 36.623789], [127.457991, 36.623789], [127.457972, 36.623786], [127.457952, 36.623779], [127.457929, 36.623767], [127.457913, 36.623748], [127.457909, 36.623731], [127.457883, 36.623764], [127.457804, 36.623721], [127.457832, 36.623688], [127.457909, 36.62373], [127.457908, 36.623727], [127.45791, 36.623698], [127.457919, 36.623554], [127.458115, 36.623353], [127.458126, 36.623347], [127.458141, 36.623345], [127.458156, 36.623345], [127.45817, 36.623349], [127.45822, 36.623376], [127.458229, 36.623385], [127.458236, 36.623392], [127.458262, 36.623424], [127.458273, 36.623443], [127.458278, 36.623458], [127.458296, 36.623511], [127.458306, 36.623522], [127.458322, 36.623529], [127.458341, 36.623533], [127.458359, 36.623528], [127.458375, 36.623515], [127.458383, 36.623504], [127.458386, 36.623492], [127.458386, 36.623319], [127.458396, 36.623295], [127.458407, 36.623281], [127.45842, 36.623272], [127.458424, 36.62327], [127.458439, 36.623264], [127.458464, 36.623262], [127.458512, 36.62326], [127.458496, 36.623208], [127.458481, 36.623179], [127.458448, 36.623157], [127.458402, 36.623133], [127.458353, 36.623122], [127.458351, 36.62313], [127.458349, 36.623137], [127.45835, 36.623152], [127.458351, 36.62316], [127.458351, 36.623165], [127.458347, 36.623172], [127.45834, 36.623177], [127.458334, 36.62318], [127.458328, 36.62318], [127.458324, 36.623179], [127.458319, 36.623175], [127.458304, 36.623157], [127.458272, 36.62311], [127.458246, 36.623108], [127.458246, 36.623113], [127.458241, 36.623123], [127.458236, 36.623132], [127.458224, 36.623137], [127.458195, 36.623146], [127.457997, 36.623163], [127.457973, 36.623161], [127.457948, 36.623154], [127.457924, 36.623142], [127.457908, 36.623127], [127.45789, 36.623098], [127.457885, 36.623087], [127.457878, 36.623064], [127.457875, 36.623057], [127.457872, 36.623053], [127.457866, 36.623049], [127.457859, 36.623046], [127.45785, 36.623045], [127.457843, 36.623045], [127.457831, 36.623047], [127.457822, 36.62305], [127.457813, 36.623053], [127.457795, 36.623061], [127.457778, 36.623071], [127.457742, 36.623094], [127.457719, 36.623109], [127.457698, 36.623125], [127.457667, 36.623151], [127.457657, 36.623158], [127.45765, 36.623163], [127.457637, 36.623168], [127.457623, 36.623172], [127.457612, 36.623174], [127.457593, 36.623175], [127.457573, 36.623174], [127.457552, 36.623172], [127.457519, 36.623167], [127.4575, 36.623163], [127.457549, 36.623184], [127.457605, 36.623209], [127.457628, 36.623217], [127.457634, 36.623216], [127.457641, 36.623213], [127.457644, 36.623212], [127.457648, 36.623209], [127.457655, 36.623203], [127.457678, 36.623181], [127.457712, 36.623147], [127.457719, 36.623141], [127.457728, 36.623135], [127.457743, 36.623126], [127.457755, 36.623119], [127.457762, 36.623117], [127.457774, 36.623117], [127.457799, 36.623117], [127.457802, 36.623117], [127.457807, 36.623119], [127.457817, 36.623122], [127.457846, 36.623133], [127.457891, 36.623153], [127.457906, 36.623162], [127.457912, 36.623167], [127.457918, 36.623175], [127.457932, 36.623194], [127.457943, 36.62321], [127.457949, 36.623214], [127.457958, 36.62322], [127.45796, 36.623221], [127.457966, 36.623224], [127.457978, 36.62323], [127.458021, 36.623246], [127.458089, 36.623274], [127.458102, 36.62328], [127.458108, 36.623285], [127.458116, 36.623296], [127.458125, 36.62331], [127.458127, 36.623317], [127.458128, 36.623323], [127.458128, 36.623325], [127.458126, 36.623328], [127.458121, 36.623333], [127.458113, 36.623341], [127.458102, 36.62335], [127.458078, 36.623369], [127.458061, 36.623381], [127.458056, 36.623384], [127.458037, 36.623398], [127.45802, 36.623414], [127.458, 36.623437], [127.457972, 36.623473], [127.457932, 36.623523], [127.457924, 36.623531], [127.457914, 36.623536], [127.457905, 36.62354], [127.457898, 36.623541], [127.45789, 36.62354], [127.457887, 36.623538], [127.457885, 36.623534], [127.457885, 36.623525], [127.457886, 36.623512], [127.457886, 36.6235], [127.457884, 36.623496], [127.457879, 36.623491], [127.457874, 36.623486], [127.457872, 36.623482], [127.457872, 36.623481], [127.457874, 36.623478], [127.457877, 36.623472], [127.457892, 36.623452], [127.457912, 36.623424], [127.457912, 36.623423], [127.457911, 36.623423], [127.457909, 36.623421], [127.4579, 36.623416], [127.457863, 36.623398], [127.457828, 36.623381], [127.457812, 36.623374], [127.457805, 36.623375], [127.457804, 36.623376], [127.457803, 36.623377], [127.4578, 36.623379], [127.457791, 36.62339], [127.457755, 36.623429], [127.457708, 36.623481], [127.457697, 36.623493], [127.457684, 36.623503], [127.457669, 36.623513], [127.457643, 36.623526], [127.457631, 36.623528], [127.457616, 36.623529], [127.457611, 36.623529], [127.457606, 36.623528], [127.457598, 36.623526], [127.457589, 36.623523], [127.457579, 36.623519], [127.457575, 36.623516], [127.457568, 36.623512], [127.457558, 36.623505], [127.457531, 36.623484], [127.457524, 36.623477], [127.457511, 36.623464], [127.457486, 36.623436], [127.457451, 36.623395], [127.457408, 36.623342], [127.457337, 36.623252], [127.457318, 36.623226], [127.457311, 36.623213], [127.457308, 36.6232], [127.457306, 36.623185], [127.457304, 36.623171], [127.4573, 36.623161], [127.457298, 36.623158], [127.457295, 36.623155], [127.457288, 36.62315], [127.457263, 36.623135], [127.457216, 36.623107], [127.457212, 36.623105], [127.457206, 36.623101], [127.457198, 36.623093], [127.457189, 36.623083], [127.457179, 36.62307], [127.457156, 36.623042], [127.457131, 36.623014], [127.457124, 36.623007], [127.457114, 36.622998], [127.457099, 36.622986], [127.45708, 36.622971], [127.45706, 36.622956], [127.457023, 36.622933], [127.457009, 36.622926], [127.456999, 36.622923], [127.456982, 36.62292], [127.456963, 36.622919], [127.45688, 36.622917], [127.456808, 36.622915], [127.456799, 36.622914], [127.456789, 36.622912], [127.456781, 36.622909], [127.456777, 36.622905], [127.456775, 36.622895], [127.456775, 36.622894], [127.456776, 36.62289], [127.456778, 36.62288], [127.456787, 36.622847], [127.456801, 36.622807], [127.456818, 36.622769], [127.456836, 36.622734], [127.456854, 36.622705], [127.456881, 36.622664], [127.456829, 36.622652], [127.456798, 36.622597], [127.456644, 36.62258], [127.456572, 36.622581], [127.456527, 36.622584], [127.456494, 36.622587], [127.456482, 36.622588], [127.45646, 36.622593], [127.456431, 36.622602], [127.45639, 36.622617], [127.456283, 36.622665], [127.456252, 36.622684], [127.456233, 36.622699], [127.456158, 36.622768], [127.456105, 36.622811], [127.456087, 36.622825], [127.455891, 36.62295], [127.455815, 36.623], [127.455622, 36.623122], [127.455581, 36.623149], [127.455473, 36.623212], [127.455421, 36.623233], [127.455378, 36.623245], [127.455353, 36.623249], [127.455185, 36.623272], [127.455101, 36.623283], [127.455089, 36.623297], [127.455088, 36.62331], [127.45509, 36.62332], [127.455098, 36.623326], [127.45521, 36.623376], [127.455227, 36.623379], [127.455237, 36.623378], [127.455251, 36.623371], [127.455388, 36.6233], [127.455442, 36.623283], [127.455506, 36.623264], [127.4556, 36.62322], [127.455682, 36.623175], [127.455683, 36.623174], [127.455707, 36.623178], [127.455713, 36.623178], [127.455717, 36.623177], [127.455725, 36.623176], [127.455734, 36.623172], [127.455745, 36.623165], [127.455754, 36.623157], [127.455756, 36.623154], [127.455758, 36.623149], [127.45576, 36.623142], [127.45576, 36.623139], [127.455761, 36.623138], [127.455889, 36.623055], [127.45589, 36.623053], [127.45589, 36.623052], [127.45589, 36.623051], [127.455871, 36.623028], [127.455871, 36.623026], [127.455873, 36.623024], [127.456225, 36.622849], [127.456326, 36.6228], [127.456327, 36.622799], [127.456327, 36.622798], [127.456328, 36.622796], [127.456327, 36.622795], [127.456277, 36.622713], [127.456277, 36.622712], [127.456277, 36.62271], [127.456278, 36.622709], [127.456354, 36.622662], [127.456389, 36.622642], [127.456423, 36.622626], [127.456434, 36.622623], [127.456437, 36.622623], [127.45644, 36.622623], [127.456442, 36.622623], [127.456443, 36.622624], [127.456445, 36.622625], [127.456611, 36.62282], [127.456689, 36.622918], [127.456689, 36.622919], [127.456689, 36.62292], [127.456689, 36.622922], [127.456662, 36.622978], [127.456651, 36.623009], [127.456649, 36.623026], [127.456651, 36.623041], [127.456672, 36.623091], [127.4567, 36.623139], [127.457009, 36.622985], [127.457025, 36.622982], [127.457038, 36.622985], [127.457052, 36.622993], [127.45736, 36.623409], [127.457489, 36.623574], [127.457514, 36.623594], [127.457613, 36.623653], [127.457856, 36.623767], [127.457836, 36.623789], [127.457655, 36.623704], [127.457625, 36.623706], [127.457613, 36.623717], [127.457486, 36.623927], [127.457532, 36.623949], [127.457543, 36.623954], [127.457575, 36.62397], [127.457667, 36.624013], [127.457533, 36.624191], [127.457568, 36.624208], [127.457851, 36.623933], [127.457964, 36.623869], [127.45804, 36.623836], [127.458209, 36.62385], [127.458425, 36.62384], [127.458572, 36.623989], [127.458571, 36.624002], [127.458566, 36.624011], [127.458555, 36.624025], [127.458536, 36.624043], [127.458516, 36.624057], [127.458438, 36.624093], [127.458435, 36.6241], [127.458435, 36.624106], [127.458438, 36.624111], [127.458443, 36.624112], [127.458449, 36.624114], [127.458558, 36.624096], [127.458581, 36.624089], [127.458606, 36.624076], [127.458828, 36.623942], [127.458795, 36.623905], [127.45898, 36.623801], [127.459011, 36.623835], [127.459384, 36.623754], [127.459438, 36.623748], [127.45947, 36.62375], [127.459492, 36.623755], [127.459511, 36.623767], [127.459787, 36.624034], [127.459799, 36.624042], [127.459813, 36.624049], [127.459828, 36.624051], [127.460019, 36.624038], [127.46011, 36.624001], [127.460118, 36.623991], [127.46013, 36.62398], [127.460146, 36.623942], [127.460151, 36.623932], [127.460161, 36.62391], [127.460169, 36.623887], [127.460172, 36.623876], [127.460177, 36.623855], [127.460179, 36.623845]], [[127.457626, 36.623719], [127.457638, 36.623712], [127.457658, 36.623711], [127.457822, 36.623792], [127.45767, 36.623989], [127.457661, 36.623994], [127.457652, 36.623995], [127.457515, 36.62393], [127.457506, 36.623927], [127.457503, 36.623924], [127.457501, 36.623919], [127.457506, 36.623905], [127.457619, 36.623727], [127.457626, 36.623719]], [[127.457769, 36.62367], [127.457615, 36.623592], [127.457642, 36.623557], [127.457667, 36.623523], [127.457694, 36.623536], [127.457816, 36.623377], [127.457905, 36.623424], [127.457839, 36.62351], [127.457787, 36.62358], [127.457822, 36.6236], [127.457769, 36.62367]], [[127.456868, 36.622963], [127.456911, 36.622941], [127.456928, 36.622967], [127.456884, 36.622987], [127.456868, 36.622963]], [[127.458216, 36.623348], [127.458203, 36.62332], [127.458313, 36.623192], [127.458373, 36.623189], [127.458395, 36.623221], [127.458397, 36.623256], [127.45825, 36.623348], [127.458216, 36.623348]], [[127.458109, 36.623255], [127.458083, 36.623242], [127.458046, 36.623225], [127.458019, 36.623214], [127.458004, 36.623208], [127.457992, 36.623202], [127.457975, 36.623191], [127.457969, 36.623186], [127.457966, 36.623181], [127.457965, 36.623177], [127.457965, 36.623173], [127.457968, 36.62317], [127.457975, 36.623168], [127.457983, 36.623167], [127.45799, 36.623166], [127.458023, 36.623168], [127.458048, 36.623168], [127.458069, 36.623167], [127.458085, 36.623167], [127.458089, 36.623167], [127.458091, 36.623168], [127.458092, 36.623169], [127.458103, 36.623184], [127.458111, 36.623194], [127.458118, 36.623201], [127.458125, 36.623204], [127.45813, 36.623206], [127.458157, 36.623201], [127.45818, 36.623196], [127.458259, 36.623182], [127.458283, 36.623178], [127.45829, 36.623177], [127.458293, 36.623177], [127.458294, 36.623177], [127.458297, 36.623179], [127.458299, 36.62318], [127.458301, 36.623185], [127.458299, 36.623188], [127.458231, 36.623234], [127.458179, 36.623267], [127.458164, 36.623275], [127.458161, 36.623277], [127.458159, 36.623278], [127.458158, 36.623278], [127.458157, 36.623278], [127.458149, 36.623277], [127.458139, 36.623273], [127.458111, 36.623257], [127.458109, 36.623255]]]}}, {"type": "Feature", "properties": {"surface": "grass"}, "geometry": {"type": "Polygon", "coordinates": [[[127.45818, 36.624639], [127.458195, 36.624639], [127.458286, 36.624589], [127.458288, 36.624571], [127.45813, 36.624397], [127.45811, 36.624394], [127.458011, 36.624443], [127.45818, 36.624639]]]}}, {"type": "Feature", "properties": {"surface": "grass"}, "geometry": {"type": "Polygon", "coordinates": [[[127.458065, 36.624646], [127.45793, 36.624493], [127.457917, 36.624493], [127.457853, 36.624525], [127.457848, 36.624535], [127.457848, 36.624539], [127.457941, 36.624647], [127.457999, 36.624715], [127.458012, 36.624718], [127.458081, 36.62468], [127.458082, 36.624666], [127.458065, 36.624646]]]}}, {"type": "Feature", "properties": {"surface": "grass"}, "geometry": {"type": "Polygon", "coordinates": [[[127.459512, 36.62464], [127.459512, 36.624641], [127.45945, 36.624922], [127.459328, 36.624989], [127.459202, 36.624851], [127.459188, 36.624835], [127.459026, 36.624681], [127.458991, 36.624642], [127.458958, 36.624607], [127.458946, 36.624604], [127.458928, 36.624606], [127.458862, 36.624643], [127.458608, 36.624784], [127.458479, 36.624852], [127.458385, 36.624904], [127.458441, 36.624968], [127.458448, 36.624974], [127.458924, 36.624678], [127.459228, 36.625001], [127.459281, 36.625057], [127.45912, 36.625163], [127.459097, 36.625178], [127.459255, 36.625357], [127.459241, 36.625365], [127.459245, 36.62537], [127.45887, 36.625601], [127.458859, 36.62559], [127.458841, 36.625601], [127.458847, 36.625608], [127.458975, 36.625744], [127.459012, 36.625722], [127.458995, 36.625704], [127.458938, 36.625643], [127.458962, 36.625629], [127.459016, 36.625688], [127.459035, 36.625709], [127.459052, 36.625725], [127.458992, 36.625762], [127.459282, 36.626066], [127.459583, 36.625883], [127.459588, 36.625881], [127.459597, 36.625875], [127.459513, 36.625773], [127.459486, 36.625466], [127.459461, 36.625162], [127.459457, 36.62511], [127.459456, 36.625105], [127.459449, 36.625011], [127.459449, 36.625001], [127.459449, 36.624992], [127.459452, 36.624978], [127.459453, 36.624969], [127.459494, 36.624839], [127.459548, 36.62464], [127.459566, 36.624573], [127.459565, 36.624556], [127.459562, 36.624548], [127.459558, 36.624539], [127.459554, 36.624531], [127.459548, 36.624522], [127.45927, 36.624264], [127.459263, 36.624269], [127.459274, 36.624278], [127.459252, 36.624292], [127.45924, 36.624283], [127.459238, 36.624284], [127.459507, 36.624597], [127.459512, 36.624606], [127.459514, 36.624612], [127.459516, 36.624622], [127.459512, 36.62464]], [[127.459301, 36.625577], [127.459293, 36.625568], [127.459266, 36.625588], [127.459246, 36.625564], [127.459342, 36.625514], [127.459364, 36.625541], [127.459301, 36.625577]]]}}, {"type": "Feature", "properties": {"surface": "grass"}, "geometry": {"type": "Polygon", "coordinates": [[[127.457748, 36.62461], [127.457743, 36.624608], [127.457741, 36.624609], [127.457677, 36.624648], [127.457485, 36.624763], [127.457483, 36.624769], [127.457484, 36.624774], [127.457534, 36.624829], [127.457613, 36.62478], [127.45758, 36.624746], [127.4577, 36.624671], [127.457701, 36.624672], [127.457704, 36.62467], [127.457718, 36.624684], [127.457734, 36.624675], [127.457736, 36.624676], [127.457744, 36.624671], [127.457772, 36.624697], [127.457811, 36.624677], [127.457811, 36.624672], [127.457786, 36.624647], [127.457748, 36.62461]]]}}, {"type": "Feature", "properties": {"surface": "grass"}, "geometry": {"type": "Polygon", "coordinates": [[[127.458143, 36.624772], [127.458099, 36.624799], [127.458097, 36.624815], [127.458212, 36.624937], [127.458219, 36.624937], [127.458269, 36.624909], [127.458268, 36.624897], [127.458155, 36.624778], [127.458153, 36.624777], [127.458143, 36.624772]]]}}, {"type": "Feature", "properties": {"surface": "grass"}, "geometry": {"type": "Polygon", "coordinates": [[[127.458094, 36.625001], [127.458159, 36.625074], [127.458208, 36.625047], [127.458167, 36.625001], [127.458095, 36.624921], [127.458052, 36.624876], [127.4579, 36.624712], [127.457894, 36.624714], [127.457826, 36.624758], [127.458044, 36.624981], [127.45806, 36.624971], [127.458065, 36.624967], [127.458094, 36.625001]]]}}, {"type": "Feature", "properties": {"surface": "grass"}, "geometry": {"type": "MultiPolygon", "coordinates": [[[[127.457835, 36.625147], [127.457957, 36.625161], [127.457968, 36.625161], [127.45797, 36.62516], [127.457941, 36.625131], [127.45795, 36.625125], [127.457832, 36.625001], [127.457815, 36.624983], [127.457648, 36.624816], [127.457566, 36.624865], [127.4576, 36.624901], [127.457695, 36.625001], [127.457835, 36.625147]]], [[[127.45798, 36.625154], [127.45798, 36.625153], [127.45797, 36.62516], [127.45798, 36.625154]]]]}}, {"type": "Feature", "properties": {"surface": "grass"}, "geometry": {"type": "Polygon", "coordinates": [[[127.457634, 36.625135], [127.457769, 36.625149], [127.457775, 36.62514], [127.457641, 36.625001], [127.457617, 36.624976], [127.457612, 36.625001], [127.457594, 36.625111], [127.4576, 36.625123], [127.457611, 36.625129], [127.457634, 36.625135]]]}}, {"type": "Feature", "properties": {"surface": "grass"}, "geometry": {"type": "Polygon", "coordinates": [[[127.457725, 36.625194], [127.457717, 36.625188], [127.457703, 36.625185], [127.457646, 36.62518], [127.457573, 36.625174], [127.457573, 36.625176], [127.457564, 36.625279], [127.457567, 36.625289], [127.45769, 36.625302], [127.457698, 36.625301], [127.457704, 36.625298], [127.457709, 36.625291], [127.457728, 36.6252], [127.457725, 36.625194]]]}}, {"type": "Feature", "properties": {"surface": "grass"}, "geometry": {"type": "Polygon", "coordinates": [[[127.457548, 36.625331], [127.457544, 36.625341], [127.457516, 36.625448], [127.457459, 36.625479], [127.457344, 36.62546], [127.457339, 36.625494], [127.457379, 36.62554], [127.457407, 36.62557], [127.457942, 36.625251], [127.457976, 36.625231], [127.457965, 36.625213], [127.457777, 36.625197], [127.457762, 36.625197], [127.457755, 36.625205], [127.457736, 36.625334], [127.457571, 36.625322], [127.457559, 36.625326], [127.457548, 36.625331]]]}}, {"type": "Feature", "properties": {"surface": "grass"}, "geometry": {"type": "Polygon", "coordinates": [[[127.45787, 36.626027], [127.45791, 36.626031], [127.45834, 36.625766], [127.458524, 36.625657], [127.458497, 36.625628], [127.458444, 36.625658], [127.458422, 36.625672], [127.458368, 36.625613], [127.458282, 36.625668], [127.458156, 36.625541], [127.457732, 36.625804], [127.457875, 36.625956], [127.457832, 36.625983], [127.45787, 36.626027]]]}}, {"type": "Feature", "properties": {"surface": "grass"}, "geometry": {"type": "Polygon", "coordinates": [[[127.458564, 36.62632], [127.4586, 36.62635], [127.458813, 36.626231], [127.458814, 36.626198], [127.458813, 36.626188], [127.458656, 36.626025], [127.458564, 36.626081], [127.458564, 36.62632]]]}}, {"type": "Feature", "properties": {"surface": "grass"}, "geometry": {"type": "Polygon", "coordinates": [[[127.45852, 36.626138], [127.458425, 36.626196], [127.458423, 36.626202], [127.458426, 36.626208], [127.458523, 36.626308], [127.458531, 36.626307], [127.458534, 36.626306], [127.458527, 36.626143], [127.458524, 36.626139], [127.45852, 36.626138]]]}}, {"type": "Feature", "properties": {"surface": "grass"}, "geometry": {"type": "Polygon", "coordinates": [[[127.457688, 36.626066], [127.45772, 36.626118], [127.457715, 36.626125], [127.4574, 36.6263], [127.457392, 36.626298], [127.457382, 36.626291], [127.457372, 36.626277], [127.457354, 36.626277], [127.457342, 36.626291], [127.457344, 36.626316], [127.457367, 36.626474], [127.457381, 36.626481], [127.457395, 36.626484], [127.457402, 36.626484], [127.457447, 36.62647], [127.45745, 36.62645], [127.457432, 36.626398], [127.45749, 36.626364], [127.457502, 36.626357], [127.457553, 36.626328], [127.457701, 36.626242], [127.457735, 36.626279], [127.457792, 36.626245], [127.457831, 36.626222], [127.457835, 36.626227], [127.457853, 36.626219], [127.457711, 36.626058], [127.457701, 36.626055], [127.457688, 36.626059], [127.457688, 36.626066]], [[127.457782, 36.626236], [127.457832, 36.626204], [127.457841, 36.626215], [127.457791, 36.626244], [127.457782, 36.626236]]]}}, {"type": "Feature", "properties": {"surface": "grass"}, "geometry": {"type": "Polygon", "coordinates": [[[127.458176, 36.626389], [127.458315, 36.626544], [127.458535, 36.626414], [127.458394, 36.626258], [127.458176, 36.626389]]]}}, {"type": "Feature", "properties": {"surface": "grass"}, "geometry": {"type": "Polygon", "coordinates": [[[127.4583, 36.626554], [127.458158, 36.626403], [127.45791, 36.626548], [127.458035, 36.62669], [127.458075, 36.626693], [127.4583, 36.626554]]]}}, {"type": "Feature", "properties": {"surface": "grass"}, "geometry": {"type": "Polygon", "coordinates": [[[127.4591, 36.626678], [127.459342, 36.626534], [127.459369, 36.626455], [127.459303, 36.626387], [127.458952, 36.626599], [127.459045, 36.626711], [127.4591, 36.626678]]]}}, {"type": "Feature", "properties": {"surface": "grass"}, "geometry": {"type": "Polygon", "coordinates": [[[127.458843, 36.626587], [127.458835, 36.626588], [127.458303, 36.626909], [127.458293, 36.626933], [127.458295, 36.626944], [127.458302, 36.626954], [127.458319, 36.626971], [127.458404, 36.627068], [127.458966, 36.626742], [127.458843, 36.626587]]]}}, {"type": "Feature", "properties": {"surface": "grass"}, "geometry": {"type": "Polygon", "coordinates": [[[127.459071, 36.627045], [127.459194, 36.626974], [127.459117, 36.626889], [127.459108, 36.626885], [127.459094, 36.626882], [127.459085, 36.62688], [127.459075, 36.626879], [127.459064, 36.626879], [127.459048, 36.626879], [127.45894, 36.626932], [127.458887, 36.626966], [127.458886, 36.626973], [127.458975, 36.627071], [127.458985, 36.627082], [127.458992, 36.627082], [127.459003, 36.627081], [127.459071, 36.627045]]]}}, {"type": "Feature", "properties": {"surface": "grass"}, "geometry": {"type": "Polygon", "coordinates": [[[127.457762, 36.626893], [127.457763, 36.626878], [127.45776, 36.626864], [127.457641, 36.626714], [127.457715, 36.62667], [127.457679, 36.626622], [127.457585, 36.626676], [127.457546, 36.626632], [127.457465, 36.626638], [127.457411, 36.626654], [127.457378, 36.626669], [127.457379, 36.626709], [127.457385, 36.62681], [127.457389, 36.626874], [127.457394, 36.626908], [127.457402, 36.626949], [127.457412, 36.626977], [127.457451, 36.627032], [127.457536, 36.627086], [127.457778, 36.627357], [127.457802, 36.627371], [127.457825, 36.627376], [127.457843, 36.627378], [127.457865, 36.627379], [127.457893, 36.627377], [127.457913, 36.627372], [127.4581, 36.62726], [127.458322, 36.627129], [127.458261, 36.627061], [127.458202, 36.626992], [127.458192, 36.626989], [127.4581, 36.626989], [127.458087, 36.626991], [127.458077, 36.626997], [127.458081, 36.627001], [127.458002, 36.627045], [127.457998, 36.62704], [127.457826, 36.627134], [127.45777, 36.627165], [127.457618, 36.627017], [127.457712, 36.62695], [127.45774, 36.626933], [127.457754, 36.626915], [127.457762, 36.626893]]]}}, {"type": "Feature", "properties": {"surface": "grass"}, "geometry": {"type": "Polygon", "coordinates": [[[127.458802, 36.627075], [127.458797, 36.627081], [127.458791, 36.627081], [127.458647, 36.627168], [127.458646, 36.627168], [127.458729, 36.627267], [127.458891, 36.62718], [127.45881, 36.627076], [127.458802, 36.627075]]]}}, {"type": "Feature", "properties": {"surface": "grass"}, "geometry": {"type": "Polygon", "coordinates": [[[127.458631, 36.627192], [127.458608, 36.627184], [127.458564, 36.627204], [127.458516, 36.627209], [127.458239, 36.627366], [127.458239, 36.627369], [127.458334, 36.627483], [127.458357, 36.627485], [127.458371, 36.627483], [127.458711, 36.627285], [127.458631, 36.627192]]]}}, {"type": "Feature", "properties": {"surface": "grass"}, "geometry": {"type": "Polygon", "coordinates": [[[127.458171, 36.627799], [127.458401, 36.627664], [127.458186, 36.627398], [127.458141, 36.627413], [127.458039, 36.627471], [127.457996, 36.627506], [127.457976, 36.627535], [127.45796, 36.627595], [127.457961, 36.627606], [127.457964, 36.627609], [127.458134, 36.627797], [127.458171, 36.627799]]]}}, {"type": "Feature", "properties": {"surface": "grass"}, "geometry": {"type": "Polygon", "coordinates": [[[127.458657, 36.628356], [127.458666, 36.628327], [127.458688, 36.628299], [127.458719, 36.628264], [127.458715, 36.628234], [127.458711, 36.628195], [127.458713, 36.62812], [127.458695, 36.627981], [127.458676, 36.62796], [127.458655, 36.627965], [127.458566, 36.627873], [127.458366, 36.627984], [127.458344, 36.628002], [127.458333, 36.628026], [127.458604, 36.628364], [127.458651, 36.628392], [127.458657, 36.628394], [127.458657, 36.628356]]]}}, {"type": "Feature", "properties": {"surface": "grass"}, "geometry": {"type": "Polygon", "coordinates": [[[127.45884, 36.628242], [127.458868, 36.628236], [127.458906, 36.628299], [127.458958, 36.628253], [127.458836, 36.628102], [127.458883, 36.628076], [127.458849, 36.628037], [127.458827, 36.628034], [127.458803, 36.628037], [127.458748, 36.628071], [127.458747, 36.628191], [127.45875, 36.628245], [127.458826, 36.628215], [127.45884, 36.628242]]]}}, {"type": "Feature", "properties": {"surface": "grass"}, "geometry": {"type": "MultiPolygon", "coordinates": [[[[127.458053, 36.627957], [127.45805, 36.627924], [127.457887, 36.627734], [127.457857, 36.627712], [127.457824, 36.627696], [127.457779, 36.627698], [127.457734, 36.627711], [127.457683, 36.627742], [127.457644, 36.627783], [127.457582, 36.627872], [127.457503, 36.628075], [127.457485, 36.628084], [127.457502, 36.62811], [127.457475, 36.628131], [127.457492, 36.62815], [127.457472, 36.628163], [127.457484, 36.628177], [127.457646, 36.628085], [127.457653, 36.628093], [127.457654, 36.628093], [127.457673, 36.628114], [127.457726, 36.628083], [127.457641, 36.627978], [127.457853, 36.62785], [127.457986, 36.627999], [127.458053, 36.627957]]], [[[127.457952, 36.628428], [127.457941, 36.628434], [127.457947, 36.628442], [127.457587, 36.628649], [127.457631, 36.628707], [127.457659, 36.628702], [127.458037, 36.628483], [127.458082, 36.628521], [127.458138, 36.628529], [127.458161, 36.62853], [127.458173, 36.628502], [127.458228, 36.628468], [127.458289, 36.628461], [127.458331, 36.628463], [127.458355, 36.628479], [127.458366, 36.628491], [127.458386, 36.628493], [127.4584, 36.628471], [127.458403, 36.628438], [127.458396, 36.628393], [127.458381, 36.628347], [127.45835, 36.628281], [127.458316, 36.628216], [127.458255, 36.628172], [127.458174, 36.628211], [127.458301, 36.628354], [127.458085, 36.628485], [127.457991, 36.628385], [127.457944, 36.628416], [127.457673, 36.628114], [127.457952, 36.628428]]]]}}, {"type": "Feature", "properties": {"surface": "grass"}, "geometry": {"type": "Polygon", "coordinates": [[[127.45817, 36.628624], [127.45815, 36.6286], [127.458127, 36.62856], [127.458097, 36.628554], [127.458054, 36.628539], [127.458016, 36.628528], [127.457759, 36.628674], [127.457741, 36.628689], [127.457749, 36.628704], [127.457885, 36.628716], [127.457973, 36.628721], [127.45803, 36.628711], [127.458101, 36.628685], [127.458188, 36.628637], [127.45817, 36.628624]]]}}, {"type": "Feature", "properties": {"surface": "grass"}, "geometry": {"type": "Polygon", "coordinates": [[[127.459138, 36.628433], [127.459041, 36.628434], [127.459036, 36.628443], [127.459028, 36.628458], [127.459014, 36.628476], [127.458993, 36.628492], [127.458966, 36.628505], [127.458937, 36.628517], [127.458901, 36.62852], [127.458873, 36.628518], [127.458811, 36.628491], [127.458749, 36.62855], [127.458793, 36.628634], [127.458839, 36.628721], [127.458866, 36.628738], [127.458909, 36.628727], [127.458954, 36.628728], [127.458962, 36.62877], [127.459021, 36.628759], [127.459092, 36.628733], [127.459137, 36.628722], [127.459162, 36.628763], [127.459163, 36.628785], [127.459151, 36.628805], [127.45895, 36.628884], [127.458927, 36.628894], [127.458938, 36.628909], [127.459226, 36.628791], [127.459238, 36.628784], [127.45932, 36.628747], [127.459333, 36.628741], [127.459379, 36.628709], [127.459511, 36.628629], [127.45952, 36.628627], [127.459484, 36.628587], [127.459385, 36.628581], [127.45934, 36.628564], [127.459282, 36.628537], [127.459198, 36.628488], [127.459166, 36.628463], [127.459138, 36.628433]], [[127.459229, 36.628677], [127.459259, 36.628662], [127.459298, 36.628707], [127.459268, 36.628724], [127.459229, 36.628677]], [[127.459301, 36.628634], [127.459329, 36.628619], [127.459368, 36.628665], [127.459342, 36.628684], [127.459301, 36.628634]]]}}, {"type": "Feature", "properties": {"surface": "grass"}, "geometry": {"type": "Polygon", "coordinates": [[[127.457443, 36.62907], [127.457467, 36.629069], [127.457497, 36.629055], [127.457901, 36.628826], [127.457923, 36.628807], [127.457915, 36.628779], [127.457887, 36.628771], [127.457817, 36.628759], [127.457728, 36.628766], [127.45763, 36.628793], [127.457452, 36.628896], [127.45743, 36.628928], [127.457417, 36.628977], [127.457416, 36.62903], [127.45743, 36.629053], [127.457443, 36.62907]]]}}, {"type": "Feature", "properties": {"surface": "grass"}, "geometry": {"type": "Polygon", "coordinates": [[[127.458595, 36.628706], [127.458572, 36.62871], [127.458254, 36.628896], [127.4585, 36.629192], [127.458794, 36.629006], [127.458772, 36.628966], [127.458628, 36.62871], [127.458613, 36.628705], [127.458595, 36.628706]]]}}, {"type": "Feature", "properties": {"surface": "grass"}, "geometry": {"type": "Polygon", "coordinates": [[[127.459099, 36.629272], [127.459085, 36.629256], [127.458968, 36.62916], [127.458956, 36.629158], [127.45894, 36.62916], [127.458921, 36.629192], [127.458902, 36.629251], [127.4589, 36.629264], [127.458913, 36.629286], [127.459062, 36.629289], [127.459087, 36.629286], [127.459098, 36.629281], [127.459099, 36.629272]]]}}, {"type": "Feature", "properties": {"surface": "grass"}, "geometry": {"type": "Polygon", "coordinates": [[[127.458139, 36.629447], [127.45819, 36.629507], [127.458359, 36.629414], [127.458417, 36.629479], [127.458778, 36.629277], [127.458794, 36.629233], [127.45884, 36.629129], [127.458838, 36.629089], [127.45882, 36.629039], [127.458805, 36.629036], [127.458543, 36.629213], [127.458139, 36.629447]]]}}, {"type": "Feature", "properties": {"surface": "grass"}, "geometry": {"type": "Polygon", "coordinates": [[[127.457927, 36.629211], [127.457853, 36.629125], [127.457474, 36.629345], [127.457567, 36.629455], [127.457985, 36.629215], [127.457967, 36.629196], [127.457937, 36.629213], [127.457927, 36.629211]]]}}, {"type": "Feature", "properties": {"surface": "grass"}, "geometry": {"type": "Polygon", "coordinates": [[[127.457877, 36.629599], [127.458086, 36.629841], [127.458464, 36.629613], [127.458345, 36.629473], [127.458173, 36.629571], [127.458091, 36.629475], [127.457877, 36.629599]]]}}, {"type": "Feature", "properties": {"surface": "grass"}, "geometry": {"type": "Polygon", "coordinates": [[[127.45808, 36.629899], [127.458306, 36.63015], [127.458709, 36.62991], [127.458714, 36.629903], [127.458709, 36.629888], [127.458494, 36.629644], [127.458083, 36.629892], [127.45808, 36.629899]]]}}, {"type": "Feature", "properties": {"surface": "grass"}, "geometry": {"type": "Polygon", "coordinates": [[[127.459674, 36.630434], [127.459708, 36.630418], [127.459756, 36.630379], [127.459763, 36.63037], [127.459796, 36.630328], [127.45981, 36.630286], [127.459814, 36.630232], [127.459811, 36.630189], [127.459802, 36.630119], [127.459791, 36.630027], [127.45979, 36.630018], [127.459751, 36.629849], [127.459699, 36.629716], [127.459665, 36.629665], [127.459602, 36.629591], [127.459485, 36.629497], [127.45937, 36.629423], [127.459237, 36.62937], [127.459124, 36.629345], [127.459082, 36.629339], [127.45903, 36.629336], [127.458981, 36.629336], [127.458938, 36.629341], [127.458904, 36.629357], [127.458896, 36.629366], [127.458897, 36.629385], [127.458921, 36.629412], [127.458961, 36.629462], [127.45896, 36.629476], [127.458941, 36.629607], [127.459101, 36.62978], [127.459162, 36.629847], [127.459177, 36.629866], [127.459162, 36.629993], [127.459159, 36.63003], [127.459072, 36.630054], [127.458827, 36.630191], [127.45853, 36.630373], [127.458562, 36.630409], [127.458434, 36.6305], [127.458488, 36.6306], [127.4585, 36.630612], [127.458514, 36.630617], [127.45853, 36.630618], [127.458847, 36.630574], [127.459216, 36.630529], [127.459223, 36.630526], [127.459224, 36.630523], [127.459182, 36.630461], [127.459213, 36.630448], [127.459264, 36.630516], [127.45927, 36.630518], [127.459274, 36.630518], [127.459283, 36.630517], [127.459373, 36.63048], [127.459544, 36.630457], [127.459642, 36.630441], [127.459674, 36.630434]], [[127.459107, 36.630432], [127.459207, 36.63038], [127.459242, 36.630423], [127.459144, 36.630475], [127.459107, 36.630432]], [[127.459468, 36.63039], [127.459596, 36.630345], [127.459626, 36.630408], [127.459505, 36.630451], [127.459468, 36.63039]]]}}, {"type": "Feature", "properties": {"surface": "grass"}, "geometry": {"type": "Polygon", "coordinates": [[[127.459176, 36.631405], [127.459251, 36.631374], [127.459274, 36.631356], [127.459289, 36.631328], [127.459279, 36.63124], [127.459223, 36.631247], [127.459088, 36.631342], [127.459176, 36.631405]]]}}, {"type": "Feature", "properties": {"surface": "grass"}, "geometry": {"type": "Polygon", "coordinates": [[[127.45719, 36.631521], [127.457111, 36.631617], [127.457111, 36.631618], [127.457131, 36.63163], [127.457215, 36.63168], [127.457218, 36.631682], [127.457278, 36.631714], [127.457352, 36.631753], [127.457397, 36.631777], [127.457544, 36.631855], [127.457688, 36.631904], [127.4577, 36.631909], [127.457839, 36.631873], [127.457861, 36.631861], [127.457873, 36.631842], [127.457873, 36.631829], [127.457869, 36.631807], [127.457861, 36.631795], [127.457844, 36.631781], [127.457802, 36.631769], [127.457602, 36.631794], [127.457516, 36.631789], [127.457467, 36.631773], [127.457421, 36.631752], [127.457383, 36.631722], [127.457244, 36.631549], [127.4572, 36.631518], [127.45719, 36.631521]], [[127.457223, 36.631669], [127.45726, 36.631688], [127.457251, 36.631698], [127.457215, 36.63168], [127.457223, 36.631669]], [[127.457315, 36.631732], [127.457323, 36.631723], [127.457361, 36.631743], [127.457352, 36.631753], [127.457315, 36.631732]]]}}, {"type": "Feature", "properties": {"surface": "grass"}, "geometry": {"type": "Polygon", "coordinates": [[[127.458233, 36.632349], [127.458226, 36.632359], [127.458231, 36.63236], [127.458218, 36.63239], [127.458209, 36.632388], [127.458196, 36.632408], [127.458165, 36.632475], [127.458157, 36.632472], [127.458155, 36.632475], [127.458167, 36.63248], [127.458221, 36.632514], [127.458328, 36.632413], [127.458307, 36.6324], [127.458325, 36.632382], [127.458344, 36.632391], [127.458346, 36.63239], [127.458438, 36.632265], [127.458372, 36.632235], [127.458303, 36.63235], [127.458268, 36.632337], [127.458256, 36.632358], [127.458233, 36.632349]]]}}, {"type": "Feature", "properties": {"surface": "grass"}, "geometry": {"type": "Polygon", "coordinates": [[[127.459474, 36.632565], [127.459408, 36.632631], [127.45938, 36.632612], [127.45933, 36.632629], [127.459312, 36.632634], [127.459281, 36.632637], [127.459254, 36.632636], [127.459223, 36.632629], [127.459197, 36.63262], [127.459172, 36.632606], [127.458937, 36.632427], [127.458897, 36.632461], [127.458964, 36.63251], [127.459296, 36.632745], [127.459344, 36.632744], [127.459567, 36.632548], [127.459569, 36.632508], [127.459129, 36.632177], [127.459089, 36.632178], [127.459007, 36.632223], [127.459092, 36.63231], [127.459129, 36.632338], [127.459161, 36.632358], [127.459191, 36.632372], [127.459218, 36.632385], [127.459248, 36.632397], [127.45928, 36.632409], [127.459308, 36.632418], [127.459352, 36.632439], [127.459386, 36.632456], [127.459402, 36.632465], [127.459417, 36.632479], [127.459429, 36.632494], [127.459438, 36.632511], [127.459444, 36.632527], [127.459444, 36.632545], [127.459443, 36.632549], [127.459447, 36.632545], [127.459474, 36.632565]], [[127.459137, 36.632324], [127.459164, 36.632301], [127.459191, 36.632321], [127.459165, 36.632344], [127.459137, 36.632324]]]}}, {"type": "Feature", "properties": {"surface": "grass"}, "geometry": {"type": "Polygon", "coordinates": [[[127.45863, 36.633662], [127.458637, 36.63365], [127.458621, 36.633637], [127.45817, 36.633415], [127.457983, 36.633315], [127.457856, 36.633244], [127.45784, 36.63324], [127.45781, 36.633243], [127.457814, 36.633251], [127.457826, 36.633265], [127.457847, 36.633283], [127.457943, 36.633346], [127.458118, 36.633434], [127.458596, 36.633662], [127.458619, 36.633665], [127.45863, 36.633662]]]}}, {"type": "Feature", "properties": {"surface": "grass"}, "geometry": {"type": "Polygon", "coordinates": [[[127.460529, 36.622753], [127.46053, 36.622793], [127.4605, 36.622999], [127.460476, 36.623221], [127.46052, 36.623204], [127.460529, 36.623198], [127.460535, 36.623191], [127.460539, 36.623183], [127.460543, 36.623159], [127.460561, 36.622766], [127.460562, 36.622758], [127.460531, 36.622753], [127.460529, 36.622753]]]}}, {"type": "Feature", "properties": {"surface": "grass"}, "geometry": {"type": "Polygon", "coordinates": [[[127.460298, 36.623192], [127.460346, 36.622819], [127.460341, 36.622819], [127.460341, 36.622811], [127.460314, 36.622807], [127.460323, 36.622718], [127.46023, 36.622703], [127.46023, 36.622705], [127.460231, 36.622715], [127.460237, 36.622733], [127.460245, 36.622752], [127.460248, 36.622779], [127.46025, 36.622802], [127.46025, 36.622852], [127.460251, 36.622867], [127.46025, 36.622892], [127.460248, 36.622902], [127.460246, 36.622912], [127.460241, 36.622925], [127.460236, 36.622932], [127.460231, 36.622939], [127.460225, 36.622946], [127.460218, 36.622952], [127.460189, 36.622977], [127.46018, 36.622986], [127.460176, 36.622992], [127.460173, 36.622999], [127.46017, 36.623007], [127.460169, 36.623015], [127.460169, 36.623024], [127.46017, 36.623039], [127.460178, 36.623088], [127.46018, 36.623101], [127.460181, 36.623115], [127.460182, 36.623137], [127.460182, 36.623194], [127.460181, 36.623282], [127.460183, 36.623303], [127.460186, 36.623317], [127.460191, 36.623331], [127.460196, 36.62334], [127.460203, 36.623348], [127.46021, 36.623356], [127.460219, 36.623363], [127.460233, 36.623372], [127.460243, 36.623377], [127.460254, 36.623381], [127.46026, 36.623382], [127.460272, 36.623384], [127.460293, 36.623386], [127.460317, 36.623386], [127.460376, 36.623385], [127.460436, 36.623385], [127.460583, 36.623379], [127.46059, 36.623327], [127.460588, 36.623247], [127.460589, 36.623168], [127.460512, 36.623273], [127.460459, 36.623276], [127.460457, 36.623276], [127.460456, 36.62328], [127.460329, 36.623287], [127.460308, 36.623289], [127.460298, 36.623192]]]}}, {"type": "Feature", "properties": {"surface": "grass"}, "geometry": {"type": "Polygon", "coordinates": [[[127.45956, 36.623613], [127.459568, 36.623613], [127.459582, 36.623614], [127.459594, 36.623617], [127.459593, 36.623614], [127.459596, 36.623603], [127.459549, 36.623613], [127.45956, 36.623613]]]}}, {"type": "Feature", "properties": {"surface": "grass"}, "geometry": {"type": "Polygon", "coordinates": [[[127.463309, 36.623709], [127.463334, 36.623731], [127.463337, 36.623729], [127.463346, 36.623716], [127.463348, 36.623711], [127.463309, 36.623709]]]}}, {"type": "Feature", "properties": {"surface": "grass"}, "geometry": {"type": "Polygon", "coordinates": [[[127.462689, 36.623756], [127.462705, 36.623756], [127.462749, 36.623721], [127.462731, 36.623703], [127.462604, 36.623708], [127.462626, 36.623715], [127.462689, 36.623756]]]}}, {"type": "Feature", "properties": {"surface": "grass"}, "geometry": {"type": "Polygon", "coordinates": [[[127.462779, 36.623806], [127.462807, 36.623779], [127.462803, 36.623774], [127.462795, 36.623766], [127.462735, 36.623804], [127.462755, 36.623824], [127.462779, 36.623806]]]}}, {"type": "Feature", "properties": {"surface": "grass"}, "geometry": {"type": "Polygon", "coordinates": [[[127.463853, 36.623773], [127.463779, 36.623754], [127.46371, 36.623741], [127.463705, 36.623744], [127.463648, 36.623782], [127.463515, 36.623891], [127.463615, 36.623977], [127.46365, 36.62395], [127.463584, 36.623897], [127.463622, 36.623867], [127.463642, 36.623882], [127.463662, 36.623866], [127.463681, 36.623881], [127.463791, 36.623795], [127.463799, 36.62379], [127.463813, 36.623784], [127.463849, 36.623777], [127.463853, 36.623773]]]}}, {"type": "Feature", "properties": {"surface": "grass"}, "geometry": {"type": "Polygon", "coordinates": [[[127.463752, 36.624067], [127.463775, 36.624067], [127.464118, 36.624013], [127.46416, 36.623999], [127.464164, 36.623996], [127.464163, 36.623995], [127.464163, 36.623981], [127.463886, 36.62401], [127.463882, 36.624012], [127.463808, 36.624015], [127.463799, 36.624017], [127.463787, 36.624021], [127.463703, 36.624054], [127.463713, 36.624063], [127.46372, 36.624065], [127.463752, 36.624067]]]}}, {"type": "Feature", "properties": {"surface": "grass"}, "geometry": {"type": "Polygon", "coordinates": [[[127.463189, 36.624446], [127.463166, 36.62448], [127.463112, 36.624533], [127.46307, 36.624561], [127.463098, 36.624627], [127.463104, 36.624641], [127.46319, 36.624626], [127.463321, 36.624604], [127.463331, 36.624597], [127.463396, 36.624508], [127.463398, 36.624491], [127.463374, 36.624416], [127.46335, 36.624368], [127.463315, 36.624307], [127.463262, 36.624237], [127.463211, 36.624182], [127.463091, 36.624067], [127.462862, 36.623853], [127.46285, 36.623861], [127.463095, 36.624094], [127.463184, 36.624188], [127.463208, 36.624228], [127.463218, 36.624265], [127.463224, 36.624326], [127.463218, 36.624373], [127.463205, 36.624411], [127.463189, 36.624446]]]}}, {"type": "Feature", "properties": {"surface": "grass"}, "geometry": {"type": "Polygon", "coordinates": [[[127.459816, 36.624665], [127.459804, 36.624668], [127.459796, 36.624666], [127.459788, 36.624664], [127.459779, 36.624659], [127.459759, 36.62464], [127.459727, 36.624608], [127.459719, 36.624603], [127.459713, 36.6246], [127.459706, 36.6246], [127.459698, 36.624603], [127.459695, 36.624605], [127.459695, 36.624612], [127.459699, 36.62462], [127.459718, 36.62464], [127.459817, 36.624744], [127.459829, 36.624751], [127.45984, 36.624755], [127.459848, 36.624757], [127.45986, 36.624757], [127.459945, 36.624736], [127.459959, 36.624729], [127.459966, 36.624715], [127.459991, 36.624639], [127.460018, 36.624554], [127.460025, 36.624529], [127.460032, 36.624417], [127.46003, 36.6244], [127.460027, 36.624392], [127.459938, 36.624292], [127.459931, 36.624275], [127.459931, 36.624264], [127.459937, 36.624104], [127.459932, 36.624092], [127.459926, 36.624086], [127.459921, 36.624084], [127.459915, 36.624082], [127.459789, 36.624076], [127.459776, 36.624072], [127.459761, 36.624063], [127.459518, 36.623816], [127.459501, 36.623806], [127.459481, 36.623796], [127.459466, 36.623792], [127.459448, 36.623791], [127.459428, 36.623792], [127.459412, 36.623797], [127.459402, 36.623802], [127.459396, 36.62381], [127.459396, 36.623817], [127.459399, 36.623824], [127.45947, 36.623909], [127.459509, 36.623887], [127.459744, 36.624157], [127.459744, 36.624208], [127.459864, 36.624348], [127.459838, 36.624363], [127.459868, 36.624396], [127.459858, 36.624403], [127.459875, 36.624422], [127.459885, 36.624415], [127.460004, 36.624542], [127.459993, 36.624549], [127.459999, 36.624556], [127.459859, 36.624639], [127.459837, 36.624652], [127.459816, 36.624665]]]}}, {"type": "Feature", "properties": {"surface": "grass"}, "geometry": {"type": "Polygon", "coordinates": [[[127.464213, 36.624522], [127.464233, 36.624575], [127.464436, 36.624621], [127.464501, 36.624636], [127.46456, 36.62465], [127.464599, 36.624658], [127.464599, 36.624627], [127.464588, 36.624621], [127.464567, 36.62461], [127.464559, 36.624607], [127.464551, 36.624605], [127.464541, 36.624605], [127.464493, 36.624609], [127.464474, 36.624606], [127.464294, 36.624563], [127.464276, 36.624556], [127.464262, 36.624548], [127.46425, 36.624538], [127.464246, 36.62453], [127.464243, 36.624522], [127.464243, 36.624515], [127.464246, 36.624508], [127.464267, 36.624486], [127.464276, 36.62448], [127.46429, 36.624477], [127.464335, 36.624469], [127.464381, 36.624364], [127.464567, 36.624414], [127.464549, 36.624356], [127.464511, 36.624272], [127.464469, 36.624202], [127.464418, 36.62425], [127.464304, 36.624364], [127.464256, 36.624431], [127.464229, 36.624479], [127.464213, 36.624522]]]}}, {"type": "Feature", "properties": {"surface": "grass"}, "geometry": {"type": "Polygon", "coordinates": [[[127.460695, 36.624264], [127.460702, 36.624269], [127.460711, 36.624282], [127.460735, 36.624317], [127.460744, 36.624331], [127.460747, 36.624341], [127.460749, 36.624347], [127.460751, 36.624357], [127.460751, 36.624363], [127.460751, 36.624373], [127.46075, 36.624379], [127.460747, 36.624389], [127.460744, 36.624393], [127.460738, 36.624402], [127.460733, 36.624406], [127.460723, 36.624414], [127.460716, 36.624418], [127.460709, 36.624422], [127.460692, 36.624429], [127.460625, 36.624456], [127.460474, 36.624518], [127.460436, 36.624535], [127.460398, 36.624553], [127.460383, 36.624561], [127.460361, 36.624573], [127.460341, 36.624586], [127.460328, 36.624595], [127.460308, 36.62461], [127.460296, 36.624621], [127.460285, 36.624632], [127.46028, 36.624637], [127.460276, 36.624642], [127.460269, 36.624653], [127.460266, 36.624658], [127.460263, 36.624669], [127.460259, 36.624686], [127.460256, 36.624705], [127.460252, 36.624745], [127.460248, 36.624804], [127.460247, 36.62484], [127.460247, 36.62487], [127.460248, 36.624882], [127.460248, 36.624885], [127.460385, 36.624788], [127.460393, 36.62478], [127.460397, 36.624773], [127.460398, 36.624767], [127.460397, 36.62476], [127.460394, 36.624755], [127.460362, 36.624716], [127.460359, 36.624713], [127.460358, 36.624706], [127.460358, 36.624701], [127.46036, 36.624696], [127.460364, 36.624691], [127.460459, 36.624637], [127.460837, 36.624422], [127.460849, 36.624412], [127.460855, 36.624395], [127.460857, 36.624368], [127.460852, 36.624313], [127.460849, 36.624298], [127.460757, 36.624225], [127.460703, 36.624055], [127.460658, 36.624067], [127.460647, 36.624072], [127.460637, 36.624078], [127.460633, 36.624085], [127.460631, 36.624094], [127.460632, 36.624217], [127.460635, 36.624225], [127.460641, 36.624231], [127.46065, 36.624236], [127.460695, 36.624264]]]}}, {"type": "Feature", "properties": {"surface": "grass"}, "geometry": {"type": "Polygon", "coordinates": [[[127.460162, 36.624658], [127.46017, 36.624638], [127.46017, 36.624636], [127.46018, 36.624613], [127.460187, 36.624559], [127.460187, 36.624522], [127.460188, 36.624414], [127.460185, 36.624395], [127.460174, 36.624376], [127.460161, 36.624363], [127.460078, 36.624301], [127.460042, 36.62428], [127.460034, 36.624277], [127.460022, 36.624277], [127.460014, 36.624277], [127.460002, 36.624277], [127.459991, 36.624282], [127.459987, 36.624289], [127.459989, 36.624298], [127.459992, 36.624305], [127.460053, 36.624371], [127.460065, 36.624399], [127.460067, 36.624418], [127.460059, 36.624536], [127.460026, 36.624638], [127.459998, 36.624727], [127.45999, 36.62474], [127.45998, 36.624752], [127.459858, 36.624785], [127.459834, 36.624785], [127.459821, 36.62478], [127.459803, 36.624775], [127.459789, 36.624767], [127.459687, 36.624644], [127.459683, 36.62464], [127.459679, 36.624637], [127.459673, 36.624635], [127.459667, 36.624633], [127.459661, 36.624633], [127.459601, 36.62481], [127.459567, 36.624917], [127.459564, 36.624931], [127.459577, 36.62493], [127.459644, 36.624908], [127.459694, 36.624891], [127.459776, 36.624869], [127.459821, 36.624861], [127.459841, 36.624859], [127.459878, 36.624858], [127.459917, 36.624858], [127.459938, 36.624852], [127.459966, 36.624843], [127.45999, 36.62483], [127.460015, 36.624818], [127.46008, 36.624775], [127.460111, 36.624739], [127.460128, 36.624721], [127.46014, 36.6247], [127.460151, 36.624682], [127.460162, 36.624658]]]}}, {"type": "Feature", "properties": {"surface": "grass"}, "geometry": {"type": "Polygon", "coordinates": [[[127.462514, 36.624738], [127.462517, 36.62475], [127.46253, 36.624763], [127.46287, 36.624708], [127.463008, 36.624685], [127.463055, 36.624658], [127.463045, 36.624627], [127.463028, 36.624578], [127.462931, 36.624608], [127.462858, 36.624623], [127.462836, 36.624628], [127.462641, 36.624668], [127.462552, 36.624685], [127.462538, 36.62469], [127.462526, 36.624701], [127.462516, 36.624721], [127.462514, 36.624738]]]}}, {"type": "Feature", "properties": {"surface": "grass"}, "geometry": {"type": "Polygon", "coordinates": [[[127.461289, 36.625001], [127.461303, 36.625015], [127.461326, 36.625001], [127.461385, 36.624964], [127.461473, 36.624914], [127.461316, 36.624722], [127.461288, 36.624696], [127.461248, 36.62467], [127.461178, 36.624634], [127.461031, 36.624713], [127.461074, 36.624762], [127.461077, 36.624806], [127.461036, 36.624829], [127.461082, 36.62488], [127.46115, 36.624839], [127.4611, 36.624785], [127.461264, 36.624699], [127.461381, 36.624837], [127.461353, 36.624853], [127.461287, 36.624894], [127.461324, 36.624938], [127.461322, 36.624939], [127.461323, 36.62494], [127.461277, 36.624962], [127.461277, 36.624964], [127.461283, 36.624979], [127.461275, 36.624984], [127.461275, 36.624986], [127.461289, 36.625001]], [[127.461115, 36.624714], [127.461142, 36.6247], [127.461181, 36.624739], [127.461152, 36.624755], [127.461115, 36.624714]]]}}, {"type": "Feature", "properties": {"surface": "grass"}, "geometry": {"type": "Polygon", "coordinates": [[[127.462255, 36.624798], [127.461842, 36.624881], [127.46188, 36.624948], [127.461888, 36.62496], [127.461956, 36.624925], [127.462087, 36.624867], [127.462248, 36.624813], [127.462256, 36.624809], [127.462258, 36.624805], [127.462255, 36.624798]]]}}, {"type": "Feature", "properties": {"surface": "grass"}, "geometry": {"type": "Polygon", "coordinates": [[[127.462602, 36.624964], [127.462607, 36.62497], [127.462616, 36.624978], [127.462634, 36.624984], [127.462646, 36.624984], [127.462669, 36.624981], [127.462674, 36.625001], [127.46271, 36.625149], [127.462713, 36.625159], [127.462723, 36.625169], [127.462734, 36.625172], [127.462749, 36.625172], [127.462916, 36.625148], [127.463004, 36.625136], [127.463015, 36.625131], [127.463024, 36.625122], [127.463025, 36.625113], [127.463001, 36.625001], [127.462986, 36.62493], [127.463265, 36.624892], [127.463354, 36.624985], [127.463373, 36.62498], [127.463389, 36.624969], [127.463406, 36.624908], [127.463336, 36.624852], [127.463138, 36.624884], [127.462602, 36.624964]], [[127.462848, 36.625059], [127.462951, 36.625047], [127.46296, 36.625122], [127.462862, 36.625133], [127.462848, 36.625059]]]}}, {"type": "Feature", "properties": {"surface": "grass"}, "geometry": {"type": "Polygon", "coordinates": [[[127.461907, 36.625213], [127.461496, 36.625458], [127.460818, 36.625847], [127.460589, 36.625975], [127.460675, 36.626075], [127.46067, 36.626129], [127.460538, 36.626225], [127.460731, 36.626224], [127.460754, 36.626108], [127.460771, 36.626047], [127.460803, 36.625976], [127.460841, 36.625914], [127.460887, 36.625867], [127.460934, 36.625824], [127.461854, 36.625286], [127.46198, 36.625236], [127.462094, 36.625212], [127.462202, 36.625207], [127.462293, 36.625211], [127.462361, 36.625225], [127.462423, 36.625244], [127.462462, 36.62515], [127.462473, 36.625124], [127.462409, 36.62511], [127.462334, 36.625097], [127.46225, 36.625092], [127.462196, 36.625093], [127.462097, 36.625112], [127.462039, 36.625138], [127.462015, 36.625152], [127.461907, 36.625213]]]}}, {"type": "Feature", "properties": {"surface": "grass"}, "geometry": {"type": "Polygon", "coordinates": [[[127.46036, 36.625627], [127.460153, 36.625739], [127.460132, 36.625722], [127.46, 36.625792], [127.459995, 36.625787], [127.459993, 36.625789], [127.46007, 36.62587], [127.460162, 36.625796], [127.460263, 36.62573], [127.460387, 36.625658], [127.46036, 36.625627]]]}}, {"type": "Feature", "properties": {"surface": "grass"}, "geometry": {"type": "Polygon", "coordinates": [[[127.462902, 36.625892], [127.462869, 36.625972], [127.462796, 36.626106], [127.462739, 36.626167], [127.462686, 36.626207], [127.462639, 36.626235], [127.462574, 36.62627], [127.462447, 36.626344], [127.46256, 36.626454], [127.462634, 36.626346], [127.462678, 36.626277], [127.462755, 36.626215], [127.462815, 36.626149], [127.462873, 36.626076], [127.462919, 36.626001], [127.462942, 36.625946], [127.462956, 36.625885], [127.462967, 36.625807], [127.462983, 36.625664], [127.462967, 36.625584], [127.462947, 36.625543], [127.46291, 36.625491], [127.462808, 36.625388], [127.462677, 36.625281], [127.462596, 36.625226], [127.462588, 36.625217], [127.462573, 36.62515], [127.462556, 36.62507], [127.462552, 36.625067], [127.462547, 36.625069], [127.462539, 36.625085], [127.462511, 36.62515], [127.462464, 36.625256], [127.462516, 36.625272], [127.462708, 36.625382], [127.462824, 36.625508], [127.462863, 36.625581], [127.462882, 36.625622], [127.462899, 36.625662], [127.46291, 36.625715], [127.462914, 36.62577], [127.462911, 36.625828], [127.462902, 36.625892]]]}}, {"type": "Feature", "properties": {"surface": "grass"}, "geometry": {"type": "Polygon", "coordinates": [[[127.463947, 36.62609], [127.463924, 36.626091], [127.463839, 36.626091], [127.463831, 36.626091], [127.463906, 36.626104], [127.463918, 36.626102], [127.463968, 36.626093], [127.463976, 36.626087], [127.463982, 36.62607], [127.463916, 36.626052], [127.463774, 36.626019], [127.463754, 36.626078], [127.463778, 36.626082], [127.463777, 36.626077], [127.463787, 36.626046], [127.463791, 36.626042], [127.463801, 36.626041], [127.463836, 36.626048], [127.463958, 36.626075], [127.463962, 36.62608], [127.463962, 36.626083], [127.463958, 36.626088], [127.463947, 36.62609]]]}}, {"type": "Feature", "properties": {"surface": "grass"}, "geometry": {"type": "Polygon", "coordinates": [[[127.464083, 36.626022], [127.464058, 36.626086], [127.464034, 36.626147], [127.464026, 36.626166], [127.464112, 36.626183], [127.46413, 36.626262], [127.464147, 36.626262], [127.464167, 36.626209], [127.46416, 36.626193], [127.464159, 36.626189], [127.464159, 36.626187], [127.464165, 36.626186], [127.464176, 36.626184], [127.464209, 36.626095], [127.46411, 36.626074], [127.464122, 36.626033], [127.464083, 36.626022]], [[127.464063, 36.626107], [127.464072, 36.626078], [127.464109, 36.626086], [127.4641, 36.626116], [127.464063, 36.626107]]]}}, {"type": "Feature", "properties": {"surface": "grass"}, "geometry": {"type": "Polygon", "coordinates": [[[127.459731, 36.626038], [127.459722, 36.626043], [127.459425, 36.626228], [127.459491, 36.6263], [127.459505, 36.626306], [127.459524, 36.626309], [127.459544, 36.626309], [127.459563, 36.626303], [127.459819, 36.626151], [127.459731, 36.626038]]]}}, {"type": "Feature", "properties": {"surface": "grass"}, "geometry": {"type": "Polygon", "coordinates": [[[127.460167, 36.626344], [127.460195, 36.626342], [127.460245, 36.626405], [127.460305, 36.626372], [127.460322, 36.62636], [127.460461, 36.626532], [127.460474, 36.626499], [127.460311, 36.626314], [127.460257, 36.626315], [127.46014, 36.626317], [127.46011, 36.626343], [127.460127, 36.626362], [127.460167, 36.626344]]]}}, {"type": "Feature", "properties": {"surface": "grass"}, "geometry": {"type": "Polygon", "coordinates": [[[127.460948, 36.626658], [127.460886, 36.626604], [127.460827, 36.626533], [127.460791, 36.626469], [127.46074, 36.626265], [127.460565, 36.626265], [127.460445, 36.62627], [127.460425, 36.626278], [127.460423, 36.626286], [127.460433, 36.626303], [127.460769, 36.626671], [127.460901, 36.626825], [127.461002, 36.62692], [127.461041, 36.626947], [127.461111, 36.626977], [127.461144, 36.626989], [127.461185, 36.627], [127.461262, 36.627011], [127.461361, 36.627004], [127.461484, 36.626972], [127.461905, 36.626768], [127.462078, 36.626723], [127.462132, 36.626693], [127.462017, 36.626576], [127.461751, 36.626725], [127.461646, 36.626759], [127.461543, 36.626783], [127.461423, 36.626795], [127.461315, 36.626793], [127.461206, 36.626777], [127.461115, 36.626749], [127.461018, 36.626705], [127.460948, 36.626658]]]}}, {"type": "Feature", "properties": {"surface": "grass"}, "geometry": {"type": "Polygon", "coordinates": [[[127.461099, 36.627074], [127.460991, 36.627038], [127.460977, 36.627033], [127.460949, 36.627018], [127.460923, 36.626993], [127.460912, 36.627003], [127.460974, 36.627069], [127.461004, 36.627055], [127.461058, 36.627106], [127.461113, 36.627077], [127.461099, 36.627074]]]}}, {"type": "Feature", "properties": {"surface": "grass"}, "geometry": {"type": "Polygon", "coordinates": [[[127.460217, 36.627218], [127.459974, 36.627353], [127.459912, 36.627387], [127.459869, 36.627412], [127.459648, 36.627164], [127.45962, 36.627179], [127.459582, 36.627145], [127.45955, 36.627162], [127.459816, 36.627469], [127.460229, 36.627236], [127.460217, 36.627218]]]}}, {"type": "Feature", "properties": {"surface": "grass"}, "geometry": {"type": "Polygon", "coordinates": [[[127.461385, 36.627566], [127.461415, 36.627558], [127.461434, 36.627547], [127.461452, 36.627531], [127.461461, 36.627513], [127.461468, 36.62749], [127.461473, 36.62746], [127.461475, 36.62744], [127.461474, 36.627415], [127.46147, 36.627397], [127.46145, 36.627365], [127.461443, 36.627346], [127.461441, 36.627334], [127.461446, 36.627316], [127.461451, 36.627308], [127.461457, 36.627302], [127.461477, 36.627292], [127.461505, 36.627284], [127.46152, 36.627283], [127.4615, 36.627258], [127.461435, 36.627175], [127.46139, 36.627091], [127.461362, 36.62709], [127.461279, 36.627092], [127.461177, 36.627091], [127.461161, 36.627088], [127.461165, 36.627092], [127.461084, 36.627139], [127.461168, 36.627245], [127.461145, 36.627255], [127.461154, 36.627265], [127.461205, 36.627318], [127.460643, 36.627639], [127.460622, 36.627614], [127.460178, 36.627866], [127.460162, 36.627888], [127.460164, 36.62789], [127.460239, 36.627897], [127.460346, 36.627881], [127.460493, 36.627849], [127.460626, 36.627794], [127.460785, 36.627709], [127.460921, 36.627612], [127.461112, 36.627508], [127.461105, 36.627587], [127.461105, 36.627639], [127.461108, 36.627675], [127.461113, 36.627703], [127.461115, 36.627709], [127.461125, 36.627737], [127.461135, 36.627757], [127.461148, 36.627771], [127.461164, 36.627785], [127.46118, 36.627794], [127.461199, 36.627801], [127.461228, 36.627807], [127.461258, 36.627811], [127.461278, 36.627809], [127.461299, 36.627802], [127.461317, 36.627792], [127.461329, 36.627781], [127.461338, 36.627767], [127.461347, 36.62775], [127.461352, 36.627736], [127.461353, 36.627722], [127.461352, 36.627705], [127.46134, 36.627652], [127.461339, 36.627649], [127.461336, 36.62763], [127.461337, 36.627612], [127.461342, 36.627598], [127.461352, 36.627586], [127.461362, 36.627577], [127.461374, 36.62757], [127.461385, 36.627566]]]}}, {"type": "Feature", "properties": {"surface": "grass"}, "geometry": {"type": "Polygon", "coordinates": [[[127.460268, 36.628212], [127.460331, 36.628178], [127.460333, 36.628174], [127.460331, 36.628168], [127.460207, 36.628026], [127.460196, 36.628022], [127.460182, 36.628021], [127.460161, 36.628027], [127.460038, 36.628105], [127.460024, 36.628116], [127.460016, 36.62813], [127.459955, 36.628485], [127.459811, 36.628574], [127.459671, 36.628653], [127.459684, 36.62867], [127.459717, 36.62871], [127.459784, 36.628669], [127.459803, 36.628696], [127.45981, 36.628694], [127.459871, 36.628657], [127.460358, 36.628377], [127.460372, 36.628367], [127.460378, 36.62836], [127.460381, 36.62835], [127.460379, 36.628341], [127.460268, 36.628212]]]}}, {"type": "Feature", "properties": {"surface": "grass"}, "geometry": {"type": "Polygon", "coordinates": [[[127.461514, 36.628169], [127.461514, 36.628237], [127.461528, 36.628284], [127.461525, 36.62833], [127.461472, 36.62844], [127.461457, 36.628448], [127.461426, 36.628448], [127.461398, 36.628439], [127.461343, 36.628359], [127.461342, 36.628309], [127.461349, 36.628247], [127.46135, 36.628224], [127.461348, 36.628208], [127.461338, 36.628199], [127.461322, 36.628193], [127.461308, 36.62819], [127.461291, 36.628188], [127.461229, 36.628187], [127.461152, 36.628183], [127.461095, 36.628176], [127.461021, 36.628164], [127.460842, 36.628134], [127.460832, 36.628132], [127.460831, 36.628138], [127.460829, 36.628154], [127.460839, 36.628192], [127.460864, 36.628231], [127.461147, 36.628535], [127.461136, 36.628522], [127.461192, 36.62849], [127.46128, 36.628588], [127.461223, 36.628617], [127.46137, 36.628774], [127.461384, 36.62878], [127.461387, 36.628784], [127.461388, 36.628797], [127.461385, 36.628823], [127.461385, 36.628838], [127.461424, 36.628879], [127.461462, 36.628934], [127.461465, 36.62894], [127.461467, 36.628945], [127.461476, 36.628955], [127.461483, 36.628945], [127.461622, 36.62869], [127.461719, 36.628514], [127.461819, 36.628353], [127.461775, 36.628352], [127.461749, 36.628368], [127.461699, 36.628433], [127.46168, 36.628452], [127.46166, 36.628455], [127.461631, 36.628446], [127.461578, 36.628174], [127.461566, 36.628156], [127.461531, 36.62815], [127.461514, 36.628169]]]}}, {"type": "Feature", "properties": {"surface": "grass"}, "geometry": {"type": "Polygon", "coordinates": [[[127.460488, 36.628878], [127.460403, 36.628774], [127.460557, 36.628681], [127.460591, 36.628575], [127.460267, 36.628761], [127.46045, 36.628974], [127.460488, 36.628878]]]}}, {"type": "Feature", "properties": {"surface": "grass"}, "geometry": {"type": "Polygon", "coordinates": [[[127.460525, 36.628924], [127.460507, 36.628901], [127.460475, 36.628994], [127.460504, 36.629027], [127.46092, 36.628777], [127.460763, 36.628597], [127.460712, 36.628545], [127.460704, 36.628543], [127.460694, 36.628544], [127.460618, 36.628586], [127.460591, 36.628661], [127.460646, 36.628629], [127.460767, 36.628774], [127.460525, 36.628924]]]}}, {"type": "Feature", "properties": {"surface": "grass"}, "geometry": {"type": "Polygon", "coordinates": [[[127.45927, 36.628872], [127.458973, 36.628991], [127.459064, 36.629116], [127.459088, 36.629131], [127.459215, 36.629112], [127.459492, 36.629095], [127.459563, 36.629083], [127.459769, 36.629018], [127.459867, 36.628979], [127.459894, 36.628968], [127.459909, 36.628957], [127.459915, 36.628948], [127.459916, 36.62894], [127.459901, 36.628919], [127.4598, 36.628801], [127.459759, 36.628825], [127.459672, 36.628737], [127.459637, 36.628694], [127.459626, 36.628683], [127.459604, 36.628697], [127.4595, 36.628747], [127.459334, 36.628844], [127.459305, 36.628859], [127.45927, 36.628872]]]}}, {"type": "Feature", "properties": {"surface": "grass"}, "geometry": {"type": "Polygon", "coordinates": [[[127.459922, 36.628999], [127.459884, 36.629011], [127.459671, 36.629092], [127.459526, 36.629133], [127.459471, 36.629139], [127.459394, 36.629141], [127.459331, 36.629141], [127.459259, 36.629143], [127.459156, 36.629151], [127.459112, 36.629169], [127.459104, 36.62918], [127.459107, 36.629198], [127.459167, 36.62925], [127.459228, 36.629292], [127.459292, 36.629323], [127.459361, 36.629354], [127.459457, 36.629381], [127.459497, 36.629386], [127.459659, 36.629393], [127.459686, 36.629383], [127.459731, 36.629357], [127.459802, 36.629295], [127.459981, 36.629128], [127.460002, 36.629106], [127.460009, 36.62909], [127.460011, 36.629074], [127.460006, 36.629046], [127.459988, 36.629013], [127.459977, 36.629003], [127.459964, 36.628998], [127.459944, 36.628996], [127.459922, 36.628999]]]}}, {"type": "Feature", "properties": {"surface": "grass"}, "geometry": {"type": "Polygon", "coordinates": [[[127.460264, 36.629513], [127.460279, 36.629509], [127.460298, 36.629407], [127.460298, 36.629371], [127.460097, 36.629139], [127.460081, 36.629137], [127.460052, 36.629139], [127.460032, 36.629151], [127.459792, 36.629366], [127.45978, 36.629383], [127.459776, 36.629397], [127.459778, 36.629408], [127.45979, 36.629412], [127.46005, 36.629469], [127.460264, 36.629513]]]}}, {"type": "Feature", "properties": {"surface": "grass"}, "geometry": {"type": "Polygon", "coordinates": [[[127.459843, 36.629835], [127.459921, 36.629822], [127.460044, 36.629805], [127.460049, 36.629796], [127.460046, 36.629777], [127.459972, 36.629508], [127.459958, 36.629505], [127.459874, 36.629485], [127.459851, 36.629482], [127.459831, 36.629482], [127.45981, 36.629488], [127.459794, 36.629503], [127.45975, 36.62961], [127.459747, 36.629627], [127.459749, 36.62964], [127.459822, 36.629838], [127.459826, 36.62984], [127.459843, 36.629835]]]}}, {"type": "Feature", "properties": {"surface": "grass"}, "geometry": {"type": "Polygon", "coordinates": [[[127.460197, 36.629591], [127.460024, 36.629553], [127.460084, 36.629793], [127.460269, 36.629763], [127.460225, 36.629602], [127.460197, 36.629591]]]}}, {"type": "Feature", "properties": {"surface": "grass"}, "geometry": {"type": "Polygon", "coordinates": [[[127.460303, 36.629755], [127.460449, 36.629732], [127.460441, 36.629708], [127.460266, 36.629621], [127.460303, 36.629755]]]}}, {"type": "Feature", "properties": {"surface": "grass"}, "geometry": {"type": "Polygon", "coordinates": [[[127.460083, 36.630043], [127.460083, 36.630046], [127.46008, 36.630051], [127.460065, 36.630054], [127.460059, 36.630058], [127.460061, 36.630067], [127.460064, 36.630091], [127.460054, 36.63011], [127.460048, 36.630115], [127.460036, 36.63012], [127.459982, 36.630134], [127.459964, 36.630134], [127.459958, 36.630131], [127.459953, 36.630129], [127.459946, 36.630123], [127.459922, 36.630032], [127.459921, 36.630026], [127.459921, 36.630021], [127.459927, 36.630015], [127.459941, 36.630009], [127.459977, 36.630001], [127.45998, 36.630001], [127.459987, 36.630003], [127.459999, 36.630022], [127.460004, 36.630024], [127.459995, 36.630002], [127.45999, 36.630002], [127.459986, 36.629988], [127.459982, 36.629972], [127.45993, 36.629848], [127.459851, 36.629865], [127.459834, 36.62987], [127.459832, 36.629873], [127.459853, 36.62996], [127.459864, 36.630013], [127.459877, 36.630113], [127.459886, 36.630209], [127.459902, 36.630298], [127.459906, 36.630301], [127.459914, 36.630302], [127.460056, 36.630268], [127.460066, 36.630296], [127.460073, 36.630297], [127.460347, 36.630246], [127.460618, 36.630203], [127.460618, 36.630165], [127.460627, 36.630141], [127.460637, 36.630124], [127.460651, 36.630112], [127.460689, 36.630099], [127.460719, 36.630094], [127.460783, 36.630081], [127.460732, 36.629869], [127.460719, 36.629861], [127.46048, 36.629725], [127.460524, 36.629888], [127.460493, 36.629879], [127.460501, 36.629919], [127.460417, 36.629938], [127.46042, 36.629949], [127.460381, 36.629955], [127.460393, 36.630004], [127.460362, 36.630009], [127.460376, 36.630051], [127.460174, 36.630091], [127.460153, 36.630043], [127.460095, 36.630053], [127.460091, 36.63004], [127.460083, 36.630043]], [[127.459919, 36.630006], [127.459912, 36.629988], [127.459978, 36.629971], [127.459986, 36.629988], [127.459919, 36.630006]]]}}, {"type": "Feature", "properties": {"surface": "grass"}, "geometry": {"type": "Polygon", "coordinates": [[[127.462576, 36.629958], [127.462585, 36.62996], [127.462586, 36.629955], [127.462435, 36.629923], [127.462423, 36.629953], [127.462345, 36.629961], [127.462092, 36.629987], [127.462092, 36.629989], [127.46228, 36.629972], [127.462285, 36.630004], [127.462276, 36.630004], [127.462277, 36.630019], [127.462292, 36.630018], [127.462296, 36.630056], [127.462136, 36.63007], [127.46218, 36.630116], [127.462214, 36.630113], [127.462219, 36.630153], [127.462241, 36.630135], [127.462237, 36.630106], [127.462328, 36.630097], [127.462328, 36.630106], [127.462395, 36.6301], [127.462403, 36.630165], [127.462414, 36.63011], [127.462407, 36.630055], [127.462517, 36.630045], [127.46252, 36.630072], [127.462528, 36.630072], [127.462532, 36.630103], [127.462548, 36.630105], [127.462562, 36.630049], [127.462565, 36.630038], [127.462556, 36.630037], [127.462576, 36.629958]], [[127.462346, 36.629967], [127.462454, 36.629956], [127.462455, 36.629964], [127.462494, 36.62996], [127.462493, 36.629953], [127.462543, 36.629947], [127.462553, 36.630024], [127.462356, 36.630043], [127.462346, 36.629967]]]}}, {"type": "Feature", "properties": {"surface": "grass"}, "geometry": {"type": "Polygon", "coordinates": [[[127.461064, 36.630672], [127.461045, 36.630675], [127.460998, 36.630686], [127.460957, 36.630692], [127.460912, 36.630698], [127.460883, 36.630699], [127.460846, 36.630695], [127.46081, 36.630696], [127.460783, 36.630701], [127.46075, 36.630716], [127.460734, 36.630719], [127.460719, 36.63072], [127.460706, 36.630719], [127.460695, 36.630715], [127.460683, 36.630707], [127.460681, 36.630702], [127.460683, 36.630693], [127.460686, 36.630685], [127.460694, 36.630676], [127.460702, 36.630668], [127.46072, 36.630655], [127.460763, 36.630623], [127.460792, 36.630608], [127.460834, 36.630596], [127.460872, 36.630589], [127.460908, 36.630586], [127.460912, 36.630586], [127.460874, 36.630455], [127.460835, 36.630462], [127.460526, 36.630521], [127.460552, 36.630591], [127.460571, 36.630624], [127.460596, 36.630656], [127.460655, 36.63073], [127.460585, 36.630764], [127.460638, 36.630801], [127.460648, 36.630822], [127.460653, 36.630831], [127.46068, 36.630822], [127.460844, 36.630766], [127.461011, 36.630743], [127.461194, 36.630738], [127.461321, 36.63073], [127.461432, 36.630699], [127.461457, 36.630629], [127.461362, 36.630663], [127.461342, 36.630668], [127.461291, 36.630673], [127.461236, 36.630687], [127.461213, 36.63069], [127.461186, 36.630691], [127.461165, 36.630689], [127.461142, 36.630683], [127.461097, 36.630674], [127.461064, 36.630672]]]}}, {"type": "Feature", "properties": {"surface": "grass"}, "geometry": {"type": "Polygon", "coordinates": [[[127.462136, 36.631367], [127.462109, 36.631374], [127.462016, 36.631438], [127.462002, 36.631476], [127.462038, 36.631457], [127.462122, 36.631405], [127.462155, 36.63138], [127.462151, 36.631374], [127.462136, 36.631367]]]}}, {"type": "Feature", "properties": {"surface": "grass"}, "geometry": {"type": "Polygon", "coordinates": [[[127.459761, 36.631519], [127.45982, 36.631465], [127.459808, 36.631458], [127.459797, 36.631457], [127.459787, 36.631462], [127.459756, 36.631494], [127.459744, 36.631494], [127.459662, 36.631447], [127.459654, 36.631448], [127.459654, 36.631455], [127.459761, 36.631519]]]}}, {"type": "Feature", "properties": {"surface": "grass"}, "geometry": {"type": "Polygon", "coordinates": [[[127.459129, 36.631937], [127.459113, 36.631943], [127.459077, 36.631935], [127.459068, 36.631928], [127.45903, 36.631823], [127.459032, 36.631815], [127.459051, 36.631798], [127.459038, 36.631786], [127.459053, 36.631774], [127.458981, 36.631713], [127.458969, 36.6317], [127.458963, 36.631679], [127.458956, 36.63163], [127.459076, 36.631534], [127.459125, 36.631443], [127.459052, 36.631382], [127.458984, 36.631459], [127.458951, 36.631561], [127.458945, 36.631611], [127.458942, 36.631652], [127.459026, 36.631953], [127.459052, 36.631988], [127.459068, 36.631993], [127.459091, 36.631993], [127.459661, 36.631617], [127.459679, 36.631586], [127.459685, 36.631581], [127.459692, 36.631576], [127.459676, 36.631553], [127.459662, 36.63155], [127.459451, 36.631701], [127.459451, 36.631727], [127.459195, 36.631911], [127.459181, 36.6319], [127.459129, 36.631937]]]}}, {"type": "Feature", "properties": {"surface": "paved"}, "geometry": {"type": "Polygon", "coordinates": [[[127.45, 36.626221], [127.450042, 36.626219], [127.450101, 36.62621], [127.450159, 36.626192], [127.450203, 36.626175], [127.450276, 36.626135], [127.450319, 36.62611], [127.450369, 36.626083], [127.450499, 36.626077], [127.45049, 36.625951], [127.450566, 36.625949], [127.450966, 36.625941], [127.451023, 36.62594], [127.451076, 36.62598], [127.451086, 36.626066], [127.451091, 36.626103], [127.451091, 36.626109], [127.451092, 36.62612], [127.451084, 36.626136], [127.451037, 36.62617], [127.450976, 36.626214], [127.450881, 36.626136], [127.450726, 36.626241], [127.450724, 36.626242], [127.450685, 36.626269], [127.450686, 36.626271], [127.450681, 36.626275], [127.450691, 36.626284], [127.450686, 36.62629], [127.450723, 36.626322], [127.450727, 36.626317], [127.450729, 36.626319], [127.450737, 36.626327], [127.450738, 36.626326], [127.450742, 36.626329], [127.450777, 36.626303], [127.450805, 36.626328], [127.450796, 36.626333], [127.450753, 36.626348], [127.450704, 36.626364], [127.450699, 36.626365], [127.45067, 36.626306], [127.450511, 36.626354], [127.450514, 36.626358], [127.450517, 36.626366], [127.450518, 36.626368], [127.450536, 36.62641], [127.450467, 36.626433], [127.450437, 36.626445], [127.450437, 36.626444], [127.450436, 36.62644], [127.450436, 36.626432], [127.450437, 36.626432], [127.450428, 36.626339], [127.450459, 36.626337], [127.450458, 36.626328], [127.450454, 36.626301], [127.450449, 36.626266], [127.45042, 36.626267], [127.450416, 36.626224], [127.450406, 36.626226], [127.450406, 36.626222], [127.450409, 36.626221], [127.450404, 36.626201], [127.450323, 36.626208], [127.450324, 36.626219], [127.450309, 36.62622], [127.450339, 36.626436], [127.45012, 36.626548], [127.45016, 36.626599], [127.450053, 36.626665], [127.450017, 36.626687], [127.450016, 36.626688], [127.45, 36.62669], [127.45, 36.626816], [127.450001, 36.626816], [127.450005, 36.626812], [127.450148, 36.626763], [127.450309, 36.62677], [127.450373, 36.626773], [127.450426, 36.626775], [127.450443, 36.626776], [127.450767, 36.626789], [127.451041, 36.6268], [127.451049, 36.626801], [127.451102, 36.626803], [127.451111, 36.626803], [127.451304, 36.627062], [127.451352, 36.627123], [127.451355, 36.627127], [127.451546, 36.62706], [127.45165, 36.627253], [127.451586, 36.62727], [127.451547, 36.627276], [127.451521, 36.627279], [127.451497, 36.627279], [127.451487, 36.627278], [127.451477, 36.62727], [127.451461, 36.627226], [127.451455, 36.627208], [127.451444, 36.627194], [127.45141, 36.627171], [127.451386, 36.627196], [127.45139, 36.627197], [127.451406, 36.627207], [127.451416, 36.627223], [127.451424, 36.627254], [127.451425, 36.62728], [127.451413, 36.627288], [127.451388, 36.62729], [127.451421, 36.627324], [127.451451, 36.627357], [127.451309, 36.627434], [127.451253, 36.627465], [127.451104, 36.627544], [127.451001, 36.627605], [127.451017, 36.627621], [127.451119, 36.627563], [127.451452, 36.62738], [127.451464, 36.627379], [127.451476, 36.627382], [127.451488, 36.627393], [127.45174, 36.62769], [127.451382, 36.627881], [127.451648, 36.628205], [127.45202, 36.628018], [127.45204, 36.628041], [127.452045, 36.628052], [127.452044, 36.628063], [127.452034, 36.628078], [127.452018, 36.628089], [127.451995, 36.628101], [127.451402, 36.628415], [127.451385, 36.628388], [127.451381, 36.62839], [127.451368, 36.628375], [127.451246, 36.628434], [127.451412, 36.628657], [127.451435, 36.628645], [127.45147, 36.62863], [127.451469, 36.628628], [127.451472, 36.628627], [127.451477, 36.628624], [127.451521, 36.628602], [127.45153, 36.628597], [127.451547, 36.628619], [127.451628, 36.628576], [127.451643, 36.628596], [127.45164, 36.628598], [127.451708, 36.628693], [127.451662, 36.628715], [127.451674, 36.628729], [127.451667, 36.628734], [127.451736, 36.628816], [127.451748, 36.628809], [127.451781, 36.628792], [127.451904, 36.628934], [127.451906, 36.628933], [127.45191, 36.628937], [127.451896, 36.628945], [127.45191, 36.628962], [127.45196, 36.628935], [127.451954, 36.628928], [127.452011, 36.628897], [127.451904, 36.628755], [127.451928, 36.62874], [127.451946, 36.628763], [127.452074, 36.628904], [127.451964, 36.628966], [127.451866, 36.629024], [127.451929, 36.629098], [127.451895, 36.629117], [127.451771, 36.629203], [127.451688, 36.629102], [127.451692, 36.629015], [127.451692, 36.628999], [127.451691, 36.628989], [127.451689, 36.628981], [127.451686, 36.628972], [127.451659, 36.628928], [127.451575, 36.628867], [127.451445, 36.628757], [127.451424, 36.628744], [127.451384, 36.628736], [127.451365, 36.628736], [127.451346, 36.628737], [127.45133, 36.628743], [127.451277, 36.628765], [127.451139, 36.628812], [127.45084, 36.628898], [127.450803, 36.628902], [127.450769, 36.628902], [127.450535, 36.628922], [127.450516, 36.628917], [127.450504, 36.62889], [127.450468, 36.6289], [127.450487, 36.628928], [127.450502, 36.628941], [127.450519, 36.628947], [127.450578, 36.628943], [127.450758, 36.62893], [127.450794, 36.628928], [127.450828, 36.628921], [127.450905, 36.628906], [127.45092, 36.628898], [127.450926, 36.628895], [127.450953, 36.628891], [127.451009, 36.628873], [127.451151, 36.628837], [127.451333, 36.62878], [127.451348, 36.628779], [127.45136, 36.628778], [127.451387, 36.628778], [127.451397, 36.628779], [127.45142, 36.628781], [127.451432, 36.628784], [127.451439, 36.628787], [127.451448, 36.628793], [127.451482, 36.628818], [127.451556, 36.628876], [127.451587, 36.628904], [127.45161, 36.628926], [127.451636, 36.628963], [127.451649, 36.62899], [127.451655, 36.629016], [127.45166, 36.62912], [127.451701, 36.629172], [127.451704, 36.62918], [127.451703, 36.629188], [127.451695, 36.6292], [127.451666, 36.629217], [127.451557, 36.629095], [127.451427, 36.629173], [127.451426, 36.629173], [127.451336, 36.629223], [127.451339, 36.629226], [127.451312, 36.629242], [127.451313, 36.629242], [127.45131, 36.629244], [127.451364, 36.629308], [127.451368, 36.629306], [127.45137, 36.629308], [127.451374, 36.629312], [127.451389, 36.62933], [127.451354, 36.629352], [127.451352, 36.62935], [127.451274, 36.629397], [127.4513, 36.629425], [127.451302, 36.629425], [127.451308, 36.629431], [127.451305, 36.629433], [127.451298, 36.629426], [127.451247, 36.629459], [127.451293, 36.629512], [127.451313, 36.629543], [127.451215, 36.629599], [127.451221, 36.629605], [127.451219, 36.629606], [127.451235, 36.629622], [127.451255, 36.629645], [127.451248, 36.62965], [127.451216, 36.629617], [127.451196, 36.629631], [127.451227, 36.629667], [127.451228, 36.629666], [127.451325, 36.62978], [127.451305, 36.629793], [127.451333, 36.629823], [127.451252, 36.629869], [127.451261, 36.629879], [127.45138, 36.630011], [127.451511, 36.629937], [127.451877, 36.629728], [127.45186, 36.629713], [127.451859, 36.629705], [127.451902, 36.62967], [127.451916, 36.629667], [127.451927, 36.62967], [127.452018, 36.629777], [127.452031, 36.629794], [127.451968, 36.629833], [127.451937, 36.629847], [127.451928, 36.629849], [127.451926, 36.629848], [127.451966, 36.629824], [127.451913, 36.629772], [127.451879, 36.629793], [127.451873, 36.629788], [127.451857, 36.629783], [127.451845, 36.629784], [127.451789, 36.629815], [127.451614, 36.629922], [127.451711, 36.630081], [127.451733, 36.630069], [127.45191, 36.629967], [127.451908, 36.629963], [127.451901, 36.629955], [127.451906, 36.629952], [127.451879, 36.629922], [127.451989, 36.629854], [127.452054, 36.629815], [127.452164, 36.629946], [127.452165, 36.62996], [127.452157, 36.629968], [127.452131, 36.629987], [127.452109, 36.630001], [127.451847, 36.630158], [127.451823, 36.630169], [127.451805, 36.630177], [127.45171, 36.630217], [127.451687, 36.630227], [127.451617, 36.630139], [127.45131, 36.630314], [127.451382, 36.630409], [127.451215, 36.630508], [127.45112, 36.630579], [127.451104, 36.630581], [127.451106, 36.630589], [127.451087, 36.630603], [127.45108, 36.630631], [127.45108, 36.630661], [127.451088, 36.630688], [127.451239, 36.630835], [127.451256, 36.630841], [127.45128, 36.630841], [127.451302, 36.630839], [127.451399, 36.630781], [127.451475, 36.630857], [127.451489, 36.63087], [127.451576, 36.630972], [127.451482, 36.631027], [127.451434, 36.631052], [127.451475, 36.631083], [127.451489, 36.631102], [127.451522, 36.631128], [127.451566, 36.631157], [127.451568, 36.631159], [127.45157, 36.631159], [127.451603, 36.631162], [127.451618, 36.631166], [127.451679, 36.631212], [127.451694, 36.631218], [127.45171, 36.63122], [127.451742, 36.631213], [127.451752, 36.631206], [127.452049, 36.63103], [127.452041, 36.631022], [127.452124, 36.63097], [127.452149, 36.630952], [127.452242, 36.630898], [127.452321, 36.630854], [127.45243, 36.630792], [127.452575, 36.630712], [127.452613, 36.630687], [127.452644, 36.630663], [127.452659, 36.630651], [127.452531, 36.630515], [127.452522, 36.630521], [127.452503, 36.630505], [127.452464, 36.630528], [127.452481, 36.630546], [127.452456, 36.630561], [127.452426, 36.630528], [127.452571, 36.630441], [127.45258, 36.630439], [127.452593, 36.63044], [127.452604, 36.630443], [127.452611, 36.630449], [127.452679, 36.630522], [127.452955, 36.630362], [127.453036, 36.630315], [127.453734, 36.629916], [127.453738, 36.629899], [127.453602, 36.62975], [127.453589, 36.629736], [127.45376, 36.629643], [127.453803, 36.629718], [127.453873, 36.62984], [127.453924, 36.629929], [127.453932, 36.629944], [127.453968, 36.630003], [127.454085, 36.630197], [127.454252, 36.630477], [127.454377, 36.630699], [127.454381, 36.63077], [127.45438, 36.630791], [127.454368, 36.63083], [127.454359, 36.630846], [127.454355, 36.630854], [127.454336, 36.63088], [127.453812, 36.631194], [127.453754, 36.631228], [127.453422, 36.631422], [127.453384, 36.631445], [127.453265, 36.631509], [127.453001, 36.631666], [127.452999, 36.63167], [127.452912, 36.631622], [127.452861, 36.631594], [127.452809, 36.63157], [127.452762, 36.631552], [127.452721, 36.631538], [127.452695, 36.631536], [127.452661, 36.631538], [127.452231, 36.631621], [127.452188, 36.631633], [127.452149, 36.63165], [127.452117, 36.63167], [127.452092, 36.6317], [127.452048, 36.631661], [127.452013, 36.631632], [127.451902, 36.631538], [127.45189, 36.631528], [127.451863, 36.631505], [127.451454, 36.631163], [127.451361, 36.631083], [127.451213, 36.630956], [127.451097, 36.630858], [127.45104, 36.63081], [127.450892, 36.630678], [127.450884, 36.630671], [127.4508, 36.630593], [127.45078, 36.630575], [127.450755, 36.630547], [127.450657, 36.630443], [127.45057, 36.630336], [127.450423, 36.630111], [127.450402, 36.630074], [127.450356, 36.629991], [127.450334, 36.629952], [127.450311, 36.629906], [127.450271, 36.629829], [127.450251, 36.629777], [127.450234, 36.629733], [127.450207, 36.629657], [127.450197, 36.62963], [127.450152, 36.629479], [127.450139, 36.629436], [127.450112, 36.629338], [127.450107, 36.629323], [127.450096, 36.62924], [127.450087, 36.629162], [127.450075, 36.628934], [127.450058, 36.628592], [127.450047, 36.628373], [127.450036, 36.628192], [127.450013, 36.62779], [127.450007, 36.627682], [127.450007, 36.627609], [127.45, 36.627479], [127.45, 36.62982], [127.45, 36.629825], [127.45, 36.629992], [127.45, 36.629994], [127.45, 36.630004], [127.45, 36.630121], [127.45, 36.630143], [127.45, 36.630197], [127.45, 36.630205], [127.45, 36.630299], [127.45, 36.630351], [127.45, 36.630387], [127.45, 36.630418], [127.45, 36.630579], [127.450059, 36.630664], [127.450066, 36.630693], [127.45006, 36.630701], [127.450047, 36.630706], [127.450027, 36.63071], [127.45, 36.630712], [127.45, 36.630768], [127.45, 36.630862], [127.45, 36.630893], [127.45, 36.630911], [127.45, 36.631037], [127.45, 36.631154], [127.450019, 36.631171], [127.450081, 36.631225], [127.450154, 36.631289], [127.45026, 36.631382], [127.450818, 36.631872], [127.450872, 36.631868], [127.450921, 36.631865], [127.45093, 36.631971], [127.450936, 36.631976], [127.450945, 36.631984], [127.450963, 36.632], [127.45119, 36.631996], [127.451188, 36.632028], [127.451151, 36.632029], [127.451151, 36.632019], [127.450995, 36.632028], [127.451131, 36.632147], [127.451265, 36.632264], [127.451367, 36.632354], [127.45138, 36.632364], [127.451401, 36.632383], [127.451417, 36.632397], [127.45152, 36.632488], [127.451627, 36.632581], [127.451635, 36.632588], [127.451696, 36.632642], [127.451804, 36.632737], [127.451855, 36.632777], [127.451857, 36.63278], [127.451933, 36.632838], [127.451973, 36.632869], [127.452059, 36.632934], [127.452123, 36.632983], [127.452191, 36.633035], [127.452231, 36.633066], [127.452319, 36.633133], [127.45234, 36.633148], [127.452397, 36.633188], [127.452464, 36.633227], [127.452482, 36.633237], [127.452572, 36.633279], [127.452594, 36.633287], [127.452631, 36.633301], [127.452656, 36.63331], [127.452666, 36.633314], [127.452703, 36.633325], [127.452764, 36.633342], [127.452847, 36.633359], [127.452865, 36.633363], [127.452968, 36.633376], [127.453208, 36.633397], [127.453251, 36.633398], [127.453363, 36.633402], [127.453371, 36.633402], [127.453451, 36.6334], [127.453627, 36.633395], [127.453733, 36.633393], [127.453819, 36.633391], [127.453872, 36.633395], [127.45395, 36.633401], [127.454033, 36.633407], [127.454051, 36.633408], [127.454104, 36.633413], [127.454171, 36.633418], [127.45425, 36.633435], [127.454385, 36.633466], [127.454398, 36.633469], [127.45453, 36.633499], [127.454556, 36.633504], [127.454564, 36.633507], [127.454641, 36.63353], [127.4549, 36.633608], [127.454934, 36.633618], [127.455055, 36.633667], [127.455086, 36.633679], [127.455156, 36.633706], [127.455202, 36.633723], [127.455209, 36.633726], [127.455335, 36.633773], [127.455468, 36.633824], [127.45548, 36.633828], [127.455501, 36.633836], [127.455504, 36.63384], [127.455571, 36.633895], [127.455577, 36.6339], [127.455657, 36.633955], [127.455662, 36.633958], [127.455742, 36.634003], [127.455762, 36.634013], [127.455833, 36.634045], [127.455928, 36.63408], [127.456156, 36.634154], [127.456258, 36.634187], [127.456345, 36.634215], [127.456461, 36.634252], [127.456463, 36.634252], [127.456502, 36.634263], [127.456568, 36.634281], [127.456634, 36.634297], [127.456766, 36.634328], [127.456824, 36.634341], [127.45684, 36.634345], [127.456989, 36.634379], [127.457005, 36.634383], [127.457255, 36.634441], [127.457286, 36.634448], [127.457301, 36.634451], [127.457409, 36.634473], [127.457593, 36.634512], [127.457824, 36.63456], [127.457907, 36.634577], [127.457917, 36.634579], [127.457954, 36.634587], [127.458041, 36.634605], [127.458153, 36.634623], [127.458267, 36.634632], [127.458381, 36.634632], [127.458431, 36.634628], [127.458495, 36.634622], [127.458586, 36.634607], [127.458606, 36.634603], [127.458702, 36.634579], [127.458715, 36.634575], [127.45882, 36.634539], [127.458876, 36.634513], [127.458919, 36.634493], [127.458964, 36.634468], [127.458976, 36.634461], [127.459004, 36.634445], [127.459012, 36.63444], [127.459025, 36.634431], [127.459037, 36.634423], [127.459047, 36.634286], [127.459161, 36.634291], [127.459179, 36.63431], [127.459247, 36.634244], [127.459313, 36.634174], [127.459363, 36.634109], [127.459371, 36.6341], [127.459395, 36.63406], [127.459395, 36.634059], [127.459401, 36.634051], [127.459419, 36.634021], [127.459435, 36.633986], [127.459437, 36.633982], [127.459457, 36.633938], [127.459485, 36.633854], [127.459503, 36.633767], [127.459506, 36.633723], [127.45951, 36.633679], [127.459507, 36.6336], [127.459506, 36.633591], [127.459492, 36.633504], [127.459482, 36.633469], [127.459468, 36.633419], [127.459436, 36.633342], [127.459433, 36.633335], [127.459396, 36.633269], [127.459388, 36.633255], [127.459356, 36.63321], [127.459352, 36.633204], [127.459337, 36.633183], [127.459334, 36.633179], [127.459272, 36.633108], [127.459271, 36.633107], [127.45927, 36.633106], [127.459247, 36.633085], [127.459245, 36.633082], [127.4592, 36.633041], [127.459163, 36.633013], [127.459121, 36.63298], [127.459103, 36.632969], [127.459118, 36.632965], [127.459223, 36.632933], [127.459354, 36.632892], [127.459467, 36.632858], [127.459521, 36.632841], [127.459634, 36.6328], [127.459636, 36.632799], [127.459639, 36.632798], [127.459657, 36.632789], [127.459686, 36.632776], [127.459741, 36.63275], [127.459825, 36.632705], [127.459839, 36.632697], [127.459929, 36.632644], [127.459975, 36.63261], [127.45999, 36.632599], [127.460007, 36.632587], [127.460012, 36.632583], [127.460086, 36.632517], [127.460109, 36.632492], [127.460153, 36.632444], [127.460159, 36.632437], [127.460206, 36.632372], [127.46021, 36.632367], [127.460238, 36.632318], [127.460254, 36.632291], [127.460284, 36.632284], [127.460371, 36.632258], [127.460387, 36.632253], [127.460485, 36.632214], [127.460488, 36.632213], [127.460578, 36.632168], [127.460664, 36.632115], [127.460665, 36.632114], [127.460711, 36.63208], [127.460724, 36.63207], [127.460745, 36.632053], [127.460769, 36.632032], [127.460818, 36.631987], [127.46085, 36.631951], [127.460882, 36.631915], [127.460922, 36.631865], [127.460944, 36.631838], [127.460969, 36.631806], [127.461, 36.63179], [127.461041, 36.631768], [127.461117, 36.631724], [127.46121, 36.631688], [127.461306, 36.631664], [127.461511, 36.631625], [127.461654, 36.631597], [127.461728, 36.63158], [127.461756, 36.631574], [127.461854, 36.631542], [127.461855, 36.631542], [127.461949, 36.631503], [127.462002, 36.631476], [127.462016, 36.631438], [127.462109, 36.631374], [127.462136, 36.631367], [127.462151, 36.631374], [127.462155, 36.63138], [127.462199, 36.631346], [127.462269, 36.631282], [127.462296, 36.631252], [127.462331, 36.631213], [127.462384, 36.631139], [127.4624, 36.631112], [127.462429, 36.631062], [127.462447, 36.63102], [127.462464, 36.630981], [127.462469, 36.630969], [127.462537, 36.630785], [127.46256, 36.630724], [127.462574, 36.630687], [127.462604, 36.630608], [127.462614, 36.63058], [127.462659, 36.630459], [127.462668, 36.630436], [127.462668, 36.630421], [127.462671, 36.630421], [127.462674, 36.630421], [127.462695, 36.630364], [127.462707, 36.630333], [127.462752, 36.630212], [127.462781, 36.630134], [127.462831, 36.63], [127.462844, 36.629966], [127.462893, 36.629836], [127.462914, 36.629779], [127.462946, 36.629694], [127.462957, 36.629663], [127.462986, 36.629588], [127.462994, 36.629565], [127.463024, 36.629484], [127.463041, 36.629441], [127.463084, 36.629326], [127.463098, 36.629286], [127.4631, 36.629283], [127.463107, 36.629263], [127.463138, 36.629169], [127.463152, 36.62913], [127.463186, 36.629027], [127.463342, 36.628567], [127.46338, 36.628454], [127.463403, 36.628384], [127.46343, 36.628305], [127.463442, 36.628269], [127.463471, 36.628183], [127.463519, 36.628042], [127.463532, 36.628002], [127.463577, 36.627871], [127.46361, 36.627774], [127.463613, 36.627765], [127.463635, 36.627698], [127.46366, 36.627626], [127.463668, 36.627601], [127.463692, 36.627531], [127.463726, 36.62743], [127.463732, 36.62741], [127.463759, 36.62733], [127.463777, 36.627277], [127.463808, 36.627187], [127.463824, 36.627141], [127.463832, 36.627119], [127.463866, 36.627029], [127.463872, 36.62701], [127.463908, 36.626915], [127.46395, 36.626801], [127.463972, 36.62674], [127.463977, 36.626726], [127.464013, 36.626628], [127.464021, 36.626605], [127.464054, 36.626515], [127.464061, 36.626496], [127.464093, 36.62641], [127.464104, 36.62638], [127.464131, 36.626305], [127.464147, 36.626262], [127.46413, 36.626262], [127.464112, 36.626183], [127.464026, 36.626166], [127.464034, 36.626147], [127.464058, 36.626086], [127.464083, 36.626022], [127.464122, 36.626033], [127.46411, 36.626074], [127.464209, 36.626095], [127.464223, 36.626055], [127.464309, 36.625821], [127.464345, 36.625724], [127.46435, 36.62571], [127.464383, 36.625619], [127.464391, 36.625599], [127.464424, 36.625509], [127.464432, 36.625487], [127.464462, 36.625403], [127.464473, 36.625375], [127.464504, 36.62529], [127.464511, 36.625272], [127.464545, 36.625179], [127.464553, 36.625157], [127.464564, 36.625121], [127.464578, 36.625073], [127.464591, 36.625001], [127.464594, 36.624988], [127.464595, 36.624965], [127.464599, 36.624902], [127.464599, 36.624658], [127.46456, 36.62465], [127.464501, 36.624636], [127.464436, 36.624621], [127.464233, 36.624575], [127.464213, 36.624522], [127.464229, 36.624479], [127.464256, 36.624431], [127.464304, 36.624364], [127.464418, 36.62425], [127.464469, 36.624202], [127.464465, 36.624196], [127.464462, 36.62419], [127.464453, 36.624178], [127.464404, 36.624114], [127.464336, 36.624042], [127.46426, 36.623976], [127.464176, 36.623916], [127.464085, 36.623864], [127.463998, 36.623824], [127.463988, 36.623819], [127.463924, 36.623796], [127.463918, 36.623794], [127.463886, 36.623782], [127.463868, 36.623777], [127.463853, 36.623773], [127.463849, 36.623777], [127.463813, 36.623784], [127.463799, 36.62379], [127.463791, 36.623795], [127.463681, 36.623881], [127.463662, 36.623866], [127.463642, 36.623882], [127.463622, 36.623867], [127.463584, 36.623897], [127.46365, 36.62395], [127.463615, 36.623977], [127.463515, 36.623891], [127.463648, 36.623782], [127.463705, 36.623744], [127.46371, 36.623741], [127.46367, 36.623734], [127.463559, 36.623723], [127.463534, 36.623722], [127.463397, 36.623714], [127.463348, 36.623711], [127.463346, 36.623716], [127.463337, 36.623729], [127.463334, 36.623731], [127.463309, 36.623709], [127.463079, 36.623696], [127.462949, 36.623695], [127.462731, 36.623703], [127.462749, 36.623721], [127.462705, 36.623756], [127.462689, 36.623756], [127.462626, 36.623715], [127.462604, 36.623708], [127.462452, 36.623713], [127.462295, 36.623728], [127.462054, 36.623765], [127.461969, 36.623781], [127.461778, 36.623823], [127.461767, 36.623817], [127.461596, 36.62361], [127.461575, 36.623512], [127.461551, 36.623424], [127.461516, 36.623339], [127.461504, 36.623316], [127.461471, 36.623257], [127.461416, 36.623179], [127.461359, 36.623114], [127.461351, 36.623106], [127.461278, 36.623038], [127.461216, 36.622991], [127.461196, 36.622977], [127.461108, 36.622922], [127.461013, 36.622875], [127.460913, 36.622835], [127.460808, 36.622804], [127.460717, 36.622785], [127.460701, 36.622781], [127.460562, 36.622758], [127.460561, 36.622766], [127.460543, 36.623159], [127.460539, 36.623183], [127.460535, 36.623191], [127.460529, 36.623198], [127.46052, 36.623204], [127.460476, 36.623221], [127.4605, 36.622999], [127.46053, 36.622793], [127.460529, 36.622753], [127.460528, 36.622752], [127.460325, 36.622718], [127.460323, 36.622718], [127.460314, 36.622807], [127.460341, 36.622811], [127.460341, 36.622819], [127.460346, 36.622819], [127.460298, 36.623192], [127.460308, 36.623289], [127.460329, 36.623287], [127.460456, 36.62328], [127.460457, 36.623276], [127.460459, 36.623276], [127.460512, 36.623273], [127.460589, 36.623168], [127.460588, 36.623247], [127.46059, 36.623327], [127.460583, 36.623379], [127.460561, 36.62355], [127.460566, 36.6236], [127.460685, 36.623999], [127.460703, 36.624055], [127.460757, 36.624225], [127.460849, 36.624298], [127.460852, 36.624313], [127.460857, 36.624368], [127.460855, 36.624395], [127.460849, 36.624412], [127.460837, 36.624422], [127.460459, 36.624637], [127.460364, 36.624691], [127.46036, 36.624696], [127.460358, 36.624701], [127.460358, 36.624706], [127.460359, 36.624713], [127.460362, 36.624716], [127.460394, 36.624755], [127.460397, 36.62476], [127.460398, 36.624767], [127.460397, 36.624773], [127.460393, 36.62478], [127.460385, 36.624788], [127.460248, 36.624885], [127.46024, 36.624891], [127.460236, 36.624899], [127.460235, 36.624905], [127.460234, 36.624912], [127.460236, 36.624921], [127.460239, 36.624933], [127.460246, 36.624946], [127.460297, 36.625001], [127.460328, 36.625034], [127.460441, 36.625158], [127.460456, 36.625174], [127.460455, 36.625178], [127.460468, 36.625199], [127.460481, 36.625225], [127.460477, 36.625254], [127.460454, 36.625276], [127.460428, 36.625294], [127.460401, 36.62531], [127.460369, 36.625325], [127.460342, 36.625343], [127.460308, 36.62536], [127.460255, 36.625393], [127.460223, 36.625409], [127.460196, 36.625426], [127.460167, 36.62544], [127.46014, 36.625457], [127.460111, 36.625471], [127.460082, 36.625491], [127.460076, 36.625495], [127.460052, 36.625508], [127.460025, 36.625524], [127.459994, 36.625543], [127.459967, 36.625561], [127.459938, 36.625579], [127.459909, 36.625596], [127.459877, 36.62561], [127.459861, 36.625619], [127.459621, 36.625749], [127.459607, 36.625752], [127.459591, 36.625502], [127.459567, 36.625232], [127.459551, 36.625042], [127.459549, 36.625015], [127.459548, 36.625001], [127.459564, 36.624931], [127.459567, 36.624917], [127.459601, 36.62481], [127.459661, 36.624633], [127.459667, 36.624633], [127.459673, 36.624635], [127.459679, 36.624637], [127.459683, 36.62464], [127.459687, 36.624644], [127.459789, 36.624767], [127.459803, 36.624775], [127.459821, 36.62478], [127.459834, 36.624785], [127.459858, 36.624785], [127.45998, 36.624752], [127.45999, 36.62474], [127.459998, 36.624727], [127.460026, 36.624638], [127.460059, 36.624536], [127.460067, 36.624418], [127.460065, 36.624399], [127.460053, 36.624371], [127.459992, 36.624305], [127.459989, 36.624298], [127.459987, 36.624289], [127.459991, 36.624282], [127.460002, 36.624277], [127.460014, 36.624277], [127.460022, 36.624277], [127.460034, 36.624277], [127.460042, 36.62428], [127.460078, 36.624301], [127.460086, 36.624157], [127.460019, 36.624038], [127.459828, 36.624051], [127.459813, 36.624049], [127.459799, 36.624042], [127.459787, 36.624034], [127.459511, 36.623767], [127.459492, 36.623755], [127.45947, 36.62375], [127.459438, 36.623748], [127.459384, 36.623754], [127.459011, 36.623835], [127.45898, 36.623801], [127.458795, 36.623905], [127.458828, 36.623942], [127.458606, 36.624076], [127.458581, 36.624089], [127.458558, 36.624096], [127.458449, 36.624114], [127.458443, 36.624112], [127.458438, 36.624111], [127.458435, 36.624106], [127.458435, 36.6241], [127.458438, 36.624093], [127.458516, 36.624057], [127.458536, 36.624043], [127.458555, 36.624025], [127.458566, 36.624011], [127.458571, 36.624002], [127.458572, 36.623989], [127.458425, 36.62384], [127.458209, 36.62385], [127.45804, 36.623836], [127.457964, 36.623869], [127.457851, 36.623933], [127.457568, 36.624208], [127.457533, 36.624191], [127.457667, 36.624013], [127.457575, 36.62397], [127.457543, 36.623954], [127.457532, 36.623949], [127.457486, 36.623927], [127.457613, 36.623717], [127.457625, 36.623706], [127.457655, 36.623704], [127.457836, 36.623789], [127.457856, 36.623767], [127.457613, 36.623653], [127.457514, 36.623594], [127.457489, 36.623574], [127.45736, 36.623409], [127.457052, 36.622993], [127.457038, 36.622985], [127.457025, 36.622982], [127.457009, 36.622985], [127.4567, 36.623139], [127.456672, 36.623091], [127.456651, 36.623041], [127.456649, 36.623026], [127.456651, 36.623009], [127.456662, 36.622978], [127.456689, 36.622922], [127.456689, 36.62292], [127.456689, 36.622919], [127.456689, 36.622918], [127.456611, 36.62282], [127.456445, 36.622625], [127.456443, 36.622624], [127.456442, 36.622623], [127.45644, 36.622623], [127.456437, 36.622623], [127.456434, 36.622623], [127.456423, 36.622626], [127.456389, 36.622642], [127.456354, 36.622662], [127.456278, 36.622709], [127.456277, 36.62271], [127.456277, 36.622712], [127.456277, 36.622713], [127.456327, 36.622795], [127.456328, 36.622796], [127.456327, 36.622798], [127.456327, 36.622799], [127.456326, 36.6228], [127.456225, 36.622849], [127.455873, 36.623024], [127.455871, 36.623026], [127.455871, 36.623028], [127.45589, 36.623051], [127.45589, 36.623052], [127.45589, 36.623053], [127.455889, 36.623055], [127.455761, 36.623138], [127.45576, 36.623139], [127.45576, 36.623142], [127.455758, 36.623149], [127.455756, 36.623154], [127.455754, 36.623157], [127.455745, 36.623165], [127.455734, 36.623172], [127.455725, 36.623176], [127.455717, 36.623177], [127.455713, 36.623178], [127.455707, 36.623178], [127.455683, 36.623174], [127.455682, 36.623175], [127.4556, 36.62322], [127.455506, 36.623264], [127.455442, 36.623283], [127.455388, 36.6233], [127.455251, 36.623371], [127.455237, 36.623378], [127.455227, 36.623379], [127.45521, 36.623376], [127.455098, 36.623326], [127.45509, 36.62332], [127.455088, 36.62331], [127.455089, 36.623297], [127.455101, 36.623283], [127.455185, 36.623272], [127.455353, 36.623249], [127.455378, 36.623245], [127.455421, 36.623233], [127.455473, 36.623212], [127.455581, 36.623149], [127.455622, 36.623122], [127.455815, 36.623], [127.455891, 36.62295], [127.456087, 36.622825], [127.456105, 36.622811], [127.456158, 36.622768], [127.456233, 36.622699], [127.456252, 36.622684], [127.456283, 36.622665], [127.45639, 36.622617], [127.456431, 36.622602], [127.456402, 36.622578], [127.456372, 36.622589], [127.456282, 36.62263], [127.456262, 36.622639], [127.456226, 36.62266], [127.456224, 36.622662], [127.456204, 36.622677], [127.456129, 36.622746], [127.456077, 36.622789], [127.456061, 36.622801], [127.455866, 36.622926], [127.45579, 36.622976], [127.455598, 36.623097], [127.455557, 36.623124], [127.455551, 36.623127], [127.455452, 36.623185], [127.455406, 36.623204], [127.455368, 36.623214], [127.455346, 36.623218], [127.45528, 36.623227], [127.455179, 36.623241], [127.455045, 36.623258], [127.455003, 36.623267], [127.454976, 36.623276], [127.454907, 36.623301], [127.45489, 36.623307], [127.454889, 36.623308], [127.454887, 36.623308], [127.454885, 36.623308], [127.454832, 36.623292], [127.454828, 36.623291], [127.454823, 36.62329], [127.454649, 36.623286], [127.454439, 36.623282], [127.454246, 36.623285], [127.454213, 36.623286], [127.454093, 36.62329], [127.454083, 36.623272], [127.454074, 36.623263], [127.454059, 36.623253], [127.453944, 36.623184], [127.453862, 36.62314], [127.453824, 36.623123], [127.453785, 36.623115], [127.453731, 36.623112], [127.453665, 36.623121], [127.453638, 36.623132], [127.453628, 36.623137], [127.45362, 36.623151], [127.453616, 36.623163], [127.453619, 36.623359], [127.453601, 36.623359], [127.453596, 36.623359], [127.453595, 36.623358], [127.45359, 36.623357], [127.453567, 36.623349], [127.453566, 36.623348], [127.453564, 36.623347], [127.453564, 36.623346], [127.453564, 36.623344], [127.453567, 36.623273], [127.453552, 36.623097], [127.453547, 36.623034], [127.453542, 36.62299], [127.453535, 36.622924], [127.453526, 36.622856], [127.453527, 36.622776], [127.453534, 36.622723], [127.453558, 36.622637], [127.453585, 36.622587], [127.45359, 36.622579], [127.453636, 36.622507], [127.453712, 36.622421], [127.453899, 36.622237], [127.453823, 36.622228], [127.453794, 36.622226], [127.453586, 36.622428], [127.453544, 36.62241], [127.453541, 36.62241], [127.453538, 36.62241], [127.453535, 36.622409], [127.453532, 36.622404], [127.453532, 36.622399], [127.453552, 36.622313], [127.453556, 36.622295], [127.453562, 36.622235], [127.453465, 36.622234], [127.45337, 36.622252], [127.453357, 36.622254], [127.453246, 36.622285], [127.453219, 36.622295], [127.453206, 36.6223], [127.453197, 36.622304], [127.45314, 36.622325], [127.453046, 36.622366], [127.452948, 36.622413], [127.452909, 36.622437], [127.452861, 36.622466], [127.452857, 36.622468], [127.452773, 36.622531], [127.452698, 36.622599], [127.452697, 36.6226], [127.452696, 36.6226], [127.452688, 36.62261], [127.452685, 36.622613], [127.452638, 36.622666], [127.452631, 36.622694], [127.452666, 36.6227], [127.452666, 36.622699], [127.452934, 36.622742], [127.452923, 36.622789], [127.45302, 36.622806], [127.453032, 36.622808], [127.453141, 36.622826], [127.453274, 36.622846], [127.453436, 36.622961], [127.453443, 36.623085], [127.453452, 36.623209], [127.453451, 36.623308], [127.45327, 36.623265], [127.453229, 36.62335], [127.453111, 36.623284], [127.453021, 36.623403], [127.452975, 36.623464], [127.45296, 36.623484], [127.452877, 36.623595], [127.452855, 36.623616], [127.452854, 36.623619], [127.45285, 36.623621], [127.452818, 36.623653], [127.452704, 36.623748], [127.452639, 36.623682], [127.452596, 36.623693], [127.452472, 36.623727], [127.45248, 36.623747], [127.452503, 36.623804], [127.452529, 36.62385], [127.452548, 36.623885], [127.452566, 36.623911], [127.452778, 36.624031], [127.452705, 36.624072], [127.452735, 36.6241], [127.452734, 36.624123], [127.452423, 36.624389], [127.452439, 36.624402], [127.45244, 36.624495], [127.452441, 36.624566], [127.452443, 36.624668], [127.452447, 36.625], [127.452448, 36.62501], [127.452419, 36.62501], [127.452419, 36.625], [127.452419, 36.624956], [127.452408, 36.624668], [127.452399, 36.624451], [127.452397, 36.624435], [127.452393, 36.624426], [127.452387, 36.62442], [127.452349, 36.624452], [127.452278, 36.624519], [127.452216, 36.624592], [127.452209, 36.624602], [127.452162, 36.624669], [127.452132, 36.624724], [127.452123, 36.624741], [127.452118, 36.624749], [127.452106, 36.624779], [127.452084, 36.624833], [127.452061, 36.624919], [127.452049, 36.625], [127.452048, 36.625007], [127.452047, 36.62501], [127.45205, 36.62501], [127.452051, 36.62501], [127.452051, 36.625011], [127.452052, 36.625011], [127.452052, 36.625013], [127.452052, 36.62503], [127.452052, 36.625031], [127.452053, 36.625031], [127.452054, 36.625031], [127.452057, 36.625032], [127.452249, 36.62503], [127.452251, 36.62503], [127.452252, 36.625031], [127.452254, 36.625033], [127.452255, 36.625036], [127.452256, 36.62504], [127.452287, 36.625038], [127.452309, 36.62502], [127.45231, 36.625032], [127.452302, 36.625032], [127.452303, 36.625095], [127.452313, 36.625095], [127.452314, 36.625108], [127.452336, 36.625108], [127.452336, 36.625113], [127.452409, 36.625114], [127.452409, 36.625106], [127.452449, 36.625105], [127.452449, 36.625114], [127.452452, 36.62514], [127.45228, 36.625135], [127.452279, 36.625189], [127.452277, 36.625482], [127.452172, 36.625486], [127.452191, 36.625516], [127.452199, 36.625527], [127.452139, 36.625563], [127.45212, 36.625577], [127.452058, 36.625621], [127.451998, 36.625674], [127.451985, 36.625685], [127.451944, 36.62573], [127.452269, 36.625725], [127.452265, 36.625546], [127.452466, 36.625543], [127.452468, 36.625752], [127.452469, 36.625796], [127.452425, 36.625833], [127.452368, 36.625841], [127.452235, 36.625849], [127.451847, 36.625858], [127.451842, 36.625866], [127.451747, 36.625894], [127.451639, 36.62593], [127.451637, 36.625931], [127.451619, 36.625939], [127.451601, 36.625947], [127.45154, 36.625974], [127.45152, 36.625968], [127.451427, 36.625947], [127.451415, 36.625944], [127.451306, 36.625929], [127.451197, 36.625922], [127.45109, 36.62592], [127.451061, 36.625917], [127.451023, 36.625914], [127.450932, 36.625907], [127.45088, 36.625905], [127.450722, 36.625899], [127.450606, 36.625894], [127.450514, 36.625893], [127.450461, 36.625894], [127.450377, 36.625888], [127.450328, 36.625887], [127.450135, 36.625891], [127.450071, 36.625897], [127.45, 36.625908], [127.45, 36.625969], [127.45, 36.626154], [127.45, 36.626221]], [[127.450828, 36.626417], [127.450801, 36.626415], [127.450777, 36.626401], [127.450772, 36.626386], [127.450773, 36.626385], [127.450819, 36.626369], [127.450864, 36.626347], [127.450899, 36.626325], [127.45107, 36.6262], [127.451111, 36.626171], [127.45115, 36.626143], [127.451161, 36.626223], [127.45109, 36.62623], [127.451103, 36.626344], [127.451106, 36.626387], [127.450828, 36.626417]], [[127.451974, 36.626436], [127.451981, 36.626434], [127.451962, 36.626394], [127.452001, 36.626384], [127.452001, 36.626433], [127.452018, 36.626434], [127.452019, 36.626462], [127.45205, 36.626462], [127.45205, 36.626472], [127.452138, 36.626471], [127.452137, 36.62637], [127.452056, 36.626371], [127.452145, 36.626348], [127.452158, 36.62645], [127.452158, 36.626478], [127.452161, 36.626478], [127.452161, 36.626479], [127.452016, 36.626482], [127.451992, 36.626489], [127.45199, 36.626482], [127.451991, 36.626481], [127.451985, 36.626469], [127.451974, 36.626436]], [[127.452019, 36.62638], [127.452051, 36.626372], [127.452051, 36.62638], [127.452019, 36.62638]], [[127.451285, 36.626698], [127.45129, 36.626696], [127.451292, 36.6267], [127.451204, 36.626727], [127.451189, 36.626729], [127.450996, 36.626726], [127.450479, 36.626706], [127.450302, 36.626696], [127.450243, 36.626595], [127.450269, 36.626583], [127.450356, 36.626533], [127.450444, 36.626488], [127.450488, 36.62647], [127.450525, 36.626457], [127.450533, 36.626574], [127.450546, 36.626655], [127.45055, 36.626659], [127.450559, 36.626663], [127.450594, 36.626664], [127.451247, 36.6266], [127.451252, 36.626612], [127.451245, 36.626614], [127.451285, 36.626698]], [[127.452038, 36.626747], [127.452039, 36.626746], [127.452, 36.626671], [127.452047, 36.626661], [127.452114, 36.626652], [127.452139, 36.626656], [127.452175, 36.626666], [127.452207, 36.626681], [127.452244, 36.626699], [127.452265, 36.626712], [127.452299, 36.626737], [127.45233, 36.62676], [127.452499, 36.62688], [127.452458, 36.626901], [127.452489, 36.626939], [127.452541, 36.62691], [127.452595, 36.626947], [127.452515, 36.626992], [127.452502, 36.626977], [127.45252, 36.626966], [127.452564, 36.626941], [127.452554, 36.626931], [127.452511, 36.626955], [127.452492, 36.626965], [127.452447, 36.626912], [127.452369, 36.626846], [127.452336, 36.626828], [127.452296, 36.626809], [127.452265, 36.626799], [127.452237, 36.626794], [127.452214, 36.626795], [127.45218, 36.626804], [127.452132, 36.626835], [127.452101, 36.626866], [127.452076, 36.626899], [127.452054, 36.626927], [127.452027, 36.626954], [127.451994, 36.626977], [127.451964, 36.626999], [127.451942, 36.627019], [127.451923, 36.627048], [127.45192, 36.627076], [127.451923, 36.627102], [127.451926, 36.627131], [127.451923, 36.627154], [127.451915, 36.627176], [127.4519, 36.627186], [127.451855, 36.627204], [127.451819, 36.627122], [127.451755, 36.626996], [127.451746, 36.626976], [127.45174, 36.626962], [127.451762, 36.626959], [127.451758, 36.626942], [127.451752, 36.626917], [127.451751, 36.626904], [127.451751, 36.626901], [127.451791, 36.626886], [127.4518, 36.626903], [127.452014, 36.626836], [127.452, 36.626799], [127.452015, 36.626795], [127.452038, 36.626747]], [[127.451883, 36.628615], [127.451883, 36.628618], [127.451877, 36.628626], [127.45185, 36.628639], [127.451826, 36.628652], [127.451726, 36.62852], [127.45179, 36.628485], [127.451793, 36.628489], [127.451839, 36.628553], [127.451883, 36.628615]], [[127.451845, 36.628453], [127.451801, 36.628399], [127.451961, 36.628309], [127.451899, 36.628235], [127.45196, 36.628202], [127.452088, 36.628134], [127.452113, 36.628129], [127.452128, 36.628128], [127.45214, 36.628131], [127.452155, 36.628137], [127.452169, 36.628152], [127.45235, 36.628362], [127.452352, 36.628372], [127.452352, 36.628379], [127.452341, 36.628392], [127.452072, 36.628554], [127.452046, 36.628566], [127.452028, 36.62857], [127.452016, 36.628569], [127.451989, 36.628562], [127.451905, 36.628521], [127.451858, 36.628456], [127.451845, 36.628453]], [[127.45192, 36.629845], [127.451911, 36.629837], [127.451904, 36.629826], [127.451925, 36.629847], [127.45192, 36.629845]], [[127.453086, 36.624929], [127.45316, 36.625], [127.453229, 36.625071], [127.453294, 36.625134], [127.453356, 36.625183], [127.453359, 36.625185], [127.453427, 36.625229], [127.453514, 36.625278], [127.4536, 36.625323], [127.453617, 36.625347], [127.453626, 36.625368], [127.453624, 36.625383], [127.453619, 36.625406], [127.453595, 36.625472], [127.453553, 36.625578], [127.453522, 36.625656], [127.453364, 36.62562], [127.453343, 36.625681], [127.453495, 36.625723], [127.453425, 36.625901], [127.453415, 36.625917], [127.453232, 36.625869], [127.45309, 36.625831], [127.453075, 36.625827], [127.453129, 36.625661], [127.453098, 36.625654], [127.453043, 36.625821], [127.453033, 36.62585], [127.452985, 36.625997], [127.453014, 36.626004], [127.453066, 36.625857], [127.453406, 36.625945], [127.45335, 36.626147], [127.453323, 36.626241], [127.453316, 36.626254], [127.453306, 36.626263], [127.45316, 36.626296], [127.453103, 36.626307], [127.453061, 36.626313], [127.45301, 36.62631], [127.452992, 36.626307], [127.452916, 36.626287], [127.452853, 36.626269], [127.45281, 36.626258], [127.452805, 36.62625], [127.452804, 36.626225], [127.452801, 36.626072], [127.4528, 36.626047], [127.452793, 36.625873], [127.452793, 36.625845], [127.452792, 36.625822], [127.452789, 36.625807], [127.452783, 36.625798], [127.452778, 36.625795], [127.452765, 36.625787], [127.452703, 36.625752], [127.452703, 36.625745], [127.452704, 36.625706], [127.4527, 36.625706], [127.452691, 36.625551], [127.452548, 36.625553], [127.452541, 36.625395], [127.452682, 36.62539], [127.452671, 36.625188], [127.45267, 36.625175], [127.452663, 36.625046], [127.452722, 36.625045], [127.452745, 36.625043], [127.452775, 36.625035], [127.452854, 36.625], [127.45306, 36.62491], [127.453086, 36.624929]], [[127.453229, 36.624831], [127.45324, 36.624827], [127.45324, 36.624828], [127.453271, 36.624815], [127.453358, 36.62478], [127.453357, 36.624778], [127.453362, 36.624776], [127.453295, 36.62467], [127.453293, 36.624671], [127.453292, 36.624671], [127.453288, 36.624664], [127.45328, 36.624652], [127.453306, 36.624642], [127.45329, 36.624616], [127.453263, 36.624628], [127.453259, 36.624622], [127.453203, 36.624641], [127.4532, 36.624638], [127.45322, 36.624627], [127.453156, 36.624527], [127.453138, 36.624534], [127.453135, 36.624529], [127.453113, 36.624481], [127.453113, 36.624411], [127.453077, 36.624411], [127.453075, 36.624396], [127.453074, 36.624396], [127.453074, 36.624391], [127.452988, 36.624393], [127.452988, 36.624412], [127.452946, 36.624413], [127.452947, 36.624439], [127.452912, 36.624438], [127.452872, 36.624438], [127.452872, 36.624421], [127.45274, 36.624423], [127.45274, 36.624445], [127.452693, 36.624445], [127.452693, 36.624371], [127.452692, 36.624316], [127.452738, 36.624297], [127.452777, 36.624282], [127.452787, 36.624295], [127.452876, 36.624283], [127.452871, 36.624271], [127.452871, 36.62427], [127.452856, 36.624232], [127.452954, 36.624238], [127.453063, 36.624244], [127.453067, 36.624244], [127.453248, 36.624152], [127.453318, 36.624085], [127.453319, 36.624085], [127.453344, 36.624061], [127.453431, 36.623977], [127.453425, 36.623969], [127.453387, 36.623938], [127.453283, 36.623932], [127.453249, 36.623927], [127.453176, 36.623901], [127.45318, 36.623871], [127.45319, 36.623843], [127.453245, 36.623763], [127.453329, 36.623674], [127.453541, 36.62348], [127.453572, 36.623458], [127.453601, 36.623449], [127.453769, 36.623435], [127.45378, 36.623475], [127.45383, 36.623906], [127.453855, 36.624114], [127.453867, 36.624136], [127.453871, 36.624142], [127.453911, 36.624198], [127.453913, 36.624208], [127.453927, 36.624288], [127.453926, 36.624444], [127.453926, 36.624476], [127.453927, 36.62451], [127.453926, 36.624523], [127.45392, 36.624622], [127.453917, 36.624662], [127.453909, 36.624782], [127.453909, 36.624801], [127.453908, 36.62485], [127.453907, 36.6249], [127.453907, 36.624901], [127.453906, 36.624972], [127.453905, 36.625], [127.453905, 36.625032], [127.453897, 36.625123], [127.453887, 36.625183], [127.453885, 36.625196], [127.453875, 36.625224], [127.453861, 36.625251], [127.453846, 36.62527], [127.453825, 36.625291], [127.453802, 36.625306], [127.453773, 36.625319], [127.453742, 36.625324], [127.453714, 36.625322], [127.453685, 36.625319], [127.453617, 36.625299], [127.453533, 36.625255], [127.453447, 36.625207], [127.453413, 36.625185], [127.453379, 36.625163], [127.453319, 36.625116], [127.453255, 36.625054], [127.453204, 36.625], [127.453117, 36.624917], [127.453229, 36.624831]], [[127.453952, 36.6249], [127.453957, 36.624897], [127.45398, 36.624897], [127.454024, 36.624896], [127.454076, 36.624891], [127.454091, 36.62489], [127.454192, 36.624891], [127.45451, 36.6249], [127.454735, 36.624908], [127.454732, 36.625], [127.454731, 36.625031], [127.454411, 36.625025], [127.454409, 36.625181], [127.454408, 36.625255], [127.454408, 36.62528], [127.454374, 36.62528], [127.454368, 36.625503], [127.454179, 36.625498], [127.454177, 36.625444], [127.454036, 36.625445], [127.454036, 36.625447], [127.454034, 36.625447], [127.454033, 36.625488], [127.454035, 36.625488], [127.454034, 36.625496], [127.453934, 36.625497], [127.453935, 36.625517], [127.453929, 36.625517], [127.453927, 36.625629], [127.453941, 36.625629], [127.453945, 36.625692], [127.453932, 36.625691], [127.453919, 36.625686], [127.453909, 36.62567], [127.453853, 36.62538], [127.453853, 36.625349], [127.453856, 36.625335], [127.453865, 36.625315], [127.453889, 36.625273], [127.453912, 36.625227], [127.453925, 36.62519], [127.453927, 36.625183], [127.453936, 36.625146], [127.453945, 36.625051], [127.453947, 36.625], [127.453951, 36.624905], [127.453952, 36.6249]], [[127.455038, 36.62492], [127.455532, 36.624941], [127.455546, 36.624941], [127.455552, 36.624939], [127.455555, 36.624933], [127.455555, 36.62492], [127.455547, 36.624689], [127.455546, 36.624664], [127.455545, 36.624656], [127.455537, 36.624564], [127.455535, 36.624558], [127.455532, 36.624553], [127.455528, 36.624548], [127.455509, 36.624541], [127.455419, 36.624531], [127.455007, 36.624519], [127.454801, 36.62451], [127.45479, 36.624509], [127.454742, 36.624508], [127.454725, 36.624507], [127.453973, 36.624481], [127.453962, 36.624477], [127.453954, 36.624341], [127.453951, 36.624269], [127.453949, 36.624233], [127.453948, 36.62421], [127.453956, 36.624188], [127.453971, 36.624175], [127.453994, 36.624164], [127.454018, 36.624162], [127.454213, 36.624163], [127.454279, 36.624163], [127.454454, 36.624163], [127.454982, 36.624163], [127.455212, 36.624165], [127.455256, 36.623603], [127.455259, 36.623578], [127.455263, 36.623582], [127.455333, 36.623665], [127.455429, 36.62379], [127.455537, 36.623927], [127.455553, 36.623945], [127.455615, 36.624017], [127.455677, 36.624094], [127.45568, 36.624099], [127.455677, 36.624101], [127.455658, 36.62411], [127.455742, 36.624214], [127.455698, 36.624236], [127.455772, 36.624427], [127.45581, 36.624526], [127.455859, 36.624654], [127.45587, 36.624683], [127.45601, 36.624686], [127.45601, 36.624697], [127.455841, 36.624694], [127.455589, 36.62469], [127.455584, 36.624977], [127.455584, 36.624996], [127.455584, 36.625], [127.455583, 36.625009], [127.45558, 36.625177], [127.45558, 36.625199], [127.455576, 36.62521], [127.455568, 36.625214], [127.45555, 36.625214], [127.455549, 36.62524], [127.455468, 36.625239], [127.455338, 36.625239], [127.455338, 36.625238], [127.455277, 36.625237], [127.455264, 36.625784], [127.455262, 36.625787], [127.455255, 36.625788], [127.455184, 36.625789], [127.455131, 36.62579], [127.455127, 36.625782], [127.455128, 36.625734], [127.455131, 36.625726], [127.455139, 36.625721], [127.455182, 36.625718], [127.455196, 36.625339], [127.455177, 36.625339], [127.455182, 36.625178], [127.455186, 36.625039], [127.454774, 36.625031], [127.454773, 36.625], [127.454772, 36.62491], [127.455038, 36.62492]], [[127.456276, 36.625012], [127.456268, 36.625012], [127.456268, 36.625001], [127.45627, 36.624949], [127.456207, 36.624947], [127.456208, 36.624841], [127.456153, 36.62484], [127.456153, 36.62481], [127.456154, 36.6248], [127.45616, 36.624794], [127.456166, 36.624791], [127.456185, 36.624792], [127.45624, 36.624858], [127.456257, 36.624877], [127.456312, 36.624913], [127.456328, 36.624929], [127.456389, 36.625001], [127.456436, 36.625057], [127.456468, 36.625094], [127.456534, 36.625173], [127.456578, 36.625225], [127.456578, 36.625247], [127.456575, 36.625264], [127.456559, 36.625329], [127.456543, 36.625376], [127.456515, 36.625376], [127.456205, 36.625372], [127.456208, 36.625205], [127.456276, 36.625206], [127.456276, 36.625012]], [[127.456946, 36.624957], [127.457228, 36.624796], [127.457234, 36.624795], [127.457397, 36.624818], [127.457406, 36.624822], [127.457414, 36.62483], [127.457406, 36.624836], [127.457447, 36.624878], [127.457455, 36.624873], [127.457458, 36.624877], [127.457403, 36.624911], [127.457368, 36.624874], [127.457359, 36.624861], [127.457126, 36.625001], [127.456842, 36.625172], [127.45683, 36.625178], [127.456825, 36.625172], [127.45677, 36.625108], [127.45696, 36.625001], [127.456977, 36.624991], [127.456946, 36.624957]], [[127.45749, 36.62491], [127.457542, 36.624963], [127.457545, 36.624972], [127.457545, 36.62498], [127.457545, 36.625001], [127.457547, 36.6251], [127.457538, 36.625113], [127.457443, 36.625169], [127.4574, 36.625195], [127.457377, 36.625204], [127.457357, 36.6252], [127.457315, 36.625173], [127.45732, 36.62517], [127.45754, 36.625032], [127.457512, 36.625001], [127.457451, 36.624933], [127.45749, 36.62491]], [[127.457641, 36.625001], [127.457775, 36.62514], [127.457769, 36.625149], [127.457634, 36.625135], [127.457611, 36.625129], [127.4576, 36.625123], [127.457594, 36.625111], [127.457612, 36.625001], [127.457617, 36.624976], [127.457641, 36.625001]], [[127.457566, 36.624865], [127.457648, 36.624816], [127.457815, 36.624983], [127.457832, 36.625001], [127.45795, 36.625125], [127.457941, 36.625131], [127.45797, 36.62516], [127.457968, 36.625161], [127.457957, 36.625161], [127.457835, 36.625147], [127.457695, 36.625001], [127.4576, 36.624901], [127.457566, 36.624865]], [[127.45798, 36.625153], [127.45798, 36.625154], [127.45797, 36.62516], [127.45798, 36.625153]], [[127.45758, 36.624746], [127.457613, 36.62478], [127.457534, 36.624829], [127.457484, 36.624774], [127.457483, 36.624769], [127.457485, 36.624763], [127.457677, 36.624648], [127.457741, 36.624609], [127.457743, 36.624608], [127.457748, 36.62461], [127.457786, 36.624647], [127.457811, 36.624672], [127.457811, 36.624677], [127.457772, 36.624697], [127.457744, 36.624671], [127.457736, 36.624676], [127.457734, 36.624675], [127.457718, 36.624684], [127.457704, 36.62467], [127.457701, 36.624672], [127.4577, 36.624671], [127.45758, 36.624746]], [[127.45806, 36.624971], [127.458044, 36.624981], [127.457826, 36.624758], [127.457894, 36.624714], [127.4579, 36.624712], [127.458052, 36.624876], [127.458095, 36.624921], [127.458167, 36.625001], [127.458208, 36.625047], [127.458159, 36.625074], [127.458094, 36.625001], [127.458065, 36.624967], [127.45806, 36.624971]], [[127.458448, 36.624974], [127.458441, 36.624968], [127.458385, 36.624904], [127.458479, 36.624852], [127.458608, 36.624784], [127.458862, 36.624643], [127.458928, 36.624606], [127.458946, 36.624604], [127.458958, 36.624607], [127.458991, 36.624642], [127.459026, 36.624681], [127.459188, 36.624835], [127.459202, 36.624851], [127.459328, 36.624989], [127.45945, 36.624922], [127.459512, 36.624641], [127.459512, 36.62464], [127.459516, 36.624622], [127.459514, 36.624612], [127.459512, 36.624606], [127.459507, 36.624597], [127.459238, 36.624284], [127.45924, 36.624283], [127.459252, 36.624292], [127.459274, 36.624278], [127.459263, 36.624269], [127.45927, 36.624264], [127.459548, 36.624522], [127.459554, 36.624531], [127.459558, 36.624539], [127.459562, 36.624548], [127.459565, 36.624556], [127.459566, 36.624573], [127.459548, 36.62464], [127.459494, 36.624839], [127.459453, 36.624969], [127.459452, 36.624978], [127.459449, 36.624992], [127.459449, 36.625001], [127.459449, 36.625011], [127.459456, 36.625105], [127.459457, 36.62511], [127.459461, 36.625162], [127.459486, 36.625466], [127.459513, 36.625773], [127.459597, 36.625875], [127.459588, 36.625881], [127.459583, 36.625883], [127.459282, 36.626066], [127.458992, 36.625762], [127.459052, 36.625725], [127.459035, 36.625709], [127.459016, 36.625688], [127.458962, 36.625629], [127.458938, 36.625643], [127.458995, 36.625704], [127.459012, 36.625722], [127.458975, 36.625744], [127.458847, 36.625608], [127.458841, 36.625601], [127.458859, 36.62559], [127.45887, 36.625601], [127.459245, 36.62537], [127.459241, 36.625365], [127.459255, 36.625357], [127.459097, 36.625178], [127.45912, 36.625163], [127.459281, 36.625057], [127.459228, 36.625001], [127.458924, 36.624678], [127.458448, 36.624974]], [[127.456145, 36.623346], [127.45617, 36.623381], [127.455854, 36.62355], [127.455531, 36.623714], [127.455517, 36.623717], [127.455509, 36.623717], [127.455499, 36.623713], [127.455297, 36.623466], [127.45546, 36.623373], [127.455528, 36.623463], [127.455529, 36.623463], [127.45553, 36.623463], [127.455531, 36.623462], [127.455607, 36.623421], [127.45567, 36.623501], [127.455625, 36.623524], [127.455673, 36.623584], [127.455687, 36.623577], [127.455689, 36.62358], [127.455719, 36.623564], [127.455717, 36.623562], [127.456145, 36.623346]], [[127.456248, 36.623295], [127.456473, 36.623181], [127.456539, 36.623149], [127.456522, 36.623124], [127.456493, 36.623079], [127.456566, 36.623183], [127.456668, 36.623131], [127.45668, 36.62315], [127.456405, 36.623287], [127.456387, 36.623265], [127.45627, 36.623327], [127.456248, 36.623295]], [[127.456604, 36.623025], [127.456491, 36.623076], [127.456491, 36.623075], [127.456487, 36.62307], [127.45652, 36.623054], [127.456599, 36.623015], [127.456604, 36.623025]], [[127.45427, 36.623371], [127.454318, 36.623371], [127.454316, 36.623393], [127.454315, 36.623393], [127.454308, 36.623455], [127.454308, 36.623456], [127.45429, 36.623633], [127.454265, 36.623878], [127.454243, 36.62409], [127.454233, 36.624116], [127.454221, 36.624127], [127.454201, 36.624134], [127.454182, 36.624136], [127.453961, 36.624135], [127.453924, 36.62413], [127.453905, 36.624122], [127.453896, 36.624113], [127.45388, 36.624084], [127.453835, 36.623672], [127.453805, 36.6234], [127.454038, 36.623382], [127.45427, 36.623371]], [[127.454909, 36.623393], [127.454958, 36.623403], [127.454973, 36.623406], [127.455041, 36.623433], [127.455125, 36.623471], [127.455197, 36.623515], [127.455233, 36.623551], [127.455229, 36.623577], [127.455207, 36.623833], [127.455201, 36.623898], [127.455181, 36.624113], [127.455175, 36.62413], [127.455164, 36.624134], [127.455142, 36.624139], [127.455103, 36.62414], [127.454294, 36.624135], [127.454282, 36.624131], [127.454277, 36.624124], [127.454277, 36.62411], [127.45434, 36.623445], [127.454349, 36.623371], [127.454512, 36.623372], [127.454757, 36.623384], [127.454909, 36.623393]], [[127.457534, 36.624413], [127.457432, 36.624474], [127.457397, 36.624444], [127.45731, 36.62442], [127.457166, 36.62447], [127.457188, 36.624495], [127.45708, 36.624555], [127.457076, 36.62456], [127.457073, 36.624559], [127.456907, 36.62465], [127.456709, 36.624761], [127.456714, 36.624768], [127.456475, 36.624901], [127.45647, 36.624895], [127.456407, 36.624835], [127.456268, 36.624653], [127.455849, 36.624103], [127.455873, 36.624052], [127.455876, 36.62405], [127.455877, 36.624049], [127.456009, 36.624018], [127.456059, 36.624011], [127.456082, 36.624002], [127.456197, 36.623944], [127.456392, 36.623844], [127.456423, 36.623829], [127.456422, 36.623827], [127.456432, 36.623821], [127.45641, 36.623791], [127.456399, 36.623796], [127.456398, 36.623795], [127.456416, 36.623786], [127.456388, 36.62375], [127.456371, 36.623758], [127.456366, 36.623752], [127.456363, 36.623747], [127.456366, 36.623746], [127.45629, 36.623643], [127.456276, 36.623624], [127.456274, 36.623624], [127.456255, 36.623597], [127.456254, 36.623594], [127.456253, 36.623592], [127.456253, 36.62359], [127.456253, 36.623586], [127.456254, 36.623585], [127.456256, 36.623582], [127.45628, 36.623569], [127.456269, 36.623557], [127.456238, 36.623517], [127.456231, 36.623513], [127.456226, 36.62351], [127.45622, 36.623509], [127.456215, 36.623508], [127.456203, 36.623512], [127.456152, 36.623535], [127.456134, 36.623517], [127.456606, 36.62328], [127.456611, 36.623291], [127.45661, 36.623306], [127.456605, 36.623322], [127.456595, 36.623334], [127.456375, 36.623441], [127.45646, 36.623556], [127.456553, 36.623688], [127.457104, 36.624035], [127.457293, 36.624184], [127.457468, 36.624276], [127.457491, 36.624293], [127.457503, 36.624301], [127.457506, 36.624304], [127.457508, 36.62431], [127.457509, 36.624314], [127.457509, 36.624321], [127.457491, 36.624363], [127.457534, 36.624413]], [[127.457227, 36.623952], [127.457201, 36.623939], [127.457219, 36.623931], [127.457207, 36.623915], [127.457216, 36.623904], [127.457012, 36.623619], [127.456848, 36.623699], [127.456822, 36.623666], [127.457083, 36.623533], [127.457154, 36.623629], [127.457103, 36.623652], [127.457149, 36.623716], [127.457198, 36.623692], [127.457423, 36.623563], [127.457478, 36.623609], [127.457493, 36.623621], [127.457555, 36.623678], [127.457564, 36.623706], [127.457563, 36.623728], [127.457439, 36.623955], [127.45742, 36.623984], [127.4574, 36.624014], [127.457236, 36.623939], [127.457227, 36.623952]], [[127.457372, 36.623507], [127.457383, 36.623519], [127.457173, 36.623622], [127.457099, 36.623525], [127.457261, 36.623443], [127.45729, 36.62344], [127.457305, 36.62344], [127.457319, 36.623443], [127.457329, 36.623453], [127.457372, 36.623507]], [[127.455723, 36.623926], [127.455722, 36.623927], [127.455689, 36.623945], [127.45556, 36.623783], [127.455756, 36.623683], [127.455835, 36.62364], [127.45585, 36.623637], [127.455863, 36.623638], [127.455875, 36.623645], [127.455891, 36.623664], [127.455894, 36.623669], [127.455895, 36.623671], [127.455895, 36.623673], [127.455895, 36.623678], [127.455894, 36.623679], [127.455893, 36.623681], [127.455892, 36.623682], [127.455891, 36.623683], [127.455887, 36.623685], [127.455885, 36.623686], [127.455883, 36.623686], [127.455881, 36.623686], [127.45588, 36.623686], [127.455878, 36.623686], [127.455858, 36.623658], [127.455857, 36.623658], [127.455856, 36.623658], [127.455855, 36.623658], [127.455625, 36.623771], [127.455623, 36.623772], [127.455623, 36.623774], [127.455622, 36.623775], [127.455623, 36.623777], [127.455722, 36.623909], [127.455724, 36.623916], [127.455725, 36.62392], [127.455724, 36.623922], [127.455724, 36.623924], [127.455723, 36.623926]], [[127.45661, 36.624967], [127.456607, 36.624964], [127.456606, 36.624962], [127.456605, 36.62496], [127.456606, 36.624957], [127.456608, 36.624954], [127.456611, 36.624952], [127.456672, 36.624938], [127.456689, 36.62493], [127.456695, 36.624924], [127.456701, 36.624909], [127.456757, 36.624871], [127.456767, 36.624869], [127.456872, 36.624816], [127.456876, 36.62482], [127.456967, 36.62477], [127.456955, 36.624754], [127.456972, 36.624727], [127.457016, 36.624772], [127.456819, 36.624888], [127.456711, 36.624947], [127.456668, 36.624965], [127.456651, 36.624969], [127.456635, 36.62497], [127.456616, 36.624969], [127.45661, 36.624967]], [[127.458065, 36.624646], [127.458082, 36.624666], [127.458081, 36.62468], [127.458012, 36.624718], [127.457999, 36.624715], [127.457941, 36.624647], [127.457848, 36.624539], [127.457848, 36.624535], [127.457853, 36.624525], [127.457917, 36.624493], [127.45793, 36.624493], [127.458065, 36.624646]], [[127.459448, 36.623791], [127.459466, 36.623792], [127.459481, 36.623796], [127.459501, 36.623806], [127.459518, 36.623816], [127.459761, 36.624063], [127.459776, 36.624072], [127.459789, 36.624076], [127.459915, 36.624082], [127.459921, 36.624084], [127.459926, 36.624086], [127.459932, 36.624092], [127.459937, 36.624104], [127.459931, 36.624264], [127.459931, 36.624275], [127.459938, 36.624292], [127.460027, 36.624392], [127.46003, 36.6244], [127.460032, 36.624417], [127.460025, 36.624529], [127.460018, 36.624554], [127.459991, 36.624639], [127.459966, 36.624715], [127.459959, 36.624729], [127.459945, 36.624736], [127.45986, 36.624757], [127.459848, 36.624757], [127.45984, 36.624755], [127.459829, 36.624751], [127.459817, 36.624744], [127.459718, 36.62464], [127.459699, 36.62462], [127.459695, 36.624612], [127.459695, 36.624605], [127.459698, 36.624603], [127.459706, 36.6246], [127.459713, 36.6246], [127.459719, 36.624603], [127.459727, 36.624608], [127.459759, 36.62464], [127.459779, 36.624659], [127.459788, 36.624664], [127.459796, 36.624666], [127.459804, 36.624668], [127.459816, 36.624665], [127.459837, 36.624652], [127.459859, 36.624639], [127.459999, 36.624556], [127.459993, 36.624549], [127.460004, 36.624542], [127.459885, 36.624415], [127.459875, 36.624422], [127.459858, 36.624403], [127.459868, 36.624396], [127.459838, 36.624363], [127.459864, 36.624348], [127.459744, 36.624208], [127.459744, 36.624157], [127.459509, 36.623887], [127.45947, 36.623909], [127.459399, 36.623824], [127.459396, 36.623817], [127.459396, 36.62381], [127.459402, 36.623802], [127.459412, 36.623797], [127.459428, 36.623792], [127.459448, 36.623791]], [[127.458011, 36.624443], [127.45811, 36.624394], [127.45813, 36.624397], [127.458288, 36.624571], [127.458286, 36.624589], [127.458195, 36.624639], [127.45818, 36.624639], [127.458011, 36.624443]], [[127.458269, 36.624909], [127.458219, 36.624937], [127.458212, 36.624937], [127.458097, 36.624815], [127.458099, 36.624799], [127.458143, 36.624772], [127.458153, 36.624777], [127.458155, 36.624778], [127.458268, 36.624897], [127.458269, 36.624909]], [[127.454076, 36.624864], [127.454055, 36.624868], [127.454035, 36.62487], [127.454014, 36.62487], [127.453996, 36.624867], [127.453982, 36.62486], [127.453971, 36.62485], [127.453959, 36.624831], [127.453954, 36.624814], [127.453953, 36.624794], [127.453953, 36.624778], [127.453956, 36.624724], [127.453958, 36.624662], [127.453965, 36.624522], [127.45397, 36.624514], [127.45398, 36.624508], [127.454388, 36.624523], [127.454481, 36.624527], [127.454731, 36.624539], [127.454739, 36.624543], [127.454743, 36.624548], [127.454746, 36.624554], [127.454746, 36.624566], [127.454742, 36.624659], [127.454736, 36.624782], [127.454736, 36.624842], [127.454735, 36.624884], [127.454434, 36.624873], [127.454096, 36.624864], [127.454076, 36.624864]], [[127.455522, 36.624822], [127.455523, 36.6249], [127.45552, 36.624908], [127.455513, 36.624911], [127.455502, 36.624913], [127.455458, 36.624913], [127.455455, 36.624913], [127.455327, 36.624908], [127.455039, 36.624896], [127.454835, 36.624888], [127.454773, 36.624885], [127.454777, 36.624659], [127.454778, 36.624596], [127.454781, 36.62455], [127.454782, 36.624545], [127.454785, 36.624543], [127.455123, 36.624554], [127.45547, 36.624567], [127.455476, 36.624569], [127.455484, 36.624573], [127.455513, 36.624597], [127.455514, 36.624608], [127.455516, 36.624615], [127.455517, 36.624656], [127.455522, 36.624822]], [[127.452533, 36.625898], [127.452545, 36.625895], [127.45256, 36.625877], [127.452605, 36.625832], [127.452673, 36.62583], [127.45269, 36.625835], [127.4527, 36.625846], [127.452703, 36.625856], [127.452708, 36.625947], [127.452639, 36.625949], [127.452639, 36.625936], [127.45254, 36.625939], [127.452539, 36.625902], [127.452533, 36.625903], [127.452533, 36.625898]], [[127.452459, 36.629157], [127.452442, 36.62917], [127.4525, 36.629235], [127.452268, 36.629359], [127.45215, 36.629224], [127.452214, 36.629186], [127.452183, 36.629153], [127.452364, 36.629047], [127.452459, 36.629157]], [[127.45317, 36.628856], [127.453183, 36.628849], [127.453097, 36.628748], [127.45311, 36.62874], [127.453106, 36.628734], [127.453005, 36.628621], [127.452993, 36.628611], [127.45296, 36.628629], [127.452887, 36.628541], [127.452879, 36.628533], [127.452879, 36.628532], [127.452796, 36.628447], [127.452585, 36.628571], [127.452456, 36.628413], [127.452465, 36.628393], [127.452479, 36.62838], [127.452498, 36.628371], [127.45265, 36.628316], [127.452702, 36.628302], [127.452744, 36.6283], [127.452772, 36.628301], [127.453017, 36.628332], [127.453306, 36.628886], [127.453263, 36.62891], [127.453151, 36.628967], [127.45298, 36.629063], [127.452974, 36.629066], [127.452943, 36.629068], [127.45292, 36.629068], [127.452907, 36.629065], [127.452897, 36.629062], [127.452884, 36.629054], [127.452878, 36.629042], [127.452884, 36.629023], [127.45289, 36.62903], [127.453172, 36.628859], [127.45317, 36.628856]], [[127.452829, 36.629398], [127.452853, 36.629429], [127.452569, 36.629591], [127.452324, 36.629735], [127.452296, 36.629704], [127.452678, 36.629481], [127.452829, 36.629398]], [[127.452466, 36.63259], [127.452521, 36.632585], [127.452522, 36.632606], [127.452451, 36.63261], [127.452444, 36.63261], [127.452396, 36.632613], [127.452383, 36.63246], [127.452437, 36.632422], [127.452451, 36.632432], [127.452449, 36.632434], [127.452466, 36.63259]], [[127.453898, 36.626011], [127.453906, 36.62597], [127.453635, 36.62594], [127.453623, 36.626016], [127.453585, 36.62601], [127.453574, 36.62607], [127.453561, 36.626138], [127.453552, 36.626163], [127.453539, 36.626183], [127.453523, 36.626199], [127.453503, 36.626212], [127.453466, 36.626221], [127.453414, 36.626233], [127.453364, 36.626238], [127.453382, 36.626165], [127.45344, 36.625953], [127.453445, 36.625937], [127.453449, 36.625927], [127.453584, 36.625606], [127.453659, 36.625434], [127.453683, 36.625399], [127.453695, 36.625382], [127.453738, 36.625358], [127.453775, 36.625352], [127.453802, 36.625351], [127.453812, 36.625355], [127.453821, 36.625366], [127.453882, 36.625674], [127.453892, 36.625695], [127.453904, 36.625707], [127.453917, 36.625713], [127.453937, 36.625716], [127.453991, 36.625716], [127.454238, 36.625719], [127.45425, 36.625721], [127.454281, 36.625736], [127.454271, 36.625799], [127.454235, 36.625797], [127.454215, 36.625941], [127.454197, 36.626088], [127.454191, 36.626097], [127.454172, 36.626111], [127.454126, 36.626134], [127.454108, 36.626137], [127.453907, 36.626152], [127.453777, 36.626168], [127.453677, 36.626176], [127.453661, 36.626174], [127.453641, 36.626169], [127.453612, 36.626152], [127.453605, 36.626144], [127.453604, 36.626131], [127.453615, 36.626059], [127.453726, 36.626071], [127.453727, 36.626065], [127.453733, 36.626066], [127.453736, 36.626045], [127.453758, 36.626048], [127.453761, 36.626033], [127.453891, 36.626049], [127.453893, 36.626042], [127.453898, 36.626011]], [[127.453732, 36.62603], [127.453732, 36.626029], [127.453761, 36.626033], [127.453732, 36.62603]], [[127.453842, 36.626835], [127.453769, 36.626863], [127.453737, 36.62688], [127.453713, 36.626894], [127.453705, 36.626899], [127.453692, 36.626912], [127.453687, 36.626928], [127.453687, 36.626952], [127.45369, 36.626964], [127.453697, 36.626977], [127.453733, 36.627016], [127.453752, 36.627057], [127.453887, 36.627078], [127.453925, 36.627077], [127.453985, 36.627066], [127.454036, 36.627047], [127.454086, 36.627029], [127.454133, 36.626999], [127.454241, 36.626887], [127.454503, 36.62733], [127.45451, 36.627355], [127.454512, 36.627379], [127.454511, 36.627396], [127.454507, 36.627422], [127.454482, 36.62746], [127.454459, 36.627479], [127.454433, 36.627489], [127.454397, 36.627502], [127.454366, 36.627504], [127.454288, 36.627492], [127.453917, 36.627423], [127.453871, 36.627416], [127.453802, 36.627406], [127.453772, 36.627402], [127.453603, 36.627397], [127.453583, 36.627396], [127.453471, 36.627402], [127.453444, 36.627405], [127.453421, 36.627407], [127.453392, 36.627412], [127.453379, 36.627414], [127.453333, 36.627423], [127.453294, 36.627433], [127.45327, 36.627441], [127.453242, 36.627454], [127.453231, 36.627455], [127.453219, 36.627454], [127.453186, 36.627444], [127.45317, 36.627438], [127.453154, 36.627429], [127.45313, 36.627412], [127.453119, 36.6274], [127.452975, 36.627268], [127.452974, 36.627268], [127.452966, 36.627265], [127.452961, 36.62726], [127.452959, 36.627254], [127.452965, 36.627211], [127.453012, 36.627076], [127.453074, 36.626951], [127.453145, 36.626847], [127.453183, 36.626796], [127.453219, 36.626748], [127.453262, 36.626658], [127.453294, 36.62653], [127.453346, 36.626311], [127.453351, 36.626289], [127.453457, 36.626264], [127.453535, 36.626246], [127.453662, 36.626223], [127.453691, 36.626218], [127.4538, 36.62621], [127.453802, 36.626209], [127.454137, 36.626174], [127.454158, 36.626175], [127.454164, 36.626178], [127.454166, 36.626183], [127.454167, 36.626191], [127.454162, 36.626206], [127.454144, 36.626234], [127.45413, 36.626261], [127.454121, 36.62628], [127.45409, 36.626346], [127.454076, 36.6264], [127.454063, 36.626458], [127.454067, 36.626549], [127.454099, 36.62665], [127.4541, 36.626653], [127.454125, 36.626693], [127.454112, 36.626702], [127.454098, 36.626715], [127.454069, 36.626733], [127.454034, 36.626752], [127.453992, 36.626772], [127.453842, 36.626835]], [[127.453053, 36.62778], [127.453062, 36.627789], [127.453094, 36.627802], [127.453134, 36.627812], [127.453205, 36.627818], [127.453345, 36.62781], [127.453359, 36.627804], [127.453363, 36.627795], [127.453363, 36.627756], [127.453358, 36.627717], [127.453348, 36.627679], [127.453346, 36.627677], [127.453426, 36.627686], [127.453416, 36.627696], [127.453405, 36.62771], [127.453397, 36.627734], [127.453393, 36.627761], [127.453399, 36.627781], [127.453422, 36.627829], [127.453463, 36.627866], [127.453499, 36.627882], [127.453522, 36.627886], [127.453551, 36.62789], [127.453567, 36.627894], [127.453579, 36.627897], [127.453593, 36.627903], [127.453607, 36.627923], [127.453627, 36.627944], [127.453656, 36.62796], [127.453681, 36.627963], [127.453703, 36.627964], [127.453738, 36.62796], [127.453773, 36.627954], [127.453795, 36.627945], [127.453838, 36.627926], [127.453854, 36.627909], [127.453862, 36.627893], [127.453867, 36.627867], [127.453866, 36.627828], [127.453864, 36.627805], [127.453853, 36.627791], [127.453842, 36.627778], [127.453829, 36.627769], [127.453809, 36.627764], [127.453657, 36.627743], [127.453652, 36.627729], [127.453653, 36.627713], [127.453945, 36.627747], [127.45397, 36.627753], [127.453983, 36.627759], [127.45399, 36.627767], [127.453996, 36.627779], [127.453999, 36.627796], [127.453961, 36.628044], [127.453965, 36.628043], [127.453988, 36.628044], [127.45401, 36.62805], [127.45402, 36.628057], [127.454037, 36.628075], [127.454045, 36.628081], [127.454059, 36.628088], [127.454075, 36.628094], [127.454119, 36.628104], [127.454134, 36.628105], [127.454183, 36.628109], [127.454269, 36.628129], [127.45431, 36.628134], [127.454347, 36.628143], [127.454359, 36.628149], [127.454368, 36.628154], [127.454376, 36.628167], [127.454387, 36.628198], [127.454416, 36.628257], [127.454417, 36.628262], [127.454405, 36.62832], [127.454412, 36.628321], [127.454411, 36.628325], [127.454529, 36.628337], [127.454582, 36.628344], [127.454583, 36.628343], [127.454603, 36.628345], [127.454644, 36.628344], [127.454665, 36.628233], [127.454674, 36.628197], [127.454682, 36.628172], [127.454684, 36.628166], [127.454691, 36.62815], [127.454701, 36.628136], [127.454712, 36.628127], [127.454728, 36.62812], [127.454745, 36.628115], [127.45476, 36.628113], [127.454772, 36.628114], [127.454787, 36.628123], [127.454804, 36.628143], [127.454822, 36.628169], [127.454826, 36.628179], [127.454827, 36.628189], [127.454823, 36.628265], [127.454806, 36.628374], [127.45484, 36.628377], [127.45508, 36.628402], [127.455084, 36.628384], [127.45512, 36.628387], [127.455142, 36.628246], [127.455118, 36.628243], [127.455122, 36.628229], [127.455064, 36.628222], [127.455067, 36.62816], [127.455066, 36.628146], [127.455064, 36.628115], [127.45507, 36.628091], [127.455094, 36.628068], [127.45512, 36.628056], [127.45516, 36.628047], [127.455186, 36.628037], [127.455229, 36.628027], [127.455264, 36.628021], [127.455339, 36.628025], [127.455361, 36.628031], [127.455397, 36.628055], [127.455413, 36.628059], [127.455433, 36.62806], [127.455502, 36.628047], [127.455577, 36.628038], [127.455612, 36.628031], [127.455628, 36.628026], [127.45564, 36.62802], [127.45565, 36.628013], [127.455657, 36.628004], [127.455666, 36.627984], [127.455671, 36.627948], [127.455671, 36.627908], [127.455673, 36.627893], [127.455683, 36.62788], [127.455714, 36.627854], [127.455719, 36.627847], [127.455721, 36.62784], [127.45572, 36.627832], [127.455711, 36.62781], [127.45571, 36.627791], [127.455711, 36.627759], [127.455718, 36.62769], [127.455721, 36.627631], [127.455722, 36.627569], [127.455724, 36.627509], [127.455723, 36.627492], [127.455719, 36.627478], [127.455709, 36.627455], [127.4557, 36.627442], [127.455683, 36.627431], [127.455649, 36.627419], [127.455647, 36.627418], [127.455627, 36.627441], [127.455518, 36.627431], [127.455532, 36.627325], [127.455427, 36.627312], [127.455418, 36.627408], [127.455415, 36.627424], [127.455308, 36.627418], [127.455262, 36.627444], [127.455229, 36.627454], [127.455216, 36.627456], [127.455147, 36.626774], [127.45511, 36.626512], [127.454702, 36.626561], [127.454707, 36.626614], [127.455073, 36.626568], [127.455103, 36.626742], [127.455182, 36.627463], [127.455178, 36.627467], [127.455139, 36.627472], [127.454775, 36.627518], [127.454735, 36.627523], [127.454725, 36.627521], [127.454694, 36.627433], [127.454637, 36.627321], [127.454581, 36.627224], [127.454425, 36.626969], [127.454296, 36.626778], [127.454241, 36.626688], [127.454219, 36.62664], [127.454193, 36.626585], [127.454182, 36.626534], [127.454176, 36.626466], [127.454189, 36.626389], [127.454228, 36.626307], [127.454319, 36.626197], [127.454383, 36.626172], [127.454795, 36.626137], [127.454845, 36.626134], [127.455074, 36.626119], [127.455134, 36.626117], [127.455241, 36.626113], [127.455369, 36.626114], [127.455383, 36.626213], [127.455164, 36.626228], [127.455175, 36.626308], [127.455206, 36.62649], [127.455243, 36.626488], [127.455246, 36.626517], [127.455298, 36.626513], [127.455296, 36.626485], [127.45532, 36.626483], [127.455325, 36.626523], [127.455331, 36.626585], [127.455334, 36.626585], [127.455336, 36.626595], [127.455622, 36.62657], [127.455624, 36.626592], [127.455695, 36.626587], [127.455694, 36.626563], [127.455699, 36.626563], [127.45569, 36.626482], [127.455684, 36.626409], [127.455716, 36.626395], [127.455715, 36.626387], [127.455717, 36.626387], [127.45571, 36.626343], [127.455701, 36.626275], [127.455901, 36.626332], [127.455917, 36.626332], [127.455942, 36.6263], [127.455975, 36.626265], [127.455999, 36.62624], [127.456007, 36.626235], [127.456015, 36.626232], [127.456026, 36.626232], [127.456039, 36.626233], [127.45605, 36.626236], [127.456058, 36.62624], [127.456065, 36.626251], [127.45607, 36.626276], [127.456073, 36.626298], [127.456071, 36.626349], [127.456076, 36.626373], [127.456086, 36.626397], [127.456097, 36.626411], [127.456114, 36.626423], [127.456133, 36.626432], [127.456172, 36.626438], [127.456241, 36.626451], [127.456299, 36.626455], [127.456327, 36.626459], [127.456342, 36.626464], [127.456353, 36.626475], [127.456368, 36.626497], [127.456385, 36.626528], [127.456389, 36.626546], [127.45639, 36.626578], [127.456388, 36.626637], [127.456387, 36.626695], [127.456383, 36.62671], [127.456377, 36.626722], [127.456365, 36.626735], [127.456352, 36.626746], [127.456339, 36.626754], [127.456327, 36.626759], [127.456308, 36.626761], [127.456276, 36.626759], [127.456259, 36.626757], [127.456221, 36.626748], [127.456205, 36.626746], [127.456176, 36.626745], [127.456162, 36.626748], [127.456151, 36.626758], [127.456127, 36.626805], [127.456114, 36.626835], [127.456098, 36.626885], [127.456089, 36.626931], [127.456088, 36.626954], [127.456091, 36.627006], [127.456089, 36.627028], [127.456083, 36.627054], [127.456074, 36.627084], [127.456061, 36.627117], [127.456046, 36.627147], [127.456013, 36.627196], [127.455991, 36.627242], [127.455968, 36.62731], [127.455951, 36.627372], [127.455946, 36.627421], [127.455947, 36.62746], [127.45596, 36.627559], [127.455962, 36.627606], [127.455957, 36.627657], [127.455957, 36.627696], [127.455954, 36.627731], [127.455946, 36.627768], [127.455935, 36.627807], [127.455919, 36.627847], [127.455901, 36.627887], [127.455877, 36.627931], [127.4558, 36.628059], [127.455768, 36.628107], [127.455756, 36.628128], [127.455749, 36.628163], [127.455746, 36.62817], [127.455741, 36.628174], [127.455722, 36.628182], [127.455703, 36.628184], [127.455664, 36.628182], [127.45565, 36.628183], [127.455637, 36.628187], [127.455629, 36.628191], [127.455622, 36.628199], [127.455618, 36.628207], [127.45562, 36.628216], [127.455629, 36.628228], [127.45564, 36.628237], [127.455674, 36.628253], [127.455686, 36.628262], [127.455697, 36.628275], [127.455701, 36.628284], [127.455734, 36.628332], [127.455715, 36.628359], [127.455658, 36.628388], [127.45563, 36.628407], [127.455508, 36.628484], [127.45537, 36.628581], [127.455188, 36.628731], [127.454974, 36.628908], [127.454741, 36.629098], [127.45452, 36.629283], [127.454506, 36.629294], [127.454303, 36.629462], [127.454235, 36.629516], [127.454069, 36.629658], [127.454058, 36.629665], [127.454048, 36.62967], [127.454033, 36.629674], [127.454021, 36.629676], [127.454006, 36.629675], [127.453961, 36.629661], [127.453928, 36.629636], [127.453915, 36.629612], [127.453774, 36.629365], [127.453678, 36.629205], [127.453644, 36.629148], [127.453584, 36.629043], [127.453416, 36.628745], [127.453359, 36.628626], [127.453317, 36.628552], [127.453294, 36.62852], [127.453277, 36.628498], [127.453185, 36.628336], [127.453159, 36.628295], [127.453151, 36.628276], [127.453135, 36.628246], [127.453115, 36.628213], [127.45306, 36.628134], [127.453041, 36.628102], [127.453006, 36.628031], [127.452973, 36.627939], [127.452972, 36.62788], [127.452977, 36.627854], [127.453001, 36.627844], [127.453033, 36.62784], [127.453035, 36.62784], [127.453033, 36.627817], [127.453036, 36.627795], [127.453047, 36.627773], [127.453049, 36.627776], [127.453053, 36.62778]], [[127.455174, 36.629731], [127.455013, 36.629685], [127.454736, 36.629465], [127.454665, 36.629503], [127.454582, 36.629426], [127.454589, 36.62942], [127.454733, 36.629329], [127.454793, 36.629324], [127.454881, 36.629411], [127.4549, 36.629433], [127.454888, 36.629441], [127.455023, 36.629592], [127.455029, 36.629588], [127.455174, 36.629731]], [[127.454594, 36.629544], [127.454538, 36.62958], [127.45454, 36.629582], [127.454531, 36.629588], [127.454486, 36.629562], [127.454471, 36.629547], [127.45446, 36.629528], [127.454514, 36.629483], [127.454982, 36.62972], [127.455144, 36.629762], [127.455046, 36.629807], [127.454994, 36.629736], [127.454948, 36.629735], [127.454873, 36.629786], [127.454932, 36.629853], [127.454965, 36.629838], [127.45499, 36.629831], [127.454998, 36.629852], [127.454853, 36.629932], [127.454815, 36.629895], [127.454863, 36.629859], [127.454858, 36.629853], [127.454865, 36.629849], [127.454594, 36.629544]], [[127.455372, 36.629988], [127.455375, 36.629986], [127.455315, 36.62992], [127.45535, 36.629901], [127.455268, 36.629805], [127.455568, 36.629886], [127.455648, 36.629913], [127.455156, 36.630196], [127.455111, 36.630146], [127.455247, 36.630064], [127.455374, 36.62999], [127.455372, 36.629988]], [[127.454559, 36.631958], [127.45449, 36.632055], [127.45436, 36.632007], [127.454379, 36.631983], [127.454409, 36.631951], [127.454417, 36.631955], [127.454481, 36.631895], [127.454566, 36.631952], [127.454559, 36.631958]], [[127.454635, 36.63176], [127.454699, 36.631725], [127.454764, 36.631695], [127.454779, 36.631688], [127.454759, 36.631672], [127.454739, 36.631655], [127.454856, 36.631591], [127.454858, 36.631585], [127.454847, 36.631553], [127.454801, 36.631416], [127.45477, 36.631358], [127.454725, 36.631267], [127.454733, 36.631259], [127.454824, 36.63142], [127.454905, 36.631623], [127.45495, 36.63174], [127.454941, 36.631744], [127.454936, 36.631742], [127.454931, 36.631737], [127.454907, 36.631706], [127.454844, 36.631737], [127.454677, 36.631843], [127.454672, 36.631848], [127.454604, 36.631781], [127.454635, 36.63176]], [[127.454298, 36.632103], [127.45432, 36.632064], [127.454336, 36.63204], [127.454468, 36.632087], [127.454431, 36.632169], [127.454401, 36.632276], [127.454397, 36.6323], [127.454442, 36.632306], [127.454451, 36.632317], [127.454452, 36.632334], [127.454443, 36.632357], [127.454431, 36.632372], [127.454405, 36.632386], [127.454386, 36.632388], [127.454269, 36.632385], [127.454259, 36.632379], [127.454257, 36.632371], [127.454256, 36.632359], [127.454262, 36.63222], [127.454253, 36.632204], [127.45428, 36.632145], [127.454298, 36.632103]], [[127.456027, 36.632143], [127.456018, 36.632139], [127.456029, 36.632117], [127.456001, 36.632104], [127.456009, 36.632089], [127.455957, 36.632066], [127.455974, 36.632037], [127.455678, 36.63193], [127.455535, 36.63219], [127.455536, 36.632191], [127.455488, 36.632196], [127.455441, 36.632205], [127.455395, 36.632208], [127.45535, 36.632209], [127.455324, 36.632208], [127.455312, 36.632205], [127.455288, 36.632198], [127.455266, 36.632186], [127.455251, 36.632175], [127.455233, 36.63216], [127.455223, 36.632146], [127.455213, 36.632126], [127.455206, 36.632109], [127.455176, 36.632034], [127.454951, 36.63148], [127.454907, 36.631367], [127.454919, 36.631261], [127.454975, 36.631226], [127.454898, 36.631132], [127.454728, 36.630926], [127.45487, 36.630844], [127.455693, 36.63037], [127.455775, 36.630324], [127.455906, 36.63047], [127.455894, 36.630476], [127.455921, 36.630507], [127.455933, 36.6305], [127.456054, 36.630634], [127.456407, 36.630433], [127.456434, 36.630468], [127.456087, 36.630675], [127.455937, 36.630764], [127.456002, 36.63084], [127.456015, 36.630854], [127.456044, 36.630856], [127.456152, 36.630977], [127.456322, 36.631166], [127.456847, 36.631752], [127.457064, 36.631438], [127.457059, 36.631436], [127.457054, 36.631433], [127.456996, 36.631404], [127.456989, 36.631396], [127.456987, 36.631384], [127.456989, 36.631377], [127.456998, 36.631367], [127.457016, 36.631358], [127.45708, 36.63132], [127.457127, 36.631279], [127.457187, 36.6312], [127.457193, 36.631197], [127.457204, 36.631196], [127.457215, 36.631197], [127.457297, 36.631231], [127.457305, 36.631239], [127.457308, 36.631247], [127.457306, 36.631254], [127.457199, 36.631411], [127.45714, 36.63148], [127.457034, 36.631604], [127.456902, 36.631759], [127.456797, 36.631909], [127.456775, 36.631914], [127.456732, 36.631892], [127.456729, 36.63189], [127.45672, 36.63188], [127.456736, 36.631871], [127.456756, 36.631893], [127.456798, 36.631836], [127.45682, 36.631823], [127.45677, 36.631765], [127.456742, 36.631726], [127.456747, 36.631719], [127.456709, 36.631668], [127.456691, 36.631675], [127.456659, 36.631638], [127.456561, 36.631692], [127.456525, 36.631651], [127.456502, 36.631641], [127.456467, 36.631633], [127.45644, 36.631633], [127.45641, 36.631638], [127.456399, 36.631613], [127.456391, 36.631596], [127.456469, 36.63157], [127.456405, 36.631413], [127.456433, 36.631405], [127.456397, 36.631333], [127.456021, 36.631449], [127.456009, 36.631453], [127.455982, 36.631461], [127.455981, 36.631459], [127.455823, 36.631506], [127.455825, 36.63151], [127.455811, 36.631514], [127.45587, 36.631623], [127.455911, 36.631611], [127.455933, 36.631664], [127.455978, 36.631776], [127.456013, 36.631814], [127.456039, 36.631846], [127.456126, 36.631965], [127.456135, 36.631962], [127.456142, 36.631972], [127.456093, 36.632015], [127.45609, 36.632038], [127.45609, 36.632057], [127.456094, 36.63208], [127.456096, 36.632096], [127.456091, 36.632122], [127.456081, 36.632147], [127.456056, 36.632189], [127.456055, 36.632206], [127.456064, 36.632223], [127.456079, 36.632232], [127.456098, 36.632235], [127.456125, 36.632234], [127.456146, 36.632228], [127.456162, 36.632215], [127.456228, 36.63217], [127.456244, 36.632246], [127.456241, 36.632246], [127.456253, 36.632287], [127.456269, 36.632363], [127.456445, 36.632399], [127.456454, 36.632414], [127.456462, 36.632428], [127.456417, 36.632439], [127.456413, 36.632439], [127.456406, 36.632429], [127.456392, 36.632436], [127.456373, 36.632433], [127.45637, 36.632429], [127.45636, 36.632431], [127.456334, 36.632427], [127.456334, 36.632421], [127.456306, 36.632423], [127.45624, 36.632413], [127.456235, 36.632359], [127.456228, 36.63235], [127.456192, 36.632331], [127.455951, 36.632273], [127.455959, 36.632257], [127.455962, 36.632259], [127.456027, 36.632143]], [[127.455054, 36.632613], [127.456515, 36.633151], [127.456657, 36.633207], [127.456658, 36.633204], [127.45685, 36.633282], [127.456842, 36.633301], [127.456816, 36.633349], [127.45676, 36.633335], [127.45667, 36.63331], [127.456448, 36.633242], [127.456304, 36.633187], [127.456279, 36.633178], [127.456195, 36.633148], [127.4556, 36.632936], [127.455254, 36.632807], [127.455105, 36.632751], [127.455067, 36.632737], [127.454601, 36.632576], [127.45459, 36.632556], [127.454592, 36.632538], [127.454638, 36.632514], [127.454712, 36.632475], [127.45477, 36.632443], [127.454833, 36.63242], [127.454909, 36.632395], [127.455017, 36.63236], [127.455097, 36.632341], [127.455172, 36.632325], [127.455226, 36.632315], [127.455169, 36.632413], [127.455159, 36.632409], [127.45506, 36.632589], [127.455066, 36.632592], [127.455054, 36.632613]], [[127.456118, 36.627962], [127.456115, 36.627972], [127.456119, 36.627982], [127.456129, 36.627988], [127.456136, 36.62799], [127.456148, 36.62799], [127.456177, 36.628038], [127.456269, 36.628], [127.456272, 36.628006], [127.456486, 36.627915], [127.456498, 36.627936], [127.456525, 36.627924], [127.456567, 36.627987], [127.456287, 36.628103], [127.455969, 36.628231], [127.455848, 36.628211], [127.455962, 36.627941], [127.456091, 36.627894], [127.456126, 36.627953], [127.456125, 36.627953], [127.456118, 36.627962]], [[127.456964, 36.62775], [127.457234, 36.627631], [127.457222, 36.627608], [127.457223, 36.627608], [127.457249, 36.627598], [127.457281, 36.627584], [127.457336, 36.62767], [127.456689, 36.627937], [127.456644, 36.627871], [127.456956, 36.627733], [127.456964, 36.62775]], [[127.456636, 36.630513], [127.456582, 36.63045], [127.456635, 36.630421], [127.45669, 36.630482], [127.456636, 36.630513]], [[127.456686, 36.630393], [127.456706, 36.630382], [127.456657, 36.630323], [127.456916, 36.630174], [127.456983, 36.630251], [127.456977, 36.630254], [127.457097, 36.630388], [127.457251, 36.630302], [127.45725, 36.630301], [127.457254, 36.630299], [127.457254, 36.630317], [127.457245, 36.630349], [127.457227, 36.630391], [127.457207, 36.630411], [127.457183, 36.630435], [127.457149, 36.630456], [127.456999, 36.630536], [127.456787, 36.630652], [127.456779, 36.630654], [127.456773, 36.630653], [127.456763, 36.63065], [127.45675, 36.630639], [127.456672, 36.630553], [127.456774, 36.630493], [127.456686, 36.630393]], [[127.457148, 36.630153], [127.457128, 36.630165], [127.457098, 36.630183], [127.457067, 36.630146], [127.45726, 36.630026], [127.457266, 36.63008], [127.457266, 36.630107], [127.457259, 36.630189], [127.457255, 36.63025], [127.457254, 36.630299], [127.457148, 36.630153]], [[127.456558, 36.630621], [127.45673, 36.630813], [127.456694, 36.630837], [127.456601, 36.630899], [127.456546, 36.630838], [127.456423, 36.6307], [127.456558, 36.630621]], [[127.456417, 36.630694], [127.456418, 36.630693], [127.456423, 36.6307], [127.456417, 36.630694]], [[127.456588, 36.633663], [127.456588, 36.633658], [127.456715, 36.63366], [127.456708, 36.633768], [127.456573, 36.633768], [127.456577, 36.633738], [127.456696, 36.633745], [127.456703, 36.63367], [127.456588, 36.633663]], [[127.463015, 36.625131], [127.463004, 36.625136], [127.462916, 36.625148], [127.462749, 36.625172], [127.462734, 36.625172], [127.462723, 36.625169], [127.462713, 36.625159], [127.46271, 36.625149], [127.462674, 36.625001], [127.462669, 36.624981], [127.462646, 36.624984], [127.462634, 36.624984], [127.462616, 36.624978], [127.462607, 36.62497], [127.462602, 36.624964], [127.463138, 36.624884], [127.463336, 36.624852], [127.463406, 36.624908], [127.463389, 36.624969], [127.463373, 36.62498], [127.463354, 36.624985], [127.463265, 36.624892], [127.462986, 36.62493], [127.463001, 36.625001], [127.463025, 36.625113], [127.463024, 36.625122], [127.463015, 36.625131]], [[127.461275, 36.624986], [127.461275, 36.624984], [127.461283, 36.624979], [127.461277, 36.624964], [127.461277, 36.624962], [127.461323, 36.62494], [127.461322, 36.624939], [127.461324, 36.624938], [127.461287, 36.624894], [127.461353, 36.624853], [127.461381, 36.624837], [127.461264, 36.624699], [127.4611, 36.624785], [127.46115, 36.624839], [127.461082, 36.62488], [127.461036, 36.624829], [127.461077, 36.624806], [127.461074, 36.624762], [127.461031, 36.624713], [127.461178, 36.624634], [127.461248, 36.62467], [127.461288, 36.624696], [127.461316, 36.624722], [127.461473, 36.624914], [127.461385, 36.624964], [127.461326, 36.625001], [127.461303, 36.625015], [127.461289, 36.625001], [127.461275, 36.624986]], [[127.457208, 36.627034], [127.457221, 36.627032], [127.45728, 36.627039], [127.457294, 36.627071], [127.457323, 36.627116], [127.457359, 36.627163], [127.457416, 36.62723], [127.457462, 36.627263], [127.457521, 36.627307], [127.457559, 36.627341], [127.457646, 36.627439], [127.457694, 36.627512], [127.457374, 36.627653], [127.457369, 36.627646], [127.457334, 36.627581], [127.45742, 36.627543], [127.457375, 36.627474], [127.457298, 36.627511], [127.457216, 36.627401], [127.457097, 36.627394], [127.457053, 36.627415], [127.456951, 36.62729], [127.456952, 36.627264], [127.456778, 36.627252], [127.456418, 36.627412], [127.456253, 36.627156], [127.456246, 36.627133], [127.456246, 36.627111], [127.456249, 36.627105], [127.456261, 36.627097], [127.456273, 36.627094], [127.456293, 36.627093], [127.456575, 36.627115], [127.456566, 36.6272], [127.456848, 36.627217], [127.456842, 36.627255], [127.456953, 36.627262], [127.456957, 36.627224], [127.45713, 36.627234], [127.457126, 36.627326], [127.457158, 36.627328], [127.45719, 36.627124], [127.4572, 36.627041], [127.457208, 36.627034]], [[127.457388, 36.628825], [127.457361, 36.628842], [127.457361, 36.628843], [127.457385, 36.628871], [127.457169, 36.628993], [127.457157, 36.628997], [127.457138, 36.628997], [127.456753, 36.628548], [127.456749, 36.628535], [127.456753, 36.62852], [127.457202, 36.628257], [127.457249, 36.628312], [127.456902, 36.62851], [127.456915, 36.628525], [127.456926, 36.628538], [127.457026, 36.628654], [127.457017, 36.628659], [127.457083, 36.628735], [127.457091, 36.62873], [127.457209, 36.628868], [127.457355, 36.628784], [127.457388, 36.628825]], [[127.457475, 36.628131], [127.457502, 36.62811], [127.457485, 36.628084], [127.457503, 36.628075], [127.457582, 36.627872], [127.457644, 36.627783], [127.457683, 36.627742], [127.457734, 36.627711], [127.457779, 36.627698], [127.457824, 36.627696], [127.457857, 36.627712], [127.457887, 36.627734], [127.45805, 36.627924], [127.458053, 36.627957], [127.457986, 36.627999], [127.457853, 36.62785], [127.457641, 36.627978], [127.457726, 36.628083], [127.457673, 36.628114], [127.457654, 36.628093], [127.457653, 36.628093], [127.457646, 36.628085], [127.457484, 36.628177], [127.457472, 36.628163], [127.457492, 36.62815], [127.457475, 36.628131]], [[127.457944, 36.628416], [127.457991, 36.628385], [127.458085, 36.628485], [127.458301, 36.628354], [127.458174, 36.628211], [127.458255, 36.628172], [127.458316, 36.628216], [127.45835, 36.628281], [127.458381, 36.628347], [127.458396, 36.628393], [127.458403, 36.628438], [127.4584, 36.628471], [127.458386, 36.628493], [127.458366, 36.628491], [127.458355, 36.628479], [127.458331, 36.628463], [127.458289, 36.628461], [127.458228, 36.628468], [127.458173, 36.628502], [127.458161, 36.62853], [127.458138, 36.628529], [127.458082, 36.628521], [127.458037, 36.628483], [127.457659, 36.628702], [127.457631, 36.628707], [127.457587, 36.628649], [127.457947, 36.628442], [127.457941, 36.628434], [127.457952, 36.628428], [127.457673, 36.628114], [127.457944, 36.628416]], [[127.460769, 36.626671], [127.460433, 36.626303], [127.460423, 36.626286], [127.460425, 36.626278], [127.460445, 36.62627], [127.460565, 36.626265], [127.46074, 36.626265], [127.460791, 36.626469], [127.460827, 36.626533], [127.460886, 36.626604], [127.460948, 36.626658], [127.461018, 36.626705], [127.461115, 36.626749], [127.461206, 36.626777], [127.461315, 36.626793], [127.461423, 36.626795], [127.461543, 36.626783], [127.461646, 36.626759], [127.461751, 36.626725], [127.462017, 36.626576], [127.462132, 36.626693], [127.462078, 36.626723], [127.461905, 36.626768], [127.461484, 36.626972], [127.461361, 36.627004], [127.461262, 36.627011], [127.461185, 36.627], [127.461144, 36.626989], [127.461111, 36.626977], [127.461041, 36.626947], [127.461002, 36.62692], [127.460901, 36.626825], [127.460769, 36.626671]], [[127.460675, 36.626075], [127.460589, 36.625975], [127.460818, 36.625847], [127.461496, 36.625458], [127.461907, 36.625213], [127.462015, 36.625152], [127.462039, 36.625138], [127.462097, 36.625112], [127.462196, 36.625093], [127.46225, 36.625092], [127.462334, 36.625097], [127.462409, 36.62511], [127.462473, 36.625124], [127.462462, 36.62515], [127.462423, 36.625244], [127.462361, 36.625225], [127.462293, 36.625211], [127.462202, 36.625207], [127.462094, 36.625212], [127.46198, 36.625236], [127.461854, 36.625286], [127.460934, 36.625824], [127.460887, 36.625867], [127.460841, 36.625914], [127.460803, 36.625976], [127.460771, 36.626047], [127.460754, 36.626108], [127.460731, 36.626224], [127.460538, 36.626225], [127.46067, 36.626129], [127.460675, 36.626075]], [[127.462547, 36.625069], [127.462552, 36.625067], [127.462556, 36.62507], [127.462573, 36.62515], [127.462588, 36.625217], [127.462596, 36.625226], [127.462677, 36.625281], [127.462808, 36.625388], [127.46291, 36.625491], [127.462947, 36.625543], [127.462967, 36.625584], [127.462983, 36.625664], [127.462967, 36.625807], [127.462956, 36.625885], [127.462942, 36.625946], [127.462919, 36.626001], [127.462873, 36.626076], [127.462815, 36.626149], [127.462755, 36.626215], [127.462678, 36.626277], [127.462634, 36.626346], [127.46256, 36.626454], [127.462447, 36.626344], [127.462574, 36.62627], [127.462639, 36.626235], [127.462686, 36.626207], [127.462739, 36.626167], [127.462796, 36.626106], [127.462869, 36.625972], [127.462902, 36.625892], [127.462911, 36.625828], [127.462914, 36.62577], [127.46291, 36.625715], [127.462899, 36.625662], [127.462882, 36.625622], [127.462863, 36.625581], [127.462824, 36.625508], [127.462708, 36.625382], [127.462516, 36.625272], [127.462464, 36.625256], [127.462511, 36.62515], [127.462539, 36.625085], [127.462547, 36.625069]], [[127.463515, 36.626111], [127.46352, 36.626111], [127.463542, 36.626117], [127.463572, 36.626126], [127.463583, 36.62613], [127.463586, 36.626134], [127.463586, 36.626136], [127.463582, 36.626138], [127.463534, 36.626141], [127.463524, 36.62614], [127.463518, 36.626139], [127.46351, 36.626133], [127.463507, 36.626123], [127.463511, 36.626113], [127.463515, 36.626111]], [[127.463791, 36.626092], [127.463778, 36.626083], [127.463778, 36.626082], [127.463754, 36.626078], [127.463774, 36.626019], [127.463916, 36.626052], [127.463982, 36.62607], [127.463976, 36.626087], [127.463968, 36.626093], [127.463918, 36.626102], [127.463906, 36.626104], [127.463831, 36.626091], [127.463791, 36.626092]], [[127.461771, 36.627405], [127.461693, 36.627374], [127.461647, 36.627347], [127.461614, 36.627324], [127.461599, 36.627295], [127.461593, 36.62728], [127.461601, 36.62726], [127.461644, 36.627241], [127.46171, 36.627227], [127.461753, 36.627223], [127.461788, 36.627227], [127.461862, 36.627195], [127.461845, 36.627163], [127.461903, 36.627138], [127.461992, 36.627095], [127.461985, 36.627083], [127.461992, 36.62708], [127.461909, 36.626961], [127.461906, 36.626956], [127.461902, 36.626925], [127.461906, 36.626909], [127.461917, 36.62689], [127.461919, 36.626879], [127.461928, 36.626872], [127.461948, 36.626864], [127.46197, 36.626859], [127.461996, 36.626861], [127.462022, 36.626867], [127.462082, 36.626886], [127.462108, 36.626891], [127.462133, 36.626895], [127.462211, 36.626923], [127.462214, 36.626923], [127.462214, 36.626925], [127.462324, 36.626956], [127.462287, 36.62704], [127.462492, 36.627084], [127.462574, 36.627105], [127.462575, 36.627102], [127.462583, 36.627104], [127.462654, 36.627122], [127.462611, 36.627264], [127.462508, 36.627587], [127.462489, 36.627642], [127.462471, 36.627693], [127.462448, 36.627688], [127.462532, 36.62745], [127.46197, 36.627327], [127.461931, 36.62743], [127.461915, 36.627437], [127.461884, 36.627436], [127.461771, 36.627405]], [[127.461385, 36.628838], [127.461385, 36.628823], [127.461388, 36.628797], [127.461387, 36.628784], [127.461384, 36.62878], [127.46137, 36.628774], [127.461223, 36.628617], [127.46128, 36.628588], [127.461192, 36.62849], [127.461136, 36.628522], [127.461147, 36.628535], [127.460864, 36.628231], [127.460839, 36.628192], [127.460829, 36.628154], [127.460831, 36.628138], [127.460832, 36.628132], [127.460757, 36.628122], [127.460723, 36.628117], [127.460687, 36.628106], [127.460631, 36.628081], [127.460613, 36.628074], [127.460595, 36.628069], [127.460574, 36.628066], [127.460564, 36.628066], [127.460554, 36.628067], [127.460542, 36.628071], [127.460509, 36.628086], [127.460453, 36.628095], [127.460415, 36.628106], [127.460408, 36.628106], [127.460292, 36.627981], [127.460268, 36.627954], [127.460227, 36.62791], [127.460197, 36.627927], [127.460191, 36.627921], [127.460164, 36.62789], [127.460162, 36.627888], [127.460178, 36.627866], [127.460622, 36.627614], [127.460693, 36.627574], [127.460709, 36.627593], [127.461147, 36.627343], [127.461156, 36.627338], [127.461136, 36.627315], [127.46111, 36.627284], [127.46114, 36.627271], [127.461154, 36.627265], [127.461145, 36.627255], [127.461168, 36.627245], [127.461084, 36.627139], [127.461165, 36.627092], [127.461161, 36.627088], [127.461177, 36.627091], [127.461279, 36.627092], [127.461362, 36.62709], [127.46139, 36.627091], [127.461435, 36.627175], [127.4615, 36.627258], [127.46152, 36.627283], [127.461531, 36.627298], [127.461588, 36.62736], [127.461639, 36.627393], [127.461784, 36.627461], [127.461857, 36.62749], [127.461879, 36.627502], [127.461889, 36.62751], [127.461859, 36.627588], [127.461956, 36.627643], [127.462122, 36.62768], [127.462357, 36.627724], [127.462454, 36.627742], [127.462435, 36.627796], [127.462397, 36.627909], [127.462352, 36.6279], [127.4621, 36.627847], [127.462005, 36.627794], [127.461983, 36.627784], [127.461959, 36.627787], [127.461938, 36.627792], [127.461888, 36.627818], [127.461898, 36.627833], [127.46192, 36.62788], [127.46194, 36.627924], [127.461943, 36.627956], [127.461924, 36.628057], [127.461918, 36.628079], [127.461905, 36.628132], [127.461887, 36.628182], [127.461883, 36.628206], [127.461884, 36.628223], [127.461885, 36.628242], [127.461886, 36.628245], [127.461846, 36.628309], [127.461819, 36.628353], [127.461719, 36.628514], [127.461622, 36.62869], [127.461483, 36.628945], [127.461476, 36.628955], [127.461467, 36.628945], [127.461465, 36.62894], [127.461462, 36.628934], [127.461424, 36.628879], [127.461385, 36.628838]], [[127.460341, 36.629524], [127.46034, 36.629511], [127.460348, 36.629487], [127.460397, 36.629451], [127.460657, 36.629316], [127.460634, 36.629289], [127.460862, 36.629157], [127.46131, 36.628901], [127.461333, 36.628888], [127.461346, 36.628883], [127.461355, 36.628884], [127.461414, 36.628941], [127.461434, 36.628975], [127.461441, 36.628994], [127.461459, 36.628995], [127.461462, 36.628995], [127.4615, 36.628997], [127.461502, 36.628997], [127.461524, 36.629003], [127.461547, 36.628953], [127.461682, 36.62871], [127.46176, 36.628569], [127.461908, 36.628337], [127.461945, 36.62828], [127.461976, 36.628277], [127.462023, 36.628282], [127.462083, 36.628296], [127.462137, 36.628313], [127.462173, 36.628316], [127.462186, 36.62832], [127.462232, 36.62834], [127.462135, 36.628614], [127.462115, 36.628675], [127.462085, 36.628765], [127.461833, 36.629539], [127.461818, 36.629585], [127.461789, 36.629676], [127.461658, 36.630066], [127.461652, 36.630083], [127.461644, 36.630103], [127.461635, 36.630106], [127.461524, 36.630002], [127.461477, 36.629946], [127.461447, 36.629905], [127.4614, 36.629884], [127.46137, 36.629871], [127.461351, 36.629871], [127.461115, 36.629818], [127.460881, 36.629777], [127.460848, 36.629767], [127.460805, 36.629754], [127.460721, 36.629729], [127.460605, 36.629695], [127.460446, 36.62961], [127.460381, 36.629567], [127.460346, 36.629533], [127.460341, 36.629524]], [[127.462532, 36.630103], [127.462528, 36.630072], [127.46252, 36.630072], [127.462517, 36.630045], [127.462407, 36.630055], [127.462414, 36.63011], [127.462403, 36.630165], [127.462395, 36.6301], [127.462328, 36.630106], [127.462328, 36.630097], [127.462237, 36.630106], [127.462241, 36.630135], [127.462219, 36.630153], [127.462214, 36.630113], [127.46218, 36.630116], [127.462136, 36.63007], [127.462296, 36.630056], [127.462292, 36.630018], [127.462277, 36.630019], [127.462276, 36.630004], [127.462285, 36.630004], [127.46228, 36.629972], [127.462092, 36.629989], [127.462092, 36.629987], [127.462345, 36.629961], [127.462423, 36.629953], [127.462435, 36.629923], [127.462586, 36.629955], [127.462585, 36.62996], [127.462576, 36.629958], [127.462556, 36.630037], [127.462565, 36.630038], [127.462562, 36.630049], [127.462548, 36.630105], [127.462532, 36.630103]], [[127.460364, 36.630964], [127.460277, 36.631023], [127.460259, 36.631036], [127.460189, 36.631083], [127.460088, 36.631148], [127.459891, 36.631401], [127.459872, 36.631418], [127.459865, 36.631424], [127.45983, 36.631407], [127.459521, 36.63121], [127.459279, 36.63124], [127.459289, 36.631328], [127.459274, 36.631356], [127.459251, 36.631374], [127.459176, 36.631405], [127.459088, 36.631342], [127.459084, 36.631345], [127.459052, 36.631382], [127.459125, 36.631443], [127.459076, 36.631534], [127.458956, 36.63163], [127.458963, 36.631679], [127.458969, 36.6317], [127.458981, 36.631713], [127.459053, 36.631774], [127.459038, 36.631786], [127.459051, 36.631798], [127.459032, 36.631815], [127.45903, 36.631823], [127.459068, 36.631928], [127.459077, 36.631935], [127.459113, 36.631943], [127.459129, 36.631937], [127.459181, 36.6319], [127.459195, 36.631911], [127.459451, 36.631727], [127.459451, 36.631701], [127.459662, 36.63155], [127.459676, 36.631553], [127.459692, 36.631576], [127.459685, 36.631581], [127.459679, 36.631586], [127.459661, 36.631617], [127.459619, 36.631691], [127.459616, 36.631695], [127.459264, 36.631928], [127.459237, 36.631967], [127.459232, 36.631971], [127.459205, 36.631987], [127.459188, 36.631997], [127.459063, 36.632073], [127.45892, 36.631944], [127.458789, 36.631591], [127.458889, 36.631566], [127.458848, 36.631435], [127.458698, 36.631464], [127.45863, 36.631278], [127.45847, 36.631314], [127.458298, 36.631353], [127.458253, 36.631367], [127.458191, 36.63138], [127.458159, 36.631387], [127.458142, 36.631388], [127.458122, 36.631386], [127.458112, 36.631382], [127.458093, 36.631367], [127.458104, 36.631351], [127.458113, 36.631342], [127.458137, 36.631325], [127.458177, 36.631308], [127.458204, 36.631295], [127.458207, 36.631293], [127.45821, 36.631292], [127.458235, 36.631277], [127.458291, 36.631253], [127.458306, 36.631244], [127.458316, 36.631235], [127.458327, 36.631224], [127.458332, 36.631215], [127.458333, 36.631207], [127.458332, 36.631202], [127.458332, 36.631194], [127.458325, 36.631167], [127.458328, 36.631132], [127.458328, 36.631122], [127.458321, 36.631102], [127.45831, 36.631083], [127.458277, 36.631052], [127.458261, 36.631032], [127.458243, 36.631023], [127.458239, 36.631022], [127.458228, 36.63102], [127.458214, 36.631028], [127.458168, 36.631046], [127.458153, 36.631054], [127.458139, 36.631066], [127.458133, 36.631074], [127.458123, 36.631095], [127.458117, 36.631102], [127.458099, 36.631113], [127.458055, 36.631128], [127.458023, 36.63114], [127.457892, 36.63122], [127.457878, 36.63121], [127.45782, 36.631219], [127.457797, 36.631226], [127.457796, 36.631216], [127.4578, 36.631203], [127.457832, 36.63117], [127.457861, 36.631136], [127.457909, 36.631094], [127.457915, 36.631085], [127.457917, 36.631066], [127.457914, 36.631049], [127.457913, 36.631021], [127.457919, 36.630997], [127.457927, 36.630984], [127.457954, 36.630955], [127.457976, 36.630926], [127.457984, 36.630907], [127.457986, 36.630894], [127.457985, 36.630883], [127.457981, 36.630875], [127.457974, 36.630865], [127.457977, 36.630862], [127.457951, 36.630848], [127.457943, 36.630843], [127.457925, 36.630832], [127.457908, 36.630822], [127.457894, 36.630818], [127.457882, 36.630815], [127.457866, 36.630815], [127.457865, 36.630816], [127.457864, 36.630818], [127.457853, 36.630833], [127.457849, 36.630838], [127.45784, 36.630849], [127.457827, 36.630866], [127.45781, 36.630885], [127.457786, 36.630902], [127.457758, 36.630919], [127.457734, 36.630929], [127.457699, 36.630933], [127.45768, 36.630935], [127.45765, 36.630948], [127.457629, 36.630954], [127.457605, 36.63096], [127.45759, 36.630978], [127.457563, 36.631039], [127.457556, 36.631079], [127.457552, 36.631101], [127.457512, 36.631151], [127.457518, 36.631155], [127.457499, 36.631163], [127.457486, 36.631161], [127.457474, 36.631155], [127.457487, 36.631102], [127.457497, 36.631073], [127.4575, 36.63103], [127.457494, 36.630946], [127.457486, 36.630834], [127.457481, 36.630764], [127.457481, 36.630761], [127.457482, 36.630725], [127.457485, 36.630705], [127.457497, 36.630688], [127.457518, 36.630672], [127.45755, 36.630658], [127.457553, 36.630658], [127.457585, 36.630667], [127.457611, 36.630675], [127.457639, 36.630676], [127.457651, 36.63067], [127.457653, 36.630656], [127.45764, 36.630644], [127.457652, 36.630645], [127.457836, 36.630683], [127.457907, 36.630705], [127.457897, 36.63071], [127.45789, 36.630718], [127.457886, 36.630725], [127.457885, 36.630735], [127.457889, 36.63075], [127.4579, 36.630764], [127.457921, 36.63078], [127.457934, 36.630786], [127.457973, 36.6308], [127.457998, 36.630815], [127.45802, 36.630831], [127.458021, 36.630832], [127.458051, 36.630864], [127.458072, 36.630887], [127.458081, 36.630902], [127.458084, 36.630919], [127.458087, 36.630924], [127.458093, 36.630928], [127.458102, 36.630929], [127.45812, 36.630928], [127.458135, 36.630928], [127.458172, 36.630922], [127.458194, 36.630916], [127.45821, 36.630907], [127.458219, 36.630898], [127.458219, 36.630895], [127.458228, 36.630885], [127.45822, 36.630842], [127.458307, 36.630831], [127.458441, 36.630813], [127.458444, 36.63083], [127.458445, 36.63084], [127.458453, 36.630839], [127.458455, 36.63085], [127.458498, 36.630846], [127.458498, 36.630847], [127.458512, 36.630845], [127.458544, 36.630843], [127.458557, 36.630891], [127.458645, 36.630876], [127.458803, 36.630856], [127.458802, 36.63085], [127.458812, 36.630848], [127.458809, 36.630829], [127.458805, 36.630798], [127.458794, 36.630736], [127.45881, 36.630732], [127.458812, 36.630731], [127.458822, 36.63073], [127.458834, 36.63073], [127.458843, 36.630732], [127.458849, 36.630735], [127.458854, 36.630741], [127.458865, 36.630767], [127.458879, 36.6308], [127.458886, 36.630829], [127.458886, 36.630832], [127.458887, 36.63086], [127.458882, 36.630886], [127.458876, 36.630898], [127.458854, 36.630932], [127.458844, 36.630955], [127.458836, 36.630978], [127.458832, 36.631], [127.45883, 36.631021], [127.458834, 36.631054], [127.458848, 36.631102], [127.45886, 36.631147], [127.458866, 36.631158], [127.458874, 36.631167], [127.458886, 36.631175], [127.458896, 36.63118], [127.458917, 36.631184], [127.458937, 36.631182], [127.458943, 36.631185], [127.45895, 36.631192], [127.458956, 36.631204], [127.458959, 36.631207], [127.45897, 36.631209], [127.459001, 36.631208], [127.459059, 36.631199], [127.459203, 36.63118], [127.459313, 36.631173], [127.459354, 36.631169], [127.459419, 36.631153], [127.459446, 36.631151], [127.459477, 36.631152], [127.459495, 36.631157], [127.459504, 36.631163], [127.459517, 36.631177], [127.459525, 36.631188], [127.459534, 36.631198], [127.459541, 36.631205], [127.459555, 36.631214], [127.459566, 36.631219], [127.459591, 36.631219], [127.459615, 36.631218], [127.459652, 36.631213], [127.459717, 36.631201], [127.459771, 36.631193], [127.459809, 36.631188], [127.459891, 36.631185], [127.459914, 36.631186], [127.459919, 36.631147], [127.460107, 36.631012], [127.460269, 36.630911], [127.460287, 36.63089], [127.460293, 36.63087], [127.460294, 36.630861], [127.460462, 36.630822], [127.460472, 36.63082], [127.460585, 36.630764], [127.460655, 36.63073], [127.460596, 36.630656], [127.460571, 36.630624], [127.460552, 36.630591], [127.460526, 36.630521], [127.460835, 36.630462], [127.460874, 36.630455], [127.460912, 36.630586], [127.460994, 36.630585], [127.461055, 36.630581], [127.461097, 36.630576], [127.461142, 36.630566], [127.461172, 36.630556], [127.461202, 36.63054], [127.461233, 36.630517], [127.461257, 36.630495], [127.46128, 36.630469], [127.461302, 36.630437], [127.461317, 36.630408], [127.461325, 36.630382], [127.461329, 36.630361], [127.461329, 36.63035], [127.461322, 36.630323], [127.461324, 36.630309], [127.461331, 36.630299], [127.461343, 36.630286], [127.461368, 36.630267], [127.461377, 36.630255], [127.461383, 36.630244], [127.461385, 36.630228], [127.461379, 36.630198], [127.46137, 36.63016], [127.461356, 36.630115], [127.461345, 36.630079], [127.461334, 36.63006], [127.461321, 36.630044], [127.461308, 36.630032], [127.461296, 36.630025], [127.461273, 36.630018], [127.461251, 36.630016], [127.461233, 36.630017], [127.461214, 36.630021], [127.461152, 36.63004], [127.461129, 36.630046], [127.461044, 36.630058], [127.460988, 36.630073], [127.460964, 36.630076], [127.460944, 36.630076], [127.460931, 36.630075], [127.460916, 36.630068], [127.460908, 36.630061], [127.4609, 36.630047], [127.460893, 36.630028], [127.460885, 36.629985], [127.460869, 36.629971], [127.460839, 36.629851], [127.460838, 36.629837], [127.460847, 36.629826], [127.460859, 36.629822], [127.460884, 36.629821], [127.461078, 36.629858], [127.461344, 36.629921], [127.461383, 36.629935], [127.461403, 36.629957], [127.461417, 36.629984], [127.461428, 36.630005], [127.46161, 36.630196], [127.461614, 36.630207], [127.461559, 36.630353], [127.461529, 36.630437], [127.461457, 36.630629], [127.461432, 36.630699], [127.461321, 36.63073], [127.461194, 36.630738], [127.461011, 36.630743], [127.460844, 36.630766], [127.46068, 36.630822], [127.460653, 36.630831], [127.46063, 36.630839], [127.46049, 36.630894], [127.460473, 36.630898], [127.460461, 36.630906], [127.460437, 36.630915], [127.460364, 36.630964]], [[127.459662, 36.631447], [127.459744, 36.631494], [127.459756, 36.631494], [127.459787, 36.631462], [127.459797, 36.631457], [127.459808, 36.631458], [127.45982, 36.631465], [127.459761, 36.631519], [127.459654, 36.631455], [127.459654, 36.631448], [127.459662, 36.631447]], [[127.456814, 36.629811], [127.456785, 36.629827], [127.456736, 36.629768], [127.456988, 36.629618], [127.457162, 36.629803], [127.456931, 36.62995], [127.456814, 36.629811]], [[127.457162, 36.63073], [127.457133, 36.630733], [127.457134, 36.630741], [127.456868, 36.630768], [127.456808, 36.630707], [127.456804, 36.630698], [127.456804, 36.63069], [127.456809, 36.630682], [127.457178, 36.630486], [127.457217, 36.63046], [127.457245, 36.630437], [127.457264, 36.630413], [127.457283, 36.630375], [127.457291, 36.630336], [127.457301, 36.630077], [127.457292, 36.630012], [127.457366, 36.629968], [127.457379, 36.629952], [127.457384, 36.629931], [127.457376, 36.629895], [127.457359, 36.629845], [127.457332, 36.629798], [127.457205, 36.629643], [127.457156, 36.629674], [127.457094, 36.629603], [127.457113, 36.629592], [127.457093, 36.629571], [127.457092, 36.629567], [127.457093, 36.629562], [127.45713, 36.62954], [127.457136, 36.629541], [127.457155, 36.629566], [127.457292, 36.629714], [127.457368, 36.629802], [127.457413, 36.629885], [127.457451, 36.629982], [127.457447, 36.630022], [127.457445, 36.630039], [127.457406, 36.630174], [127.457393, 36.630198], [127.457381, 36.630229], [127.457373, 36.630319], [127.45737, 36.630369], [127.457372, 36.630416], [127.457388, 36.63056], [127.457405, 36.630708], [127.457408, 36.630739], [127.457418, 36.630834], [127.457423, 36.630882], [127.457429, 36.630997], [127.45741, 36.63108], [127.457363, 36.631157], [127.457239, 36.63111], [127.457202, 36.631096], [127.457181, 36.631084], [127.457163, 36.631072], [127.457127, 36.631042], [127.457109, 36.631028], [127.456933, 36.630837], [127.456943, 36.630836], [127.457003, 36.630828], [127.457003, 36.630836], [127.457007, 36.630875], [127.457144, 36.630863], [127.457141, 36.630836], [127.45715, 36.630835], [127.457177, 36.630832], [127.457177, 36.630835], [127.457197, 36.630966], [127.457211, 36.630965], [127.457211, 36.630967], [127.457316, 36.630956], [127.457407, 36.630948], [127.45739, 36.630834], [127.457383, 36.630791], [127.457406, 36.630788], [127.457397, 36.630739], [127.457376, 36.630742], [127.457346, 36.630542], [127.457137, 36.630565], [127.457162, 36.63073]], [[127.458083, 36.630518], [127.458118, 36.630554], [127.458161, 36.630594], [127.458198, 36.63062], [127.458205, 36.630627], [127.458209, 36.630635], [127.458212, 36.630653], [127.458211, 36.63066], [127.458209, 36.630664], [127.458203, 36.630667], [127.458086, 36.630689], [127.458021, 36.630691], [127.457972, 36.630688], [127.457759, 36.630626], [127.45766, 36.630601], [127.457545, 36.630584], [127.457516, 36.630582], [127.457506, 36.630574], [127.45747, 36.630547], [127.45746, 36.630536], [127.457447, 36.630459], [127.457443, 36.630427], [127.45745, 36.630402], [127.457453, 36.630379], [127.457454, 36.630367], [127.45745, 36.63036], [127.457435, 36.630327], [127.457434, 36.630316], [127.457436, 36.630307], [127.457453, 36.630287], [127.457461, 36.630269], [127.457467, 36.630239], [127.45747, 36.630219], [127.457474, 36.630211], [127.457484, 36.630203], [127.457492, 36.630201], [127.457499, 36.630202], [127.457512, 36.630207], [127.45754, 36.630225], [127.457553, 36.630231], [127.457576, 36.630234], [127.457641, 36.630236], [127.457658, 36.630234], [127.457675, 36.630226], [127.457697, 36.630211], [127.457712, 36.630199], [127.457722, 36.63019], [127.457738, 36.630161], [127.457749, 36.630146], [127.457757, 36.630141], [127.45777, 36.630142], [127.457785, 36.630149], [127.457793, 36.630157], [127.457801, 36.630169], [127.457804, 36.630179], [127.457805, 36.630202], [127.457808, 36.630212], [127.457816, 36.630227], [127.457827, 36.630239], [127.457836, 36.630245], [127.457858, 36.630255], [127.457887, 36.630271], [127.457901, 36.630281], [127.457906, 36.630289], [127.457917, 36.630316], [127.457927, 36.630326], [127.457958, 36.63035], [127.457977, 36.630371], [127.457998, 36.630401], [127.458028, 36.63045], [127.458051, 36.630481], [127.458083, 36.630518]], [[127.459159, 36.63003], [127.459162, 36.629993], [127.459177, 36.629866], [127.459162, 36.629847], [127.459101, 36.62978], [127.458941, 36.629607], [127.45896, 36.629476], [127.458961, 36.629462], [127.458921, 36.629412], [127.458897, 36.629385], [127.458896, 36.629366], [127.458904, 36.629357], [127.458938, 36.629341], [127.458981, 36.629336], [127.45903, 36.629336], [127.459082, 36.629339], [127.459124, 36.629345], [127.459237, 36.62937], [127.45937, 36.629423], [127.459485, 36.629497], [127.459602, 36.629591], [127.459665, 36.629665], [127.459699, 36.629716], [127.459751, 36.629849], [127.45979, 36.630018], [127.459791, 36.630027], [127.459802, 36.630119], [127.459811, 36.630189], [127.459814, 36.630232], [127.45981, 36.630286], [127.459796, 36.630328], [127.459763, 36.63037], [127.459756, 36.630379], [127.459708, 36.630418], [127.459674, 36.630434], [127.459642, 36.630441], [127.459544, 36.630457], [127.459373, 36.63048], [127.459283, 36.630517], [127.459274, 36.630518], [127.45927, 36.630518], [127.459264, 36.630516], [127.459213, 36.630448], [127.459182, 36.630461], [127.459224, 36.630523], [127.459223, 36.630526], [127.459216, 36.630529], [127.458847, 36.630574], [127.45853, 36.630618], [127.458514, 36.630617], [127.4585, 36.630612], [127.458488, 36.6306], [127.458434, 36.6305], [127.458562, 36.630409], [127.45853, 36.630373], [127.458827, 36.630191], [127.459072, 36.630054], [127.459159, 36.63003]], [[127.460719, 36.630094], [127.460689, 36.630099], [127.460651, 36.630112], [127.460637, 36.630124], [127.460627, 36.630141], [127.460618, 36.630165], [127.460618, 36.630203], [127.460347, 36.630246], [127.460073, 36.630297], [127.460066, 36.630296], [127.460056, 36.630268], [127.459914, 36.630302], [127.459906, 36.630301], [127.459902, 36.630298], [127.459886, 36.630209], [127.459877, 36.630113], [127.459864, 36.630013], [127.459853, 36.62996], [127.459832, 36.629873], [127.459834, 36.62987], [127.459851, 36.629865], [127.45993, 36.629848], [127.459982, 36.629972], [127.45999, 36.630002], [127.459995, 36.630002], [127.460004, 36.630024], [127.460005, 36.630024], [127.460063, 36.630013], [127.460075, 36.630012], [127.460077, 36.630013], [127.460083, 36.630042], [127.460083, 36.630043], [127.460091, 36.63004], [127.460095, 36.630053], [127.460153, 36.630043], [127.460174, 36.630091], [127.460376, 36.630051], [127.460362, 36.630009], [127.460393, 36.630004], [127.460381, 36.629955], [127.46042, 36.629949], [127.460417, 36.629938], [127.460501, 36.629919], [127.460493, 36.629879], [127.460524, 36.629888], [127.46048, 36.629725], [127.460719, 36.629861], [127.460732, 36.629869], [127.460783, 36.630081], [127.460719, 36.630094]], [[127.460449, 36.629732], [127.460303, 36.629755], [127.460266, 36.629621], [127.460441, 36.629708], [127.460449, 36.629732]], [[127.460084, 36.629793], [127.460024, 36.629553], [127.460197, 36.629591], [127.460225, 36.629602], [127.460269, 36.629763], [127.460084, 36.629793]], [[127.459794, 36.629503], [127.45981, 36.629488], [127.459831, 36.629482], [127.459851, 36.629482], [127.459874, 36.629485], [127.459958, 36.629505], [127.459972, 36.629508], [127.460046, 36.629777], [127.460049, 36.629796], [127.460044, 36.629805], [127.459921, 36.629822], [127.459843, 36.629835], [127.459826, 36.62984], [127.459822, 36.629838], [127.459749, 36.62964], [127.459747, 36.629627], [127.45975, 36.62961], [127.459794, 36.629503]], [[127.460081, 36.629137], [127.460097, 36.629139], [127.460298, 36.629371], [127.460298, 36.629407], [127.460279, 36.629509], [127.460264, 36.629513], [127.46005, 36.629469], [127.45979, 36.629412], [127.459778, 36.629408], [127.459776, 36.629397], [127.45978, 36.629383], [127.459792, 36.629366], [127.460032, 36.629151], [127.460052, 36.629139], [127.460081, 36.629137]], [[127.459156, 36.629151], [127.459259, 36.629143], [127.459331, 36.629141], [127.459394, 36.629141], [127.459471, 36.629139], [127.459526, 36.629133], [127.459671, 36.629092], [127.459884, 36.629011], [127.459922, 36.628999], [127.459944, 36.628996], [127.459964, 36.628998], [127.459977, 36.629003], [127.459988, 36.629013], [127.460006, 36.629046], [127.460011, 36.629074], [127.460009, 36.62909], [127.460002, 36.629106], [127.459981, 36.629128], [127.459802, 36.629295], [127.459731, 36.629357], [127.459686, 36.629383], [127.459659, 36.629393], [127.459497, 36.629386], [127.459457, 36.629381], [127.459361, 36.629354], [127.459292, 36.629323], [127.459228, 36.629292], [127.459167, 36.62925], [127.459107, 36.629198], [127.459104, 36.62918], [127.459112, 36.629169], [127.459156, 36.629151]], [[127.460504, 36.629027], [127.460475, 36.628994], [127.460507, 36.628901], [127.460525, 36.628924], [127.460767, 36.628774], [127.460646, 36.628629], [127.460591, 36.628661], [127.460618, 36.628586], [127.460694, 36.628544], [127.460704, 36.628543], [127.460712, 36.628545], [127.460763, 36.628597], [127.46092, 36.628777], [127.460504, 36.629027]], [[127.460403, 36.628774], [127.460488, 36.628878], [127.46045, 36.628974], [127.460267, 36.628761], [127.460591, 36.628575], [127.460557, 36.628681], [127.460403, 36.628774]], [[127.460333, 36.628174], [127.460331, 36.628178], [127.460268, 36.628212], [127.460379, 36.628341], [127.460381, 36.62835], [127.460378, 36.62836], [127.460372, 36.628367], [127.460358, 36.628377], [127.459871, 36.628657], [127.45981, 36.628694], [127.459803, 36.628696], [127.459784, 36.628669], [127.459717, 36.62871], [127.459684, 36.62867], [127.459671, 36.628653], [127.459811, 36.628574], [127.459955, 36.628485], [127.460016, 36.62813], [127.460024, 36.628116], [127.460038, 36.628105], [127.460161, 36.628027], [127.460182, 36.628021], [127.460196, 36.628022], [127.460207, 36.628026], [127.460331, 36.628168], [127.460333, 36.628174]], [[127.458797, 36.627081], [127.458802, 36.627075], [127.45881, 36.627076], [127.458891, 36.62718], [127.458729, 36.627267], [127.458646, 36.627168], [127.458647, 36.627168], [127.458791, 36.627081], [127.458797, 36.627081]], [[127.45955, 36.627162], [127.459582, 36.627145], [127.45962, 36.627179], [127.459648, 36.627164], [127.459869, 36.627412], [127.459912, 36.627387], [127.459974, 36.627353], [127.460217, 36.627218], [127.460229, 36.627236], [127.459816, 36.627469], [127.45955, 36.627162]], [[127.460195, 36.626342], [127.460167, 36.626344], [127.460127, 36.626362], [127.46011, 36.626343], [127.46014, 36.626317], [127.460257, 36.626315], [127.460311, 36.626314], [127.460474, 36.626499], [127.460461, 36.626532], [127.460322, 36.62636], [127.460305, 36.626372], [127.460245, 36.626405], [127.460195, 36.626342]], [[127.459342, 36.626534], [127.4591, 36.626678], [127.459045, 36.626711], [127.458952, 36.626599], [127.459303, 36.626387], [127.459369, 36.626455], [127.459342, 36.626534]], [[127.459505, 36.626306], [127.459491, 36.6263], [127.459425, 36.626228], [127.459722, 36.626043], [127.459731, 36.626038], [127.459819, 36.626151], [127.459563, 36.626303], [127.459544, 36.626309], [127.459524, 36.626309], [127.459505, 36.626306]], [[127.458524, 36.625657], [127.45834, 36.625766], [127.45791, 36.626031], [127.45787, 36.626027], [127.457832, 36.625983], [127.457875, 36.625956], [127.457732, 36.625804], [127.458156, 36.625541], [127.458282, 36.625668], [127.458368, 36.625613], [127.458422, 36.625672], [127.458444, 36.625658], [127.458497, 36.625628], [127.458524, 36.625657]], [[127.457646, 36.62518], [127.457703, 36.625185], [127.457717, 36.625188], [127.457725, 36.625194], [127.457728, 36.6252], [127.457709, 36.625291], [127.457704, 36.625298], [127.457698, 36.625301], [127.45769, 36.625302], [127.457567, 36.625289], [127.457564, 36.625279], [127.457573, 36.625176], [127.457573, 36.625174], [127.457646, 36.62518]], [[127.457777, 36.625197], [127.457965, 36.625213], [127.457976, 36.625231], [127.457942, 36.625251], [127.457407, 36.62557], [127.457379, 36.62554], [127.457339, 36.625494], [127.457344, 36.62546], [127.457459, 36.625479], [127.457516, 36.625448], [127.457544, 36.625341], [127.457548, 36.625331], [127.457559, 36.625326], [127.457571, 36.625322], [127.457736, 36.625334], [127.457755, 36.625205], [127.457762, 36.625197], [127.457777, 36.625197]], [[127.457512, 36.625331], [127.457496, 36.625421], [127.457446, 36.625442], [127.457356, 36.625428], [127.457346, 36.625417], [127.45736, 36.625312], [127.457363, 36.62531], [127.457399, 36.625314], [127.457493, 36.625323], [127.457502, 36.625324], [127.457512, 36.625331]], [[127.455938, 36.625249], [127.456012, 36.625249], [127.456171, 36.625256], [127.45617, 36.625288], [127.456159, 36.625288], [127.456159, 36.625393], [127.455911, 36.625389], [127.455912, 36.625266], [127.455913, 36.625251], [127.455938, 36.625249]], [[127.455681, 36.625379], [127.455679, 36.625371], [127.455681, 36.625257], [127.455762, 36.625258], [127.455828, 36.625259], [127.455823, 36.625388], [127.455694, 36.625386], [127.455688, 36.625384], [127.455681, 36.625379]], [[127.456603, 36.625544], [127.456513, 36.625481], [127.456526, 36.625473], [127.456791, 36.625477], [127.45699, 36.625718], [127.457041, 36.625776], [127.457043, 36.625783], [127.457045, 36.62579], [127.457045, 36.62589], [127.457041, 36.625902], [127.457026, 36.625913], [127.457007, 36.625921], [127.45699, 36.625922], [127.456823, 36.625916], [127.456776, 36.625917], [127.4567, 36.625926], [127.456465, 36.625986], [127.456421, 36.625995], [127.456411, 36.625995], [127.456396, 36.62599], [127.456394, 36.625938], [127.456394, 36.625922], [127.4564, 36.625914], [127.456409, 36.625909], [127.456425, 36.625908], [127.456437, 36.625911], [127.456447, 36.62592], [127.456469, 36.625942], [127.456611, 36.625879], [127.456603, 36.625544]], [[127.456115, 36.625779], [127.456152, 36.625787], [127.456167, 36.625796], [127.456167, 36.625838], [127.45616, 36.625864], [127.456155, 36.625873], [127.45614, 36.625876], [127.456105, 36.625875], [127.456107, 36.625832], [127.455658, 36.625817], [127.455652, 36.625868], [127.455589, 36.625867], [127.455593, 36.625814], [127.455596, 36.625802], [127.455605, 36.625784], [127.455618, 36.625768], [127.456115, 36.625779]], [[127.452594, 36.626862], [127.452553, 36.626834], [127.452464, 36.626771], [127.452442, 36.62676], [127.452366, 36.626721], [127.452345, 36.626709], [127.45234, 36.626705], [127.452287, 36.626675], [127.452283, 36.626672], [127.452228, 36.626637], [127.452218, 36.626626], [127.452211, 36.626561], [127.452214, 36.626547], [127.452222, 36.626546], [127.452507, 36.626541], [127.452813, 36.626537], [127.452818, 36.626335], [127.452827, 36.626326], [127.452895, 36.626318], [127.452979, 36.626346], [127.453003, 36.62635], [127.453054, 36.626353], [127.453064, 36.626354], [127.453113, 36.626347], [127.453172, 36.626336], [127.453291, 36.626308], [127.453301, 36.626311], [127.453306, 36.626324], [127.453263, 36.626512], [127.453236, 36.626612], [127.453228, 36.626642], [127.453194, 36.626723], [127.453138, 36.626796], [127.453036, 36.626954], [127.452963, 36.627098], [127.452924, 36.627204], [127.45292, 36.627212], [127.452907, 36.627199], [127.452883, 36.62717], [127.45283, 36.627107], [127.45272, 36.626994], [127.452609, 36.626875], [127.452594, 36.626862]], [[127.451946, 36.627579], [127.451977, 36.627545], [127.452022, 36.62751], [127.45207, 36.62748], [127.452105, 36.627466], [127.452138, 36.627489], [127.452158, 36.627502], [127.452146, 36.627526], [127.452137, 36.627553], [127.452139, 36.627573], [127.452148, 36.627606], [127.452162, 36.627634], [127.452184, 36.62766], [127.451993, 36.627761], [127.451927, 36.62768], [127.451916, 36.627663], [127.451914, 36.627653], [127.451917, 36.627638], [127.451946, 36.627579]], [[127.452261, 36.628081], [127.452272, 36.628082], [127.452281, 36.628087], [127.452292, 36.628102], [127.452247, 36.628127], [127.452377, 36.628281], [127.452423, 36.62826], [127.452435, 36.628277], [127.452446, 36.628286], [127.452459, 36.628293], [127.452475, 36.628296], [127.452493, 36.628295], [127.452514, 36.628291], [127.452532, 36.628282], [127.452708, 36.628187], [127.45274, 36.628224], [127.452885, 36.628145], [127.452853, 36.628107], [127.45286, 36.628103], [127.452868, 36.628101], [127.452882, 36.6281], [127.452893, 36.628101], [127.452901, 36.628107], [127.452922, 36.628144], [127.452924, 36.628154], [127.452921, 36.628162], [127.452913, 36.628178], [127.452869, 36.628217], [127.452827, 36.628244], [127.452805, 36.62825], [127.452777, 36.628252], [127.452727, 36.628252], [127.45269, 36.628253], [127.452662, 36.628258], [127.452602, 36.628276], [127.452518, 36.628307], [127.452479, 36.628319], [127.452453, 36.628322], [127.452428, 36.628323], [127.452411, 36.628321], [127.45239, 36.628314], [127.452369, 36.628298], [127.452224, 36.628129], [127.452217, 36.628117], [127.452215, 36.62811], [127.452215, 36.628104], [127.45222, 36.628098], [127.45225, 36.628084], [127.452261, 36.628081]], [[127.453355, 36.629541], [127.453006, 36.629151], [127.452994, 36.629136], [127.452999, 36.629124], [127.453342, 36.628935], [127.453664, 36.62947], [127.453452, 36.629595], [127.453436, 36.629597], [127.453422, 36.629598], [127.453355, 36.629541]], [[127.452499, 36.629821], [127.452429, 36.629739], [127.452894, 36.629461], [127.453189, 36.6298], [127.453191, 36.629811], [127.452754, 36.630066], [127.452739, 36.630071], [127.452723, 36.63007], [127.452499, 36.629821]], [[127.452191, 36.629992], [127.452204, 36.629991], [127.452216, 36.629994], [127.452474, 36.630296], [127.45244, 36.630316], [127.452439, 36.630317], [127.4523, 36.630406], [127.452291, 36.630409], [127.45227, 36.630415], [127.45226, 36.63042], [127.452131, 36.630497], [127.45213, 36.630496], [127.451883, 36.630218], [127.45186, 36.630192], [127.451853, 36.630184], [127.451961, 36.630119], [127.452177, 36.629997], [127.452191, 36.629992]], [[127.451262, 36.630644], [127.451191, 36.630564], [127.45175, 36.63023], [127.451818, 36.6302], [127.451827, 36.630211], [127.45185, 36.630237], [127.45199, 36.630398], [127.45208, 36.630525], [127.45207, 36.630531], [127.452017, 36.630471], [127.451992, 36.630443], [127.451981, 36.63043], [127.451965, 36.630423], [127.451947, 36.630422], [127.451929, 36.630423], [127.451904, 36.630432], [127.451292, 36.630782], [127.451198, 36.630686], [127.451262, 36.630644]], [[127.454378, 36.630129], [127.454382, 36.630147], [127.454366, 36.630169], [127.454351, 36.630175], [127.454347, 36.630185], [127.454541, 36.630433], [127.454541, 36.630456], [127.454517, 36.630611], [127.454508, 36.630608], [127.454107, 36.629897], [127.454155, 36.629883], [127.454335, 36.630083], [127.454378, 36.630129]], [[127.455018, 36.630392], [127.455034, 36.630393], [127.455099, 36.630456], [127.454823, 36.630617], [127.454844, 36.630483], [127.454865, 36.630466], [127.455002, 36.630393], [127.455018, 36.630392]], [[127.456165, 36.62981], [127.45617, 36.629827], [127.456162, 36.629846], [127.456138, 36.62986], [127.455979, 36.629953], [127.455294, 36.630354], [127.455253, 36.630315], [127.455241, 36.630303], [127.45523, 36.630282], [127.455231, 36.630271], [127.455237, 36.63025], [127.455247, 36.630237], [127.456109, 36.629744], [127.456165, 36.62981]], [[127.455696, 36.628967], [127.455488, 36.628733], [127.455398, 36.628788], [127.455387, 36.628778], [127.455375, 36.62876], [127.455381, 36.628754], [127.455468, 36.628683], [127.455543, 36.628621], [127.455625, 36.628559], [127.455746, 36.628482], [127.455828, 36.628434], [127.455934, 36.628383], [127.456123, 36.6283], [127.456349, 36.628221], [127.456474, 36.628174], [127.45663, 36.628108], [127.456669, 36.628093], [127.456694, 36.628126], [127.456692, 36.628143], [127.45668, 36.628156], [127.456647, 36.628122], [127.456477, 36.628213], [127.456509, 36.628251], [127.456469, 36.628276], [127.456435, 36.628244], [127.456388, 36.628265], [127.456764, 36.628676], [127.457243, 36.62922], [127.457087, 36.62931], [127.45697, 36.629378], [127.456283, 36.629775], [127.455998, 36.629447], [127.456019, 36.62941], [127.456022, 36.629389], [127.45602, 36.629359], [127.456014, 36.62933], [127.456014, 36.629321], [127.456055, 36.6293], [127.456216, 36.629203], [127.456233, 36.629202], [127.456321, 36.629226], [127.456347, 36.629229], [127.456387, 36.629221], [127.456484, 36.62933], [127.456467, 36.62946], [127.456667, 36.629482], [127.45672, 36.629257], [127.456511, 36.629227], [127.45646, 36.629179], [127.456475, 36.629155], [127.456491, 36.629115], [127.456492, 36.629094], [127.456488, 36.629043], [127.456594, 36.628978], [127.456637, 36.628988], [127.45666, 36.628865], [127.456539, 36.628849], [127.45652, 36.6289], [127.456493, 36.628918], [127.456413, 36.628969], [127.456336, 36.628966], [127.456278, 36.628977], [127.456246, 36.628992], [127.456201, 36.629018], [127.456179, 36.629057], [127.456176, 36.629078], [127.456177, 36.629108], [127.456177, 36.629113], [127.456182, 36.629145], [127.455877, 36.629321], [127.455609, 36.629022], [127.455696, 36.628967]], [[127.455698, 36.629884], [127.455261, 36.629761], [127.455501, 36.629626], [127.455706, 36.62988], [127.455698, 36.629884]], [[127.457937, 36.629213], [127.457967, 36.629196], [127.457985, 36.629215], [127.457567, 36.629455], [127.457474, 36.629345], [127.457853, 36.629125], [127.457927, 36.629211], [127.457937, 36.629213]], [[127.458494, 36.629644], [127.458709, 36.629888], [127.458714, 36.629903], [127.458709, 36.62991], [127.458306, 36.63015], [127.45808, 36.629899], [127.458083, 36.629892], [127.458494, 36.629644]], [[127.458086, 36.629841], [127.457877, 36.629599], [127.458091, 36.629475], [127.458173, 36.629571], [127.458345, 36.629473], [127.458464, 36.629613], [127.458086, 36.629841]], [[127.458543, 36.629213], [127.458805, 36.629036], [127.45882, 36.629039], [127.458838, 36.629089], [127.45884, 36.629129], [127.458794, 36.629233], [127.458778, 36.629277], [127.458417, 36.629479], [127.458359, 36.629414], [127.45819, 36.629507], [127.458139, 36.629447], [127.458543, 36.629213]], [[127.459085, 36.629256], [127.459099, 36.629272], [127.459098, 36.629281], [127.459087, 36.629286], [127.459062, 36.629289], [127.458913, 36.629286], [127.4589, 36.629264], [127.458902, 36.629251], [127.458921, 36.629192], [127.45894, 36.62916], [127.458956, 36.629158], [127.458968, 36.62916], [127.459085, 36.629256]], [[127.45927, 36.628872], [127.459305, 36.628859], [127.459334, 36.628844], [127.4595, 36.628747], [127.459604, 36.628697], [127.459626, 36.628683], [127.459637, 36.628694], [127.459672, 36.628737], [127.459759, 36.628825], [127.4598, 36.628801], [127.459901, 36.628919], [127.459916, 36.62894], [127.459915, 36.628948], [127.459909, 36.628957], [127.459894, 36.628968], [127.459867, 36.628979], [127.459769, 36.629018], [127.459563, 36.629083], [127.459492, 36.629095], [127.459215, 36.629112], [127.459088, 36.629131], [127.459064, 36.629116], [127.458973, 36.628991], [127.45927, 36.628872]], [[127.458962, 36.62877], [127.458954, 36.628728], [127.458909, 36.628727], [127.458866, 36.628738], [127.458839, 36.628721], [127.458793, 36.628634], [127.458749, 36.62855], [127.458811, 36.628491], [127.458873, 36.628518], [127.458901, 36.62852], [127.458937, 36.628517], [127.458966, 36.628505], [127.458993, 36.628492], [127.459014, 36.628476], [127.459028, 36.628458], [127.459036, 36.628443], [127.459041, 36.628434], [127.459138, 36.628433], [127.459166, 36.628463], [127.459198, 36.628488], [127.459282, 36.628537], [127.45934, 36.628564], [127.459385, 36.628581], [127.459484, 36.628587], [127.45952, 36.628627], [127.459511, 36.628629], [127.459379, 36.628709], [127.459333, 36.628741], [127.45932, 36.628747], [127.459238, 36.628784], [127.459226, 36.628791], [127.458938, 36.628909], [127.458927, 36.628894], [127.45895, 36.628884], [127.459151, 36.628805], [127.459163, 36.628785], [127.459162, 36.628763], [127.459137, 36.628722], [127.459092, 36.628733], [127.459021, 36.628759], [127.458962, 36.62877]], [[127.458016, 36.628528], [127.458054, 36.628539], [127.458097, 36.628554], [127.458127, 36.62856], [127.45815, 36.6286], [127.45817, 36.628624], [127.458188, 36.628637], [127.458101, 36.628685], [127.45803, 36.628711], [127.457973, 36.628721], [127.457885, 36.628716], [127.457749, 36.628704], [127.457741, 36.628689], [127.457759, 36.628674], [127.458016, 36.628528]], [[127.458572, 36.62871], [127.458595, 36.628706], [127.458613, 36.628705], [127.458628, 36.62871], [127.458772, 36.628966], [127.458794, 36.629006], [127.4585, 36.629192], [127.458254, 36.628896], [127.458572, 36.62871]], [[127.457728, 36.628766], [127.457817, 36.628759], [127.457887, 36.628771], [127.457915, 36.628779], [127.457923, 36.628807], [127.457901, 36.628826], [127.457497, 36.629055], [127.457467, 36.629069], [127.457443, 36.62907], [127.45743, 36.629053], [127.457416, 36.62903], [127.457417, 36.628977], [127.45743, 36.628928], [127.457452, 36.628896], [127.45763, 36.628793], [127.457728, 36.628766]], [[127.457317, 36.629184], [127.457214, 36.629067], [127.45733, 36.628987], [127.457347, 36.628983], [127.457356, 36.628983], [127.457355, 36.629169], [127.457317, 36.629184]], [[127.458366, 36.627984], [127.458566, 36.627873], [127.458655, 36.627965], [127.458676, 36.62796], [127.458695, 36.627981], [127.458713, 36.62812], [127.458711, 36.628195], [127.458715, 36.628234], [127.458719, 36.628264], [127.458688, 36.628299], [127.458666, 36.628327], [127.458657, 36.628356], [127.458657, 36.628394], [127.458651, 36.628392], [127.458604, 36.628364], [127.458333, 36.628026], [127.458344, 36.628002], [127.458366, 36.627984]], [[127.458958, 36.628253], [127.458906, 36.628299], [127.458868, 36.628236], [127.45884, 36.628242], [127.458826, 36.628215], [127.45875, 36.628245], [127.458747, 36.628191], [127.458748, 36.628071], [127.458803, 36.628037], [127.458827, 36.628034], [127.458849, 36.628037], [127.458883, 36.628076], [127.458836, 36.628102], [127.458958, 36.628253]], [[127.458134, 36.627797], [127.457964, 36.627609], [127.457961, 36.627606], [127.45796, 36.627595], [127.457976, 36.627535], [127.457996, 36.627506], [127.458039, 36.627471], [127.458141, 36.627413], [127.458186, 36.627398], [127.458401, 36.627664], [127.458171, 36.627799], [127.458134, 36.627797]], [[127.458357, 36.627485], [127.458334, 36.627483], [127.458239, 36.627369], [127.458239, 36.627366], [127.458516, 36.627209], [127.458564, 36.627204], [127.458608, 36.627184], [127.458631, 36.627192], [127.458711, 36.627285], [127.458371, 36.627483], [127.458357, 36.627485]], [[127.457865, 36.627379], [127.457843, 36.627378], [127.457825, 36.627376], [127.457802, 36.627371], [127.457778, 36.627357], [127.457536, 36.627086], [127.457451, 36.627032], [127.457412, 36.626977], [127.457402, 36.626949], [127.457394, 36.626908], [127.457389, 36.626874], [127.457385, 36.62681], [127.457379, 36.626709], [127.457378, 36.626669], [127.457411, 36.626654], [127.457465, 36.626638], [127.457546, 36.626632], [127.457585, 36.626676], [127.457679, 36.626622], [127.457715, 36.62667], [127.457641, 36.626714], [127.45776, 36.626864], [127.457763, 36.626878], [127.457762, 36.626893], [127.457754, 36.626915], [127.45774, 36.626933], [127.457712, 36.62695], [127.457618, 36.627017], [127.45777, 36.627165], [127.457826, 36.627134], [127.457998, 36.62704], [127.458002, 36.627045], [127.458081, 36.627001], [127.458077, 36.626997], [127.458087, 36.626991], [127.4581, 36.626989], [127.458192, 36.626989], [127.458202, 36.626992], [127.458261, 36.627061], [127.458322, 36.627129], [127.4581, 36.62726], [127.457913, 36.627372], [127.457893, 36.627377], [127.457865, 36.627379]], [[127.458295, 36.626944], [127.458293, 36.626933], [127.458303, 36.626909], [127.458835, 36.626588], [127.458843, 36.626587], [127.458966, 36.626742], [127.458404, 36.627068], [127.458319, 36.626971], [127.458302, 36.626954], [127.458295, 36.626944]], [[127.458315, 36.626544], [127.458176, 36.626389], [127.458394, 36.626258], [127.458535, 36.626414], [127.458315, 36.626544]], [[127.458656, 36.626025], [127.458813, 36.626188], [127.458814, 36.626198], [127.458813, 36.626231], [127.4586, 36.62635], [127.458564, 36.62632], [127.458564, 36.626081], [127.458656, 36.626025]], [[127.458523, 36.626308], [127.458426, 36.626208], [127.458423, 36.626202], [127.458425, 36.626196], [127.45852, 36.626138], [127.458524, 36.626139], [127.458527, 36.626143], [127.458534, 36.626306], [127.458531, 36.626307], [127.458523, 36.626308]], [[127.457447, 36.62647], [127.457402, 36.626484], [127.457395, 36.626484], [127.457381, 36.626481], [127.457367, 36.626474], [127.457344, 36.626316], [127.457342, 36.626291], [127.457354, 36.626277], [127.457372, 36.626277], [127.457382, 36.626291], [127.457392, 36.626298], [127.4574, 36.6263], [127.457715, 36.626125], [127.45772, 36.626118], [127.457688, 36.626066], [127.457688, 36.626059], [127.457701, 36.626055], [127.457711, 36.626058], [127.457853, 36.626219], [127.457835, 36.626227], [127.457831, 36.626222], [127.457792, 36.626245], [127.457735, 36.626279], [127.457701, 36.626242], [127.457553, 36.626328], [127.457502, 36.626357], [127.45749, 36.626364], [127.457432, 36.626398], [127.45745, 36.62645], [127.457447, 36.62647]], [[127.454846, 36.625805], [127.454841, 36.626043], [127.454338, 36.626084], [127.454321, 36.626085], [127.454307, 36.626083], [127.454294, 36.626072], [127.45429, 36.62606], [127.454318, 36.625858], [127.45433, 36.625839], [127.454343, 36.625827], [127.454371, 36.625813], [127.454426, 36.625805], [127.454664, 36.625803], [127.454846, 36.625805]], [[127.456043, 36.625957], [127.456082, 36.625958], [127.456095, 36.625966], [127.456093, 36.625979], [127.456097, 36.625995], [127.456158, 36.625996], [127.456162, 36.625958], [127.456172, 36.625953], [127.456193, 36.625953], [127.456215, 36.625956], [127.456221, 36.625963], [127.456219, 36.626036], [127.456089, 36.626035], [127.455522, 36.626012], [127.455527, 36.625958], [127.455536, 36.625952], [127.455553, 36.625949], [127.455595, 36.62595], [127.455598, 36.625979], [127.455609, 36.625984], [127.455969, 36.625996], [127.456011, 36.625996], [127.456013, 36.625973], [127.456021, 36.625964], [127.456043, 36.625957]], [[127.455255, 36.625811], [127.455255, 36.625862], [127.455318, 36.625863], [127.455317, 36.625934], [127.455338, 36.625936], [127.45535, 36.625941], [127.455362, 36.625962], [127.455376, 36.625972], [127.455374, 36.625999], [127.455371, 36.626], [127.455367, 36.626], [127.455128, 36.625998], [127.455131, 36.625819], [127.455132, 36.625815], [127.455137, 36.625811], [127.455141, 36.625811], [127.455185, 36.62581], [127.455255, 36.625811]], [[127.45791, 36.626548], [127.458158, 36.626403], [127.4583, 36.626554], [127.458075, 36.626693], [127.458035, 36.62669], [127.45791, 36.626548]], [[127.456318, 36.626837], [127.456323, 36.626823], [127.456336, 36.62681], [127.456381, 36.626789], [127.456399, 36.626784], [127.456416, 36.626783], [127.456552, 36.626794], [127.456576, 36.626798], [127.456583, 36.6268], [127.456583, 36.626802], [127.456584, 36.626807], [127.456582, 36.626812], [127.456556, 36.626828], [127.45642, 36.62692], [127.456393, 36.626936], [127.456378, 36.626939], [127.45631, 36.626937], [127.456303, 36.626934], [127.456301, 36.626932], [127.456318, 36.626837]], [[127.45683, 36.626841], [127.456854, 36.626867], [127.456853, 36.626891], [127.456848, 36.626928], [127.456837, 36.626956], [127.456826, 36.626965], [127.456799, 36.626967], [127.456473, 36.626944], [127.456462, 36.62694], [127.456456, 36.626934], [127.456456, 36.626927], [127.456465, 36.626916], [127.456575, 36.626843], [127.456614, 36.626821], [127.456654, 36.626808], [127.456674, 36.626808], [127.456748, 36.626816], [127.456803, 36.626822], [127.45683, 36.626841]], [[127.456376, 36.626973], [127.456384, 36.626973], [127.456407, 36.626975], [127.456589, 36.62699], [127.456577, 36.627087], [127.456574, 36.627091], [127.456565, 36.627093], [127.456288, 36.627074], [127.456279, 36.627072], [127.456277, 36.627066], [127.456277, 36.627058], [127.456291, 36.627032], [127.456311, 36.627014], [127.456364, 36.626978], [127.456376, 36.626973]], [[127.456719, 36.627318], [127.456919, 36.627334], [127.456938, 36.627326], [127.457021, 36.627431], [127.456569, 36.627636], [127.456499, 36.627532], [127.456438, 36.627443], [127.456703, 36.627321], [127.456719, 36.627318]], [[127.456099, 36.627606], [127.456106, 36.627596], [127.456394, 36.62746], [127.456401, 36.627469], [127.456457, 36.627551], [127.456467, 36.627565], [127.456468, 36.627572], [127.45643, 36.627684], [127.456419, 36.627696], [127.456272, 36.627759], [127.456256, 36.62776], [127.456237, 36.627759], [127.456118, 36.627727], [127.45608, 36.627713], [127.456074, 36.627707], [127.456073, 36.6277], [127.456099, 36.627606]], [[127.456045, 36.627756], [127.456064, 36.627759], [127.456198, 36.627786], [127.4562, 36.62779], [127.456188, 36.627797], [127.456081, 36.627859], [127.455981, 36.627895], [127.456045, 36.627756]], [[127.457155, 36.62819], [127.456985, 36.628334], [127.45676, 36.628088], [127.456852, 36.628044], [127.456912, 36.62803], [127.456993, 36.628029], [127.45703, 36.628042], [127.45695, 36.628086], [127.457023, 36.628164], [127.45713, 36.628106], [127.457165, 36.628113], [127.457178, 36.628129], [127.457177, 36.628159], [127.457155, 36.62819]], [[127.457253, 36.627986], [127.457304, 36.627964], [127.457326, 36.627933], [127.457346, 36.627902], [127.457355, 36.627881], [127.457339, 36.627871], [127.457318, 36.627866], [127.45735, 36.627841], [127.457377, 36.627828], [127.45741, 36.627817], [127.457466, 36.6278], [127.45751, 36.627793], [127.45754, 36.627793], [127.457555, 36.627801], [127.457543, 36.627853], [127.45752, 36.627911], [127.457483, 36.627971], [127.457436, 36.62803], [127.457405, 36.628057], [127.457333, 36.628079], [127.457266, 36.628076], [127.457202, 36.628061], [127.457148, 36.628032], [127.457111, 36.628009], [127.4571, 36.627985], [127.457102, 36.627957], [127.457112, 36.62794], [127.457147, 36.627924], [127.457179, 36.627958], [127.457221, 36.627978], [127.457253, 36.627986]], [[127.45894, 36.626932], [127.459048, 36.626879], [127.459064, 36.626879], [127.459075, 36.626879], [127.459085, 36.62688], [127.459094, 36.626882], [127.459108, 36.626885], [127.459117, 36.626889], [127.459194, 36.626974], [127.459071, 36.627045], [127.459003, 36.627081], [127.458992, 36.627082], [127.458985, 36.627082], [127.458975, 36.627071], [127.458886, 36.626973], [127.458887, 36.626966], [127.45894, 36.626932]], [[127.456283, 36.630281], [127.456081, 36.630387], [127.456001, 36.630298], [127.455869, 36.630361], [127.455819, 36.630299], [127.456132, 36.630123], [127.456154, 36.630125], [127.456283, 36.630281]], [[127.453254, 36.627577], [127.453343, 36.627532], [127.453455, 36.627509], [127.453596, 36.627498], [127.453704, 36.627494], [127.453845, 36.62751], [127.45403, 36.627537], [127.454349, 36.627601], [127.454315, 36.627723], [127.453968, 36.627667], [127.453964, 36.62769], [127.45385, 36.627674], [127.453799, 36.62766], [127.453694, 36.627622], [127.453643, 36.627609], [127.453607, 36.627602], [127.453544, 36.627598], [127.453413, 36.627609], [127.45334, 36.627607], [127.453278, 36.627593], [127.45325, 36.62758], [127.453254, 36.627577]], [[127.454731, 36.627767], [127.454622, 36.627769], [127.454583, 36.627767], [127.454369, 36.627739], [127.454399, 36.627605], [127.454618, 36.62764], [127.454683, 36.627682], [127.454753, 36.627727], [127.454779, 36.627761], [127.454731, 36.627767]], [[127.454829, 36.627651], [127.454837, 36.627638], [127.454845, 36.627625], [127.454849, 36.627606], [127.454849, 36.627588], [127.454841, 36.627556], [127.455119, 36.62752], [127.455135, 36.627529], [127.455147, 36.627557], [127.455147, 36.627587], [127.45514, 36.627624], [127.455095, 36.627714], [127.455071, 36.627752], [127.455049, 36.627774], [127.455027, 36.62779], [127.454994, 36.627795], [127.454967, 36.627789], [127.454942, 36.627773], [127.454914, 36.627753], [127.454806, 36.627674], [127.454829, 36.627651]], [[127.454105, 36.631383], [127.454135, 36.63141], [127.454141, 36.631421], [127.454137, 36.631426], [127.454131, 36.631429], [127.454119, 36.63143], [127.45407, 36.631391], [127.453961, 36.631476], [127.454085, 36.631571], [127.454053, 36.631592], [127.453858, 36.631448], [127.454209, 36.631252], [127.454589, 36.631029], [127.454675, 36.631153], [127.454695, 36.631194], [127.454688, 36.631201], [127.454672, 36.63118], [127.454507, 36.631233], [127.454249, 36.631363], [127.454206, 36.631319], [127.454105, 36.631383]], [[127.453769, 36.631728], [127.453627, 36.631659], [127.45368, 36.631583], [127.453693, 36.631553], [127.453829, 36.631474], [127.45393, 36.631549], [127.453769, 36.631728]], [[127.452576, 36.632033], [127.452567, 36.632005], [127.452568, 36.631992], [127.452578, 36.631975], [127.452708, 36.631901], [127.452724, 36.631894], [127.452748, 36.631888], [127.452853, 36.631886], [127.452866, 36.631888], [127.452872, 36.631895], [127.452873, 36.631914], [127.452861, 36.631941], [127.452848, 36.631979], [127.452833, 36.632111], [127.452832, 36.632111], [127.452695, 36.632116], [127.452676, 36.632117], [127.452668, 36.632116], [127.452667, 36.632116], [127.452661, 36.632113], [127.452583, 36.632041], [127.452576, 36.632033]], [[127.454251, 36.63245], [127.454256, 36.632445], [127.454271, 36.632442], [127.454391, 36.632443], [127.454422, 36.632439], [127.454457, 36.632425], [127.454485, 36.632409], [127.454505, 36.632387], [127.454516, 36.632366], [127.454523, 36.63232], [127.454528, 36.632314], [127.454537, 36.63231], [127.45455, 36.632309], [127.454576, 36.632313], [127.4546, 36.632227], [127.454548, 36.632218], [127.454547, 36.632212], [127.454551, 36.632199], [127.454555, 36.632197], [127.45456, 36.632197], [127.454706, 36.632235], [127.454709, 36.632241], [127.454707, 36.632247], [127.454704, 36.632251], [127.454699, 36.632252], [127.454684, 36.63225], [127.45465, 36.632241], [127.454629, 36.632332], [127.454624, 36.632418], [127.454624, 36.632459], [127.454805, 36.63238], [127.454808, 36.632349], [127.454817, 36.632299], [127.454833, 36.632252], [127.454872, 36.632186], [127.454913, 36.632133], [127.454952, 36.632094], [127.455029, 36.632044], [127.455013, 36.632002], [127.455019, 36.631994], [127.45503, 36.631989], [127.455044, 36.631986], [127.455058, 36.632022], [127.455091, 36.63213], [127.455095, 36.632145], [127.455113, 36.632199], [127.455144, 36.632249], [127.455135, 36.632252], [127.45512, 36.632246], [127.455071, 36.632207], [127.455068, 36.632194], [127.455069, 36.632187], [127.45509, 36.632172], [127.455087, 36.632156], [127.455064, 36.632061], [127.45506, 36.632058], [127.455043, 36.632067], [127.455, 36.632097], [127.454937, 36.632154], [127.454905, 36.632197], [127.454869, 36.632259], [127.45485, 36.632315], [127.45484, 36.632388], [127.455011, 36.632328], [127.455026, 36.632284], [127.455034, 36.63228], [127.455114, 36.632295], [127.455135, 36.632299], [127.455118, 36.632311], [127.455103, 36.632316], [127.454971, 36.632357], [127.454824, 36.632405], [127.454761, 36.632427], [127.454716, 36.632445], [127.45469, 36.632458], [127.454623, 36.632498], [127.454574, 36.632527], [127.454528, 36.632548], [127.454322, 36.632519], [127.454278, 36.632513], [127.454235, 36.632507], [127.454045, 36.632507], [127.454047, 36.632436], [127.454053, 36.632434], [127.45406, 36.632435], [127.454063, 36.632438], [127.454063, 36.63248], [127.454249, 36.632483], [127.454251, 36.63245]], [[127.459218, 36.632385], [127.459191, 36.632372], [127.459161, 36.632358], [127.459129, 36.632338], [127.459092, 36.63231], [127.459007, 36.632223], [127.459089, 36.632178], [127.459129, 36.632177], [127.459569, 36.632508], [127.459567, 36.632548], [127.459344, 36.632744], [127.459296, 36.632745], [127.458964, 36.63251], [127.458897, 36.632461], [127.458937, 36.632427], [127.459172, 36.632606], [127.459197, 36.63262], [127.459223, 36.632629], [127.459254, 36.632636], [127.459281, 36.632637], [127.459312, 36.632634], [127.45933, 36.632629], [127.45938, 36.632612], [127.459408, 36.632631], [127.459474, 36.632565], [127.459447, 36.632545], [127.459443, 36.632549], [127.459444, 36.632545], [127.459444, 36.632527], [127.459438, 36.632511], [127.459429, 36.632494], [127.459417, 36.632479], [127.459402, 36.632465], [127.459386, 36.632456], [127.459352, 36.632439], [127.459308, 36.632418], [127.45928, 36.632409], [127.459248, 36.632397], [127.459218, 36.632385]], [[127.458157, 36.632472], [127.458165, 36.632475], [127.458196, 36.632408], [127.458209, 36.632388], [127.458218, 36.63239], [127.458231, 36.63236], [127.458226, 36.632359], [127.458233, 36.632349], [127.458256, 36.632358], [127.458268, 36.632337], [127.458303, 36.63235], [127.458372, 36.632235], [127.458438, 36.632265], [127.458346, 36.63239], [127.458344, 36.632391], [127.458325, 36.632382], [127.458307, 36.6324], [127.458328, 36.632413], [127.458221, 36.632514], [127.458167, 36.63248], [127.458155, 36.632475], [127.458157, 36.632472]], [[127.457252, 36.632823], [127.457125, 36.632695], [127.456948, 36.632503], [127.457017, 36.632482], [127.457071, 36.632555], [127.45714, 36.632629], [127.457318, 36.632817], [127.457495, 36.632975], [127.4577, 36.633119], [127.457698, 36.633145], [127.457666, 36.633146], [127.457656, 36.63314], [127.457575, 36.633083], [127.45751, 36.633041], [127.457458, 36.633003], [127.45741, 36.632963], [127.45737, 36.632926], [127.457252, 36.632823]], [[127.45781, 36.633243], [127.45784, 36.63324], [127.457856, 36.633244], [127.457983, 36.633315], [127.45817, 36.633415], [127.458621, 36.633637], [127.458637, 36.63365], [127.45863, 36.633662], [127.458619, 36.633665], [127.458596, 36.633662], [127.458118, 36.633434], [127.457943, 36.633346], [127.457847, 36.633283], [127.457826, 36.633265], [127.457814, 36.633251], [127.45781, 36.633243]], [[127.456939, 36.633973], [127.456919, 36.633972], [127.456911, 36.633961], [127.456907, 36.633948], [127.456911, 36.633891], [127.457046, 36.633898], [127.457046, 36.633903], [127.457044, 36.633903], [127.457042, 36.633944], [127.457039, 36.63398], [127.457034, 36.63398], [127.457035, 36.633974], [127.45694, 36.633969], [127.456939, 36.633973]], [[127.457111, 36.631618], [127.457111, 36.631617], [127.45719, 36.631521], [127.4572, 36.631518], [127.457244, 36.631549], [127.457383, 36.631722], [127.457421, 36.631752], [127.457467, 36.631773], [127.457516, 36.631789], [127.457602, 36.631794], [127.457802, 36.631769], [127.457844, 36.631781], [127.457861, 36.631795], [127.457869, 36.631807], [127.457873, 36.631829], [127.457873, 36.631842], [127.457861, 36.631861], [127.457839, 36.631873], [127.4577, 36.631909], [127.457688, 36.631904], [127.457544, 36.631855], [127.457397, 36.631777], [127.457278, 36.631714], [127.457218, 36.631682], [127.457131, 36.63163], [127.457111, 36.631618]], [[127.456975, 36.631831], [127.456931, 36.631909], [127.456915, 36.631948], [127.456884, 36.631941], [127.456897, 36.631904], [127.456939, 36.631826], [127.457008, 36.631717], [127.457023, 36.631697], [127.457035, 36.631692], [127.457048, 36.631704], [127.45705, 36.631715], [127.456975, 36.631831]], [[127.456894, 36.632409], [127.456874, 36.632368], [127.456846, 36.632289], [127.456844, 36.63228], [127.456841, 36.632267], [127.456838, 36.632239], [127.456837, 36.632215], [127.45684, 36.632164], [127.456845, 36.632125], [127.456855, 36.632063], [127.456858, 36.632043], [127.456861, 36.632021], [127.456868, 36.631986], [127.456875, 36.631965], [127.456878, 36.631963], [127.456902, 36.631966], [127.456907, 36.631969], [127.456906, 36.631971], [127.456893, 36.63203], [127.456883, 36.632122], [127.456884, 36.632171], [127.4569, 36.632242], [127.456914, 36.632284], [127.456963, 36.632397], [127.456988, 36.63244], [127.456923, 36.632461], [127.456912, 36.63244], [127.456895, 36.632411], [127.456894, 36.632409]], [[127.455946, 36.632677], [127.45571, 36.632591], [127.455812, 36.632401], [127.455976, 36.632462], [127.455984, 36.632467], [127.456001, 36.632481], [127.456016, 36.632502], [127.456029, 36.63253], [127.456043, 36.632576], [127.456067, 36.632693], [127.456126, 36.632686], [127.456137, 36.632748], [127.455946, 36.632677]], [[127.454971, 36.631796], [127.455023, 36.631932], [127.455012, 36.631929], [127.455005, 36.631921], [127.454978, 36.631882], [127.454937, 36.631903], [127.454831, 36.631982], [127.454738, 36.632074], [127.454693, 36.632136], [127.454651, 36.632118], [127.454686, 36.632065], [127.454746, 36.631996], [127.454799, 36.631949], [127.454915, 36.631874], [127.454953, 36.631849], [127.454941, 36.631815], [127.454946, 36.631808], [127.454953, 36.631801], [127.454971, 36.631796]], [[127.453186, 36.63197], [127.453194, 36.631936], [127.453221, 36.631861], [127.453264, 36.631819], [127.453449, 36.631709], [127.453559, 36.631806], [127.453565, 36.631819], [127.453563, 36.63183], [127.453551, 36.631851], [127.453545, 36.631857], [127.453536, 36.631864], [127.453522, 36.631871], [127.453505, 36.631874], [127.453488, 36.631879], [127.453469, 36.631882], [127.453388, 36.63202], [127.453189, 36.632032], [127.453184, 36.631986], [127.453186, 36.63197]], [[127.453736, 36.632026], [127.45364, 36.632025], [127.453697, 36.631898], [127.453787, 36.631927], [127.453736, 36.632026]], [[127.453637, 36.63195], [127.453605, 36.632027], [127.453431, 36.632018], [127.453462, 36.631965], [127.453599, 36.63186], [127.45367, 36.631887], [127.453637, 36.63195]], [[127.461004, 36.627055], [127.460974, 36.627069], [127.460912, 36.627003], [127.460923, 36.626993], [127.460949, 36.627018], [127.460977, 36.627033], [127.460991, 36.627038], [127.461099, 36.627074], [127.461113, 36.627077], [127.461058, 36.627106], [127.461004, 36.627055]], [[127.460162, 36.625796], [127.46007, 36.62587], [127.459993, 36.625789], [127.459995, 36.625787], [127.46, 36.625792], [127.460132, 36.625722], [127.460153, 36.625739], [127.46036, 36.625627], [127.460387, 36.625658], [127.460263, 36.62573], [127.460162, 36.625796]], [[127.463098, 36.624627], [127.46307, 36.624561], [127.463112, 36.624533], [127.463166, 36.62448], [127.463189, 36.624446], [127.463205, 36.624411], [127.463218, 36.624373], [127.463224, 36.624326], [127.463218, 36.624265], [127.463208, 36.624228], [127.463184, 36.624188], [127.463095, 36.624094], [127.46285, 36.623861], [127.462862, 36.623853], [127.463091, 36.624067], [127.463211, 36.624182], [127.463262, 36.624237], [127.463315, 36.624307], [127.46335, 36.624368], [127.463374, 36.624416], [127.463398, 36.624491], [127.463396, 36.624508], [127.463331, 36.624597], [127.463321, 36.624604], [127.46319, 36.624626], [127.463104, 36.624641], [127.463098, 36.624627]], [[127.462803, 36.623774], [127.462807, 36.623779], [127.462779, 36.623806], [127.462755, 36.623824], [127.462735, 36.623804], [127.462795, 36.623766], [127.462803, 36.623774]], [[127.462836, 36.624628], [127.462858, 36.624623], [127.462931, 36.624608], [127.463028, 36.624578], [127.463045, 36.624627], [127.463055, 36.624658], [127.463008, 36.624685], [127.46287, 36.624708], [127.46253, 36.624763], [127.462517, 36.62475], [127.462514, 36.624738], [127.462516, 36.624721], [127.462526, 36.624701], [127.462538, 36.62469], [127.462552, 36.624685], [127.462641, 36.624668], [127.462836, 36.624628]], [[127.462087, 36.624867], [127.461956, 36.624925], [127.461888, 36.62496], [127.46188, 36.624948], [127.461842, 36.624881], [127.462255, 36.624798], [127.462258, 36.624805], [127.462256, 36.624809], [127.462248, 36.624813], [127.462087, 36.624867]], [[127.463882, 36.624012], [127.463886, 36.62401], [127.464163, 36.623981], [127.464163, 36.623995], [127.464164, 36.623996], [127.46416, 36.623999], [127.464118, 36.624013], [127.463775, 36.624067], [127.463752, 36.624067], [127.46372, 36.624065], [127.463713, 36.624063], [127.463703, 36.624054], [127.463787, 36.624021], [127.463799, 36.624017], [127.463808, 36.624015], [127.463882, 36.624012]]]}}, {"type": "Feature", "properties": {"surface": "paved"}, "geometry": {"type": "Polygon", "coordinates": [[[127.450799, 36.626078], [127.450776, 36.626025], [127.450707, 36.626044], [127.450734, 36.626094], [127.450799, 36.626078]]]}}, {"type": "Feature", "properties": {"surface": "paved"}, "geometry": {"type": "Polygon", "coordinates": [[[127.450675, 36.626071], [127.450665, 36.626044], [127.45061, 36.626055], [127.45062, 36.626086], [127.450675, 36.626071]]]}}, {"type": "Feature", "properties": {"surface": "paved"}, "geometry": {"type": "Polygon", "coordinates": [[[127.450637, 36.626117], [127.450676, 36.626106], [127.45068, 36.626114], [127.450727, 36.626096], [127.450715, 36.626069], [127.450626, 36.626093], [127.450637, 36.626117]]]}}, {"type": "Feature", "properties": {"surface": "paved"}, "geometry": {"type": "Polygon", "coordinates": [[[127.451016, 36.626158], [127.450993, 36.626137], [127.450946, 36.626169], [127.450968, 36.62619], [127.451016, 36.626158]]]}}, {"type": "Feature", "properties": {"surface": "paved"}, "geometry": {"type": "Polygon", "coordinates": [[[127.450634, 36.626154], [127.450561, 36.62617], [127.450571, 36.626195], [127.450643, 36.626179], [127.450634, 36.626154]]]}}, {"type": "Feature", "properties": {"surface": "paved"}, "geometry": {"type": "Polygon", "coordinates": [[[127.450495, 36.626417], [127.45049, 36.62637], [127.450435, 36.626374], [127.45044, 36.626426], [127.450495, 36.626417]]]}}, {"type": "Feature", "properties": {"surface": "paved"}, "geometry": {"type": "Polygon", "coordinates": [[[127.45, 36.626628], [127.450022, 36.626628], [127.45005, 36.626629], [127.450089, 36.6266], [127.450089, 36.626598], [127.450092, 36.626596], [127.450093, 36.626421], [127.45, 36.62642], [127.45, 36.626628]]]}}, {"type": "Feature", "properties": {"surface": "paved"}, "geometry": {"type": "Polygon", "coordinates": [[[127.451061, 36.626724], [127.451108, 36.626726], [127.451164, 36.626728], [127.451203, 36.626723], [127.451242, 36.626697], [127.45121, 36.626652], [127.451098, 36.62668], [127.451064, 36.626696], [127.451061, 36.626724]]]}}, {"type": "Feature", "properties": {"surface": "paved"}, "geometry": {"type": "Polygon", "coordinates": [[[127.450161, 36.627385], [127.4504, 36.627375], [127.450401, 36.627404], [127.450488, 36.627402], [127.450488, 36.627391], [127.450728, 36.627388], [127.450728, 36.627379], [127.450728, 36.627298], [127.450728, 36.627297], [127.450727, 36.627271], [127.450707, 36.627272], [127.450447, 36.627277], [127.450445, 36.627262], [127.450439, 36.627256], [127.45043, 36.627254], [127.450414, 36.627253], [127.450403, 36.627259], [127.450402, 36.627264], [127.450159, 36.62727], [127.450161, 36.627375], [127.450161, 36.627385]]]}}, {"type": "Feature", "properties": {"surface": "paved"}, "geometry": {"type": "Polygon", "coordinates": [[[127.450948, 36.627435], [127.450947, 36.627402], [127.450946, 36.627375], [127.450835, 36.627371], [127.450835, 36.627435], [127.450948, 36.627435]]]}}, {"type": "Feature", "properties": {"surface": "paved"}, "geometry": {"type": "Polygon", "coordinates": [[[127.450121, 36.627607], [127.450113, 36.627463], [127.450021, 36.627463], [127.450031, 36.627609], [127.450034, 36.627609], [127.450034, 36.62761], [127.450107, 36.627609], [127.450107, 36.627607], [127.450121, 36.627607]]]}}, {"type": "Feature", "properties": {"surface": "paved"}, "geometry": {"type": "Polygon", "coordinates": [[[127.450091, 36.627713], [127.450086, 36.627692], [127.450054, 36.627696], [127.450058, 36.627717], [127.450091, 36.627713]]]}}, {"type": "Feature", "properties": {"surface": "paved"}, "geometry": {"type": "Polygon", "coordinates": [[[127.45019, 36.627745], [127.450182, 36.627706], [127.450054, 36.62772], [127.450062, 36.62776], [127.45019, 36.627745]]]}}, {"type": "Feature", "properties": {"surface": "paved"}, "geometry": {"type": "Polygon", "coordinates": [[[127.451211, 36.627795], [127.451166, 36.627823], [127.451235, 36.627898], [127.45128, 36.627868], [127.451211, 36.627795]]]}}, {"type": "Feature", "properties": {"surface": "paved"}, "geometry": {"type": "Polygon", "coordinates": [[[127.450904, 36.628022], [127.450884, 36.628033], [127.450896, 36.628047], [127.450915, 36.628035], [127.450904, 36.628022]]]}}, {"type": "Feature", "properties": {"surface": "paved"}, "geometry": {"type": "Polygon", "coordinates": [[[127.450423, 36.628908], [127.450414, 36.628869], [127.45027, 36.628903], [127.450284, 36.628937], [127.450423, 36.628908]]]}}, {"type": "Feature", "properties": {"surface": "paved"}, "geometry": {"type": "Polygon", "coordinates": [[[127.45213, 36.625216], [127.452086, 36.625215], [127.452087, 36.625246], [127.452129, 36.625244], [127.45213, 36.625216]]]}}, {"type": "Feature", "properties": {"surface": "paved"}, "geometry": {"type": "Polygon", "coordinates": [[[127.452123, 36.625264], [127.452112, 36.625267], [127.452116, 36.625361], [127.452138, 36.625363], [127.452136, 36.625424], [127.452135, 36.625424], [127.452141, 36.625437], [127.452164, 36.625473], [127.452248, 36.625472], [127.452254, 36.625469], [127.452244, 36.625146], [127.452114, 36.625151], [127.452116, 36.62504], [127.452047, 36.625041], [127.452045, 36.625095], [127.452051, 36.625156], [127.452109, 36.625157], [127.45211, 36.6252], [127.452132, 36.625204], [127.45213, 36.625247], [127.452123, 36.625248], [127.452123, 36.625264]]]}}, {"type": "Feature", "properties": {"surface": "paved"}, "geometry": {"type": "Polygon", "coordinates": [[[127.452137, 36.625382], [127.452114, 36.625381], [127.452129, 36.62541], [127.452136, 36.62541], [127.452137, 36.625382]]]}}, {"type": "Feature", "properties": {"surface": "paved"}, "geometry": {"type": "Polygon", "coordinates": [[[127.451655, 36.628756], [127.451634, 36.628728], [127.451539, 36.628775], [127.451558, 36.628804], [127.451655, 36.628756]]]}}, {"type": "Feature", "properties": {"surface": "paved"}, "geometry": {"type": "Polygon", "coordinates": [[[127.451592, 36.629016], [127.451567, 36.628982], [127.451489, 36.629018], [127.451512, 36.629052], [127.451592, 36.629016]]]}}, {"type": "Feature", "properties": {"surface": "paved"}, "geometry": {"type": "Polygon", "coordinates": [[[127.451774, 36.629062], [127.45173, 36.629011], [127.451709, 36.629022], [127.451754, 36.629077], [127.451774, 36.629062]]]}}, {"type": "Feature", "properties": {"surface": "paved"}, "geometry": {"type": "Polygon", "coordinates": [[[127.451593, 36.629126], [127.451612, 36.629148], [127.451622, 36.629142], [127.451637, 36.629162], [127.451664, 36.629145], [127.451608, 36.629079], [127.451581, 36.629093], [127.451602, 36.629121], [127.451593, 36.629126]]]}}, {"type": "Feature", "properties": {"surface": "paved"}, "geometry": {"type": "Polygon", "coordinates": [[[127.451531, 36.630016], [127.451502, 36.63003], [127.451505, 36.630036], [127.451516, 36.630053], [127.451547, 36.630039], [127.451535, 36.630021], [127.451531, 36.630016]]]}}, {"type": "Feature", "properties": {"surface": "paved"}, "geometry": {"type": "Polygon", "coordinates": [[[127.451581, 36.630089], [127.451553, 36.630054], [127.451527, 36.630069], [127.451555, 36.630102], [127.451581, 36.630089]]]}}, {"type": "Feature", "properties": {"surface": "paved"}, "geometry": {"type": "Polygon", "coordinates": [[[127.453042, 36.623301], [127.452971, 36.623274], [127.452948, 36.623312], [127.453017, 36.623338], [127.453042, 36.623301]]]}}, {"type": "Feature", "properties": {"surface": "paved"}, "geometry": {"type": "Polygon", "coordinates": [[[127.45301, 36.623336], [127.45295, 36.623314], [127.452938, 36.623335], [127.452998, 36.623357], [127.45301, 36.623336]]]}}, {"type": "Feature", "properties": {"surface": "paved"}, "geometry": {"type": "Polygon", "coordinates": [[[127.452728, 36.62371], [127.452701, 36.623691], [127.452678, 36.623713], [127.452705, 36.623731], [127.452728, 36.62371]]]}}, {"type": "Feature", "properties": {"surface": "paved"}, "geometry": {"type": "Polygon", "coordinates": [[[127.452979, 36.625073], [127.452944, 36.625023], [127.452874, 36.625055], [127.452912, 36.625104], [127.452979, 36.625073]]]}}, {"type": "Feature", "properties": {"surface": "paved"}, "geometry": {"type": "Polygon", "coordinates": [[[127.452877, 36.62506], [127.452842, 36.625077], [127.452862, 36.625102], [127.452897, 36.625087], [127.452877, 36.62506]]]}}, {"type": "Feature", "properties": {"surface": "paved"}, "geometry": {"type": "Polygon", "coordinates": [[[127.453057, 36.625362], [127.453031, 36.625302], [127.453256, 36.625233], [127.453215, 36.62514], [127.452923, 36.625228], [127.452986, 36.625377], [127.453057, 36.625362]]]}}, {"type": "Feature", "properties": {"surface": "paved"}, "geometry": {"type": "Polygon", "coordinates": [[[127.452682, 36.625533], [127.452678, 36.62541], [127.452553, 36.625414], [127.452554, 36.625536], [127.452682, 36.625533]]]}}, {"type": "Feature", "properties": {"surface": "paved"}, "geometry": {"type": "Polygon", "coordinates": [[[127.452954, 36.628496], [127.452917, 36.628455], [127.452865, 36.628487], [127.452901, 36.628526], [127.452954, 36.628496]]]}}, {"type": "Feature", "properties": {"surface": "paved"}, "geometry": {"type": "Polygon", "coordinates": [[[127.452373, 36.630275], [127.452232, 36.630368], [127.452272, 36.63041], [127.452411, 36.630317], [127.452373, 36.630275]]]}}, {"type": "Feature", "properties": {"surface": "paved"}, "geometry": {"type": "Polygon", "coordinates": [[[127.453759, 36.624468], [127.453728, 36.624481], [127.453759, 36.624529], [127.45379, 36.624516], [127.453759, 36.624468]]]}}, {"type": "Feature", "properties": {"surface": "paved"}, "geometry": {"type": "Polygon", "coordinates": [[[127.453336, 36.62464], [127.453359, 36.624664], [127.453371, 36.624677], [127.453354, 36.624687], [127.453403, 36.624738], [127.45342, 36.624727], [127.453464, 36.624701], [127.453485, 36.624725], [127.453556, 36.624682], [127.45354, 36.624663], [127.453535, 36.624657], [127.453536, 36.624657], [127.453526, 36.624647], [127.453499, 36.624615], [127.45361, 36.624553], [127.453609, 36.624552], [127.453612, 36.624551], [127.453564, 36.624495], [127.453563, 36.624496], [127.45356, 36.624493], [127.453439, 36.624564], [127.453472, 36.624601], [127.453421, 36.62463], [127.453396, 36.624603], [127.453336, 36.62464]]]}}, {"type": "Feature", "properties": {"surface": "paved"}, "geometry": {"type": "Polygon", "coordinates": [[[127.453849, 36.624621], [127.453841, 36.624568], [127.453804, 36.624569], [127.453811, 36.624623], [127.453849, 36.624621]]]}}, {"type": "Feature", "properties": {"surface": "paved"}, "geometry": {"type": "Polygon", "coordinates": [[[127.453379, 36.624767], [127.453314, 36.624669], [127.453299, 36.624675], [127.453362, 36.624776], [127.453379, 36.624767]]]}}, {"type": "Feature", "properties": {"surface": "paved"}, "geometry": {"type": "Polygon", "coordinates": [[[127.453509, 36.624902], [127.453509, 36.624907], [127.453571, 36.624907], [127.453572, 36.624902], [127.453778, 36.624902], [127.453798, 36.624902], [127.453805, 36.624902], [127.453806, 36.624801], [127.453691, 36.624803], [127.453574, 36.624804], [127.453574, 36.624786], [127.453498, 36.624786], [127.453498, 36.624799], [127.453501, 36.6248], [127.453502, 36.6248], [127.453503, 36.624801], [127.453503, 36.624802], [127.453503, 36.624804], [127.453505, 36.624899], [127.453503, 36.624902], [127.453509, 36.624902]]]}}, {"type": "Feature", "properties": {"surface": "paved"}, "geometry": {"type": "Polygon", "coordinates": [[[127.45386, 36.625187], [127.453858, 36.625079], [127.453859, 36.625032], [127.453859, 36.625013], [127.453712, 36.625017], [127.45365, 36.625017], [127.45365, 36.625019], [127.453428, 36.625026], [127.453429, 36.625066], [127.453428, 36.62513], [127.453504, 36.625132], [127.453507, 36.625182], [127.453513, 36.625182], [127.453514, 36.625197], [127.45386, 36.625187]]]}}, {"type": "Feature", "properties": {"surface": "paved"}, "geometry": {"type": "Polygon", "coordinates": [[[127.453229, 36.625343], [127.453229, 36.625307], [127.453198, 36.625307], [127.453199, 36.625343], [127.453229, 36.625343]]]}}, {"type": "Feature", "properties": {"surface": "paved"}, "geometry": {"type": "Polygon", "coordinates": [[[127.453295, 36.625367], [127.453299, 36.625439], [127.453327, 36.625472], [127.453412, 36.625445], [127.453408, 36.625319], [127.453293, 36.625321], [127.453293, 36.62533], [127.453284, 36.62533], [127.453284, 36.625366], [127.453295, 36.625367]]]}}, {"type": "Feature", "properties": {"surface": "paved"}, "geometry": {"type": "Polygon", "coordinates": [[[127.453506, 36.625444], [127.4535, 36.62547], [127.453568, 36.625477], [127.453577, 36.625452], [127.453506, 36.625444]]]}}, {"type": "Feature", "properties": {"surface": "paved"}, "geometry": {"type": "Polygon", "coordinates": [[[127.454277, 36.625736], [127.454242, 36.625732], [127.454233, 36.625791], [127.454268, 36.625796], [127.454277, 36.625736]]]}}, {"type": "Feature", "properties": {"surface": "paved"}, "geometry": {"type": "Polygon", "coordinates": [[[127.454017, 36.62583], [127.453606, 36.625778], [127.453584, 36.625926], [127.453988, 36.625971], [127.454017, 36.62583]]]}}, {"type": "Feature", "properties": {"surface": "paved"}, "geometry": {"type": "Polygon", "coordinates": [[[127.453631, 36.625954], [127.453598, 36.62595], [127.453591, 36.625997], [127.453624, 36.626], [127.453631, 36.625954]]]}}, {"type": "Feature", "properties": {"surface": "paved"}, "geometry": {"type": "Polygon", "coordinates": [[[127.453376, 36.625946], [127.453314, 36.625932], [127.453285, 36.626033], [127.453347, 36.626045], [127.453376, 36.625946]]]}}, {"type": "Feature", "properties": {"surface": "paved"}, "geometry": {"type": "Polygon", "coordinates": [[[127.453435, 36.62603], [127.453404, 36.626202], [127.453489, 36.626211], [127.453521, 36.626041], [127.453435, 36.62603]]]}}, {"type": "Feature", "properties": {"surface": "paved"}, "geometry": {"type": "Polygon", "coordinates": [[[127.453677, 36.626405], [127.453622, 36.626422], [127.453632, 36.626445], [127.453452, 36.626497], [127.453457, 36.626509], [127.453454, 36.62651], [127.453491, 36.626585], [127.45356, 36.626564], [127.453814, 36.626495], [127.453771, 36.626404], [127.453688, 36.626429], [127.453677, 36.626405]]]}}, {"type": "Feature", "properties": {"surface": "paved"}, "geometry": {"type": "Polygon", "coordinates": [[[127.453393, 36.626538], [127.453347, 36.626551], [127.453367, 36.626588], [127.453407, 36.626573], [127.453393, 36.626538]]]}}, {"type": "Feature", "properties": {"surface": "paved"}, "geometry": {"type": "Polygon", "coordinates": [[[127.453437, 36.626933], [127.453423, 36.626938], [127.4534, 36.626951], [127.453368, 36.626969], [127.453348, 36.626986], [127.453342, 36.626992], [127.453336, 36.626998], [127.453332, 36.627007], [127.453333, 36.627019], [127.453341, 36.627035], [127.453358, 36.627055], [127.453365, 36.627074], [127.453365, 36.627111], [127.453372, 36.627129], [127.453382, 36.62714], [127.453416, 36.627167], [127.453446, 36.627212], [127.453473, 36.627247], [127.453497, 36.627274], [127.453549, 36.627322], [127.453707, 36.627257], [127.453765, 36.627233], [127.453612, 36.627032], [127.45361, 36.627029], [127.45356, 36.626973], [127.453558, 36.626972], [127.453516, 36.626927], [127.453511, 36.626925], [127.453482, 36.626926], [127.45347, 36.62693], [127.45346, 36.626934], [127.453454, 36.626933], [127.453437, 36.626933]]]}}, {"type": "Feature", "properties": {"surface": "paved"}, "geometry": {"type": "Polygon", "coordinates": [[[127.455615, 36.623557], [127.455551, 36.62359], [127.455576, 36.623622], [127.455641, 36.623589], [127.455615, 36.623557]]]}}, {"type": "Feature", "properties": {"surface": "paved"}, "geometry": {"type": "Polygon", "coordinates": [[[127.455526, 36.625168], [127.455434, 36.625167], [127.45543, 36.625204], [127.455526, 36.625207], [127.455526, 36.625168]]]}}, {"type": "Feature", "properties": {"surface": "paved"}, "geometry": {"type": "Polygon", "coordinates": [[[127.455316, 36.625869], [127.455256, 36.625868], [127.455256, 36.625934], [127.455315, 36.625935], [127.455316, 36.625869]]]}}, {"type": "Feature", "properties": {"surface": "paved"}, "geometry": {"type": "Polygon", "coordinates": [[[127.454531, 36.626589], [127.454567, 36.626586], [127.454535, 36.626354], [127.455002, 36.626314], [127.455, 36.626295], [127.455024, 36.626292], [127.455014, 36.626182], [127.454988, 36.626185], [127.454988, 36.626184], [127.454361, 36.626237], [127.454405, 36.626632], [127.454535, 36.626623], [127.454531, 36.626589]]]}}, {"type": "Feature", "properties": {"surface": "paved"}, "geometry": {"type": "Polygon", "coordinates": [[[127.454975, 36.62636], [127.45497, 36.626326], [127.45491, 36.626331], [127.454915, 36.626362], [127.454975, 36.62636]]]}}, {"type": "Feature", "properties": {"surface": "paved"}, "geometry": {"type": "Polygon", "coordinates": [[[127.455675, 36.628803], [127.455626, 36.628796], [127.455617, 36.628835], [127.455666, 36.628843], [127.455675, 36.628803]]]}}, {"type": "Feature", "properties": {"surface": "paved"}, "geometry": {"type": "Polygon", "coordinates": [[[127.455611, 36.630686], [127.455587, 36.630659], [127.455584, 36.630661], [127.455569, 36.630668], [127.455595, 36.630695], [127.455609, 36.630687], [127.455611, 36.630686]]]}}, {"type": "Feature", "properties": {"surface": "paved"}, "geometry": {"type": "Polygon", "coordinates": [[[127.455588, 36.630699], [127.455561, 36.630669], [127.455557, 36.630671], [127.455547, 36.630677], [127.455573, 36.630708], [127.455584, 36.630702], [127.455588, 36.630699]]]}}, {"type": "Feature", "properties": {"surface": "paved"}, "geometry": {"type": "Polygon", "coordinates": [[[127.455266, 36.630887], [127.45524, 36.630858], [127.455223, 36.630867], [127.45525, 36.630896], [127.455266, 36.630887]]]}}, {"type": "Feature", "properties": {"surface": "paved"}, "geometry": {"type": "Polygon", "coordinates": [[[127.455214, 36.630869], [127.455205, 36.630874], [127.4552, 36.630877], [127.455227, 36.630908], [127.455241, 36.630899], [127.455222, 36.630877], [127.455214, 36.630869]]]}}, {"type": "Feature", "properties": {"surface": "paved"}, "geometry": {"type": "Polygon", "coordinates": [[[127.454894, 36.631055], [127.454888, 36.631059], [127.454875, 36.631066], [127.454887, 36.631079], [127.454901, 36.631095], [127.454918, 36.631084], [127.454894, 36.631055]]]}}, {"type": "Feature", "properties": {"surface": "paved"}, "geometry": {"type": "Polygon", "coordinates": [[[127.455118, 36.632417], [127.455059, 36.632398], [127.45501, 36.632486], [127.455072, 36.63251], [127.455118, 36.632417]]]}}, {"type": "Feature", "properties": {"surface": "paved"}, "geometry": {"type": "Polygon", "coordinates": [[[127.456657, 36.62316], [127.456647, 36.623146], [127.456597, 36.623172], [127.456606, 36.623184], [127.456657, 36.62316]]]}}, {"type": "Feature", "properties": {"surface": "paved"}, "geometry": {"type": "Polygon", "coordinates": [[[127.456567, 36.623341], [127.456557, 36.623327], [127.45646, 36.623373], [127.45647, 36.623386], [127.456567, 36.623341]]]}}, {"type": "Feature", "properties": {"surface": "paved"}, "geometry": {"type": "Polygon", "coordinates": [[[127.45647, 36.623392], [127.45645, 36.623366], [127.456411, 36.623385], [127.456431, 36.623412], [127.45647, 36.623392]]]}}, {"type": "Feature", "properties": {"surface": "paved"}, "geometry": {"type": "Polygon", "coordinates": [[[127.456784, 36.626951], [127.456798, 36.626959], [127.456819, 36.626957], [127.45683, 36.626944], [127.456831, 36.62693], [127.456828, 36.626923], [127.456811, 36.626919], [127.456794, 36.626919], [127.456779, 36.626932], [127.456784, 36.626951]]]}}, {"type": "Feature", "properties": {"surface": "paved"}, "geometry": {"type": "Polygon", "coordinates": [[[127.456012, 36.628184], [127.455975, 36.628201], [127.455984, 36.628215], [127.456021, 36.6282], [127.456012, 36.628184]]]}}, {"type": "Feature", "properties": {"surface": "paved"}, "geometry": {"type": "Polygon", "coordinates": [[[127.456247, 36.628521], [127.456198, 36.628515], [127.456191, 36.628555], [127.45624, 36.628563], [127.456247, 36.628521]]]}}, {"type": "Feature", "properties": {"surface": "paved"}, "geometry": {"type": "Polygon", "coordinates": [[[127.456587, 36.628815], [127.456542, 36.62881], [127.456536, 36.628847], [127.456583, 36.628852], [127.456587, 36.628815]]]}}, {"type": "Feature", "properties": {"surface": "paved"}, "geometry": {"type": "Polygon", "coordinates": [[[127.456225, 36.629296], [127.456197, 36.629265], [127.456157, 36.629288], [127.456185, 36.62932], [127.456225, 36.629296]]]}}, {"type": "Feature", "properties": {"surface": "paved"}, "geometry": {"type": "Polygon", "coordinates": [[[127.456038, 36.632234], [127.45602, 36.632269], [127.45612, 36.632304], [127.456142, 36.632272], [127.456038, 36.632234]]]}}, {"type": "Feature", "properties": {"surface": "paved"}, "geometry": {"type": "Polygon", "coordinates": [[[127.456928, 36.622967], [127.456911, 36.622941], [127.456868, 36.622963], [127.456884, 36.622987], [127.456928, 36.622967]]]}}, {"type": "Feature", "properties": {"surface": "paved"}, "geometry": {"type": "Polygon", "coordinates": [[[127.457211, 36.624834], [127.457194, 36.624816], [127.457061, 36.624892], [127.45708, 36.624912], [127.457211, 36.624834]]]}}, {"type": "Feature", "properties": {"surface": "paved"}, "geometry": {"type": "Polygon", "coordinates": [[[127.457205, 36.629643], [127.457156, 36.629585], [127.457106, 36.629611], [127.457155, 36.629668], [127.457205, 36.629643]]]}}, {"type": "Feature", "properties": {"surface": "paved"}, "geometry": {"type": "Polygon", "coordinates": [[[127.457223, 36.631669], [127.457215, 36.63168], [127.457251, 36.631698], [127.45726, 36.631688], [127.457223, 36.631669]]]}}, {"type": "Feature", "properties": {"surface": "paved"}, "geometry": {"type": "Polygon", "coordinates": [[[127.457361, 36.631743], [127.457323, 36.631723], [127.457315, 36.631732], [127.457352, 36.631753], [127.457361, 36.631743]]]}}, {"type": "Feature", "properties": {"surface": "paved"}, "geometry": {"type": "Polygon", "coordinates": [[[127.457787, 36.62358], [127.457839, 36.62351], [127.457905, 36.623424], [127.457816, 36.623377], [127.457694, 36.623536], [127.457667, 36.623523], [127.457642, 36.623557], [127.457615, 36.623592], [127.457769, 36.62367], [127.457822, 36.6236], [127.457787, 36.62358]]]}}, {"type": "Feature", "properties": {"surface": "paved"}, "geometry": {"type": "Polygon", "coordinates": [[[127.457909, 36.62373], [127.457832, 36.623688], [127.457804, 36.623721], [127.457883, 36.623764], [127.457909, 36.623731], [127.457909, 36.62373]]]}}, {"type": "Feature", "properties": {"surface": "paved"}, "geometry": {"type": "Polygon", "coordinates": [[[127.457841, 36.626215], [127.457832, 36.626204], [127.457782, 36.626236], [127.457791, 36.626244], [127.457841, 36.626215]]]}}, {"type": "Feature", "properties": {"surface": "paved"}, "geometry": {"type": "Polygon", "coordinates": [[[127.459266, 36.625588], [127.459293, 36.625568], [127.459301, 36.625577], [127.459364, 36.625541], [127.459342, 36.625514], [127.459246, 36.625564], [127.459266, 36.625588]]]}}, {"type": "Feature", "properties": {"surface": "paved"}, "geometry": {"type": "Polygon", "coordinates": [[[127.459368, 36.628665], [127.459329, 36.628619], [127.459301, 36.628634], [127.459342, 36.628684], [127.459368, 36.628665]]]}}, {"type": "Feature", "properties": {"surface": "paved"}, "geometry": {"type": "Polygon", "coordinates": [[[127.459298, 36.628707], [127.459259, 36.628662], [127.459229, 36.628677], [127.459268, 36.628724], [127.459298, 36.628707]]]}}, {"type": "Feature", "properties": {"surface": "paved"}, "geometry": {"type": "Polygon", "coordinates": [[[127.459242, 36.630423], [127.459207, 36.63038], [127.459107, 36.630432], [127.459144, 36.630475], [127.459242, 36.630423]]]}}, {"type": "Feature", "properties": {"surface": "paved"}, "geometry": {"type": "Polygon", "coordinates": [[[127.459191, 36.632321], [127.459164, 36.632301], [127.459137, 36.632324], [127.459165, 36.632344], [127.459191, 36.632321]]]}}, {"type": "Feature", "properties": {"surface": "paved"}, "geometry": {"type": "Polygon", "coordinates": [[[127.459131, 36.634341], [127.459133, 36.634329], [127.459053, 36.634323], [127.459039, 36.634421], [127.459098, 36.63438], [127.459142, 36.634342], [127.459131, 36.634341]]]}}, {"type": "Feature", "properties": {"surface": "paved"}, "geometry": {"type": "Polygon", "coordinates": [[[127.459978, 36.629971], [127.459912, 36.629988], [127.459919, 36.630006], [127.459986, 36.629988], [127.459978, 36.629971]]]}}, {"type": "Feature", "properties": {"surface": "paved"}, "geometry": {"type": "Polygon", "coordinates": [[[127.459626, 36.630408], [127.459596, 36.630345], [127.459468, 36.63039], [127.459505, 36.630451], [127.459626, 36.630408]]]}}, {"type": "Feature", "properties": {"surface": "paved"}, "geometry": {"type": "Polygon", "coordinates": [[[127.461181, 36.624739], [127.461142, 36.6247], [127.461115, 36.624714], [127.461152, 36.624755], [127.461181, 36.624739]]]}}, {"type": "Feature", "properties": {"surface": "paved"}, "geometry": {"type": "Polygon", "coordinates": [[[127.462455, 36.629964], [127.462454, 36.629956], [127.462346, 36.629967], [127.462356, 36.630043], [127.462553, 36.630024], [127.462543, 36.629947], [127.462493, 36.629953], [127.462494, 36.62996], [127.462455, 36.629964]]]}}, {"type": "Feature", "properties": {"surface": "paved"}, "geometry": {"type": "Polygon", "coordinates": [[[127.464294, 36.624563], [127.464474, 36.624606], [127.464493, 36.624609], [127.464541, 36.624605], [127.464551, 36.624605], [127.464559, 36.624607], [127.464567, 36.62461], [127.464588, 36.624621], [127.464599, 36.624627], [127.464599, 36.624623], [127.464594, 36.62454], [127.464593, 36.624533], [127.464577, 36.624444], [127.464567, 36.624414], [127.464381, 36.624364], [127.464335, 36.624469], [127.46429, 36.624477], [127.464276, 36.62448], [127.464267, 36.624486], [127.464246, 36.624508], [127.464243, 36.624515], [127.464243, 36.624522], [127.464246, 36.62453], [127.46425, 36.624538], [127.464262, 36.624548], [127.464276, 36.624556], [127.464294, 36.624563]]]}}, {"type": "Feature", "properties": {"surface": "paved"}, "geometry": {"type": "Polygon", "coordinates": [[[127.46296, 36.625122], [127.462951, 36.625047], [127.462848, 36.625059], [127.462862, 36.625133], [127.46296, 36.625122]]]}}, {"type": "Feature", "properties": {"surface": "paved"}, "geometry": {"type": "Polygon", "coordinates": [[[127.464109, 36.626086], [127.464072, 36.626078], [127.464063, 36.626107], [127.4641, 36.626116], [127.464109, 36.626086]]]}}, {"type": "Feature", "properties": {"surface": "tree_broadleaf"}, "geometry": {"type": "Polygon", "coordinates": [[[127.454869, 36.622376], [127.454876, 36.622375], [127.454884, 36.622372], [127.454889, 36.622369], [127.454895, 36.622364], [127.454905, 36.622353], [127.454922, 36.622333], [127.45493, 36.622321], [127.454935, 36.622313], [127.454806, 36.622376], [127.454807, 36.622376], [127.454833, 36.622377], [127.454846, 36.622377], [127.454858, 36.622377], [127.454869, 36.622376]]]}}, {"type": "Feature", "properties": {"surface": "tree_broadleaf"}, "geometry": {"type": "Polygon", "coordinates": [[[127.453707, 36.622786], [127.45372, 36.622771], [127.453736, 36.622757], [127.453758, 36.622736], [127.453711, 36.622725], [127.453699, 36.62272], [127.453693, 36.622763], [127.453697, 36.622798], [127.453707, 36.622786]]]}}, {"type": "Feature", "properties": {"surface": "tree_broadleaf"}, "geometry": {"type": "Polygon", "coordinates": [[[127.453784, 36.622958], [127.453807, 36.622964], [127.453826, 36.62297], [127.453897, 36.622989], [127.453945, 36.623001], [127.453986, 36.623012], [127.454, 36.623017], [127.454011, 36.623022], [127.454028, 36.623032], [127.454044, 36.623043], [127.454052, 36.62305], [127.454057, 36.623057], [127.454066, 36.623073], [127.454068, 36.623081], [127.45407, 36.62309], [127.454071, 36.623107], [127.454071, 36.62312], [127.454124, 36.623164], [127.454141, 36.623183], [127.454147, 36.623179], [127.454158, 36.623169], [127.454163, 36.623164], [127.454167, 36.623159], [127.45417, 36.623154], [127.454173, 36.623149], [127.454174, 36.623144], [127.454174, 36.623139], [127.454173, 36.623134], [127.454171, 36.623129], [127.454169, 36.623124], [127.454161, 36.623112], [127.454151, 36.6231], [127.454138, 36.623087], [127.454125, 36.623075], [127.454101, 36.623052], [127.454079, 36.623033], [127.454058, 36.623016], [127.454041, 36.623004], [127.454028, 36.622996], [127.45402, 36.622993], [127.454004, 36.622986], [127.453986, 36.622979], [127.453976, 36.622976], [127.453952, 36.622969], [127.453926, 36.622962], [127.453855, 36.622946], [127.45383, 36.62294], [127.453808, 36.622934], [127.45378, 36.622925], [127.453741, 36.622911], [127.453709, 36.622898], [127.453705, 36.622896], [127.453709, 36.622951], [127.45373, 36.622951], [127.453743, 36.622951], [127.453758, 36.622953], [127.453784, 36.622958]]]}}, {"type": "Feature", "properties": {"surface": "tree_broadleaf"}, "geometry": {"type": "Polygon", "coordinates": [[[127.452566, 36.626727], [127.452561, 36.626716], [127.452559, 36.626707], [127.452559, 36.626657], [127.452565, 36.626643], [127.452587, 36.626623], [127.452631, 36.626609], [127.452725, 36.6266], [127.452824, 36.626594], [127.45284, 36.626593], [127.452865, 36.626586], [127.452876, 36.626582], [127.452884, 36.626573], [127.45289, 36.626561], [127.452913, 36.626442], [127.452915, 36.626439], [127.452931, 36.626439], [127.453036, 36.626439], [127.453041, 36.626424], [127.453048, 36.626385], [127.453043, 36.626385], [127.453021, 36.626386], [127.453008, 36.626387], [127.452999, 36.626387], [127.452985, 36.626387], [127.452875, 36.626373], [127.452869, 36.626369], [127.452865, 36.626365], [127.452867, 36.626355], [127.452884, 36.626352], [127.452891, 36.626353], [127.452979, 36.62636], [127.452987, 36.62636], [127.452994, 36.626358], [127.452999, 36.626355], [127.453006, 36.626352], [127.453019, 36.626353], [127.453053, 36.626355], [127.453054, 36.626353], [127.453003, 36.62635], [127.452979, 36.626346], [127.452895, 36.626318], [127.452827, 36.626326], [127.452818, 36.626335], [127.452813, 36.626537], [127.452507, 36.626541], [127.452499, 36.626608], [127.452492, 36.626637], [127.452474, 36.626671], [127.452457, 36.6267], [127.452442, 36.62676], [127.452464, 36.626771], [127.452553, 36.626834], [127.452594, 36.626862], [127.452609, 36.626875], [127.45272, 36.626994], [127.45283, 36.627107], [127.452883, 36.62717], [127.452884, 36.627127], [127.452889, 36.627085], [127.452891, 36.627071], [127.452838, 36.627004], [127.452707, 36.626844], [127.452648, 36.626788], [127.452585, 36.626748], [127.452573, 36.626734], [127.452566, 36.626727]]]}}, {"type": "Feature", "properties": {"surface": "tree_broadleaf"}, "geometry": {"type": "Polygon", "coordinates": [[[127.453692, 36.626912], [127.453705, 36.626899], [127.453713, 36.626894], [127.453737, 36.62688], [127.453769, 36.626863], [127.453842, 36.626835], [127.453992, 36.626772], [127.454034, 36.626752], [127.454069, 36.626733], [127.454098, 36.626715], [127.454112, 36.626702], [127.454125, 36.626693], [127.4541, 36.626653], [127.454099, 36.62665], [127.454067, 36.626549], [127.454063, 36.626458], [127.454076, 36.6264], [127.45409, 36.626346], [127.454121, 36.62628], [127.45413, 36.626261], [127.454144, 36.626234], [127.454162, 36.626206], [127.454167, 36.626191], [127.454166, 36.626183], [127.454164, 36.626178], [127.454158, 36.626175], [127.454137, 36.626174], [127.453802, 36.626209], [127.4538, 36.62621], [127.453821, 36.626352], [127.453825, 36.626369], [127.453825, 36.626382], [127.453831, 36.626398], [127.453834, 36.62642], [127.45384, 36.626436], [127.453841, 36.626465], [127.453835, 36.626478], [127.453831, 36.626487], [127.453814, 36.626495], [127.45356, 36.626564], [127.453491, 36.626585], [127.453454, 36.62651], [127.453457, 36.626509], [127.453452, 36.626497], [127.453436, 36.626483], [127.453431, 36.626457], [127.453431, 36.626446], [127.453435, 36.626429], [127.453442, 36.626411], [127.453466, 36.626389], [127.453469, 36.626386], [127.453477, 36.626378], [127.453482, 36.626371], [127.453483, 36.626367], [127.453484, 36.626361], [127.453485, 36.626356], [127.453482, 36.626351], [127.453457, 36.626264], [127.453351, 36.626289], [127.453346, 36.626311], [127.453294, 36.62653], [127.453262, 36.626658], [127.453219, 36.626748], [127.453183, 36.626796], [127.453232, 36.626798], [127.453244, 36.6268], [127.453252, 36.626803], [127.453263, 36.626813], [127.45327, 36.626828], [127.453274, 36.626846], [127.453279, 36.626895], [127.453287, 36.62692], [127.453312, 36.626957], [127.453342, 36.626992], [127.453348, 36.626986], [127.453368, 36.626969], [127.4534, 36.626951], [127.453423, 36.626938], [127.453437, 36.626933], [127.453454, 36.626933], [127.45346, 36.626934], [127.45347, 36.62693], [127.453482, 36.626926], [127.453511, 36.626925], [127.453516, 36.626927], [127.453558, 36.626972], [127.45356, 36.626973], [127.45361, 36.627029], [127.453612, 36.627032], [127.453765, 36.627233], [127.453707, 36.627257], [127.453741, 36.627323], [127.453755, 36.627339], [127.453802, 36.627406], [127.453871, 36.627416], [127.453901, 36.627375], [127.453939, 36.627351], [127.453997, 36.627336], [127.454075, 36.627321], [127.454098, 36.627311], [127.454123, 36.627288], [127.454127, 36.627269], [127.454121, 36.627229], [127.454107, 36.627202], [127.454076, 36.627174], [127.454051, 36.62716], [127.454017, 36.62715], [127.453981, 36.627144], [127.45391, 36.627144], [127.453842, 36.627138], [127.453802, 36.627122], [127.453781, 36.627104], [127.453764, 36.627083], [127.453752, 36.627057], [127.453733, 36.627016], [127.453697, 36.626977], [127.45369, 36.626964], [127.453687, 36.626952], [127.453687, 36.626928], [127.453692, 36.626912]], [[127.453347, 36.626551], [127.453393, 36.626538], [127.453407, 36.626573], [127.453367, 36.626588], [127.453347, 36.626551]]]}}, {"type": "Feature", "properties": {"surface": "tree_broadleaf"}, "geometry": {"type": "Polygon", "coordinates": [[[127.452228, 36.631438], [127.452189, 36.631466], [127.452134, 36.631475], [127.45208, 36.631475], [127.452034, 36.631477], [127.451958, 36.631491], [127.451903, 36.631519], [127.451902, 36.631538], [127.452013, 36.631632], [127.452043, 36.631605], [127.452074, 36.63159], [127.452131, 36.631571], [127.452296, 36.631538], [127.452295, 36.631489], [127.452293, 36.631462], [127.45227, 36.631443], [127.452231, 36.631433], [127.452228, 36.631438]]]}}, {"type": "Feature", "properties": {"surface": "tree_broadleaf"}, "geometry": {"type": "Polygon", "coordinates": [[[127.455483, 36.623111], [127.45548, 36.623108], [127.455479, 36.623103], [127.455479, 36.623095], [127.455483, 36.623085], [127.455491, 36.623073], [127.455501, 36.623061], [127.455504, 36.623058], [127.455515, 36.623049], [127.455549, 36.623022], [127.455563, 36.623004], [127.455725, 36.622863], [127.45575, 36.622846], [127.455772, 36.622836], [127.45581, 36.622825], [127.455921, 36.622785], [127.455943, 36.622776], [127.455965, 36.622764], [127.456166, 36.622616], [127.456173, 36.622605], [127.456179, 36.622589], [127.456181, 36.622549], [127.456177, 36.622531], [127.456173, 36.62252], [127.456168, 36.622512], [127.456166, 36.622509], [127.456159, 36.622502], [127.456155, 36.622499], [127.45614, 36.622489], [127.45613, 36.622483], [127.45612, 36.622479], [127.456112, 36.622475], [127.456104, 36.622473], [127.456098, 36.622473], [127.456091, 36.622472], [127.456086, 36.622473], [127.456079, 36.622474], [127.456072, 36.622476], [127.456064, 36.622478], [127.456045, 36.622486], [127.456004, 36.622506], [127.455994, 36.62251], [127.455983, 36.622513], [127.455973, 36.622514], [127.455967, 36.622514], [127.455957, 36.622513], [127.455943, 36.622511], [127.455935, 36.622508], [127.455928, 36.622505], [127.455919, 36.6225], [127.455912, 36.622495], [127.455906, 36.622488], [127.455901, 36.622481], [127.455881, 36.622435], [127.455858, 36.622382], [127.45576, 36.622236], [127.455724, 36.62217], [127.455722, 36.62215], [127.455727, 36.622053], [127.455771, 36.622054], [127.455772, 36.622016], [127.455761, 36.621992], [127.455754, 36.621988], [127.455741, 36.621982], [127.455728, 36.621977], [127.455662, 36.621965], [127.455647, 36.621958], [127.455636, 36.621949], [127.455634, 36.621946], [127.455557, 36.622001], [127.45548, 36.622062], [127.45527, 36.622153], [127.455227, 36.622173], [127.455049, 36.622258], [127.455087, 36.622281], [127.455212, 36.622371], [127.45536, 36.62245], [127.455393, 36.622471], [127.455419, 36.622496], [127.455435, 36.622517], [127.455456, 36.622565], [127.455463, 36.622608], [127.45547, 36.622608], [127.455482, 36.622611], [127.455488, 36.622612], [127.4555, 36.622616], [127.45551, 36.622622], [127.455524, 36.622632], [127.455537, 36.622643], [127.455552, 36.62266], [127.455566, 36.622679], [127.455576, 36.622695], [127.455584, 36.622712], [127.455588, 36.622724], [127.45559, 36.622737], [127.455591, 36.622743], [127.455591, 36.622756], [127.455589, 36.622767], [127.455585, 36.622777], [127.455579, 36.622787], [127.455571, 36.622795], [127.455561, 36.622803], [127.45555, 36.62281], [127.45553, 36.622822], [127.455508, 36.622833], [127.455476, 36.622846], [127.455454, 36.622855], [127.455435, 36.622861], [127.455418, 36.622865], [127.455402, 36.622867], [127.455363, 36.622869], [127.455352, 36.62287], [127.455342, 36.622873], [127.455333, 36.622876], [127.455325, 36.62288], [127.455319, 36.622885], [127.455314, 36.622892], [127.455313, 36.622895], [127.455311, 36.622902], [127.455311, 36.62291], [127.455222, 36.622961], [127.455231, 36.622969], [127.455241, 36.622977], [127.45525, 36.622987], [127.455259, 36.622997], [127.455265, 36.623008], [127.455265, 36.623015], [127.45526, 36.623025], [127.455257, 36.623028], [127.455253, 36.623029], [127.455251, 36.62303], [127.455248, 36.62303], [127.455249, 36.623033], [127.455256, 36.623048], [127.45526, 36.623078], [127.455286, 36.623097], [127.455294, 36.623104], [127.455299, 36.623108], [127.455301, 36.623111], [127.455309, 36.623126], [127.455315, 36.623148], [127.455318, 36.62317], [127.455318, 36.623187], [127.455315, 36.6232], [127.455309, 36.623209], [127.455304, 36.623213], [127.455298, 36.623217], [127.455282, 36.623222], [127.45528, 36.623222], [127.45528, 36.623227], [127.455346, 36.623218], [127.455368, 36.623214], [127.455406, 36.623204], [127.455452, 36.623185], [127.455551, 36.623127], [127.455532, 36.623098], [127.455514, 36.623109], [127.455503, 36.623113], [127.455495, 36.623114], [127.455488, 36.623113], [127.455483, 36.623111]]]}}, {"type": "Feature", "properties": {"surface": "tree_broadleaf"}, "geometry": {"type": "Polygon", "coordinates": [[[127.460256, 36.624705], [127.460259, 36.624686], [127.460263, 36.624669], [127.460266, 36.624658], [127.460269, 36.624653], [127.460276, 36.624642], [127.46028, 36.624637], [127.460285, 36.624632], [127.460296, 36.624621], [127.460308, 36.62461], [127.460328, 36.624595], [127.460341, 36.624586], [127.460361, 36.624573], [127.460383, 36.624561], [127.460398, 36.624553], [127.460436, 36.624535], [127.460474, 36.624518], [127.460625, 36.624456], [127.460692, 36.624429], [127.460709, 36.624422], [127.460716, 36.624418], [127.460723, 36.624414], [127.460733, 36.624406], [127.460738, 36.624402], [127.460744, 36.624393], [127.460747, 36.624389], [127.46075, 36.624379], [127.460751, 36.624373], [127.460751, 36.624363], [127.460751, 36.624357], [127.460749, 36.624347], [127.460747, 36.624341], [127.460744, 36.624331], [127.460735, 36.624317], [127.460711, 36.624282], [127.460702, 36.624269], [127.460695, 36.624264], [127.46065, 36.624236], [127.460641, 36.624231], [127.460635, 36.624225], [127.460632, 36.624217], [127.460631, 36.624094], [127.460633, 36.624085], [127.460637, 36.624078], [127.460647, 36.624072], [127.460658, 36.624067], [127.460703, 36.624055], [127.460685, 36.623999], [127.460566, 36.6236], [127.460561, 36.62355], [127.460583, 36.623379], [127.460436, 36.623385], [127.460376, 36.623385], [127.460317, 36.623386], [127.460293, 36.623386], [127.460272, 36.623384], [127.46026, 36.623382], [127.460254, 36.623381], [127.460243, 36.623377], [127.460233, 36.623372], [127.460219, 36.623363], [127.46021, 36.623356], [127.460203, 36.623348], [127.460196, 36.62334], [127.460191, 36.623331], [127.460186, 36.623317], [127.460183, 36.623303], [127.460181, 36.623282], [127.460182, 36.623194], [127.460182, 36.623137], [127.460181, 36.623115], [127.46018, 36.623101], [127.460178, 36.623088], [127.46017, 36.623039], [127.460169, 36.623024], [127.460169, 36.623015], [127.46017, 36.623007], [127.460173, 36.622999], [127.460176, 36.622992], [127.46018, 36.622986], [127.460189, 36.622977], [127.460218, 36.622952], [127.460225, 36.622946], [127.460231, 36.622939], [127.460236, 36.622932], [127.460241, 36.622925], [127.460246, 36.622912], [127.460248, 36.622902], [127.46025, 36.622892], [127.460251, 36.622867], [127.46025, 36.622852], [127.460212, 36.622869], [127.46017, 36.622912], [127.460159, 36.622944], [127.460137, 36.623034], [127.460137, 36.62334], [127.460128, 36.623419], [127.460116, 36.623469], [127.460088, 36.623514], [127.460044, 36.623538], [127.459987, 36.623558], [127.459821, 36.623566], [127.459818, 36.623585], [127.459811, 36.623596], [127.459817, 36.623596], [127.460112, 36.623584], [127.460135, 36.623586], [127.460149, 36.623592], [127.460159, 36.623597], [127.460166, 36.623608], [127.460171, 36.623618], [127.460173, 36.623629], [127.460179, 36.623771], [127.460181, 36.623799], [127.460182, 36.623818], [127.460181, 36.623827], [127.460179, 36.623845], [127.460177, 36.623855], [127.460172, 36.623876], [127.460169, 36.623887], [127.460161, 36.62391], [127.460151, 36.623932], [127.460146, 36.623942], [127.46013, 36.62398], [127.460118, 36.623991], [127.46011, 36.624001], [127.460019, 36.624038], [127.460086, 36.624157], [127.460078, 36.624301], [127.460161, 36.624363], [127.460174, 36.624376], [127.460185, 36.624395], [127.460188, 36.624414], [127.460187, 36.624522], [127.460187, 36.624559], [127.46018, 36.624613], [127.46017, 36.624636], [127.46017, 36.624638], [127.460162, 36.624658], [127.460151, 36.624682], [127.46014, 36.6247], [127.460128, 36.624721], [127.460111, 36.624739], [127.46008, 36.624775], [127.460015, 36.624818], [127.45999, 36.62483], [127.459966, 36.624843], [127.459938, 36.624852], [127.459917, 36.624858], [127.459934, 36.62488], [127.45994, 36.624895], [127.459951, 36.624951], [127.459955, 36.625001], [127.45995, 36.625061], [127.459953, 36.625123], [127.459969, 36.625227], [127.460004, 36.625303], [127.460076, 36.625495], [127.460082, 36.625491], [127.460111, 36.625471], [127.46014, 36.625457], [127.460167, 36.62544], [127.460196, 36.625426], [127.460223, 36.625409], [127.460255, 36.625393], [127.460308, 36.62536], [127.460342, 36.625343], [127.460369, 36.625325], [127.460401, 36.62531], [127.460428, 36.625294], [127.460454, 36.625276], [127.460477, 36.625254], [127.460481, 36.625225], [127.460468, 36.625199], [127.460455, 36.625178], [127.460456, 36.625174], [127.460441, 36.625158], [127.460328, 36.625034], [127.460297, 36.625001], [127.460246, 36.624946], [127.460239, 36.624933], [127.460236, 36.624921], [127.460234, 36.624912], [127.460235, 36.624905], [127.460236, 36.624899], [127.46024, 36.624891], [127.460248, 36.624885], [127.460248, 36.624882], [127.460247, 36.62487], [127.460247, 36.62484], [127.460248, 36.624804], [127.460252, 36.624745], [127.460256, 36.624705]]]}}, {"type": "Feature", "properties": {"surface": "tree_broadleaf"}, "geometry": {"type": "Polygon", "coordinates": [[[127.455723, 36.626648], [127.455712, 36.626659], [127.455683, 36.626673], [127.455675, 36.626683], [127.455669, 36.626696], [127.455669, 36.626711], [127.455679, 36.626742], [127.455695, 36.626836], [127.455704, 36.626916], [127.455711, 36.62699], [127.455712, 36.627025], [127.455709, 36.627059], [127.455702, 36.627089], [127.455689, 36.627119], [127.45566, 36.62717], [127.455643, 36.627196], [127.455595, 36.627263], [127.455583, 36.627284], [127.455574, 36.627303], [127.455563, 36.62734], [127.45556, 36.627358], [127.45556, 36.627369], [127.455565, 36.627377], [127.455573, 36.627386], [127.455601, 36.627403], [127.455614, 36.627409], [127.455647, 36.627418], [127.455649, 36.627419], [127.455683, 36.627431], [127.4557, 36.627442], [127.455709, 36.627455], [127.455719, 36.627478], [127.455723, 36.627492], [127.455724, 36.627509], [127.455722, 36.627569], [127.455721, 36.627631], [127.455718, 36.62769], [127.455711, 36.627759], [127.45571, 36.627791], [127.455711, 36.62781], [127.45572, 36.627832], [127.455721, 36.62784], [127.455719, 36.627847], [127.455714, 36.627854], [127.455683, 36.62788], [127.455673, 36.627893], [127.455671, 36.627908], [127.455671, 36.627948], [127.455666, 36.627984], [127.455657, 36.628004], [127.45565, 36.628013], [127.45564, 36.62802], [127.455628, 36.628026], [127.455612, 36.628031], [127.455577, 36.628038], [127.455502, 36.628047], [127.455433, 36.62806], [127.455413, 36.628059], [127.455397, 36.628055], [127.455361, 36.628031], [127.455339, 36.628025], [127.455264, 36.628021], [127.455229, 36.628027], [127.455186, 36.628037], [127.45516, 36.628047], [127.45512, 36.628056], [127.455094, 36.628068], [127.45507, 36.628091], [127.455064, 36.628115], [127.455066, 36.628146], [127.455067, 36.62816], [127.455064, 36.628222], [127.455122, 36.628229], [127.455118, 36.628243], [127.455142, 36.628246], [127.45512, 36.628387], [127.455084, 36.628384], [127.45508, 36.628402], [127.45484, 36.628377], [127.454822, 36.628415], [127.45481, 36.62844], [127.454799, 36.628464], [127.454792, 36.628489], [127.454786, 36.628514], [127.454785, 36.628535], [127.454789, 36.628559], [127.454816, 36.628636], [127.454822, 36.628661], [127.454824, 36.628684], [127.454821, 36.628704], [127.454811, 36.628731], [127.454795, 36.628759], [127.454775, 36.628787], [127.454751, 36.628813], [127.454723, 36.628836], [127.454657, 36.628875], [127.454632, 36.628893], [127.454595, 36.628924], [127.454567, 36.62895], [127.454544, 36.628975], [127.454526, 36.628999], [127.454501, 36.629043], [127.454483, 36.629088], [127.454474, 36.629121], [127.45447, 36.629149], [127.454469, 36.629173], [127.454472, 36.629194], [127.454478, 36.629215], [127.454486, 36.629234], [127.454498, 36.629254], [127.454512, 36.629273], [127.45452, 36.629283], [127.454741, 36.629098], [127.454974, 36.628908], [127.455188, 36.628731], [127.45537, 36.628581], [127.455508, 36.628484], [127.45563, 36.628407], [127.455658, 36.628388], [127.455715, 36.628359], [127.455734, 36.628332], [127.455701, 36.628284], [127.455697, 36.628275], [127.455686, 36.628262], [127.455674, 36.628253], [127.45564, 36.628237], [127.455629, 36.628228], [127.45562, 36.628216], [127.455618, 36.628207], [127.455622, 36.628199], [127.455629, 36.628191], [127.455637, 36.628187], [127.45565, 36.628183], [127.455664, 36.628182], [127.455703, 36.628184], [127.455722, 36.628182], [127.455741, 36.628174], [127.455746, 36.62817], [127.455749, 36.628163], [127.455756, 36.628128], [127.455768, 36.628107], [127.4558, 36.628059], [127.455877, 36.627931], [127.455901, 36.627887], [127.455919, 36.627847], [127.455935, 36.627807], [127.455946, 36.627768], [127.455954, 36.627731], [127.455957, 36.627696], [127.455957, 36.627657], [127.455962, 36.627606], [127.45596, 36.627559], [127.455947, 36.62746], [127.455946, 36.627421], [127.455951, 36.627372], [127.455968, 36.62731], [127.455991, 36.627242], [127.456013, 36.627196], [127.456046, 36.627147], [127.456061, 36.627117], [127.456074, 36.627084], [127.456083, 36.627054], [127.456089, 36.627028], [127.456091, 36.627006], [127.456088, 36.626954], [127.456089, 36.626931], [127.456098, 36.626885], [127.456114, 36.626835], [127.456127, 36.626805], [127.456151, 36.626758], [127.456162, 36.626748], [127.456176, 36.626745], [127.456205, 36.626746], [127.456221, 36.626748], [127.456259, 36.626757], [127.456276, 36.626759], [127.456308, 36.626761], [127.456327, 36.626759], [127.456339, 36.626754], [127.456352, 36.626746], [127.456365, 36.626735], [127.456377, 36.626722], [127.456383, 36.62671], [127.456387, 36.626695], [127.456388, 36.626637], [127.45639, 36.626578], [127.456389, 36.626546], [127.456385, 36.626528], [127.456368, 36.626497], [127.456353, 36.626475], [127.456342, 36.626464], [127.456327, 36.626459], [127.456299, 36.626455], [127.456241, 36.626451], [127.456172, 36.626438], [127.456133, 36.626432], [127.456114, 36.626423], [127.456097, 36.626411], [127.456086, 36.626397], [127.456076, 36.626373], [127.456071, 36.626349], [127.456073, 36.626298], [127.45607, 36.626276], [127.456065, 36.626251], [127.456058, 36.62624], [127.45605, 36.626236], [127.456039, 36.626233], [127.456026, 36.626232], [127.456015, 36.626232], [127.456007, 36.626235], [127.455999, 36.62624], [127.455975, 36.626265], [127.455942, 36.6263], [127.455917, 36.626332], [127.455901, 36.626352], [127.455868, 36.626401], [127.455816, 36.626491], [127.455766, 36.626582], [127.45574, 36.626623], [127.455723, 36.626648]]]}}, {"type": "Feature", "properties": {"surface": "tree_broadleaf"}, "geometry": {"type": "Polygon", "coordinates": [[[127.458915, 36.631563], [127.458908, 36.631516], [127.458903, 36.631478], [127.45892, 36.631431], [127.458969, 36.631385], [127.459081, 36.631298], [127.45915, 36.631242], [127.459246, 36.631211], [127.45935, 36.631206], [127.459471, 36.631194], [127.459525, 36.631188], [127.459517, 36.631177], [127.459504, 36.631163], [127.459495, 36.631157], [127.459477, 36.631152], [127.459446, 36.631151], [127.459419, 36.631153], [127.459354, 36.631169], [127.459313, 36.631173], [127.459203, 36.63118], [127.459059, 36.631199], [127.459001, 36.631208], [127.45897, 36.631209], [127.458959, 36.631207], [127.458956, 36.631204], [127.45895, 36.631192], [127.458943, 36.631185], [127.458937, 36.631182], [127.458917, 36.631184], [127.458896, 36.63118], [127.458886, 36.631175], [127.458874, 36.631167], [127.458866, 36.631158], [127.45886, 36.631147], [127.458848, 36.631102], [127.458834, 36.631054], [127.45883, 36.631021], [127.458832, 36.631], [127.458836, 36.630978], [127.458844, 36.630955], [127.458854, 36.630932], [127.458876, 36.630898], [127.458882, 36.630886], [127.458887, 36.63086], [127.458886, 36.630832], [127.458886, 36.630829], [127.458879, 36.6308], [127.458865, 36.630767], [127.458854, 36.630741], [127.458849, 36.630735], [127.458843, 36.630732], [127.458834, 36.63073], [127.458822, 36.63073], [127.458812, 36.630731], [127.45881, 36.630732], [127.458794, 36.630736], [127.458805, 36.630798], [127.458809, 36.630829], [127.458812, 36.630848], [127.458802, 36.63085], [127.458803, 36.630856], [127.458645, 36.630876], [127.458557, 36.630891], [127.458544, 36.630843], [127.458512, 36.630845], [127.458498, 36.630847], [127.458498, 36.630846], [127.458455, 36.63085], [127.458453, 36.630839], [127.458445, 36.63084], [127.458444, 36.63083], [127.458441, 36.630813], [127.458307, 36.630831], [127.45822, 36.630842], [127.458228, 36.630885], [127.458219, 36.630895], [127.458219, 36.630898], [127.45821, 36.630907], [127.458194, 36.630916], [127.458172, 36.630922], [127.458187, 36.63093], [127.458229, 36.630964], [127.458238, 36.630986], [127.458239, 36.631022], [127.458243, 36.631023], [127.458261, 36.631032], [127.458277, 36.631052], [127.45831, 36.631083], [127.458321, 36.631102], [127.458328, 36.631122], [127.458328, 36.631132], [127.458325, 36.631167], [127.458332, 36.631194], [127.458332, 36.631202], [127.458373, 36.63119], [127.458418, 36.631187], [127.458448, 36.631202], [127.458464, 36.631219], [127.458473, 36.631243], [127.458473, 36.631268], [127.458471, 36.631308], [127.45847, 36.631314], [127.45863, 36.631278], [127.458698, 36.631464], [127.458848, 36.631435], [127.458889, 36.631566], [127.458789, 36.631591], [127.45892, 36.631944], [127.459063, 36.632073], [127.459188, 36.631997], [127.459121, 36.63202], [127.459069, 36.63202], [127.459027, 36.632008], [127.459006, 36.631971], [127.45893, 36.631613], [127.458915, 36.631563]]]}}, {"type": "Feature", "properties": {"surface": "tree_conifer"}, "geometry": {"type": "Polygon", "coordinates": [[[127.454989, 36.623049], [127.454985, 36.623049], [127.45498, 36.623047], [127.454972, 36.623043], [127.454956, 36.623033], [127.454939, 36.623021], [127.454925, 36.623011], [127.454913, 36.622999], [127.454905, 36.622991], [127.454898, 36.622982], [127.454891, 36.622973], [127.454886, 36.622963], [127.454882, 36.622953], [127.454879, 36.622943], [127.454877, 36.622933], [127.454876, 36.622923], [127.45487, 36.622919], [127.454864, 36.622913], [127.454859, 36.622901], [127.454853, 36.62288], [127.454846, 36.622843], [127.454845, 36.622827], [127.454846, 36.622803], [127.454847, 36.622759], [127.454846, 36.622686], [127.454844, 36.622585], [127.454844, 36.622571], [127.454846, 36.622558], [127.454847, 36.622554], [127.454848, 36.62255], [127.454852, 36.622545], [127.454857, 36.622541], [127.454864, 36.622538], [127.454881, 36.622533], [127.454905, 36.62253], [127.454943, 36.622529], [127.454952, 36.62253], [127.454953, 36.622528], [127.454957, 36.622524], [127.45496, 36.622523], [127.454965, 36.622521], [127.454971, 36.62252], [127.454978, 36.62252], [127.45499, 36.622521], [127.455003, 36.622523], [127.455014, 36.622525], [127.455025, 36.622528], [127.455038, 36.622533], [127.455056, 36.622542], [127.455067, 36.622549], [127.455072, 36.622553], [127.45508, 36.622561], [127.455087, 36.622571], [127.45509, 36.622577], [127.455095, 36.622591], [127.455103, 36.622619], [127.455119, 36.622685], [127.455127, 36.622711], [127.455135, 36.622731], [127.455137, 36.622735], [127.455146, 36.62275], [127.455151, 36.622768], [127.455152, 36.622771], [127.455155, 36.622778], [127.45516, 36.622789], [127.455165, 36.622798], [127.455171, 36.622805], [127.455176, 36.622811], [127.455184, 36.622818], [127.455192, 36.622825], [127.455201, 36.62283], [127.455207, 36.622832], [127.455213, 36.622833], [127.455219, 36.622833], [127.455224, 36.622832], [127.455232, 36.622829], [127.455239, 36.622825], [127.455244, 36.622822], [127.455247, 36.622818], [127.45525, 36.622814], [127.455254, 36.622807], [127.455256, 36.622796], [127.455257, 36.622787], [127.455258, 36.622742], [127.455259, 36.622717], [127.455262, 36.622694], [127.455267, 36.622678], [127.455271, 36.622668], [127.455278, 36.622653], [127.455286, 36.62264], [127.455292, 36.622632], [127.455299, 36.622626], [127.455303, 36.622623], [127.455308, 36.62262], [127.455314, 36.622618], [127.455321, 36.622617], [127.455339, 36.622613], [127.455365, 36.62261], [127.455406, 36.622607], [127.455436, 36.622606], [127.455457, 36.622607], [127.455463, 36.622608], [127.455456, 36.622565], [127.455435, 36.622517], [127.455419, 36.622496], [127.455393, 36.622471], [127.45536, 36.62245], [127.455212, 36.622371], [127.455087, 36.622281], [127.455049, 36.622258], [127.454935, 36.622313], [127.45493, 36.622321], [127.454922, 36.622333], [127.454905, 36.622353], [127.454895, 36.622364], [127.454889, 36.622369], [127.454884, 36.622372], [127.454876, 36.622375], [127.454869, 36.622376], [127.454858, 36.622377], [127.454846, 36.622377], [127.454833, 36.622377], [127.454807, 36.622376], [127.454806, 36.622376], [127.454767, 36.622394], [127.454534, 36.622429], [127.454533, 36.62243], [127.454525, 36.622444], [127.454515, 36.622456], [127.454507, 36.622464], [127.454498, 36.622471], [127.454493, 36.622475], [127.454482, 36.622481], [127.454469, 36.622486], [127.454455, 36.622489], [127.454433, 36.622494], [127.45441, 36.622496], [127.454389, 36.622497], [127.45437, 36.622497], [127.454355, 36.622495], [127.454347, 36.622492], [127.45434, 36.622489], [127.454331, 36.622484], [127.454306, 36.62247], [127.45429, 36.622461], [127.454273, 36.622452], [127.454258, 36.622446], [127.454248, 36.622443], [127.454236, 36.622441], [127.454222, 36.62244], [127.454215, 36.62244], [127.454197, 36.622442], [127.454177, 36.622446], [127.454152, 36.622453], [127.454138, 36.622457], [127.454109, 36.622467], [127.454094, 36.622473], [127.454066, 36.622485], [127.454052, 36.622491], [127.454039, 36.622498], [127.454016, 36.622511], [127.453994, 36.622526], [127.453973, 36.622544], [127.453937, 36.622576], [127.453876, 36.622634], [127.453844, 36.622663], [127.453818, 36.622686], [127.453758, 36.622736], [127.453736, 36.622757], [127.45372, 36.622771], [127.453707, 36.622786], [127.453697, 36.622798], [127.453702, 36.622854], [127.453705, 36.622896], [127.453709, 36.622898], [127.453741, 36.622911], [127.45378, 36.622925], [127.453808, 36.622934], [127.45383, 36.62294], [127.453855, 36.622946], [127.453926, 36.622962], [127.453952, 36.622969], [127.453976, 36.622976], [127.453986, 36.622979], [127.454004, 36.622986], [127.45402, 36.622993], [127.454028, 36.622996], [127.454041, 36.623004], [127.454058, 36.623016], [127.454079, 36.623033], [127.454101, 36.623052], [127.454125, 36.623075], [127.454138, 36.623087], [127.454151, 36.6231], [127.454161, 36.623112], [127.454169, 36.623124], [127.454171, 36.623129], [127.454173, 36.623134], [127.454174, 36.623139], [127.454174, 36.623144], [127.454173, 36.623149], [127.45417, 36.623154], [127.454167, 36.623159], [127.454163, 36.623164], [127.454158, 36.623169], [127.454147, 36.623179], [127.454141, 36.623183], [127.454197, 36.623259], [127.454213, 36.623286], [127.454246, 36.623285], [127.454439, 36.623282], [127.454649, 36.623286], [127.454823, 36.62329], [127.454824, 36.623204], [127.454828, 36.623188], [127.454836, 36.623176], [127.454844, 36.623169], [127.455049, 36.623062], [127.455049, 36.623061], [127.455046, 36.623058], [127.455041, 36.623056], [127.455032, 36.623054], [127.454989, 36.623049]], [[127.454795, 36.622544], [127.454801, 36.62255], [127.454803, 36.622553], [127.454807, 36.622561], [127.454808, 36.622565], [127.454809, 36.622575], [127.454808, 36.622581], [127.454805, 36.622595], [127.454803, 36.622602], [127.454778, 36.622662], [127.454774, 36.622676], [127.45477, 36.622696], [127.454766, 36.622709], [127.454763, 36.622717], [127.454756, 36.622732], [127.454742, 36.622757], [127.454732, 36.622772], [127.454726, 36.62278], [127.45471, 36.622798], [127.454687, 36.622821], [127.454674, 36.622835], [127.454653, 36.622859], [127.454633, 36.622884], [127.454603, 36.622925], [127.454561, 36.622986], [127.454549, 36.623005], [127.454541, 36.623018], [127.45454, 36.623022], [127.454539, 36.623027], [127.454539, 36.623034], [127.454544, 36.623061], [127.454545, 36.623065], [127.454544, 36.62307], [127.454543, 36.623074], [127.454539, 36.623079], [127.454533, 36.623084], [127.454524, 36.623089], [127.454512, 36.623094], [127.454495, 36.6231], [127.454456, 36.623089], [127.454441, 36.623084], [127.454419, 36.623076], [127.454359, 36.623048], [127.454326, 36.623031], [127.454308, 36.623021], [127.4543, 36.623015], [127.454283, 36.623002], [127.454275, 36.622995], [127.454268, 36.622987], [127.454262, 36.622978], [127.454256, 36.62297], [127.454251, 36.622961], [127.454243, 36.622942], [127.454237, 36.622922], [127.454232, 36.622903], [127.454228, 36.622884], [127.454225, 36.622865], [127.454218, 36.622806], [127.454215, 36.622766], [127.454215, 36.622747], [127.454216, 36.622729], [127.454218, 36.622713], [127.454222, 36.622697], [127.454226, 36.622683], [127.454229, 36.622676], [127.454232, 36.62267], [127.454236, 36.622663], [127.454241, 36.622657], [127.454247, 36.622651], [127.454253, 36.622646], [127.454261, 36.622641], [127.45427, 36.622636], [127.45428, 36.622631], [127.45429, 36.622627], [127.454302, 36.622622], [127.454328, 36.622614], [127.454425, 36.622585], [127.454464, 36.622573], [127.45451, 36.622558], [127.454543, 36.622549], [127.454565, 36.622543], [127.4546, 36.622538], [127.454623, 36.622535], [127.454657, 36.622533], [127.454697, 36.622531], [127.454745, 36.622531], [127.454764, 36.622532], [127.454775, 36.622534], [127.454779, 36.622535], [127.454788, 36.622539], [127.454795, 36.622544]]]}}, {"type": "Feature", "properties": {"surface": "tree_conifer"}, "geometry": {"type": "Polygon", "coordinates": [[[127.453147, 36.626749], [127.453143, 36.626762], [127.453132, 36.626777], [127.453119, 36.626785], [127.453117, 36.626787], [127.453108, 36.626797], [127.453036, 36.626904], [127.452938, 36.627093], [127.452927, 36.627101], [127.452918, 36.6271], [127.452906, 36.627091], [127.452891, 36.627071], [127.452889, 36.627085], [127.452884, 36.627127], [127.452883, 36.62717], [127.452907, 36.627199], [127.45292, 36.627212], [127.452924, 36.627204], [127.452963, 36.627098], [127.453036, 36.626954], [127.453138, 36.626796], [127.453194, 36.626723], [127.453228, 36.626642], [127.453236, 36.626612], [127.453231, 36.626616], [127.453208, 36.626644], [127.453201, 36.626654], [127.453197, 36.626668], [127.453164, 36.626729], [127.453147, 36.626749]]]}}, {"type": "Feature", "properties": {"surface": "tree_conifer"}, "geometry": {"type": "Polygon", "coordinates": [[[127.453446, 36.627212], [127.453416, 36.627167], [127.453382, 36.62714], [127.453372, 36.627129], [127.453365, 36.627111], [127.453365, 36.627074], [127.453358, 36.627055], [127.453341, 36.627035], [127.453333, 36.627019], [127.453332, 36.627007], [127.453336, 36.626998], [127.453342, 36.626992], [127.453312, 36.626957], [127.453287, 36.62692], [127.453279, 36.626895], [127.453274, 36.626846], [127.45327, 36.626828], [127.453263, 36.626813], [127.453252, 36.626803], [127.453244, 36.6268], [127.453232, 36.626798], [127.453183, 36.626796], [127.453145, 36.626847], [127.453074, 36.626951], [127.453012, 36.627076], [127.452965, 36.627211], [127.452959, 36.627254], [127.452961, 36.62726], [127.452966, 36.627265], [127.452974, 36.627268], [127.452975, 36.627268], [127.452985, 36.62727], [127.452995, 36.62727], [127.453013, 36.627264], [127.453025, 36.627257], [127.453035, 36.627245], [127.453042, 36.62723], [127.453057, 36.627185], [127.453064, 36.627173], [127.453073, 36.627164], [127.453097, 36.627147], [127.45312, 36.627135], [127.453142, 36.627127], [127.453162, 36.627124], [127.453183, 36.627124], [127.453206, 36.627128], [127.453231, 36.627137], [127.453268, 36.627156], [127.453315, 36.627185], [127.453333, 36.627197], [127.45334, 36.627204], [127.453346, 36.627217], [127.453346, 36.627237], [127.453342, 36.627253], [127.453334, 36.627272], [127.453317, 36.6273], [127.453309, 36.627308], [127.4533, 36.627312], [127.45329, 36.627314], [127.453262, 36.627315], [127.4532, 36.62733], [127.453158, 36.627333], [127.453142, 36.627338], [127.453131, 36.627344], [127.45312, 36.627353], [127.453114, 36.627361], [127.45311, 36.627369], [127.453111, 36.627383], [127.453117, 36.627398], [127.453119, 36.6274], [127.45313, 36.627412], [127.453154, 36.627429], [127.45317, 36.627438], [127.453186, 36.627444], [127.453219, 36.627454], [127.453231, 36.627455], [127.453242, 36.627454], [127.45327, 36.627441], [127.453294, 36.627433], [127.453333, 36.627423], [127.453379, 36.627414], [127.453392, 36.627412], [127.453421, 36.627407], [127.453444, 36.627405], [127.453471, 36.627402], [127.453583, 36.627396], [127.453603, 36.627397], [127.453578, 36.627352], [127.453555, 36.627327], [127.453549, 36.627322], [127.453497, 36.627274], [127.453473, 36.627247], [127.453446, 36.627212]]]}}, {"type": "Feature", "properties": {"surface": "tree_conifer"}, "geometry": {"type": "Polygon", "coordinates": [[[127.454037, 36.628075], [127.45402, 36.628057], [127.45401, 36.62805], [127.453988, 36.628044], [127.453965, 36.628043], [127.453961, 36.628044], [127.453953, 36.628045], [127.453941, 36.62805], [127.453905, 36.628071], [127.453873, 36.6281], [127.453861, 36.628108], [127.453835, 36.628118], [127.453825, 36.628121], [127.453848, 36.628163], [127.453867, 36.628206], [127.453883, 36.628249], [127.453895, 36.628291], [127.453905, 36.628334], [127.453911, 36.628377], [127.453913, 36.62842], [127.453913, 36.628463], [127.453906, 36.628502], [127.453877, 36.628596], [127.453873, 36.628621], [127.453874, 36.628644], [127.453882, 36.628683], [127.453896, 36.628721], [127.453914, 36.628755], [127.453936, 36.628784], [127.453959, 36.628808], [127.453976, 36.628821], [127.453995, 36.628827], [127.454018, 36.62883], [127.454047, 36.628828], [127.454086, 36.628823], [127.454133, 36.628812], [127.454175, 36.628796], [127.454194, 36.628783], [127.454231, 36.628752], [127.454248, 36.628741], [127.454282, 36.62873], [127.45434, 36.628718], [127.454369, 36.628715], [127.454404, 36.628716], [127.45444, 36.628719], [127.454533, 36.628732], [127.45458, 36.628735], [127.454603, 36.628732], [127.454623, 36.628727], [127.454639, 36.628719], [127.454653, 36.628707], [127.454665, 36.628693], [127.454671, 36.628682], [127.454673, 36.628672], [127.454672, 36.628659], [127.454668, 36.628645], [127.454661, 36.628631], [127.454652, 36.62862], [127.454636, 36.628611], [127.454618, 36.628604], [127.454564, 36.628587], [127.454549, 36.628581], [127.454538, 36.628574], [127.454524, 36.628561], [127.454511, 36.628543], [127.45448, 36.628478], [127.454468, 36.628458], [127.454455, 36.628443], [127.454439, 36.628431], [127.454424, 36.628425], [127.454405, 36.62842], [127.45431, 36.62841], [127.454288, 36.628406], [127.454271, 36.6284], [127.454232, 36.628379], [127.454191, 36.628351], [127.454145, 36.628312], [127.454131, 36.628296], [127.45412, 36.62828], [127.45411, 36.628258], [127.454105, 36.628233], [127.454102, 36.628207], [127.454104, 36.628181], [127.454108, 36.628162], [127.454114, 36.628143], [127.454123, 36.628124], [127.454134, 36.628105], [127.454119, 36.628104], [127.454075, 36.628094], [127.454059, 36.628088], [127.454045, 36.628081], [127.454037, 36.628075]]]}}, {"type": "Feature", "properties": {"surface": "tree_conifer"}, "geometry": {"type": "Polygon", "coordinates": [[[127.451559, 36.629989], [127.451555, 36.629982], [127.451543, 36.62997], [127.451511, 36.629937], [127.45138, 36.630011], [127.451261, 36.629879], [127.451226, 36.629899], [127.451192, 36.629919], [127.451171, 36.629928], [127.451149, 36.629934], [127.451127, 36.629938], [127.451104, 36.629939], [127.45108, 36.629938], [127.451056, 36.629935], [127.451035, 36.629929], [127.451004, 36.629914], [127.450976, 36.629894], [127.450964, 36.629899], [127.450935, 36.629907], [127.450924, 36.629912], [127.4509, 36.62993], [127.450893, 36.629939], [127.450888, 36.629948], [127.450888, 36.629962], [127.450894, 36.629989], [127.450901, 36.630019], [127.450909, 36.630036], [127.450926, 36.630056], [127.450948, 36.630072], [127.450967, 36.63008], [127.451004, 36.630088], [127.451045, 36.630095], [127.451061, 36.630099], [127.451083, 36.630108], [127.451094, 36.630116], [127.4511, 36.63013], [127.451101, 36.630153], [127.451098, 36.630175], [127.451091, 36.630196], [127.451075, 36.630218], [127.451059, 36.630232], [127.451042, 36.630238], [127.451014, 36.630242], [127.450989, 36.630245], [127.450971, 36.630244], [127.450955, 36.63024], [127.450939, 36.630233], [127.450924, 36.630224], [127.450911, 36.630212], [127.450904, 36.630202], [127.450899, 36.630192], [127.450885, 36.630203], [127.450875, 36.630214], [127.450867, 36.630226], [127.450862, 36.630238], [127.450861, 36.630248], [127.450864, 36.630259], [127.450893, 36.630304], [127.450898, 36.630315], [127.450899, 36.630324], [127.450898, 36.630337], [127.45089, 36.630379], [127.450891, 36.630409], [127.450894, 36.63043], [127.4509, 36.630448], [127.450909, 36.630463], [127.45092, 36.630473], [127.450928, 36.630478], [127.450935, 36.630482], [127.450953, 36.630491], [127.450974, 36.630499], [127.450995, 36.630505], [127.451018, 36.630509], [127.451037, 36.63051], [127.451054, 36.630504], [127.451079, 36.630485], [127.451089, 36.630474], [127.451098, 36.630448], [127.451118, 36.630426], [127.451134, 36.630407], [127.45116, 36.630381], [127.451189, 36.630353], [127.451215, 36.63033], [127.451254, 36.630299], [127.451309, 36.630269], [127.451401, 36.630223], [127.451413, 36.630212], [127.451433, 36.63019], [127.451445, 36.630173], [127.451447, 36.630156], [127.451442, 36.630134], [127.451437, 36.630114], [127.451437, 36.630093], [127.451451, 36.630078], [127.451472, 36.630065], [127.451488, 36.630052], [127.451499, 36.630039], [127.451505, 36.630036], [127.451502, 36.63003], [127.451531, 36.630016], [127.451535, 36.630021], [127.451545, 36.630016], [127.451559, 36.63], [127.451559, 36.629989]]]}}, {"type": "Feature", "properties": {"surface": "tree_conifer"}, "geometry": {"type": "Polygon", "coordinates": [[[127.452668, 36.630924], [127.45273, 36.630877], [127.452769, 36.630852], [127.452776, 36.630847], [127.452813, 36.630829], [127.452841, 36.630806], [127.452848, 36.630778], [127.452829, 36.630762], [127.452778, 36.630747], [127.452723, 36.630745], [127.452677, 36.630755], [127.452621, 36.630772], [127.452548, 36.630807], [127.45252, 36.630832], [127.452501, 36.630853], [127.452481, 36.630875], [127.452433, 36.630929], [127.452415, 36.630966], [127.45238, 36.631039], [127.452351, 36.631124], [127.452328, 36.631186], [127.452292, 36.631315], [127.452283, 36.63135], [127.45226, 36.631391], [127.452231, 36.631433], [127.45227, 36.631443], [127.452293, 36.631462], [127.452295, 36.631489], [127.452296, 36.631538], [127.452303, 36.631556], [127.452307, 36.631564], [127.452326, 36.631567], [127.452335, 36.631567], [127.452353, 36.631562], [127.452368, 36.631552], [127.452372, 36.631517], [127.452375, 36.631496], [127.452378, 36.631473], [127.452383, 36.631449], [127.452386, 36.631431], [127.452392, 36.631411], [127.452409, 36.631373], [127.452423, 36.631337], [127.452428, 36.631319], [127.452442, 36.631282], [127.452453, 36.631261], [127.452467, 36.631224], [127.452473, 36.631205], [127.452505, 36.63116], [127.452517, 36.631145], [127.452533, 36.631125], [127.452543, 36.631118], [127.452545, 36.631103], [127.452547, 36.631077], [127.452563, 36.631031], [127.452579, 36.630997], [127.45262, 36.630952], [127.452668, 36.630924]]]}}, {"type": "Feature", "properties": {"surface": "tree_conifer"}, "geometry": {"type": "Polygon", "coordinates": [[[127.462214, 36.626925], [127.462214, 36.626923], [127.462211, 36.626923], [127.462133, 36.626895], [127.462108, 36.626891], [127.462082, 36.626886], [127.462022, 36.626867], [127.461996, 36.626861], [127.46197, 36.626859], [127.461948, 36.626864], [127.461928, 36.626872], [127.461919, 36.626879], [127.461917, 36.62689], [127.461906, 36.626909], [127.461902, 36.626925], [127.461906, 36.626956], [127.461909, 36.626961], [127.461992, 36.62708], [127.461985, 36.627083], [127.461992, 36.627095], [127.461903, 36.627138], [127.461845, 36.627163], [127.461862, 36.627195], [127.461788, 36.627227], [127.461753, 36.627223], [127.46171, 36.627227], [127.461644, 36.627241], [127.461601, 36.62726], [127.461593, 36.62728], [127.461599, 36.627295], [127.461614, 36.627324], [127.461647, 36.627347], [127.461693, 36.627374], [127.461771, 36.627405], [127.461884, 36.627436], [127.461915, 36.627437], [127.461931, 36.62743], [127.46197, 36.627327], [127.462532, 36.62745], [127.462448, 36.627688], [127.462471, 36.627693], [127.462489, 36.627642], [127.462508, 36.627587], [127.462611, 36.627264], [127.462654, 36.627122], [127.462583, 36.627104], [127.462575, 36.627102], [127.462574, 36.627105], [127.462492, 36.627084], [127.462287, 36.62704], [127.462324, 36.626956], [127.462214, 36.626925]]]}}, {"type": "Feature", "properties": {"surface": "tree_conifer"}, "geometry": {"type": "Polygon", "coordinates": [[[127.461943, 36.627956], [127.46194, 36.627924], [127.46192, 36.62788], [127.461898, 36.627833], [127.461888, 36.627818], [127.461938, 36.627792], [127.461959, 36.627787], [127.461983, 36.627784], [127.462005, 36.627794], [127.4621, 36.627847], [127.462352, 36.6279], [127.462397, 36.627909], [127.462435, 36.627796], [127.462454, 36.627742], [127.462357, 36.627724], [127.462122, 36.62768], [127.461956, 36.627643], [127.461859, 36.627588], [127.461889, 36.62751], [127.461879, 36.627502], [127.461857, 36.62749], [127.461784, 36.627461], [127.461639, 36.627393], [127.461588, 36.62736], [127.461531, 36.627298], [127.46152, 36.627283], [127.461505, 36.627284], [127.461477, 36.627292], [127.461457, 36.627302], [127.461451, 36.627308], [127.461446, 36.627316], [127.461441, 36.627334], [127.461443, 36.627346], [127.46145, 36.627365], [127.46147, 36.627397], [127.461474, 36.627415], [127.461475, 36.62744], [127.461473, 36.62746], [127.461468, 36.62749], [127.461461, 36.627513], [127.461452, 36.627531], [127.461434, 36.627547], [127.461415, 36.627558], [127.461385, 36.627566], [127.461374, 36.62757], [127.461362, 36.627577], [127.461352, 36.627586], [127.461342, 36.627598], [127.461337, 36.627612], [127.461336, 36.62763], [127.461339, 36.627649], [127.46134, 36.627652], [127.461352, 36.627705], [127.461353, 36.627722], [127.461352, 36.627736], [127.461347, 36.62775], [127.461338, 36.627767], [127.461329, 36.627781], [127.461317, 36.627792], [127.461299, 36.627802], [127.461278, 36.627809], [127.461258, 36.627811], [127.461228, 36.627807], [127.461199, 36.627801], [127.46118, 36.627794], [127.461164, 36.627785], [127.461148, 36.627771], [127.461135, 36.627757], [127.461125, 36.627737], [127.461115, 36.627709], [127.461113, 36.627703], [127.461108, 36.627675], [127.461105, 36.627639], [127.461105, 36.627587], [127.461112, 36.627508], [127.460921, 36.627612], [127.460785, 36.627709], [127.460626, 36.627794], [127.460493, 36.627849], [127.460346, 36.627881], [127.460239, 36.627897], [127.460164, 36.62789], [127.460191, 36.627921], [127.460197, 36.627927], [127.460227, 36.62791], [127.460268, 36.627954], [127.460292, 36.627981], [127.460408, 36.628106], [127.460415, 36.628106], [127.460453, 36.628095], [127.460509, 36.628086], [127.460542, 36.628071], [127.460554, 36.628067], [127.460564, 36.628066], [127.460574, 36.628066], [127.460595, 36.628069], [127.460616, 36.628043], [127.460641, 36.628023], [127.460659, 36.628015], [127.460683, 36.628009], [127.460825, 36.627994], [127.460865, 36.627995], [127.460892, 36.628001], [127.460947, 36.628024], [127.460972, 36.628032], [127.461021, 36.628039], [127.46107, 36.628041], [127.461114, 36.628038], [127.461153, 36.628031], [127.461174, 36.628022], [127.461195, 36.628008], [127.461217, 36.627989], [127.461259, 36.627942], [127.461278, 36.627923], [127.461301, 36.627906], [127.461324, 36.627894], [127.461355, 36.627883], [127.461382, 36.627877], [127.46141, 36.627873], [127.461437, 36.627872], [127.461462, 36.627873], [127.461483, 36.627877], [127.461498, 36.627883], [127.461513, 36.627895], [127.461552, 36.627943], [127.461565, 36.627956], [127.461578, 36.627965], [127.461591, 36.62797], [127.461604, 36.627971], [127.461619, 36.627969], [127.461689, 36.627952], [127.461704, 36.627951], [127.461716, 36.627952], [127.461736, 36.627957], [127.461754, 36.627964], [127.461767, 36.627971], [127.461778, 36.627979], [127.461789, 36.627994], [127.461796, 36.628011], [127.461797, 36.628024], [127.461794, 36.628039], [127.461772, 36.628085], [127.461763, 36.6281], [127.461732, 36.628136], [127.461726, 36.628147], [127.461724, 36.628157], [127.461725, 36.628181], [127.461733, 36.628199], [127.461742, 36.628208], [127.461755, 36.628217], [127.461772, 36.628225], [127.461791, 36.628231], [127.461813, 36.628234], [127.461835, 36.628234], [127.461859, 36.62823], [127.461884, 36.628223], [127.461883, 36.628206], [127.461887, 36.628182], [127.461905, 36.628132], [127.461918, 36.628079], [127.461924, 36.628057], [127.461943, 36.627956]], [[127.46239, 36.627861], [127.462383, 36.627864], [127.462375, 36.627862], [127.46234, 36.627852], [127.462326, 36.627847], [127.462326, 36.627846], [127.462328, 36.62784], [127.462334, 36.627835], [127.462345, 36.627812], [127.462349, 36.627803], [127.462361, 36.627781], [127.462369, 36.627776], [127.462377, 36.627776], [127.462385, 36.627778], [127.462415, 36.627788], [127.462419, 36.627792], [127.462419, 36.627798], [127.462418, 36.627803], [127.46239, 36.627861]]]}}, {"type": "Feature", "properties": {"surface": "tree_conifer"}, "geometry": {"type": "Polygon", "coordinates": [[[127.457793, 36.630157], [127.457785, 36.630149], [127.45777, 36.630142], [127.457757, 36.630141], [127.457749, 36.630146], [127.457738, 36.630161], [127.457722, 36.63019], [127.457712, 36.630199], [127.457697, 36.630211], [127.457675, 36.630226], [127.457658, 36.630234], [127.457641, 36.630236], [127.457576, 36.630234], [127.457553, 36.630231], [127.45754, 36.630225], [127.457512, 36.630207], [127.457499, 36.630202], [127.457492, 36.630201], [127.457484, 36.630203], [127.457474, 36.630211], [127.45747, 36.630219], [127.457467, 36.630239], [127.457461, 36.630269], [127.457453, 36.630287], [127.457436, 36.630307], [127.457434, 36.630316], [127.457435, 36.630327], [127.45745, 36.63036], [127.457454, 36.630367], [127.457453, 36.630379], [127.45745, 36.630402], [127.457443, 36.630427], [127.457447, 36.630459], [127.45746, 36.630536], [127.45747, 36.630547], [127.457506, 36.630574], [127.457516, 36.630582], [127.457545, 36.630584], [127.45766, 36.630601], [127.457759, 36.630626], [127.457972, 36.630688], [127.458021, 36.630691], [127.458086, 36.630689], [127.458203, 36.630667], [127.458209, 36.630664], [127.458211, 36.63066], [127.458212, 36.630653], [127.458209, 36.630635], [127.458205, 36.630627], [127.458198, 36.63062], [127.458161, 36.630594], [127.458118, 36.630554], [127.458083, 36.630518], [127.458051, 36.630481], [127.458028, 36.63045], [127.457998, 36.630401], [127.457977, 36.630371], [127.457958, 36.63035], [127.457927, 36.630326], [127.457917, 36.630316], [127.457906, 36.630289], [127.457901, 36.630281], [127.457887, 36.630271], [127.457858, 36.630255], [127.457836, 36.630245], [127.457827, 36.630239], [127.457816, 36.630227], [127.457808, 36.630212], [127.457805, 36.630202], [127.457804, 36.630179], [127.457801, 36.630169], [127.457793, 36.630157]]]}}, {"type": "Feature", "properties": {"surface": "tree_conifer"}, "geometry": {"type": "Polygon", "coordinates": [[[127.458135, 36.630928], [127.45812, 36.630928], [127.458102, 36.630929], [127.458093, 36.630928], [127.458087, 36.630924], [127.458084, 36.630919], [127.458081, 36.630902], [127.458072, 36.630887], [127.458051, 36.630864], [127.458021, 36.630832], [127.45802, 36.630831], [127.457998, 36.630815], [127.457973, 36.6308], [127.457934, 36.630786], [127.457921, 36.63078], [127.4579, 36.630764], [127.457889, 36.63075], [127.457885, 36.630735], [127.457886, 36.630725], [127.45789, 36.630718], [127.457897, 36.63071], [127.457907, 36.630705], [127.457836, 36.630683], [127.457652, 36.630645], [127.45764, 36.630644], [127.457653, 36.630656], [127.457651, 36.63067], [127.457639, 36.630676], [127.457611, 36.630675], [127.457585, 36.630667], [127.457553, 36.630658], [127.45755, 36.630658], [127.457518, 36.630672], [127.457497, 36.630688], [127.457485, 36.630705], [127.457482, 36.630725], [127.457481, 36.630761], [127.457481, 36.630764], [127.457486, 36.630834], [127.457494, 36.630946], [127.4575, 36.63103], [127.457497, 36.631073], [127.457487, 36.631102], [127.457474, 36.631155], [127.457486, 36.631161], [127.457499, 36.631163], [127.457518, 36.631155], [127.457512, 36.631151], [127.457552, 36.631101], [127.457556, 36.631079], [127.457563, 36.631039], [127.45759, 36.630978], [127.457605, 36.63096], [127.457629, 36.630954], [127.45765, 36.630948], [127.45768, 36.630935], [127.457699, 36.630933], [127.457734, 36.630929], [127.457758, 36.630919], [127.457786, 36.630902], [127.45781, 36.630885], [127.457827, 36.630866], [127.45784, 36.630849], [127.457849, 36.630838], [127.457853, 36.630833], [127.457864, 36.630818], [127.457865, 36.630816], [127.457866, 36.630815], [127.457882, 36.630815], [127.457894, 36.630818], [127.457908, 36.630822], [127.457925, 36.630832], [127.457943, 36.630843], [127.457951, 36.630848], [127.457977, 36.630862], [127.457974, 36.630865], [127.457981, 36.630875], [127.457985, 36.630883], [127.457986, 36.630894], [127.457984, 36.630907], [127.457976, 36.630926], [127.457954, 36.630955], [127.457927, 36.630984], [127.457919, 36.630997], [127.457913, 36.631021], [127.457914, 36.631049], [127.457917, 36.631066], [127.457915, 36.631085], [127.457909, 36.631094], [127.457861, 36.631136], [127.457832, 36.63117], [127.4578, 36.631203], [127.457796, 36.631216], [127.457797, 36.631226], [127.45782, 36.631219], [127.457878, 36.63121], [127.457892, 36.63122], [127.458023, 36.63114], [127.458055, 36.631128], [127.458099, 36.631113], [127.458117, 36.631102], [127.458123, 36.631095], [127.458133, 36.631074], [127.458139, 36.631066], [127.458153, 36.631054], [127.458168, 36.631046], [127.458214, 36.631028], [127.458228, 36.63102], [127.458239, 36.631022], [127.458238, 36.630986], [127.458229, 36.630964], [127.458187, 36.63093], [127.458172, 36.630922], [127.458135, 36.630928]]]}}, {"type": "Feature", "properties": {"surface": "tree_conifer"}, "geometry": {"type": "Polygon", "coordinates": [[[127.458418, 36.631187], [127.458373, 36.63119], [127.458332, 36.631202], [127.458333, 36.631207], [127.458332, 36.631215], [127.458327, 36.631224], [127.458316, 36.631235], [127.458306, 36.631244], [127.458291, 36.631253], [127.458235, 36.631277], [127.45821, 36.631292], [127.458207, 36.631293], [127.458204, 36.631295], [127.458177, 36.631308], [127.458137, 36.631325], [127.458113, 36.631342], [127.458104, 36.631351], [127.458093, 36.631367], [127.458112, 36.631382], [127.458122, 36.631386], [127.458142, 36.631388], [127.458159, 36.631387], [127.458191, 36.63138], [127.458253, 36.631367], [127.458298, 36.631353], [127.45847, 36.631314], [127.458471, 36.631308], [127.458473, 36.631268], [127.458473, 36.631243], [127.458464, 36.631219], [127.458448, 36.631202], [127.458418, 36.631187]]]}}, {"type": "Feature", "properties": {"surface": "tree_conifer"}, "geometry": {"type": "Polygon", "coordinates": [[[127.456001, 36.632104], [127.456029, 36.632117], [127.45604, 36.632089], [127.456033, 36.632071], [127.456015, 36.632044], [127.455973, 36.631978], [127.455965, 36.631965], [127.45594, 36.631929], [127.455925, 36.631887], [127.455923, 36.631882], [127.45591, 36.63187], [127.455888, 36.631845], [127.455874, 36.631819], [127.455869, 36.631796], [127.455863, 36.631757], [127.455852, 36.63175], [127.455828, 36.631739], [127.455817, 36.631738], [127.455804, 36.631739], [127.455768, 36.631748], [127.455755, 36.631754], [127.455726, 36.631771], [127.455712, 36.631777], [127.455696, 36.631779], [127.455679, 36.631779], [127.455661, 36.631777], [127.455646, 36.631773], [127.455629, 36.631766], [127.455612, 36.631755], [127.455596, 36.631739], [127.45558, 36.631719], [127.455569, 36.631699], [127.455562, 36.631676], [127.455559, 36.631648], [127.455557, 36.631604], [127.455559, 36.631566], [127.455565, 36.631526], [127.455577, 36.631483], [127.455593, 36.631438], [127.45562, 36.631371], [127.455638, 36.631336], [127.455649, 36.63132], [127.455661, 36.631308], [127.455673, 36.631297], [127.455687, 36.631289], [127.455714, 36.631279], [127.455746, 36.631271], [127.455779, 36.631267], [127.455809, 36.631268], [127.455832, 36.631271], [127.455873, 36.631281], [127.455935, 36.631304], [127.45595, 36.631307], [127.455963, 36.631306], [127.455989, 36.631296], [127.455998, 36.63129], [127.456002, 36.631284], [127.456002, 36.631279], [127.455998, 36.631274], [127.455971, 36.631251], [127.455963, 36.631242], [127.455949, 36.63122], [127.455942, 36.631203], [127.455939, 36.631188], [127.45594, 36.631175], [127.455945, 36.631165], [127.455958, 36.631149], [127.455977, 36.631128], [127.456032, 36.631082], [127.456088, 36.631033], [127.456089, 36.631031], [127.456097, 36.631025], [127.456098, 36.631025], [127.456152, 36.630977], [127.456044, 36.630856], [127.456015, 36.630854], [127.456002, 36.63084], [127.455937, 36.630764], [127.456087, 36.630675], [127.456054, 36.630634], [127.455678, 36.630841], [127.454975, 36.631226], [127.455013, 36.631273], [127.454972, 36.631303], [127.454948, 36.631324], [127.454907, 36.631367], [127.454951, 36.63148], [127.455176, 36.632034], [127.455206, 36.632109], [127.455213, 36.632126], [127.455223, 36.632146], [127.455233, 36.63216], [127.455251, 36.632175], [127.455266, 36.632186], [127.455288, 36.632198], [127.455312, 36.632205], [127.455324, 36.632208], [127.45535, 36.632209], [127.455395, 36.632208], [127.455441, 36.632205], [127.455488, 36.632196], [127.455536, 36.632191], [127.455535, 36.63219], [127.455678, 36.63193], [127.455974, 36.632037], [127.455957, 36.632066], [127.456009, 36.632089], [127.456001, 36.632104]]]}}, {"type": "Feature", "properties": {"surface": "tree_mixed"}, "geometry": {"type": "Polygon", "coordinates": [[[127.457884, 36.623022], [127.457839, 36.622984], [127.457793, 36.622934], [127.457729, 36.622892], [127.457697, 36.622879], [127.457653, 36.622901], [127.457644, 36.622906], [127.45762, 36.622919], [127.457593, 36.622932], [127.457532, 36.622961], [127.457507, 36.622971], [127.457491, 36.622977], [127.457476, 36.622981], [127.457461, 36.622985], [127.457439, 36.62299], [127.457409, 36.622995], [127.457328, 36.623006], [127.457264, 36.623013], [127.457251, 36.623016], [127.457246, 36.623018], [127.457241, 36.62302], [127.457236, 36.623023], [127.45723, 36.623028], [127.457228, 36.62303], [127.457227, 36.623032], [127.457233, 36.623043], [127.457246, 36.623061], [127.45726, 36.623079], [127.457267, 36.623086], [127.457268, 36.623087], [127.457276, 36.62309], [127.457289, 36.623096], [127.457315, 36.623105], [127.45733, 36.62311], [127.45734, 36.623113], [127.457353, 36.623116], [127.457374, 36.623117], [127.457381, 36.623118], [127.457393, 36.623121], [127.457408, 36.623125], [127.457426, 36.623132], [127.457443, 36.62314], [127.457451, 36.623144], [127.457461, 36.623147], [127.457484, 36.623156], [127.4575, 36.623163], [127.457519, 36.623167], [127.457552, 36.623172], [127.457573, 36.623174], [127.457593, 36.623175], [127.457612, 36.623174], [127.457623, 36.623172], [127.457637, 36.623168], [127.45765, 36.623163], [127.457657, 36.623158], [127.457667, 36.623151], [127.457698, 36.623125], [127.457719, 36.623109], [127.457742, 36.623094], [127.457778, 36.623071], [127.457795, 36.623061], [127.457813, 36.623053], [127.457822, 36.62305], [127.457831, 36.623047], [127.457843, 36.623045], [127.45785, 36.623045], [127.457859, 36.623046], [127.457866, 36.623049], [127.457872, 36.623053], [127.457875, 36.623057], [127.457878, 36.623064], [127.457885, 36.623087], [127.45789, 36.623098], [127.457908, 36.623127], [127.457924, 36.623142], [127.457948, 36.623154], [127.457973, 36.623161], [127.457997, 36.623163], [127.458195, 36.623146], [127.458224, 36.623137], [127.458236, 36.623132], [127.458241, 36.623123], [127.458246, 36.623113], [127.458246, 36.623108], [127.458217, 36.623105], [127.458148, 36.623097], [127.458057, 36.623081], [127.457977, 36.623055], [127.457884, 36.623022]]]}}, {"type": "Feature", "properties": {"surface": "tree_mixed"}, "geometry": {"type": "Polygon", "coordinates": [[[127.457468, 36.624276], [127.457293, 36.624184], [127.457104, 36.624035], [127.456553, 36.623688], [127.45646, 36.623556], [127.456446, 36.623562], [127.45629, 36.623643], [127.456366, 36.623746], [127.456363, 36.623747], [127.456366, 36.623752], [127.456371, 36.623758], [127.456388, 36.62375], [127.456416, 36.623786], [127.456398, 36.623795], [127.456399, 36.623796], [127.45641, 36.623791], [127.456432, 36.623821], [127.456422, 36.623827], [127.456423, 36.623829], [127.456562, 36.623756], [127.457166, 36.62447], [127.45731, 36.62442], [127.457381, 36.624395], [127.457402, 36.624383], [127.457425, 36.62437], [127.457472, 36.624321], [127.457491, 36.624293], [127.457468, 36.624276]]]}}, {"type": "Feature", "properties": {"surface": "tree_mixed"}, "geometry": {"type": "Polygon", "coordinates": [[[127.454472, 36.629194], [127.454469, 36.629173], [127.45447, 36.629149], [127.454474, 36.629121], [127.454483, 36.629088], [127.454501, 36.629043], [127.454526, 36.628999], [127.454544, 36.628975], [127.454567, 36.62895], [127.454595, 36.628924], [127.454632, 36.628893], [127.454657, 36.628875], [127.454723, 36.628836], [127.454751, 36.628813], [127.454775, 36.628787], [127.454795, 36.628759], [127.454811, 36.628731], [127.454821, 36.628704], [127.454824, 36.628684], [127.454822, 36.628661], [127.454816, 36.628636], [127.454789, 36.628559], [127.454785, 36.628535], [127.454786, 36.628514], [127.454792, 36.628489], [127.454799, 36.628464], [127.45481, 36.62844], [127.454822, 36.628415], [127.45484, 36.628377], [127.454806, 36.628374], [127.454823, 36.628265], [127.454827, 36.628189], [127.454826, 36.628179], [127.454822, 36.628169], [127.454804, 36.628143], [127.454787, 36.628123], [127.454772, 36.628114], [127.45476, 36.628113], [127.454745, 36.628115], [127.454728, 36.62812], [127.454712, 36.628127], [127.454701, 36.628136], [127.454691, 36.62815], [127.454684, 36.628166], [127.454682, 36.628172], [127.454674, 36.628197], [127.454665, 36.628233], [127.454644, 36.628344], [127.454603, 36.628345], [127.454583, 36.628343], [127.454582, 36.628344], [127.454529, 36.628337], [127.454411, 36.628325], [127.454412, 36.628321], [127.454405, 36.62832], [127.454417, 36.628262], [127.454416, 36.628257], [127.454387, 36.628198], [127.454376, 36.628167], [127.454368, 36.628154], [127.454359, 36.628149], [127.454347, 36.628143], [127.45431, 36.628134], [127.454269, 36.628129], [127.454183, 36.628109], [127.454134, 36.628105], [127.454123, 36.628124], [127.454114, 36.628143], [127.454108, 36.628162], [127.454104, 36.628181], [127.454102, 36.628207], [127.454105, 36.628233], [127.45411, 36.628258], [127.45412, 36.62828], [127.454131, 36.628296], [127.454145, 36.628312], [127.454191, 36.628351], [127.454232, 36.628379], [127.454271, 36.6284], [127.454288, 36.628406], [127.45431, 36.62841], [127.454405, 36.62842], [127.454424, 36.628425], [127.454439, 36.628431], [127.454455, 36.628443], [127.454468, 36.628458], [127.45448, 36.628478], [127.454511, 36.628543], [127.454524, 36.628561], [127.454538, 36.628574], [127.454549, 36.628581], [127.454564, 36.628587], [127.454618, 36.628604], [127.454636, 36.628611], [127.454652, 36.62862], [127.454661, 36.628631], [127.454668, 36.628645], [127.454672, 36.628659], [127.454673, 36.628672], [127.454671, 36.628682], [127.454665, 36.628693], [127.454653, 36.628707], [127.454639, 36.628719], [127.454623, 36.628727], [127.454603, 36.628732], [127.45458, 36.628735], [127.454533, 36.628732], [127.45444, 36.628719], [127.454404, 36.628716], [127.454369, 36.628715], [127.45434, 36.628718], [127.454282, 36.62873], [127.454248, 36.628741], [127.454231, 36.628752], [127.454194, 36.628783], [127.454175, 36.628796], [127.454133, 36.628812], [127.454086, 36.628823], [127.454047, 36.628828], [127.454018, 36.62883], [127.453995, 36.628827], [127.453976, 36.628821], [127.453959, 36.628808], [127.453936, 36.628784], [127.453914, 36.628755], [127.453896, 36.628721], [127.453882, 36.628683], [127.453874, 36.628644], [127.453873, 36.628621], [127.453877, 36.628596], [127.453906, 36.628502], [127.453913, 36.628463], [127.453913, 36.62842], [127.453911, 36.628377], [127.453905, 36.628334], [127.453895, 36.628291], [127.453883, 36.628249], [127.453867, 36.628206], [127.453848, 36.628163], [127.453825, 36.628121], [127.453803, 36.628126], [127.453786, 36.628128], [127.453766, 36.628128], [127.453705, 36.628124], [127.453644, 36.628117], [127.453596, 36.628109], [127.453557, 36.628098], [127.453531, 36.628089], [127.453506, 36.628075], [127.453482, 36.628057], [127.453457, 36.628035], [127.453444, 36.628017], [127.45344, 36.627999], [127.45344, 36.627957], [127.453438, 36.627936], [127.453436, 36.627926], [127.45343, 36.62792], [127.453414, 36.627907], [127.45341, 36.627902], [127.453409, 36.627894], [127.453408, 36.627893], [127.453394, 36.627877], [127.453381, 36.627866], [127.453363, 36.627857], [127.453336, 36.627849], [127.453287, 36.627846], [127.45325, 36.627845], [127.453204, 36.627845], [127.453139, 36.627839], [127.453089, 36.627837], [127.453035, 36.62784], [127.453033, 36.62784], [127.453001, 36.627844], [127.452977, 36.627854], [127.452972, 36.62788], [127.452973, 36.627939], [127.453006, 36.628031], [127.453041, 36.628102], [127.45306, 36.628134], [127.453115, 36.628213], [127.453135, 36.628246], [127.453151, 36.628276], [127.453159, 36.628295], [127.453185, 36.628336], [127.453277, 36.628498], [127.453294, 36.62852], [127.453317, 36.628552], [127.453359, 36.628626], [127.453416, 36.628745], [127.453584, 36.629043], [127.453644, 36.629148], [127.453678, 36.629205], [127.453774, 36.629365], [127.453915, 36.629612], [127.453928, 36.629636], [127.453961, 36.629661], [127.454006, 36.629675], [127.454021, 36.629676], [127.454033, 36.629674], [127.454048, 36.62967], [127.454058, 36.629665], [127.454069, 36.629658], [127.454235, 36.629516], [127.454303, 36.629462], [127.454506, 36.629294], [127.45452, 36.629283], [127.454512, 36.629273], [127.454498, 36.629254], [127.454486, 36.629234], [127.454478, 36.629215], [127.454472, 36.629194]]]}}, {"type": "Feature", "properties": {"surface": "tree_mixed"}, "geometry": {"type": "Polygon", "coordinates": [[[127.451227, 36.629667], [127.451196, 36.629631], [127.451216, 36.629617], [127.451248, 36.62965], [127.451255, 36.629645], [127.451235, 36.629622], [127.451219, 36.629606], [127.451221, 36.629605], [127.451215, 36.629599], [127.451313, 36.629543], [127.451293, 36.629512], [127.451247, 36.629459], [127.451298, 36.629426], [127.451305, 36.629433], [127.451308, 36.629431], [127.451302, 36.629425], [127.4513, 36.629425], [127.451274, 36.629397], [127.451352, 36.62935], [127.451354, 36.629352], [127.451389, 36.62933], [127.451374, 36.629312], [127.45137, 36.629308], [127.451368, 36.629306], [127.451364, 36.629308], [127.45131, 36.629244], [127.451313, 36.629242], [127.451312, 36.629242], [127.451339, 36.629226], [127.451336, 36.629223], [127.451426, 36.629173], [127.451427, 36.629173], [127.451424, 36.629128], [127.451423, 36.629104], [127.451419, 36.629069], [127.45142, 36.629053], [127.451423, 36.629043], [127.45143, 36.629031], [127.451442, 36.629017], [127.451461, 36.629002], [127.451501, 36.628979], [127.451524, 36.628964], [127.451536, 36.628959], [127.451553, 36.628944], [127.451587, 36.628904], [127.451556, 36.628876], [127.451482, 36.628818], [127.451448, 36.628793], [127.451439, 36.628787], [127.451432, 36.628784], [127.45142, 36.628781], [127.451397, 36.628779], [127.451387, 36.628778], [127.45136, 36.628778], [127.451348, 36.628779], [127.451333, 36.62878], [127.451151, 36.628837], [127.451009, 36.628873], [127.450953, 36.628891], [127.450926, 36.628895], [127.45092, 36.628898], [127.450905, 36.628906], [127.450828, 36.628921], [127.450799, 36.629066], [127.450795, 36.62907], [127.4508, 36.629131], [127.4508, 36.629157], [127.450796, 36.62918], [127.450786, 36.629206], [127.450786, 36.629209], [127.450785, 36.629217], [127.450789, 36.629224], [127.450796, 36.629231], [127.450816, 36.629245], [127.450834, 36.629251], [127.450857, 36.629256], [127.450879, 36.629257], [127.450896, 36.629253], [127.450933, 36.629235], [127.450976, 36.629222], [127.451008, 36.629217], [127.451031, 36.629216], [127.451049, 36.629218], [127.451062, 36.629225], [127.45107, 36.629235], [127.451076, 36.629246], [127.451078, 36.629257], [127.451076, 36.629268], [127.451071, 36.629281], [127.451064, 36.629293], [127.451057, 36.6293], [127.451038, 36.629313], [127.451032, 36.629319], [127.451027, 36.629329], [127.451025, 36.629342], [127.451026, 36.629358], [127.45103, 36.629377], [127.451037, 36.629395], [127.45105, 36.629417], [127.451088, 36.62946], [127.451108, 36.629488], [127.451117, 36.629506], [127.45112, 36.629521], [127.451121, 36.629537], [127.451114, 36.629582], [127.451107, 36.629608], [127.451099, 36.629633], [127.451088, 36.629655], [127.451075, 36.629674], [127.451038, 36.629713], [127.45102, 36.629734], [127.451013, 36.629747], [127.451009, 36.629763], [127.451009, 36.629789], [127.451011, 36.629801], [127.451021, 36.629831], [127.45102, 36.629846], [127.451015, 36.629859], [127.451005, 36.629871], [127.450991, 36.629884], [127.450976, 36.629894], [127.451004, 36.629914], [127.451035, 36.629929], [127.451056, 36.629935], [127.45108, 36.629938], [127.451104, 36.629939], [127.451127, 36.629938], [127.451149, 36.629934], [127.451171, 36.629928], [127.451192, 36.629919], [127.451226, 36.629899], [127.451261, 36.629879], [127.451252, 36.629869], [127.451333, 36.629823], [127.451305, 36.629793], [127.451325, 36.62978], [127.451228, 36.629666], [127.451227, 36.629667]]]}}, {"type": "Feature", "properties": {"surface": "tree_mixed"}, "geometry": {"type": "Polygon", "coordinates": [[[127.45089, 36.630379], [127.450898, 36.630337], [127.450899, 36.630324], [127.450898, 36.630315], [127.450893, 36.630304], [127.450864, 36.630259], [127.450861, 36.630248], [127.450862, 36.630238], [127.450867, 36.630226], [127.450875, 36.630214], [127.450885, 36.630203], [127.450899, 36.630192], [127.45089, 36.630174], [127.450867, 36.63014], [127.450846, 36.630116], [127.450816, 36.630089], [127.45079, 36.630073], [127.450751, 36.63006], [127.450738, 36.630052], [127.450726, 36.630042], [127.4507, 36.630012], [127.450691, 36.629997], [127.450682, 36.62998], [127.450666, 36.62993], [127.45066, 36.629902], [127.450657, 36.629883], [127.45068, 36.629778], [127.450694, 36.629745], [127.45071, 36.629716], [127.450732, 36.629685], [127.45076, 36.62966], [127.450836, 36.629612], [127.450859, 36.629605], [127.450881, 36.629591], [127.450892, 36.629579], [127.450909, 36.629548], [127.450953, 36.629495], [127.450966, 36.629477], [127.450983, 36.629453], [127.450986, 36.629442], [127.45098, 36.629433], [127.450968, 36.629424], [127.450952, 36.629417], [127.450935, 36.629413], [127.45091, 36.629415], [127.450894, 36.629409], [127.450878, 36.629398], [127.450873, 36.62939], [127.450867, 36.629366], [127.450862, 36.629357], [127.450842, 36.629343], [127.450832, 36.629339], [127.450824, 36.629337], [127.450815, 36.629338], [127.450806, 36.629342], [127.450783, 36.629357], [127.450761, 36.629382], [127.450746, 36.629391], [127.450731, 36.629395], [127.450706, 36.629395], [127.450666, 36.629393], [127.450621, 36.629383], [127.450584, 36.629386], [127.450558, 36.629385], [127.450541, 36.629383], [127.450516, 36.629373], [127.450499, 36.62936], [127.450491, 36.629344], [127.450488, 36.629327], [127.450495, 36.629309], [127.450512, 36.629289], [127.450521, 36.629283], [127.450546, 36.629271], [127.450554, 36.629263], [127.45056, 36.629249], [127.45056, 36.62924], [127.450554, 36.629236], [127.450608, 36.62923], [127.450607, 36.629218], [127.450602, 36.629192], [127.450593, 36.629174], [127.450569, 36.629136], [127.450549, 36.629143], [127.450311, 36.629154], [127.45028, 36.629149], [127.45025, 36.629129], [127.450238, 36.629129], [127.450217, 36.62912], [127.450204, 36.629099], [127.450203, 36.629005], [127.450219, 36.629002], [127.450208, 36.62887], [127.450203, 36.628863], [127.450174, 36.628727], [127.450169, 36.628678], [127.450166, 36.628674], [127.450144, 36.628636], [127.45013, 36.62862], [127.450112, 36.628611], [127.450067, 36.628594], [127.450058, 36.628592], [127.450075, 36.628934], [127.450087, 36.629162], [127.450096, 36.62924], [127.450107, 36.629323], [127.450112, 36.629338], [127.450139, 36.629436], [127.450152, 36.629479], [127.450197, 36.62963], [127.450207, 36.629657], [127.450234, 36.629733], [127.450251, 36.629777], [127.450271, 36.629829], [127.450311, 36.629906], [127.450334, 36.629952], [127.450356, 36.629991], [127.450402, 36.630074], [127.450423, 36.630111], [127.45057, 36.630336], [127.450657, 36.630443], [127.450755, 36.630547], [127.45078, 36.630575], [127.4508, 36.630593], [127.450884, 36.630671], [127.450887, 36.630672], [127.450905, 36.630674], [127.450919, 36.630674], [127.450928, 36.630663], [127.450935, 36.630646], [127.450936, 36.630635], [127.450911, 36.630586], [127.450909, 36.630559], [127.450909, 36.630514], [127.450918, 36.630495], [127.450927, 36.630478], [127.450928, 36.630478], [127.45092, 36.630473], [127.450909, 36.630463], [127.4509, 36.630448], [127.450894, 36.63043], [127.450891, 36.630409], [127.45089, 36.630379]]]}}, {"type": "Feature", "properties": {"surface": "tree_mixed"}, "geometry": {"type": "Polygon", "coordinates": [[[127.452351, 36.631124], [127.45238, 36.631039], [127.452415, 36.630966], [127.452433, 36.630929], [127.452481, 36.630875], [127.452501, 36.630853], [127.45252, 36.630832], [127.452548, 36.630807], [127.452621, 36.630772], [127.452677, 36.630755], [127.452723, 36.630745], [127.452778, 36.630747], [127.452829, 36.630762], [127.452848, 36.630778], [127.452841, 36.630806], [127.452813, 36.630829], [127.452776, 36.630847], [127.452769, 36.630852], [127.45273, 36.630877], [127.452668, 36.630924], [127.45262, 36.630952], [127.452579, 36.630997], [127.452563, 36.631031], [127.452547, 36.631077], [127.452545, 36.631103], [127.452543, 36.631118], [127.452569, 36.6311], [127.452587, 36.631089], [127.452605, 36.631074], [127.452633, 36.631053], [127.452655, 36.631034], [127.45268, 36.631015], [127.452699, 36.631004], [127.452723, 36.630989], [127.452744, 36.630977], [127.452767, 36.630963], [127.452802, 36.630945], [127.452916, 36.630874], [127.452966, 36.630865], [127.452976, 36.630863], [127.452993, 36.630851], [127.453003, 36.630843], [127.453059, 36.630798], [127.453114, 36.630756], [127.45314, 36.63073], [127.453277, 36.630622], [127.45334, 36.630586], [127.453354, 36.630579], [127.453361, 36.630571], [127.453372, 36.630551], [127.453398, 36.63052], [127.453412, 36.630507], [127.453429, 36.630495], [127.453493, 36.630457], [127.453597, 36.630396], [127.453685, 36.63035], [127.453724, 36.630325], [127.453745, 36.630305], [127.453791, 36.630254], [127.453826, 36.630224], [127.453839, 36.630209], [127.453968, 36.630003], [127.453932, 36.629944], [127.453924, 36.629929], [127.453873, 36.62984], [127.453803, 36.629718], [127.45376, 36.629643], [127.453589, 36.629736], [127.453602, 36.62975], [127.453738, 36.629899], [127.453734, 36.629916], [127.453036, 36.630315], [127.452955, 36.630362], [127.452679, 36.630522], [127.452611, 36.630449], [127.452604, 36.630443], [127.452593, 36.63044], [127.45258, 36.630439], [127.452571, 36.630441], [127.452426, 36.630528], [127.452456, 36.630561], [127.452481, 36.630546], [127.452464, 36.630528], [127.452503, 36.630505], [127.452522, 36.630521], [127.452531, 36.630515], [127.452659, 36.630651], [127.452644, 36.630663], [127.452613, 36.630687], [127.452575, 36.630712], [127.45243, 36.630792], [127.452321, 36.630854], [127.452242, 36.630898], [127.452149, 36.630952], [127.452124, 36.63097], [127.452041, 36.631022], [127.452049, 36.63103], [127.451752, 36.631206], [127.451742, 36.631213], [127.45171, 36.63122], [127.451694, 36.631218], [127.451679, 36.631212], [127.451618, 36.631166], [127.451603, 36.631162], [127.45157, 36.631159], [127.451568, 36.631159], [127.451566, 36.631157], [127.451522, 36.631128], [127.451489, 36.631102], [127.451475, 36.631083], [127.451434, 36.631052], [127.451413, 36.631046], [127.451394, 36.631054], [127.451361, 36.631083], [127.451454, 36.631163], [127.451863, 36.631505], [127.45189, 36.631528], [127.451902, 36.631538], [127.451903, 36.631519], [127.451958, 36.631491], [127.452034, 36.631477], [127.45208, 36.631475], [127.452134, 36.631475], [127.452189, 36.631466], [127.452228, 36.631438], [127.452231, 36.631433], [127.45226, 36.631391], [127.452283, 36.63135], [127.452292, 36.631315], [127.452328, 36.631186], [127.452351, 36.631124]]]}}, {"type": "Feature", "properties": {"surface": "tree_mixed"}, "geometry": {"type": "Polygon", "coordinates": [[[127.459568, 36.623613], [127.45956, 36.623613], [127.459549, 36.623613], [127.459542, 36.623613], [127.459512, 36.623616], [127.459436, 36.623626], [127.459417, 36.623627], [127.4594, 36.623627], [127.459386, 36.623626], [127.459379, 36.623624], [127.459367, 36.623621], [127.459352, 36.623616], [127.459323, 36.623603], [127.459308, 36.623598], [127.459288, 36.623592], [127.459276, 36.623589], [127.459274, 36.623589], [127.459262, 36.623588], [127.459214, 36.623589], [127.459182, 36.62359], [127.458866, 36.623627], [127.458815, 36.623627], [127.458788, 36.623622], [127.458757, 36.623614], [127.458723, 36.623597], [127.458699, 36.623584], [127.458674, 36.623555], [127.45859, 36.623406], [127.458526, 36.623293], [127.458512, 36.62326], [127.458464, 36.623262], [127.458439, 36.623264], [127.458424, 36.62327], [127.45842, 36.623272], [127.458407, 36.623281], [127.458396, 36.623295], [127.458386, 36.623319], [127.458386, 36.623492], [127.458383, 36.623504], [127.458375, 36.623515], [127.458359, 36.623528], [127.458341, 36.623533], [127.458322, 36.623529], [127.458306, 36.623522], [127.458296, 36.623511], [127.458278, 36.623458], [127.458273, 36.623443], [127.458262, 36.623424], [127.458236, 36.623392], [127.458229, 36.623385], [127.45822, 36.623376], [127.45817, 36.623349], [127.458156, 36.623345], [127.458141, 36.623345], [127.458126, 36.623347], [127.458115, 36.623353], [127.457919, 36.623554], [127.45791, 36.623698], [127.457908, 36.623727], [127.457909, 36.62373], [127.457909, 36.623731], [127.457913, 36.623748], [127.457929, 36.623767], [127.457952, 36.623779], [127.457972, 36.623786], [127.457991, 36.623789], [127.458019, 36.623789], [127.458184, 36.623761], [127.458244, 36.623753], [127.458378, 36.623759], [127.458422, 36.623759], [127.458454, 36.62376], [127.458494, 36.623767], [127.458517, 36.623774], [127.458564, 36.623818], [127.458564, 36.62382], [127.45857, 36.623826], [127.45859, 36.623848], [127.458608, 36.623862], [127.458634, 36.623869], [127.45866, 36.623869], [127.458688, 36.623862], [127.458693, 36.623859], [127.458718, 36.623838], [127.458784, 36.623763], [127.458836, 36.623742], [127.458896, 36.623732], [127.458952, 36.623734], [127.458991, 36.623734], [127.459015, 36.623733], [127.459038, 36.623733], [127.459121, 36.623727], [127.459144, 36.623724], [127.459194, 36.623712], [127.459217, 36.623707], [127.459241, 36.623704], [127.459265, 36.623703], [127.459287, 36.623703], [127.459289, 36.623702], [127.459313, 36.623699], [127.459336, 36.623697], [127.459364, 36.623692], [127.459388, 36.62369], [127.459411, 36.623689], [127.459436, 36.623689], [127.459468, 36.623691], [127.459492, 36.623695], [127.459516, 36.623699], [127.459566, 36.623724], [127.459587, 36.623732], [127.459613, 36.623741], [127.459636, 36.623745], [127.459664, 36.623744], [127.459685, 36.623737], [127.459705, 36.623717], [127.459706, 36.623699], [127.4597, 36.623681], [127.459688, 36.62366], [127.459673, 36.623645], [127.459667, 36.623643], [127.459662, 36.623643], [127.459607, 36.623633], [127.459597, 36.623627], [127.459594, 36.623617], [127.459582, 36.623614], [127.459568, 36.623613]]]}}, {"type": "Feature", "properties": {"surface": "tree_mixed"}, "geometry": {"type": "Polygon", "coordinates": [[[127.459644, 36.624908], [127.459577, 36.62493], [127.459564, 36.624931], [127.459548, 36.625001], [127.459549, 36.625015], [127.459551, 36.625042], [127.459567, 36.625232], [127.459591, 36.625502], [127.459607, 36.625752], [127.459621, 36.625749], [127.459861, 36.625619], [127.459877, 36.62561], [127.459909, 36.625596], [127.459938, 36.625579], [127.459967, 36.625561], [127.459994, 36.625543], [127.460025, 36.625524], [127.460052, 36.625508], [127.460076, 36.625495], [127.460004, 36.625303], [127.459969, 36.625227], [127.459953, 36.625123], [127.45995, 36.625061], [127.459955, 36.625001], [127.459951, 36.624951], [127.45994, 36.624895], [127.459934, 36.62488], [127.459917, 36.624858], [127.459878, 36.624858], [127.459841, 36.624859], [127.459821, 36.624861], [127.459776, 36.624869], [127.459694, 36.624891], [127.459644, 36.624908]]]}}, {"type": "Feature", "properties": {"surface": "tree_mixed"}, "geometry": {"type": "Polygon", "coordinates": [[[127.461835, 36.628234], [127.461813, 36.628234], [127.461791, 36.628231], [127.461772, 36.628225], [127.461755, 36.628217], [127.461742, 36.628208], [127.461733, 36.628199], [127.461725, 36.628181], [127.461724, 36.628157], [127.461726, 36.628147], [127.461732, 36.628136], [127.461763, 36.6281], [127.461772, 36.628085], [127.461794, 36.628039], [127.461797, 36.628024], [127.461796, 36.628011], [127.461789, 36.627994], [127.461778, 36.627979], [127.461767, 36.627971], [127.461754, 36.627964], [127.461736, 36.627957], [127.461716, 36.627952], [127.461704, 36.627951], [127.461689, 36.627952], [127.461619, 36.627969], [127.461604, 36.627971], [127.461591, 36.62797], [127.461578, 36.627965], [127.461565, 36.627956], [127.461552, 36.627943], [127.461513, 36.627895], [127.461498, 36.627883], [127.461483, 36.627877], [127.461462, 36.627873], [127.461437, 36.627872], [127.46141, 36.627873], [127.461382, 36.627877], [127.461355, 36.627883], [127.461324, 36.627894], [127.461301, 36.627906], [127.461278, 36.627923], [127.461259, 36.627942], [127.461217, 36.627989], [127.461195, 36.628008], [127.461174, 36.628022], [127.461153, 36.628031], [127.461114, 36.628038], [127.46107, 36.628041], [127.461021, 36.628039], [127.460972, 36.628032], [127.460947, 36.628024], [127.460892, 36.628001], [127.460865, 36.627995], [127.460825, 36.627994], [127.460683, 36.628009], [127.460659, 36.628015], [127.460641, 36.628023], [127.460616, 36.628043], [127.460595, 36.628069], [127.460613, 36.628074], [127.460631, 36.628081], [127.460687, 36.628106], [127.460723, 36.628117], [127.460757, 36.628122], [127.460832, 36.628132], [127.460842, 36.628134], [127.461021, 36.628164], [127.461095, 36.628176], [127.461152, 36.628183], [127.461229, 36.628187], [127.461291, 36.628188], [127.461308, 36.62819], [127.461322, 36.628193], [127.461338, 36.628199], [127.461348, 36.628208], [127.46135, 36.628224], [127.461349, 36.628247], [127.461342, 36.628309], [127.461343, 36.628359], [127.461398, 36.628439], [127.461426, 36.628448], [127.461457, 36.628448], [127.461472, 36.62844], [127.461525, 36.62833], [127.461528, 36.628284], [127.461514, 36.628237], [127.461514, 36.628169], [127.461531, 36.62815], [127.461566, 36.628156], [127.461578, 36.628174], [127.461631, 36.628446], [127.46166, 36.628455], [127.46168, 36.628452], [127.461699, 36.628433], [127.461749, 36.628368], [127.461775, 36.628352], [127.461819, 36.628353], [127.461846, 36.628309], [127.461886, 36.628245], [127.461885, 36.628242], [127.461884, 36.628223], [127.461859, 36.62823], [127.461835, 36.628234]]]}}, {"type": "Feature", "properties": {"surface": "tree_mixed"}, "geometry": {"type": "Polygon", "coordinates": [[[127.461748, 36.62923], [127.461759, 36.629279], [127.461726, 36.629566], [127.46171, 36.629599], [127.46164, 36.629745], [127.461639, 36.629748], [127.461587, 36.629855], [127.461542, 36.629925], [127.461532, 36.629941], [127.461447, 36.629905], [127.461477, 36.629946], [127.461524, 36.630002], [127.461635, 36.630106], [127.461644, 36.630103], [127.461652, 36.630083], [127.461658, 36.630066], [127.461789, 36.629676], [127.461818, 36.629585], [127.461833, 36.629539], [127.462085, 36.628765], [127.462115, 36.628675], [127.462135, 36.628614], [127.462232, 36.62834], [127.462186, 36.62832], [127.462173, 36.628316], [127.462137, 36.628313], [127.462083, 36.628296], [127.462023, 36.628282], [127.461976, 36.628277], [127.461945, 36.62828], [127.461908, 36.628337], [127.46176, 36.628569], [127.461682, 36.62871], [127.461547, 36.628953], [127.461524, 36.629003], [127.46157, 36.629014], [127.461634, 36.62903], [127.461658, 36.629035], [127.461675, 36.629055], [127.461722, 36.629102], [127.461748, 36.62923]]]}}, {"type": "Feature", "properties": {"surface": "tree_mixed"}, "geometry": {"type": "Polygon", "coordinates": [[[127.461417, 36.629984], [127.461403, 36.629957], [127.461383, 36.629935], [127.461344, 36.629921], [127.461078, 36.629858], [127.460884, 36.629821], [127.460859, 36.629822], [127.460847, 36.629826], [127.460838, 36.629837], [127.460839, 36.629851], [127.460869, 36.629971], [127.460885, 36.629985], [127.460893, 36.630028], [127.4609, 36.630047], [127.460908, 36.630061], [127.460916, 36.630068], [127.460931, 36.630075], [127.460944, 36.630076], [127.460964, 36.630076], [127.460988, 36.630073], [127.461044, 36.630058], [127.461129, 36.630046], [127.461152, 36.63004], [127.461214, 36.630021], [127.461233, 36.630017], [127.461251, 36.630016], [127.461273, 36.630018], [127.461296, 36.630025], [127.461308, 36.630032], [127.461321, 36.630044], [127.461334, 36.63006], [127.461345, 36.630079], [127.461356, 36.630115], [127.46137, 36.63016], [127.461379, 36.630198], [127.461385, 36.630228], [127.461383, 36.630244], [127.461377, 36.630255], [127.461368, 36.630267], [127.461343, 36.630286], [127.461331, 36.630299], [127.461324, 36.630309], [127.461322, 36.630323], [127.461329, 36.63035], [127.461329, 36.630361], [127.461325, 36.630382], [127.461317, 36.630408], [127.461302, 36.630437], [127.46128, 36.630469], [127.461257, 36.630495], [127.461233, 36.630517], [127.461202, 36.63054], [127.461172, 36.630556], [127.461142, 36.630566], [127.461097, 36.630576], [127.461055, 36.630581], [127.460994, 36.630585], [127.460912, 36.630586], [127.460908, 36.630586], [127.460872, 36.630589], [127.460834, 36.630596], [127.460792, 36.630608], [127.460763, 36.630623], [127.46072, 36.630655], [127.460702, 36.630668], [127.460694, 36.630676], [127.460686, 36.630685], [127.460683, 36.630693], [127.460681, 36.630702], [127.460683, 36.630707], [127.460695, 36.630715], [127.460706, 36.630719], [127.460719, 36.63072], [127.460734, 36.630719], [127.46075, 36.630716], [127.460783, 36.630701], [127.46081, 36.630696], [127.460846, 36.630695], [127.460883, 36.630699], [127.460912, 36.630698], [127.460957, 36.630692], [127.460998, 36.630686], [127.461045, 36.630675], [127.461064, 36.630672], [127.461097, 36.630674], [127.461142, 36.630683], [127.461165, 36.630689], [127.461186, 36.630691], [127.461213, 36.63069], [127.461236, 36.630687], [127.461291, 36.630673], [127.461342, 36.630668], [127.461362, 36.630663], [127.461457, 36.630629], [127.461529, 36.630437], [127.461559, 36.630353], [127.461614, 36.630207], [127.46161, 36.630196], [127.461428, 36.630005], [127.461417, 36.629984]]]}}, {"type": "Feature", "properties": {"surface": "water"}, "geometry": {"type": "Polygon", "coordinates": [[[127.453601, 36.623517], [127.453538, 36.623558], [127.453298, 36.623801], [127.45329, 36.623811], [127.453285, 36.623821], [127.453285, 36.623832], [127.453288, 36.623843], [127.453296, 36.623853], [127.453309, 36.623863], [127.453328, 36.623871], [127.453354, 36.623877], [127.453405, 36.623875], [127.453701, 36.623856], [127.453719, 36.623853], [127.45373, 36.623844], [127.453735, 36.623834], [127.453742, 36.623816], [127.453715, 36.623516], [127.453706, 36.623504], [127.453688, 36.623497], [127.453664, 36.623496], [127.453637, 36.623501], [127.453601, 36.623517]]]}}, {"type": "Feature", "properties": {"surface": "water"}, "geometry": {"type": "Polygon", "coordinates": [[[127.456201, 36.629018], [127.456246, 36.628992], [127.456278, 36.628977], [127.456336, 36.628966], [127.456413, 36.628969], [127.456493, 36.628918], [127.456479, 36.628845], [127.456476, 36.628799], [127.456468, 36.628754], [127.456451, 36.628706], [127.456431, 36.628679], [127.456404, 36.628655], [127.456373, 36.628634], [127.456339, 36.628617], [127.456294, 36.628608], [127.456243, 36.628608], [127.456191, 36.628616], [127.456156, 36.628624], [127.456063, 36.62866], [127.456001, 36.628691], [127.455945, 36.628721], [127.45588, 36.628788], [127.455837, 36.628853], [127.455831, 36.628875], [127.455834, 36.628901], [127.455862, 36.628971], [127.455863, 36.628986], [127.455861, 36.629029], [127.455854, 36.629058], [127.455858, 36.629092], [127.455878, 36.629126], [127.455904, 36.62915], [127.455931, 36.629165], [127.455962, 36.629178], [127.455987, 36.629181], [127.456027, 36.629181], [127.456053, 36.629171], [127.456177, 36.629108], [127.456176, 36.629078], [127.456179, 36.629057], [127.456201, 36.629018]]]}}], "name": "cbnu_landcover", "metadata": {"generated_at": "2026-09-27T10:18:27.020172+00:00", "source": "환경부 세분류 토지피복지도 2025 (도엽 36706049, 36706059, 2024년 영상 기준)", "area": "campus boundary + 100 m", "note": "built-up land-use classes are mapped to 'paved'; street trees are not included (see cbnu_street_trees.geojson)", "campus_share": {"paved": 0.5565, "grass": 0.2272, "tree_mixed": 0.0565, "field": 0.046, "bare": 0.0413, "tree_conifer": 0.0366, "tree_broadleaf": 0.033, "water": 0.0028}}}
