tm,ta,hm,td,pv,ws,wd,icsr,ss,cloud,ts
2025-06-01 00:00,19.7,45,7.4,10.3,0.2,0,,,4,16.6
2025-06-01 01:00,19.5,48,8.1,10.8,0.2,0,,,7,16.6
2025-06-01 02:00,17.9,55,8.7,11.2,1.1,250,,,7,16.3
2025-06-01 03:00,17.8,56,8.8,11.3,0.0,0,,,3,15.1
2025-06-01 04:00,17.2,60,9.3,11.7,0.4,0,,,0,14.6
2025-06-01 05:00,16.5,69,10.7,12.9,0.6,290,,,2,14.1
2025-06-01 06:00,16.5,64,9.6,11.9,0.0,0,0.01,0.0,1,14.9
2025-06-01 07:00,17.3,68,11.3,13.4,0.5,360,0.49,0.4,1,18.2
2025-06-01 08:00,19.5,59,11.2,13.3,0.8,250,1.15,1.0,0,26.2
2025-06-01 09:00,21.5,55,12.0,14.0,1.0,250,1.95,1.0,4,35.2
2025-06-01 10:00,23.2,49,11.8,13.8,0.9,20,2.43,1.0,1,42.0
2025-06-01 11:00,24.2,49,12.8,14.8,1.2,320,3.11,1.0,0,48.5
2025-06-01 12:00,26.6,40,11.8,13.8,1.6,290,3.46,1.0,0,53.3
2025-06-01 13:00,28.5,36,11.9,13.9,1.2,90,3.62,1.0,0,55.2
2025-06-01 14:00,28.9,30,9.5,11.9,1.1,140,3.53,1.0,3,55.4
2025-06-01 15:00,29.3,32,10.8,12.9,1.2,320,3.04,1.0,5,51.6
2025-06-01 16:00,29.2,35,12.1,14.1,1.6,270,2.11,1.0,9,43.2
2025-06-01 17:00,29.4,33,11.4,13.5,1.8,290,1.78,1.0,4,40.0
2025-06-01 18:00,27.8,39,12.5,14.5,2.3,290,0.86,0.5,9,31.3
2025-06-01 19:00,25.9,44,12.7,14.7,2.0,290,0.34,0.0,5,26.8
2025-06-01 20:00,24.4,51,13.5,15.5,1.3,270,0.02,0.0,8,23.3
2025-06-01 21:00,22.8,51,12.1,14.1,1.6,270,,,3,21.5
2025-06-01 22:00,22.7,48,11.1,13.2,0.4,0,,,8,20.6
2025-06-01 23:00,22.0,47,10.1,12.4,0.9,270,,,7,19.2
2025-06-02 00:00,21.5,49,10.3,12.5,0.3,0,,,4,18.8
2025-06-02 01:00,20.7,53,10.7,12.9,1.7,270,,,10,19.2
2025-06-02 02:00,20.5,57,11.6,13.7,1.3,270,,,9,19.2
2025-06-02 03:00,20.0,58,11.4,13.5,0.5,270,,,6,19.0
2025-06-02 04:00,19.7,60,11.7,13.7,0.5,270,,,4,18.3
2025-06-02 05:00,19.3,62,11.8,13.8,0.8,270,,,9,18.2
2025-06-02 06:00,19.4,65,12.6,14.6,0.1,0,0.01,0.0,10,19.6
2025-06-02 07:00,19.6,66,13.0,15.0,0.5,50,0.09,0.0,10,20.5
2025-06-02 08:00,19.7,68,13.6,15.6,1.0,290,0.28,0.0,10,22.1
2025-06-02 09:00,19.7,67,13.3,15.3,1.7,290,0.26,0.0,10,21.2
2025-06-02 10:00,20.6,63,13.3,15.3,1.1,270,0.56,0.0,10,24.2
2025-06-02 11:00,22.5,54,12.7,14.7,1.4,70,1.31,0.0,10,30.2
2025-06-02 12:00,22.3,52,11.9,13.9,0.6,290,0.95,0.0,10,27.6
2025-06-02 13:00,23.4,53,13.2,15.2,1.4,270,1.38,0.0,10,33.5
2025-06-02 14:00,23.6,53,13.4,15.4,1.3,290,1.39,0.0,10,32.4
2025-06-02 15:00,23.4,51,12.6,14.6,1.3,290,1.36,0.0,10,30.8
2025-06-02 16:00,23.1,50,12.1,14.1,1.2,270,0.62,0.0,10,26.7
2025-06-02 17:00,23.1,47,11.1,13.2,0.9,270,0.43,0.0,10,25.8
2025-06-02 18:00,22.8,54,12.9,14.9,0.9,110,0.22,0.0,10,24.3
2025-06-02 19:00,21.7,66,15.0,17.0,2.2,50,0.03,0.0,9,22.8
2025-06-02 20:00,21.5,66,14.8,16.8,1.0,70,0.0,0.0,10,22.0
2025-06-02 21:00,21.2,66,14.5,16.5,0.8,340,,,10,21.5
2025-06-02 22:00,21.1,67,14.7,16.7,0.9,50,,,10,21.2
2025-06-02 23:00,20.4,73,15.3,17.4,0.6,360,,,8,21.0
2025-06-03 00:00,20.2,69,14.3,16.3,1.5,70,,,10,20.7
2025-06-03 01:00,19.9,69,14.0,16.0,0.9,270,,,8,20.5
2025-06-03 02:00,19.5,64,12.5,14.5,0.7,250,,,9,20.0
2025-06-03 03:00,19.1,61,11.3,13.4,1.0,270,,,10,19.7
2025-06-03 04:00,19.1,62,11.6,13.7,0.6,250,,,10,19.6
2025-06-03 05:00,18.7,63,11.5,13.6,1.2,270,,,9,19.1
2025-06-03 06:00,18.3,63,11.1,13.2,1.3,250,0.0,0.0,9,19.2
2025-06-03 07:00,18.7,64,11.7,13.7,1.0,270,0.23,0.0,4,20.2
2025-06-03 08:00,20.2,60,12.1,14.1,0.9,200,1.06,0.8,3,25.9
2025-06-03 09:00,21.7,58,13.0,15.0,1.4,270,1.87,1.0,0,32.7
2025-06-03 10:00,23.3,54,13.4,15.4,1.6,290,2.62,1.0,0,40.1
2025-06-03 11:00,24.6,46,12.2,14.2,1.7,290,3.16,1.0,0,45.7
2025-06-03 12:00,26.1,39,11.0,13.1,2.7,270,3.53,1.0,2,48.9
2025-06-03 13:00,26.5,42,12.5,14.5,2.2,270,3.26,0.8,5,44.7
2025-06-03 14:00,26.8,37,10.8,12.9,2.6,290,2.86,0.6,4,45.0
2025-06-03 15:00,27.1,36,10.7,12.9,3.9,270,3.28,0.9,5,45.8
2025-06-03 16:00,26.4,41,12.0,14.0,3.7,270,2.67,0.9,5,41.2
2025-06-03 17:00,25.4,38,10.0,12.3,3.8,290,2.15,1.0,2,36.5
2025-06-03 18:00,25.0,22,1.7,6.9,3.6,270,1.26,0.9,1,27.3
2025-06-03 19:00,24.1,23,1.6,6.9,2.0,270,0.67,1.0,0,23.1
2025-06-03 20:00,22.4,35,6.1,9.4,1.5,270,0.03,0.1,0,20.2
2025-06-03 21:00,21.1,43,8.0,10.7,2.5,270,,,0,19.2
2025-06-03 22:00,20.0,46,8.0,10.7,1.9,270,,,0,18.1
2025-06-03 23:00,19.1,42,5.8,9.2,2.3,270,,,0,17.0
2025-06-04 00:00,18.0,46,6.1,9.4,1.5,290,,,0,16.1
2025-06-04 01:00,17.1,53,7.4,10.3,1.8,270,,,0,15.6
2025-06-04 02:00,16.5,60,8.6,11.2,1.2,250,,,0,15.1
2025-06-04 03:00,16.7,60,8.8,11.3,0.5,230,,,0,14.6
2025-06-04 04:00,16.1,63,9.0,11.5,0.8,200,,,0,14.3
2025-06-04 05:00,15.8,68,9.8,12.1,0.5,160,,,0,14.1
2025-06-04 06:00,15.8,73,10.9,13.0,0.5,180,0.05,0.2,0,15.1
2025-06-04 07:00,17.1,71,11.7,13.7,1.0,230,0.57,1.0,0,17.5
2025-06-04 08:00,18.7,63,11.5,13.6,1.5,270,1.3,1.0,0,25.6
2025-06-04 09:00,20.5,56,11.4,13.5,3.1,270,2.11,1.0,0,33.2
2025-06-04 10:00,23.2,43,9.9,12.2,3.5,270,2.79,1.0,0,39.7
2025-06-04 11:00,24.8,42,11.0,13.1,3.6,270,3.32,1.0,0,45.0
2025-06-04 12:00,27.1,27,6.4,9.6,3.4,270,3.58,1.0,2,48.5
2025-06-04 13:00,27.4,25,5.6,9.1,3.4,290,3.7,0.9,3,49.6
2025-06-04 14:00,27.1,27,6.4,9.6,2.8,290,3.03,0.7,5,44.4
2025-06-04 15:00,27.1,26,5.9,9.3,3.4,290,2.91,0.8,3,45.9
2025-06-04 16:00,26.7,23,3.8,8.0,3.4,290,2.84,1.0,2,42.0
2025-06-04 17:00,25.9,26,4.9,8.7,2.7,290,2.17,1.0,0,37.0
2025-06-04 18:00,25.1,26,4.2,8.2,3.2,290,1.41,1.0,0,27.9
2025-06-04 19:00,23.1,34,6.3,9.5,1.8,290,0.67,1.0,0,23.6
2025-06-04 20:00,21.2,42,7.7,10.5,1.7,270,0.03,0.1,0,20.6
2025-06-04 21:00,20.1,46,8.1,10.8,1.3,270,,,0,18.7
2025-06-04 22:00,19.3,50,8.6,11.2,2.3,270,,,0,18.1
2025-06-04 23:00,18.6,52,8.5,11.1,1.9,270,,,0,17.2
2025-06-05 00:00,18.2,53,8.4,11.0,1.1,270,,,0,16.3
2025-06-05 01:00,17.8,54,8.3,10.9,0.5,270,,,0,15.3
2025-06-05 02:00,16.9,58,8.5,11.1,1.5,270,,,0,15.3
2025-06-05 03:00,16.6,60,8.7,11.2,0.9,230,,,0,14.8
2025-06-05 04:00,16.2,61,8.6,11.2,0.9,160,,,0,14.5
2025-06-05 05:00,15.3,65,8.7,11.2,0.9,230,,,0,14.0
2025-06-05 06:00,15.8,64,8.9,11.4,1.1,140,0.05,0.2,0,14.6
2025-06-05 07:00,17.1,60,9.2,11.6,1.0,230,0.63,1.0,0,17.2
2025-06-05 08:00,18.7,55,9.4,11.8,1.0,270,1.35,1.0,0,26.3
2025-06-05 09:00,20.3,48,8.9,11.4,2.1,270,2.16,1.0,0,34.4
2025-06-05 10:00,22.4,44,9.5,11.9,1.8,270,2.81,1.0,0,41.9
2025-06-05 11:00,24.6,38,9.3,11.7,2.3,290,3.34,1.0,0,47.3
2025-06-05 12:00,25.8,35,9.1,11.6,2.5,270,3.67,1.0,0,51.1
2025-06-05 13:00,27.1,34,9.8,12.1,2.2,250,3.77,1.0,0,52.8
2025-06-05 14:00,28.2,29,8.4,11.0,1.6,320,3.64,1.0,3,53.1
2025-06-05 15:00,28.1,31,9.3,11.7,1.8,250,3.12,1.0,5,48.9
2025-06-05 16:00,28.3,29,8.5,11.1,2.0,270,2.15,1.0,7,41.2
2025-06-05 17:00,27.6,30,8.4,11.0,2.6,270,1.56,0.9,6,36.4
2025-06-05 18:00,27.0,34,9.7,12.0,1.7,290,0.95,0.6,6,30.2
2025-06-05 19:00,26.3,36,10.0,12.3,1.3,230,0.39,0.0,6,27.2
2025-06-05 20:00,24.8,40,10.2,12.4,1.6,270,0.04,0.0,0,22.8
2025-06-05 21:00,23.8,41,9.7,12.0,1.6,270,,,3,21.5
2025-06-05 22:00,22.7,45,10.1,12.4,1.5,270,,,0,19.6
2025-06-05 23:00,21.8,44,8.9,11.4,0.7,250,,,6,18.8
2025-06-06 00:00,21.2,49,10.0,12.3,1.1,140,,,6,19.6
2025-06-06 01:00,21.0,47,9.2,11.6,1.3,140,,,9,19.2
2025-06-06 02:00,20.7,48,9.2,11.6,0.2,0,,,10,19.2
2025-06-06 03:00,20.6,47,8.8,11.3,0.2,0,,,7,19.0
2025-06-06 04:00,20.0,53,10.1,12.4,0.0,0,,,7,18.1
2025-06-06 05:00,19.5,56,10.4,12.6,0.1,0,,,8,17.7
2025-06-06 06:00,19.2,64,12.2,14.2,0.0,0,0.0,0.0,9,18.3
2025-06-06 07:00,19.8,52,9.6,11.9,0.6,180,0.25,0.0,9,20.7
2025-06-06 08:00,20.4,52,10.2,12.4,0.2,0,0.51,0.0,9,23.6
2025-06-06 09:00,21.7,47,9.8,12.1,0.6,200,0.79,0.0,9,25.7
2025-06-06 10:00,23.2,41,9.2,11.6,1.0,180,1.44,0.0,9,31.7
2025-06-06 11:00,25.7,40,11.0,13.1,0.9,230,2.01,0.1,8,40.2
2025-06-06 12:00,26.6,32,8.5,11.1,1.7,250,1.76,0.1,9,35.7
2025-06-06 13:00,28.6,29,8.8,11.3,3.4,270,3.33,0.7,8,48.2
2025-06-06 14:00,30.4,28,9.8,12.1,3.3,270,3.55,1.0,7,51.2
2025-06-06 15:00,30.3,26,8.6,11.2,3.9,270,2.9,1.0,8,45.5
2025-06-06 16:00,29.9,28,9.4,11.8,3.9,270,2.44,1.0,7,43.5
2025-06-06 17:00,28.5,32,10.1,12.4,3.9,270,1.75,0.8,6,34.7
2025-06-06 18:00,27.7,32,9.4,11.8,2.2,270,0.78,0.2,7,30.3
2025-06-06 19:00,27.1,35,10.3,12.5,1.5,230,0.61,0.6,7,26.8
2025-06-06 20:00,26.0,38,10.5,12.7,1.5,270,0.07,0.0,6,23.6
2025-06-06 21:00,24.7,42,10.9,13.0,1.4,270,,,0,21.6
2025-06-06 22:00,24.1,43,10.7,12.9,1.1,290,,,7,20.7
2025-06-06 23:00,23.3,46,11.0,13.1,0.6,140,,,3,19.7
2025-06-07 00:00,22.2,50,11.2,13.3,0.4,0,,,0,18.6
2025-06-07 01:00,21.6,52,11.3,13.4,0.6,230,,,,18.1
2025-06-07 02:00,21.0,54,11.3,13.4,0.3,0,,,0,17.6
2025-06-07 03:00,20.2,57,11.4,13.5,0.1,0,,,7,17.2
2025-06-07 04:00,19.1,66,12.5,14.5,0.1,0,,,9,17.1
2025-06-07 05:00,19.0,66,12.4,14.4,0.1,0,,,6,17.0
2025-06-07 06:00,18.7,67,12.4,14.4,0.5,290,0.0,0.0,7,17.8
2025-06-07 07:00,19.2,67,12.9,14.9,0.1,0,0.27,0.0,8,20.6
2025-06-07 08:00,20.7,59,12.3,14.3,0.3,0,0.71,0.0,8,24.7
2025-06-07 09:00,22.8,55,13.2,15.2,1.3,90,1.58,0.6,6,34.0
2025-06-07 10:00,25.7,42,11.8,13.8,1.3,360,2.63,1.0,5,43.7
2025-06-07 11:00,26.4,43,12.8,14.8,2.6,290,3.08,1.0,6,47.9
2025-06-07 12:00,28.0,40,13.1,15.1,1.7,250,3.41,0.9,6,50.5
2025-06-07 13:00,29.3,38,13.5,15.5,1.7,290,3.2,0.8,4,52.9
2025-06-07 14:00,30.1,35,12.9,14.9,2.7,250,3.59,1.0,2,53.2
2025-06-07 15:00,30.4,37,14.0,16.0,1.8,270,3.17,1.0,2,50.9
2025-06-07 16:00,30.5,38,14.5,16.5,2.2,250,2.56,1.0,3,45.9
2025-06-07 17:00,30.2,39,14.7,16.7,2.3,270,1.36,0.8,4,37.8
2025-06-07 18:00,29.3,40,14.2,16.2,2.1,270,0.73,0.1,3,33.0
2025-06-07 19:00,27.5,51,16.4,18.6,1.6,290,0.33,0.0,7,28.8
2025-06-07 20:00,26.2,56,16.7,19.0,1.3,270,0.02,0.0,7,25.7
2025-06-07 21:00,25.3,57,16.1,18.3,1.6,270,,,2,24.5
2025-06-07 22:00,24.7,61,16.6,18.9,1.2,270,,,10,24.6
2025-06-07 23:00,24.2,64,16.9,19.2,1.3,270,,,9,24.2
2025-06-08 00:00,23.6,68,17.3,19.7,1.4,270,,,6,23.6
2025-06-08 01:00,23.7,67,17.2,19.6,0.8,250,,,8,24.1
2025-06-08 02:00,23.3,70,17.5,20.0,0.8,250,,,8,23.0
2025-06-08 03:00,23.3,70,17.5,20.0,0.9,200,,,8,23.3
2025-06-08 04:00,23.1,75,18.4,21.2,1.4,270,,,8,23.3
2025-06-08 05:00,22.8,76,18.3,21.0,1.4,270,,,8,22.7
2025-06-08 06:00,23.0,74,18.1,20.8,0.6,230,0.01,0.0,10,23.1
2025-06-08 07:00,23.3,72,17.9,20.5,0.9,160,0.26,0.0,10,25.2
2025-06-08 08:00,23.9,71,18.3,21.0,0.9,180,0.56,0.0,10,27.7
2025-06-08 09:00,24.7,67,18.1,20.8,0.9,230,0.97,0.0,9,31.7
2025-06-08 10:00,25.6,62,17.7,20.2,1.3,230,1.74,0.2,7,37.2
2025-06-08 11:00,27.4,57,18.1,20.8,1.3,290,2.38,0.3,9,43.8
2025-06-08 12:00,28.4,51,17.2,19.6,1.6,250,2.3,0.2,6,47.0
2025-06-08 13:00,29.2,49,17.3,19.7,1.6,160,2.91,0.6,5,50.7
2025-06-08 14:00,30.7,44,17.0,19.4,1.7,270,2.37,0.4,5,49.0
2025-06-08 15:00,31.2,38,15.1,17.2,2.1,250,3.09,0.8,5,52.3
2025-06-08 16:00,31.2,40,15.9,18.1,1.8,270,2.6,0.9,3,46.2
2025-06-08 17:00,31.9,38,15.8,17.9,1.5,270,2.16,1.0,2,43.2
2025-06-08 18:00,30.2,41,15.4,17.5,1.5,270,0.78,0.4,3,32.7
2025-06-08 19:00,28.3,60,19.7,22.9,2.0,290,0.33,0.2,0,29.7
2025-06-08 20:00,27.0,64,19.6,22.8,0.9,270,0.06,0.0,0,26.5
2025-06-08 21:00,26.2,67,19.5,22.7,1.9,290,,,0,25.2
2025-06-08 22:00,25.7,69,19.5,22.7,1.1,270,,,3,25.3
2025-06-08 23:00,25.1,69,19.0,22.0,2.0,270,,,4,25.1
2025-06-09 00:00,23.8,72,18.4,21.2,2.9,270,,,3,23.8
2025-06-09 01:00,22.8,77,18.5,21.3,2.3,270,,,8,23.7
2025-06-09 02:00,22.7,75,18.0,20.6,2.5,270,,,7,24.0
2025-06-09 03:00,22.2,77,17.9,20.5,2.0,250,,,8,23.6
2025-06-09 04:00,22.0,77,17.7,20.2,1.6,230,,,8,23.2
2025-06-09 05:00,22.1,77,17.8,20.4,1.0,250,,,8,23.2
2025-06-09 06:00,22.2,76,17.7,20.2,1.2,140,0.01,0.0,10,23.6
2025-06-09 07:00,22.3,76,17.8,20.4,1.6,200,0.24,0.0,9,24.7
2025-06-09 08:00,23.1,73,17.9,20.5,1.5,160,0.68,0.0,10,27.7
2025-06-09 09:00,24.1,67,17.5,20.0,0.7,250,1.13,0.0,7,31.8
2025-06-09 10:00,25.0,65,17.9,20.5,1.6,50,1.71,0.3,7,35.8
2025-06-09 11:00,26.7,56,17.1,19.5,1.2,200,2.44,0.4,6,42.8
2025-06-09 12:00,27.7,52,16.9,19.2,2.1,160,3.1,0.3,5,50.0
2025-06-09 13:00,28.9,48,16.7,19.0,1.9,270,2.79,0.4,4,50.7
2025-06-09 14:00,30.3,44,16.6,18.9,1.7,230,3.54,0.9,3,54.7
2025-06-09 15:00,30.4,44,16.7,19.0,1.7,270,3.28,1.0,5,52.8
2025-06-09 16:00,31.2,41,16.3,18.5,1.8,320,2.37,0.9,6,48.1
2025-06-09 17:00,31.2,35,13.9,15.9,2.2,270,1.9,1.0,3,42.2
2025-06-09 18:00,30.2,40,15.0,17.0,1.4,250,1.25,0.8,4,34.4
2025-06-09 19:00,28.4,55,18.4,21.2,2.4,290,0.45,0.5,0,30.6
2025-06-09 20:00,26.3,65,19.1,22.1,1.7,290,0.07,0.0,4,27.2
2025-06-09 21:00,25.2,69,19.1,22.1,0.7,230,,,0,25.0
2025-06-09 22:00,25.0,70,19.1,22.1,0.8,270,,,8,24.0
2025-06-09 23:00,24.1,74,19.1,22.1,1.0,270,,,7,23.2
2025-06-10 00:00,23.5,77,19.2,22.2,0.3,0,,,0,22.2
2025-06-10 01:00,23.1,77,18.8,21.7,0.8,290,,,0,22.0
2025-06-10 02:00,22.6,78,18.5,21.3,0.8,270,,,0,21.6
2025-06-10 03:00,22.2,81,18.7,21.6,1.4,290,,,1,21.3
2025-06-10 04:00,21.7,80,18.0,20.6,0.3,0,,,9,22.0
2025-06-10 05:00,21.7,80,18.0,20.6,1.3,270,,,9,22.2
2025-06-10 06:00,21.7,79,17.8,20.4,1.1,270,0.0,0.0,9,23.0
2025-06-10 07:00,21.7,79,17.8,20.4,1.3,270,0.34,0.0,7,24.6
2025-06-10 08:00,23.8,68,17.5,20.0,1.3,160,1.08,0.6,5,30.4
2025-06-10 09:00,25.5,62,17.6,20.1,2.2,180,2.01,1.0,5,38.1
2025-06-10 10:00,26.3,55,16.5,18.8,1.4,270,2.33,0.5,9,41.8
2025-06-10 11:00,27.2,54,17.0,19.4,2.1,290,2.8,0.6,7,46.1
2025-06-10 12:00,28.6,48,16.5,18.8,2.1,290,2.71,0.0,8,47.5
2025-06-10 13:00,26.7,54,16.6,18.9,2.5,270,1.7,0.1,8,40.4
2025-06-10 14:00,27.2,55,17.3,19.7,2.1,290,2.5,0.4,7,45.2
2025-06-10 15:00,28.1,51,17.0,19.4,1.9,270,2.35,0.6,7,46.7
2025-06-10 16:00,28.7,46,15.9,18.1,2.9,270,2.19,0.7,7,42.7
2025-06-10 17:00,27.2,54,17.0,19.4,2.0,270,0.92,0.1,8,34.9
2025-06-10 18:00,26.4,58,17.4,19.9,2.5,290,0.76,0.2,7,32.0
2025-06-10 19:00,25.4,54,15.4,17.5,2.9,270,0.68,0.5,8,28.6
2025-06-10 20:00,23.7,59,15.2,17.3,2.9,290,0.02,0.0,9,24.6
2025-06-10 21:00,22.5,62,14.8,16.8,3.0,290,,,7,24.2
2025-06-10 22:00,20.8,60,12.7,14.7,1.8,290,,,7,21.2
2025-06-10 23:00,20.2,56,11.1,13.2,1.9,270,,,8,20.0
2025-06-11 00:00,19.8,55,10.4,12.6,1.1,290,,,8,19.7
2025-06-11 01:00,19.5,54,9.9,12.2,1.6,290,,,7,19.1
2025-06-11 02:00,19.0,57,10.2,12.4,1.3,270,,,9,19.0
2025-06-11 03:00,18.2,62,10.7,12.9,1.5,270,,,6,17.7
2025-06-11 04:00,17.7,66,11.2,13.3,1.1,270,,,6,17.5
2025-06-11 05:00,17.6,68,11.6,13.7,0.6,270,,,4,16.7
2025-06-11 06:00,17.3,71,11.9,13.9,1.3,270,0.02,0.0,3,17.2
2025-06-11 07:00,18.3,68,12.2,14.2,1.5,250,0.54,0.6,1,19.6
2025-06-11 08:00,20.2,63,12.9,14.9,0.7,290,1.33,1.0,2,28.6
2025-06-11 09:00,22.0,52,11.6,13.7,1.1,270,2.11,1.0,0,37.2
2025-06-11 10:00,23.9,47,11.8,13.8,1.7,270,2.76,1.0,0,44.9
2025-06-11 11:00,25.5,41,11.2,13.3,1.9,290,3.27,1.0,0,50.0
2025-06-11 12:00,27.0,35,10.2,12.4,1.8,290,3.66,1.0,0,54.0
2025-06-11 13:00,28.7,29,8.8,11.3,2.4,290,3.81,1.0,0,56.0
2025-06-11 14:00,29.0,27,8.0,10.7,3.1,290,3.7,1.0,1,55.2
2025-06-11 15:00,29.2,28,8.8,11.3,2.5,270,3.34,1.0,1,51.5
2025-06-11 16:00,28.7,27,7.8,10.6,2.9,290,2.68,1.0,7,46.4
2025-06-11 17:00,28.1,29,8.3,10.9,2.6,270,1.83,1.0,9,38.4
2025-06-11 18:00,27.1,31,8.5,11.1,1.8,270,1.21,1.0,9,31.5
2025-06-11 19:00,26.2,31,7.7,10.5,1.9,290,0.59,0.5,8,27.7
2025-06-11 20:00,25.2,34,8.2,10.9,1.5,270,0.08,0.0,7,23.7
2025-06-11 21:00,24.5,35,8.0,10.7,0.8,250,,,7,22.0
2025-06-11 22:00,24.0,36,7.9,10.6,1.0,270,,,10,21.3
2025-06-11 23:00,23.5,37,7.9,10.6,0.5,290,,,9,20.6
2025-06-12 00:00,22.8,40,8.4,11.0,1.3,270,,,9,20.2
2025-06-12 01:00,22.6,38,7.5,10.4,0.7,270,,,10,19.7
2025-06-12 02:00,22.2,41,8.3,10.9,1.1,270,,,10,19.6
2025-06-12 03:00,21.5,44,8.7,11.2,1.3,270,,,9,19.2
2025-06-12 04:00,20.7,48,9.2,11.6,0.2,0,,,8,18.1
2025-06-12 05:00,19.4,58,10.9,13.0,0.3,0,,,6,16.9
2025-06-12 06:00,19.2,64,12.2,14.2,0.9,290,0.05,0.1,6,18.2
2025-06-12 07:00,20.2,59,11.9,13.9,0.6,320,0.51,0.5,6,21.7
2025-06-12 08:00,22.5,48,10.9,13.0,1.3,70,1.41,1.0,8,33.1
2025-06-12 09:00,23.0,46,10.7,12.9,1.7,70,1.7,0.6,8,34.4
2025-06-12 10:00,24.8,43,11.3,13.4,1.1,90,1.96,0.2,9,39.0
2025-06-12 11:00,26.5,40,11.7,13.7,1.7,50,2.68,0.4,9,45.4
2025-06-12 12:00,27.3,37,11.3,13.4,1.4,340,2.76,0.1,9,46.1
2025-06-12 13:00,29.7,31,10.7,12.9,2.1,110,3.49,0.6,8,53.5
2025-06-12 14:00,30.2,31,11.1,13.2,1.7,290,3.37,1.0,8,52.5
2025-06-12 15:00,29.7,31,10.7,12.9,1.4,290,2.11,1.0,9,44.3
2025-06-12 16:00,31.1,31,11.9,13.9,2.0,290,2.01,0.9,9,44.9
2025-06-12 17:00,30.1,32,11.5,13.6,1.3,250,1.15,0.3,9,37.5
2025-06-12 18:00,29.5,31,10.5,12.7,1.3,290,0.69,0.0,9,33.4
2025-06-12 19:00,28.7,34,11.2,13.3,1.5,70,0.32,0.0,8,29.7
2025-06-12 20:00,28.2,34,10.8,12.9,1.3,50,0.04,0.0,10,26.7
2025-06-12 21:00,27.3,40,12.5,14.5,0.6,290,,,9,25.3
2025-06-12 22:00,26.3,43,12.7,14.7,0.9,270,,,10,24.3
2025-06-12 23:00,25.0,52,14.4,16.4,0.6,270,,,10,23.7
2025-06-13 00:00,24.3,53,14.1,16.1,1.3,270,,,9,23.1
2025-06-13 01:00,23.5,57,14.4,16.4,0.9,270,,,9,22.3
2025-06-13 02:00,23.1,58,14.3,16.3,0.6,290,,,9,21.8
2025-06-13 03:00,23.0,54,13.1,15.1,0.6,290,,,7,20.8
2025-06-13 04:00,22.1,57,13.1,15.1,0.1,0,,,6,19.7
2025-06-13 05:00,21.3,64,14.2,16.2,0.6,360,,,7,19.8
2025-06-13 06:00,21.2,66,14.5,16.5,0.6,50,0.01,0.0,9,20.7
2025-06-13 07:00,21.5,61,13.6,15.6,1.1,290,0.24,0.0,9,22.9
2025-06-13 08:00,22.1,60,13.9,15.9,1.0,290,0.61,0.0,10,26.1
2025-06-13 09:00,23.4,54,13.5,15.5,0.8,230,0.76,0.0,10,28.2
2025-06-13 10:00,24.1,51,13.3,15.3,0.9,230,0.99,0.0,10,31.2
2025-06-13 11:00,25.0,53,14.7,16.7,0.7,250,1.12,0.0,10,32.2
2025-06-13 12:00,25.3,48,13.4,15.4,1.3,140,1.21,0.0,10,35.2
2025-06-13 13:00,26.8,46,14.2,16.2,1.3,230,1.96,0.0,10,41.5
2025-06-13 14:00,26.2,47,13.9,15.9,1.5,180,1.45,0.0,10,37.0
2025-06-13 15:00,25.2,56,15.7,17.8,1.5,160,1.01,0.0,10,30.6
2025-06-13 16:00,23.6,67,17.1,19.5,1.4,200,0.5,0.0,10,26.6
2025-06-13 17:00,21.6,74,16.7,19.0,1.6,230,0.32,0.0,10,24.1
2025-06-13 18:00,20.3,81,16.9,19.2,0.6,250,0.1,0.0,10,22.2
2025-06-13 19:00,20.6,86,18.1,20.8,0.6,180,0.02,0.0,10,22.2
2025-06-13 20:00,20.2,87,17.9,20.5,1.1,160,0.0,0.0,10,21.8
2025-06-13 21:00,20.2,88,18.1,20.8,1.3,180,,,10,21.7
2025-06-13 22:00,20.7,88,18.6,21.4,0.8,230,,,10,21.7
2025-06-13 23:00,20.6,87,18.3,21.0,1.1,270,,,10,21.7
2025-06-14 00:00,20.7,86,18.2,20.9,1.2,110,,,10,21.8
2025-06-14 01:00,20.3,87,18.0,20.6,0.5,160,,,10,21.7
2025-06-14 02:00,20.3,90,18.5,21.3,1.4,70,,,10,21.7
2025-06-14 03:00,19.0,89,17.1,19.5,2.3,50,,,10,21.1
2025-06-14 04:00,19.6,90,17.9,20.5,1.1,360,,,10,21.0
2025-06-14 05:00,19.7,91,18.1,20.8,1.2,50,,,10,21.1
2025-06-14 06:00,19.7,90,18.0,20.6,1.7,50,0.0,0.0,10,21.2
2025-06-14 07:00,19.7,90,18.0,20.6,3.0,70,0.05,0.0,10,21.5
2025-06-14 08:00,20.0,89,18.1,20.8,2.2,70,0.13,0.0,10,21.8
2025-06-14 09:00,20.6,88,18.5,21.3,0.9,250,0.26,0.0,10,22.6
2025-06-14 10:00,21.3,85,18.6,21.4,1.3,50,0.95,0.0,10,25.5
2025-06-14 11:00,21.7,88,19.6,22.8,2.4,50,0.92,0.0,10,27.0
2025-06-14 12:00,23.2,85,20.5,24.1,1.5,70,1.69,0.0,10,29.3
2025-06-14 13:00,25.5,73,20.2,23.7,1.6,90,2.32,0.0,6,32.5
2025-06-14 14:00,27.6,65,20.4,24.0,2.1,50,3.15,0.8,4,36.3
2025-06-14 15:00,28.7,61,20.4,24.0,1.4,50,2.34,0.8,4,34.2
2025-06-14 16:00,28.8,60,20.2,23.7,2.7,70,2.58,0.8,6,32.2
2025-06-14 17:00,29.8,56,20.0,23.4,1.1,270,1.73,0.7,5,31.6
2025-06-14 18:00,29.6,56,19.8,23.1,1.0,360,1.13,0.7,3,29.5
2025-06-14 19:00,29.1,59,20.2,23.7,1.2,270,0.59,0.8,0,27.5
2025-06-14 20:00,27.7,66,20.7,24.4,1.2,270,0.06,0.1,0,25.7
2025-06-14 21:00,26.5,73,21.2,25.2,1.0,270,,,3,24.8
2025-06-14 22:00,26.2,73,20.9,24.7,0.8,270,,,5,25.1
2025-06-14 23:00,25.0,70,19.1,22.1,2.2,290,,,0,24.0
2025-06-15 00:00,24.2,71,18.6,21.4,0.5,270,,,9,23.8
2025-06-15 01:00,23.5,72,18.1,20.8,0.9,290,,,0,23.2
2025-06-15 02:00,23.3,71,17.7,20.2,0.5,320,,,7,23.3
2025-06-15 03:00,23.2,73,18.0,20.6,0.7,250,,,10,23.5
2025-06-15 04:00,23.1,77,18.8,21.7,0.6,270,,,10,23.3
2025-06-15 05:00,22.7,81,19.2,22.2,0.9,290,,,9,23.2
2025-06-15 06:00,22.3,83,19.2,22.2,1.4,270,0.01,0.0,9,23.2
2025-06-15 07:00,22.7,80,19.0,22.0,1.0,290,0.42,0.3,0,23.9
2025-06-15 08:00,24.6,70,18.7,21.6,0.9,250,1.24,1.0,0,27.7
2025-06-15 09:00,26.3,60,17.9,20.5,1.6,180,2.08,1.0,2,31.5
2025-06-15 10:00,27.6,58,18.5,21.3,1.8,270,2.69,1.0,1,34.9
2025-06-15 11:00,28.9,54,18.6,21.4,1.2,270,3.2,1.0,3,37.5
2025-06-15 12:00,30.0,50,18.4,21.2,1.1,200,3.43,1.0,2,38.5
2025-06-15 13:00,30.9,49,18.9,21.8,2.3,140,3.63,1.0,2,37.7
2025-06-15 14:00,31.9,47,19.1,22.1,2.6,250,3.39,0.9,3,37.3
2025-06-15 15:00,33.0,46,19.8,23.1,2.8,270,2.58,0.7,6,37.1
2025-06-15 16:00,32.9,49,20.7,24.4,2.4,270,2.25,0.8,8,34.7
2025-06-15 17:00,31.9,52,20.8,24.6,2.6,270,1.56,0.9,7,31.6
2025-06-15 18:00,31.7,55,21.5,25.6,1.7,270,0.95,0.5,8,30.6
2025-06-15 19:00,30.4,61,22.0,26.4,1.9,270,0.28,0.0,10,28.6
2025-06-15 20:00,24.5,84,21.6,25.8,1.4,90,0.01,0.0,10,26.2
2025-06-15 21:00,25.1,85,22.3,26.9,1.2,200,,,10,26.0
2025-06-15 22:00,25.4,86,22.8,27.7,0.8,230,,,10,26.2
2025-06-15 23:00,24.5,90,22.7,27.6,1.5,270,,,10,26.0
2025-06-16 00:00,24.4,90,22.6,27.4,1.0,290,,,10,25.7
2025-06-16 01:00,24.6,90,22.8,27.7,0.5,250,,,10,25.7
2025-06-16 02:00,24.3,91,22.7,27.6,1.3,290,,,10,25.7
2025-06-16 03:00,24.0,90,22.2,26.8,2.0,270,,,10,25.2
2025-06-16 04:00,22.6,85,19.9,23.2,1.7,270,,,9,24.5
2025-06-16 05:00,22.6,84,19.7,22.9,0.8,200,,,9,24.1
2025-06-16 06:00,22.7,85,20.0,23.4,0.4,0,0.0,0.0,10,24.3
2025-06-16 07:00,23.2,81,19.7,22.9,1.0,250,0.2,0.0,10,24.8
2025-06-16 08:00,23.2,83,20.1,23.5,1.2,230,0.17,0.0,10,25.0
2025-06-16 09:00,23.7,82,20.4,24.0,1.0,160,0.44,0.0,10,25.8
2025-06-16 10:00,24.1,84,21.2,25.2,1.7,140,0.42,0.0,10,26.2
2025-06-16 11:00,24.1,86,21.6,25.8,1.1,230,0.31,0.0,10,25.8
2025-06-16 12:00,25.5,78,21.3,25.3,1.7,230,1.27,0.0,9,31.0
2025-06-16 13:00,27.6,70,21.6,25.8,2.3,250,2.99,0.5,8,34.7
2025-06-16 14:00,27.8,65,20.6,24.3,4.8,270,2.35,0.4,8,32.4
2025-06-16 15:00,27.9,61,19.6,22.8,4.7,270,2.62,0.7,9,32.2
2025-06-16 16:00,27.6,62,19.6,22.8,5.6,270,2.49,0.8,3,30.9
2025-06-16 17:00,27.0,63,19.3,22.4,5.3,270,1.84,0.8,4,28.0
2025-06-16 18:00,27.2,64,19.7,22.9,3.4,270,1.21,0.9,2,26.8
2025-06-16 19:00,26.0,69,19.8,23.1,2.7,270,0.46,0.4,5,25.3
2025-06-16 20:00,25.0,72,19.5,22.7,2.9,270,0.05,0.0,3,24.1
2025-06-16 21:00,24.5,72,19.1,22.1,2.2,270,,,6,23.8
2025-06-16 22:00,24.3,72,18.9,21.8,1.9,270,,,1,23.8
2025-06-16 23:00,24.2,72,18.8,21.7,1.4,270,,,4,23.7
2025-06-17 00:00,24.2,73,19.0,22.0,1.7,270,,,10,23.7
2025-06-17 01:00,23.3,78,19.2,22.2,2.3,270,,,10,23.3
2025-06-17 02:00,23.0,82,19.7,22.9,1.1,290,,,10,23.5
2025-06-17 03:00,23.2,74,18.3,21.0,2.2,270,,,9,23.2
2025-06-17 04:00,22.6,75,17.9,20.5,1.7,200,,,10,22.8
2025-06-17 05:00,22.2,76,17.7,20.2,0.9,200,,,10,22.7
2025-06-17 06:00,21.7,80,18.0,20.6,1.4,250,0.0,0.0,10,22.7
2025-06-17 07:00,21.3,83,18.2,20.9,2.0,270,0.1,0.0,10,23.1
2025-06-17 08:00,21.6,84,18.7,21.6,1.0,230,0.24,0.0,10,23.7
2025-06-17 09:00,22.2,82,18.9,21.8,1.2,200,0.16,0.0,10,23.7
2025-06-17 10:00,23.6,76,19.1,22.1,1.0,250,0.6,0.0,10,26.4
2025-06-17 11:00,24.7,74,19.7,22.9,0.9,320,1.2,0.0,10,28.7
2025-06-17 12:00,25.7,69,19.5,22.7,1.5,230,2.12,0.2,6,34.0
2025-06-17 13:00,26.8,69,20.6,24.3,0.8,250,2.23,0.2,6,32.9
2025-06-17 14:00,28.4,57,19.0,22.0,2.0,290,2.7,0.7,4,35.1
2025-06-17 15:00,29.3,55,19.3,22.4,2.4,270,2.72,0.9,6,35.3
2025-06-17 16:00,30.2,51,18.9,21.8,2.1,270,2.65,0.9,6,34.5
2025-06-17 17:00,29.8,50,18.2,20.9,2.0,270,1.76,0.9,5,32.0
2025-06-17 18:00,29.7,49,17.8,20.4,1.8,270,1.14,0.6,4,28.3
2025-06-17 19:00,29.0,52,18.1,20.8,1.4,270,0.52,0.7,3,26.7
2025-06-17 20:00,27.9,59,19.1,22.1,1.2,270,0.07,0.0,1,25.3
2025-06-17 21:00,26.3,68,19.9,23.2,1.5,270,,,0,24.6
2025-06-17 22:00,25.6,70,19.7,22.9,0.6,270,,,0,24.2
2025-06-17 23:00,25.1,72,19.6,22.8,0.9,270,,,0,24.2
2025-06-18 00:00,24.7,78,20.5,24.1,1.7,270,,,8,24.2
2025-06-18 01:00,23.7,76,19.2,22.2,1.5,270,,,0,23.2
2025-06-18 02:00,23.1,79,19.2,22.2,0.4,0,,,0,22.5
2025-06-18 03:00,22.4,79,18.5,21.3,1.5,270,,,4,22.2
2025-06-18 04:00,22.0,81,18.5,21.3,1.8,270,,,0,21.8
2025-06-18 05:00,21.3,82,18.0,20.6,1.6,270,,,0,21.2
2025-06-18 06:00,21.3,82,18.0,20.6,1.1,270,0.05,0.0,9,21.8
2025-06-18 07:00,21.5,80,17.8,20.4,1.6,270,0.41,0.0,9,22.8
2025-06-18 08:00,22.2,78,18.1,20.8,1.3,270,0.62,0.0,8,24.7
2025-06-18 09:00,24.1,70,18.2,20.9,1.7,270,1.72,0.7,4,30.2
2025-06-18 10:00,26.1,60,17.7,20.2,1.5,270,2.48,0.9,3,33.5
2025-06-18 11:00,26.8,56,17.2,19.6,1.9,250,3.16,1.0,0,35.9
2025-06-18 12:00,28.1,51,17.0,19.4,2.2,270,3.49,1.0,0,37.5
2025-06-18 13:00,29.3,44,15.7,17.8,2.0,270,3.58,1.0,0,38.3
2025-06-18 14:00,30.2,44,16.5,18.8,2.8,270,3.47,1.0,0,37.7
2025-06-18 15:00,30.8,42,16.3,18.5,2.1,250,3.14,1.0,0,36.8
2025-06-18 16:00,31.2,43,17.1,19.5,2.0,230,2.67,1.0,1,34.9
2025-06-18 17:00,31.3,44,17.5,20.0,1.4,250,2.0,1.0,0,32.9
2025-06-18 18:00,30.9,45,17.5,20.0,1.5,270,1.26,1.0,0,29.2
2025-06-18 19:00,30.0,49,18.1,20.8,1.6,270,0.5,0.7,2,27.2
2025-06-18 20:00,28.9,55,18.9,21.8,1.6,270,0.05,0.0,3,25.7
2025-06-18 21:00,27.8,59,19.0,22.0,1.9,270,,,3,25.0
2025-06-18 22:00,27.2,54,17.0,19.4,0.7,250,,,5,24.2
2025-06-18 23:00,26.7,58,17.7,20.2,0.7,250,,,0,23.8
2025-06-19 00:00,25.7,65,18.6,21.4,1.2,270,,,0,23.5
2025-06-19 01:00,24.7,67,18.1,20.8,0.6,250,,,0,23.0
2025-06-19 02:00,24.1,71,18.5,21.3,0.3,0,,,0,22.7
2025-06-19 03:00,23.5,75,18.8,21.7,0.7,180,,,0,22.5
2025-06-19 04:00,23.0,76,18.5,21.3,0.6,320,,,2,22.2
2025-06-19 05:00,22.3,83,19.2,22.2,0.5,50,,,2,22.1
2025-06-19 06:00,22.5,81,19.0,22.0,0.6,270,0.01,0.0,0,22.1
2025-06-19 07:00,23.9,75,19.1,22.1,0.6,50,0.53,0.4,1,24.2
2025-06-19 08:00,25.2,69,19.1,22.1,0.4,0,1.05,0.9,2,27.7
2025-06-19 09:00,27.3,56,17.7,20.2,1.0,160,1.92,1.0,6,31.3
2025-06-19 10:00,29.3,51,18.1,20.8,1.6,140,2.75,1.0,7,35.5
2025-06-19 11:00,30.7,47,18.0,20.6,1.7,250,2.75,0.7,8,36.3
2025-06-19 12:00,30.5,48,18.2,20.9,1.1,160,1.87,0.0,9,32.9
2025-06-19 13:00,31.9,45,18.4,21.2,1.4,140,2.14,0.2,7,35.8
2025-06-19 14:00,32.2,43,18.0,20.6,1.4,250,2.29,0.2,8,34.8
2025-06-19 15:00,31.7,44,17.9,20.5,2.0,250,1.96,0.4,8,32.7
2025-06-19 16:00,33.0,42,18.3,21.0,1.3,250,1.93,0.5,7,35.1
2025-06-19 17:00,31.7,45,18.3,21.0,0.8,230,1.07,0.3,8,30.3
2025-06-19 18:00,30.9,55,20.8,24.6,1.6,270,1.2,0.6,7,30.0
2025-06-19 19:00,30.5,58,21.2,25.2,0.9,290,0.4,0.1,6,28.7
2025-06-19 20:00,30.1,57,20.6,24.3,1.3,230,0.06,0.0,7,27.1
2025-06-19 21:00,29.6,60,21.0,24.9,1.7,290,,,8,26.3
2025-06-19 22:00,29.2,59,20.3,23.8,1.3,200,,,8,26.0
2025-06-19 23:00,28.6,62,20.5,24.1,1.1,200,,,7,26.0
2025-06-20 00:00,28.5,61,20.2,23.7,1.4,200,,,10,25.7
2025-06-20 01:00,28.1,63,20.3,23.8,2.2,230,,,10,25.5
2025-06-20 02:00,26.9,71,21.1,25.0,1.1,200,,,10,25.2
2025-06-20 03:00,26.7,72,21.2,25.2,1.1,230,,,10,25.2
2025-06-20 04:00,26.6,72,21.1,25.0,0.7,200,,,10,25.3
2025-06-20 05:00,26.3,73,21.0,24.9,0.3,0,,,10,25.2
2025-06-20 06:00,26.6,71,20.9,24.7,1.6,230,0.0,0.0,10,25.2
2025-06-20 07:00,26.5,73,21.2,25.2,1.4,200,0.05,0.0,10,25.5
2025-06-20 08:00,26.4,75,21.6,25.8,0.7,250,0.23,0.0,10,26.3
2025-06-20 09:00,26.1,77,21.7,26.0,0.5,270,0.27,0.0,10,27.0
2025-06-20 10:00,26.7,73,21.4,25.5,1.6,200,0.46,0.0,10,27.4
2025-06-20 11:00,26.7,75,21.8,26.1,1.5,230,0.46,0.0,10,27.2
2025-06-20 12:00,25.8,82,22.4,27.1,0.9,230,0.28,0.0,10,26.7
2025-06-20 13:00,26.1,80,22.3,26.9,1.1,180,0.6,0.0,10,28.2
2025-06-20 14:00,25.7,81,22.1,26.6,1.6,200,0.49,0.0,10,27.0
2025-06-20 15:00,24.5,87,22.1,26.6,2.0,270,0.37,0.0,10,26.0
2025-06-20 16:00,24.8,86,22.2,26.8,1.6,200,0.18,0.0,10,26.1
2025-06-20 17:00,25.2,83,22.0,26.4,1.6,200,0.26,0.0,10,26.2
2025-06-20 18:00,24.7,86,22.1,26.6,1.7,250,0.1,0.0,10,25.5
2025-06-20 19:00,24.3,83,21.2,25.2,2.9,250,0.0,0.0,10,24.7
2025-06-20 20:00,23.7,88,21.5,25.6,2.1,270,0.0,0.0,10,24.7
2025-06-20 21:00,23.7,85,21.0,24.9,3.0,250,,,10,24.6
2025-06-20 22:00,23.6,86,21.1,25.0,3.6,250,,,10,24.2
2025-06-20 23:00,23.4,88,21.2,25.2,2.3,200,,,10,24.2
2025-06-21 00:00,23.2,90,21.4,25.5,2.4,270,,,10,24.2
2025-06-21 01:00,23.7,90,21.9,26.3,1.2,250,,,10,24.5
2025-06-21 02:00,23.7,90,21.9,26.3,1.1,270,,,10,24.5
2025-06-21 03:00,24.0,90,22.2,26.8,1.5,250,,,10,24.5
2025-06-21 04:00,23.8,91,22.2,26.8,0.9,230,,,10,24.6
2025-06-21 05:00,23.5,89,21.5,25.6,3.2,270,,,10,24.3
2025-06-21 06:00,23.1,89,21.1,25.0,2.9,270,0.0,0.0,10,24.1
2025-06-21 07:00,23.0,88,20.8,24.6,2.5,270,0.1,0.0,10,24.3
2025-06-21 08:00,22.8,87,20.5,24.1,1.6,270,0.18,0.0,10,24.6
2025-06-21 09:00,22.9,88,20.7,24.4,1.2,250,0.28,0.0,10,25.0
2025-06-21 10:00,22.8,88,20.7,24.4,1.6,270,0.44,0.0,10,25.2
2025-06-21 11:00,22.5,90,20.7,24.4,0.6,200,0.27,0.0,10,24.8
2025-06-21 12:00,22.2,90,20.4,24.0,1.8,270,0.15,0.0,10,24.6
2025-06-21 13:00,21.5,90,19.7,22.9,1.1,270,0.4,0.0,10,24.8
2025-06-21 14:00,22.1,82,18.8,21.7,1.0,270,0.54,0.0,10,25.6
2025-06-21 15:00,22.6,79,18.7,21.6,0.9,270,0.62,0.0,10,25.6
2025-06-21 16:00,22.2,84,19.3,22.4,1.7,270,0.38,0.0,10,25.0
2025-06-21 17:00,22.0,84,19.1,22.1,1.0,230,0.27,0.0,10,24.3
2025-06-21 18:00,21.5,86,19.0,22.0,0.8,140,0.16,0.0,10,23.7
2025-06-21 19:00,19.8,80,16.2,18.4,1.0,200,0.06,0.0,10,22.6
2025-06-21 20:00,19.7,81,16.3,18.5,1.2,230,0.0,0.0,10,21.8
2025-06-21 21:00,19.8,80,16.2,18.4,0.3,0,,,10,21.8
2025-06-21 22:00,19.6,84,16.8,19.1,0.3,0,,,10,21.7
2025-06-21 23:00,19.3,85,16.7,19.0,0.7,230,,,10,21.3
2025-06-22 00:00,19.2,86,16.7,19.0,0.5,230,,,10,21.2
2025-06-22 01:00,19.3,88,17.2,19.6,0.4,0,,,10,21.5
2025-06-22 02:00,19.2,87,16.9,19.2,0.6,180,,,9,21.2
2025-06-22 03:00,19.0,88,16.9,19.2,1.4,270,,,10,20.7
2025-06-22 04:00,19.0,87,16.7,19.0,0.9,230,,,10,20.5
2025-06-22 05:00,18.6,87,16.3,18.5,0.8,290,,,6,20.0
2025-06-22 06:00,18.7,88,16.6,18.9,1.2,290,0.0,0.0,9,20.7
2025-06-22 07:00,18.8,85,16.2,18.4,1.3,270,0.18,0.0,9,21.5
2025-06-22 08:00,19.2,83,16.2,18.4,1.5,200,0.43,0.0,9,22.6
2025-06-22 09:00,21.1,75,16.4,18.6,1.4,230,1.48,0.4,7,27.2
2025-06-22 10:00,22.6,72,17.2,19.6,1.4,250,2.89,1.0,4,32.9
2025-06-22 11:00,24.3,57,15.2,17.3,1.1,250,3.05,1.0,2,34.7
2025-06-22 12:00,26.5,50,15.2,17.3,1.5,270,3.66,1.0,1,36.7
2025-06-22 13:00,27.3,49,15.6,17.7,2.1,250,3.78,1.0,1,37.0
2025-06-22 14:00,28.3,48,16.2,18.4,1.5,270,3.58,1.0,1,37.7
2025-06-22 15:00,29.7,41,15.0,17.0,1.5,270,3.38,1.0,1,37.6
2025-06-22 16:00,29.6,39,14.1,16.1,1.6,270,2.86,1.0,0,35.2
2025-06-22 17:00,29.7,41,15.0,17.0,2.4,270,2.14,1.0,0,31.5
2025-06-22 18:00,29.1,42,14.8,16.8,1.8,270,1.42,1.0,0,26.9
2025-06-22 19:00,28.0,47,15.6,17.7,1.5,290,0.69,1.0,0,25.5
2025-06-22 20:00,26.6,53,16.2,18.4,1.5,290,0.08,0.1,0,23.8
2025-06-22 21:00,25.5,57,16.3,18.5,1.3,290,,,0,23.1
2025-06-22 22:00,24.4,63,16.8,19.1,1.1,270,,,0,22.7
2025-06-22 23:00,23.5,69,17.4,19.9,1.0,290,,,0,22.2
2025-06-23 00:00,22.6,71,17.0,19.4,1.4,270,,,0,21.7
2025-06-23 01:00,22.1,73,17.0,19.4,0.9,250,,,0,21.2
2025-06-23 02:00,21.2,77,16.9,19.2,1.2,270,,,0,21.0
2025-06-23 03:00,20.4,79,16.6,18.9,1.1,270,,,0,20.6
2025-06-23 04:00,19.8,81,16.4,18.6,1.2,270,,,0,20.2
2025-06-23 05:00,19.6,81,16.2,18.4,0.7,290,,,0,19.8
2025-06-23 06:00,19.8,80,16.2,18.4,0.6,270,0.05,0.2,0,20.2
2025-06-23 07:00,21.0,77,16.8,19.1,1.0,290,0.57,1.0,0,21.7
2025-06-23 08:00,22.7,70,16.9,19.2,1.1,70,1.27,1.0,0,26.5
2025-06-23 09:00,24.5,60,16.2,18.4,1.3,70,2.02,1.0,0,30.9
2025-06-23 10:00,25.7,49,14.1,16.1,2.2,70,2.68,1.0,0,33.9
2025-06-23 11:00,26.9,45,13.9,15.9,2.7,90,3.21,1.0,0,35.6
2025-06-23 12:00,28.8,52,17.9,20.5,2.0,90,3.55,1.0,0,38.2
2025-06-23 13:00,29.5,44,15.9,18.1,2.3,70,3.69,1.0,0,38.9
2025-06-23 14:00,30.5,44,16.8,19.1,1.1,50,3.61,1.0,1,39.2
2025-06-23 15:00,30.8,42,16.3,18.5,1.6,290,2.9,0.8,3,34.9
2025-06-23 16:00,31.1,44,17.4,19.9,1.3,70,1.49,0.3,3,32.0
2025-06-23 17:00,31.2,44,17.4,19.9,2.6,70,1.88,0.8,4,31.4
2025-06-23 18:00,31.3,43,17.2,19.6,2.6,70,0.97,0.7,2,28.0
2025-06-23 19:00,30.8,45,17.4,19.9,2.3,70,0.63,0.8,0,26.2
2025-06-23 20:00,30.2,42,15.8,17.9,2.1,110,0.08,0.0,5,24.8
2025-06-23 21:00,29.1,45,15.9,18.1,0.8,140,,,0,24.1
2025-06-23 22:00,27.5,60,19.0,22.0,0.8,290,,,0,24.0
2025-06-23 23:00,26.3,63,18.6,21.4,1.0,50,,,6,23.7
2025-06-24 00:00,25.5,70,19.6,22.8,1.3,50,,,0,23.6
2025-06-24 01:00,24.6,72,19.2,22.2,0.3,0,,,0,23.1
2025-06-24 02:00,24.3,73,19.1,22.1,0.3,0,,,7,22.6
2025-06-24 03:00,23.7,76,19.2,22.2,0.6,270,,,3,22.2
2025-06-24 04:00,23.3,77,19.0,22.0,0.4,0,,,8,22.1
2025-06-24 05:00,23.2,70,17.4,19.9,0.3,0,,,7,22.0
2025-06-24 06:00,23.2,67,16.7,19.0,0.1,0,0.02,0.0,7,22.3
2025-06-24 07:00,24.2,65,17.1,19.5,0.1,0,0.34,0.0,9,24.0
2025-06-24 08:00,24.3,58,15.5,17.6,2.1,70,0.62,0.0,9,24.5
2025-06-24 09:00,24.8,58,15.9,18.1,3.2,50,0.73,0.0,10,25.4
2025-06-24 10:00,26.5,52,15.8,17.9,3.2,70,1.38,0.0,9,29.7
2025-06-24 11:00,26.5,52,15.8,17.9,3.3,70,1.25,0.0,9,27.7
2025-06-24 12:00,27.6,46,14.9,16.9,2.6,70,1.35,0.0,9,27.2
2025-06-24 13:00,28.0,41,13.5,15.5,3.7,90,1.11,0.0,10,26.5
2025-06-24 14:00,27.8,43,14.0,16.0,2.7,90,0.93,0.0,10,26.8
2025-06-24 15:00,27.2,49,15.5,17.6,0.9,230,1.32,0.0,10,29.6
2025-06-24 16:00,26.2,58,17.2,19.6,1.4,140,0.84,0.0,10,26.5
2025-06-24 17:00,23.6,58,14.8,16.8,4.5,90,0.37,0.0,10,23.9
2025-06-24 18:00,19.3,87,17.0,19.4,1.5,50,0.06,0.0,10,21.5
2025-06-24 19:00,20.1,83,17.1,19.5,2.1,50,0.0,0.0,10,22.3
2025-06-24 20:00,20.3,81,16.9,19.2,2.3,70,0.0,0.0,9,22.1
2025-06-24 21:00,20.7,77,16.5,18.8,2.2,50,,,9,22.1
2025-06-24 22:00,20.7,76,16.3,18.5,2.0,50,,,10,22.1
2025-06-24 23:00,21.0,77,16.8,19.1,1.2,20,,,9,22.1
2025-06-25 00:00,21.1,79,17.3,19.7,1.4,50,,,10,22.2
2025-06-25 01:00,21.2,78,17.2,19.6,2.0,50,,,10,22.1
2025-06-25 02:00,20.9,81,17.5,20.0,1.6,50,,,10,22.0
2025-06-25 03:00,20.7,82,17.5,20.0,1.6,50,,,9,21.8
2025-06-25 04:00,21.1,81,17.7,20.2,1.5,50,,,8,21.7
2025-06-25 05:00,21.2,82,17.9,20.5,0.2,0,,,9,22.2
2025-06-25 06:00,21.0,85,18.3,21.0,0.5,270,0.0,0.0,9,22.2
2025-06-25 07:00,20.7,87,18.4,21.2,1.5,290,0.05,0.0,10,22.6
2025-06-25 08:00,21.0,86,18.5,21.3,0.7,160,0.23,0.0,10,23.2
2025-06-25 09:00,22.2,82,18.9,21.8,1.3,140,0.47,0.0,10,25.0
2025-06-25 10:00,22.9,78,18.8,21.7,2.1,160,0.99,0.0,10,26.5
2025-06-25 11:00,23.3,75,18.6,21.4,1.3,230,0.59,0.0,10,25.2
2025-06-25 12:00,23.2,75,18.5,21.3,0.8,230,0.35,0.0,10,24.6
2025-06-25 13:00,22.5,82,19.2,22.2,1.2,180,0.57,0.0,10,25.1
2025-06-25 14:00,22.0,81,18.5,21.3,2.5,200,0.46,0.0,10,24.7
2025-06-25 15:00,21.1,86,18.6,21.4,2.0,200,0.44,0.0,10,23.8
2025-06-25 16:00,22.1,77,17.8,20.4,2.1,250,0.38,0.0,10,24.2
2025-06-25 17:00,22.6,73,17.5,20.0,2.1,270,0.25,0.0,10,23.5
2025-06-25 18:00,22.2,74,17.3,19.7,1.5,250,0.06,0.0,10,22.7
2025-06-25 19:00,21.3,80,17.7,20.2,1.5,270,0.04,0.0,10,22.5
2025-06-25 20:00,21.7,78,17.6,20.1,1.1,270,0.0,0.0,10,22.2
2025-06-25 21:00,21.8,78,17.7,20.2,0.9,250,,,10,22.2
2025-06-25 22:00,21.7,79,17.8,20.4,0.9,290,,,10,22.2
2025-06-25 23:00,21.6,80,17.9,20.5,1.1,270,,,10,22.2
2025-06-26 00:00,21.0,84,18.1,20.8,1.8,270,,,10,22.1
2025-06-26 01:00,20.5,89,18.6,21.4,1.3,270,,,10,22.0
2025-06-26 02:00,20.4,91,18.8,21.7,0.8,230,,,10,22.1
2025-06-26 03:00,20.3,91,18.7,21.6,1.2,270,,,10,22.1
2025-06-26 04:00,20.5,90,18.7,21.6,1.3,270,,,10,22.0
2025-06-26 05:00,20.7,90,18.9,21.8,1.3,270,,,10,22.0
2025-06-26 06:00,20.7,89,18.8,21.7,0.6,270,0.0,0.0,10,22.1
2025-06-26 07:00,20.7,89,18.8,21.7,1.0,270,0.0,0.0,10,22.2
2025-06-26 08:00,21.2,86,18.7,21.6,0.4,0,0.23,0.0,10,23.5
2025-06-26 09:00,21.3,85,18.6,21.4,0.8,230,0.23,0.0,10,23.3
2025-06-26 10:00,21.2,86,18.7,21.6,1.3,270,0.35,0.0,10,24.1
2025-06-26 11:00,21.8,84,18.9,21.8,1.3,250,0.59,0.0,10,25.1
2025-06-26 12:00,22.8,78,18.7,21.6,1.8,250,1.01,0.0,10,26.5
2025-06-26 13:00,24.6,71,18.9,21.8,2.0,270,1.66,0.0,9,30.8
2025-06-26 14:00,24.8,69,18.7,21.6,1.8,250,1.58,0.0,9,29.8
2025-06-26 15:00,25.6,69,19.4,22.5,1.2,250,1.69,0.0,9,30.2
2025-06-26 16:00,26.7,62,18.8,21.7,1.5,290,2.59,0.9,9,34.3
2025-06-26 17:00,25.7,65,18.6,21.4,0.7,230,0.54,0.0,9,27.8
2025-06-26 18:00,25.7,66,18.8,21.7,1.2,270,0.38,0.0,10,26.6
2025-06-26 19:00,25.3,70,19.4,22.5,1.3,50,0.16,0.0,9,25.8
2025-06-26 20:00,25.1,71,19.4,22.5,0.5,250,0.01,0.0,10,25.0
2025-06-26 21:00,25.0,71,19.3,22.4,0.9,70,,,9,24.6
2025-06-26 22:00,24.5,75,19.7,22.9,0.8,70,,,8,23.7
2025-06-26 23:00,23.8,78,19.7,22.9,0.3,0,,,8,23.1
2025-06-27 00:00,23.0,82,19.7,22.9,0.3,0,,,7,22.8
2025-06-27 01:00,23.1,81,19.6,22.8,0.4,0,,,10,23.3
2025-06-27 02:00,22.7,82,19.4,22.5,1.1,270,,,8,23.3
2025-06-27 03:00,22.1,85,19.4,22.5,1.3,270,,,8,22.7
2025-06-27 04:00,21.8,84,18.9,21.8,0.7,200,,,9,22.7
2025-06-27 05:00,21.7,85,19.0,22.0,0.6,290,,,10,22.6
2025-06-27 06:00,21.8,84,18.9,21.8,0.7,270,0.0,0.0,10,22.8
2025-06-27 07:00,22.3,81,18.8,21.7,0.5,230,0.15,0.0,10,23.7
2025-06-27 08:00,22.9,78,18.8,21.7,0.7,230,0.49,0.0,9,24.7
2025-06-27 09:00,23.5,75,18.8,21.7,0.3,0,0.69,0.0,10,26.0
2025-06-27 10:00,24.2,73,19.0,22.0,0.7,340,1.01,0.0,10,27.8
2025-06-27 11:00,24.6,73,19.4,22.5,1.1,320,0.66,0.0,10,27.0
2025-06-27 12:00,26.0,66,19.1,22.1,1.2,70,1.3,0.0,9,29.9
2025-06-27 13:00,27.1,62,19.1,22.1,1.9,90,2.1,0.0,9,32.5
2025-06-27 14:00,27.9,60,19.4,22.5,1.7,90,2.25,0.3,9,33.5
2025-06-27 15:00,28.7,60,20.1,23.5,1.6,320,2.06,0.3,9,35.9
2025-06-27 16:00,29.3,58,20.1,23.5,1.4,290,2.6,1.0,1,35.0
2025-06-27 17:00,29.5,59,20.6,24.3,1.5,50,1.95,1.0,0,32.9
2025-06-27 18:00,29.8,59,20.9,24.7,0.9,250,1.17,1.0,0,29.5
2025-06-27 19:00,29.3,61,20.9,24.7,0.3,0,0.6,0.9,3,28.1
2025-06-27 20:00,28.5,64,21.0,24.9,0.1,0,0.06,0.0,3,26.6
2025-06-27 21:00,27.7,69,21.4,25.5,0.3,0,,,0,25.7
2025-06-27 22:00,27.0,72,21.5,25.6,1.2,50,,,6,25.2
2025-06-27 23:00,26.5,76,21.9,26.3,0.3,0,,,8,25.1
2025-06-28 00:00,26.2,78,22.0,26.4,0.6,290,,,4,25.2
2025-06-28 01:00,25.5,81,21.9,26.3,0.7,290,,,10,25.1
2025-06-28 02:00,25.3,81,21.7,26.0,0.5,250,,,8,25.0
2025-06-28 03:00,25.0,82,21.7,26.0,0.0,0,,,8,24.7
2025-06-28 04:00,24.8,83,21.7,26.0,0.5,270,,,8,24.6
2025-06-28 05:00,24.6,84,21.7,26.0,0.1,0,,,8,24.3
2025-06-28 06:00,24.8,82,21.5,25.6,0.7,160,0.0,0.0,8,24.7
2025-06-28 07:00,25.0,80,21.3,25.3,0.6,230,0.12,0.0,10,25.3
2025-06-28 08:00,26.0,77,21.6,25.8,0.2,0,0.48,0.0,9,27.3
2025-06-28 09:00,27.0,75,22.1,26.6,0.4,0,0.98,0.0,9,29.7
2025-06-28 10:00,26.7,80,22.9,27.9,1.1,290,0.84,0.0,10,28.8
2025-06-28 11:00,27.3,78,23.1,28.3,1.3,90,0.97,0.0,10,30.6
2025-06-28 12:00,28.2,75,23.3,28.6,0.8,290,1.12,0.0,10,30.9
2025-06-28 13:00,28.7,72,23.1,28.3,0.6,270,1.22,0.0,9,32.7
2025-06-28 14:00,30.0,65,22.6,27.4,1.5,160,2.03,0.0,9,33.7
2025-06-28 15:00,30.2,65,22.8,27.7,1.7,270,1.55,0.1,9,32.7
2025-06-28 16:00,30.6,65,23.2,28.4,1.3,290,1.36,0.1,9,33.6
2025-06-28 17:00,30.7,66,23.6,29.1,1.2,290,1.15,0.2,9,32.7
2025-06-28 18:00,30.8,64,23.1,28.3,0.7,250,1.23,1.0,2,30.7
2025-06-28 19:00,30.3,66,23.2,28.4,1.1,270,0.5,0.6,4,29.0
2025-06-28 20:00,29.6,70,23.5,28.9,0.6,290,0.04,0.0,5,27.8
2025-06-28 21:00,28.7,76,24.0,29.8,0.2,0,,,3,27.2
2025-06-28 22:00,28.2,78,23.9,29.7,1.0,270,,,4,26.8
2025-06-28 23:00,27.2,80,23.4,28.8,1.4,270,,,0,26.3
2025-06-29 00:00,26.6,83,23.4,28.8,1.3,290,,,3,25.7
2025-06-29 01:00,26.6,83,23.4,28.8,1.0,290,,,0,26.2
2025-06-29 02:00,26.3,84,23.3,28.6,1.1,290,,,0,26.2
2025-06-29 03:00,26.2,83,23.0,28.1,0.8,250,,,9,26.2
2025-06-29 04:00,26.0,85,23.2,28.4,1.0,270,,,10,26.1
2025-06-29 05:00,25.7,86,23.1,28.3,0.9,270,,,10,26.0
2025-06-29 06:00,26.0,84,23.0,28.1,1.1,290,0.0,0.0,9,26.1
2025-06-29 07:00,26.1,84,23.1,28.3,0.7,290,0.2,0.0,8,26.5
2025-06-29 08:00,26.7,76,22.1,26.6,1.2,290,0.69,0.2,4,28.5
2025-06-29 09:00,28.7,69,22.4,27.1,1.5,270,1.63,0.5,6,33.5
2025-06-29 10:00,29.6,64,22.0,26.4,1.6,290,2.28,0.7,6,36.7
2025-06-29 11:00,30.3,59,21.3,25.3,1.6,270,3.16,0.8,4,39.1
2025-06-29 12:00,31.2,58,21.9,26.3,1.8,290,3.14,0.6,4,39.8
2025-06-29 13:00,32.8,53,21.9,26.3,1.5,230,3.97,0.9,4,41.3
2025-06-29 14:00,33.2,51,21.6,25.8,2.6,250,3.65,0.9,4,41.0
2025-06-29 15:00,33.0,51,21.5,25.6,2.3,270,3.17,0.9,3,39.5
2025-06-29 16:00,33.3,51,21.7,26.0,1.9,250,2.8,0.9,3,38.1
2025-06-29 17:00,33.4,49,21.2,25.2,2.3,270,2.2,1.0,1,35.6
2025-06-29 18:00,32.9,51,21.4,25.5,2.4,270,1.43,1.0,0,31.1
2025-06-29 19:00,31.6,58,22.3,26.9,2.4,270,0.7,1.0,2,29.5
2025-06-29 20:00,30.0,64,22.4,27.1,2.3,270,0.07,0.0,0,28.0
2025-06-29 21:00,29.2,67,22.4,27.1,1.8,270,,,7,27.3
2025-06-29 22:00,28.7,65,21.4,25.5,1.1,270,,,0,26.7
2025-06-29 23:00,28.1,67,21.3,25.3,0.7,290,,,0,26.2
2025-06-30 00:00,27.7,69,21.4,25.5,0.7,270,,,0,26.0
2025-06-30 01:00,27.2,72,21.7,26.0,0.5,270,,,0,25.7
2025-06-30 02:00,26.7,74,21.6,25.8,0.6,270,,,0,25.3
2025-06-30 03:00,26.3,76,21.7,26.0,0.6,290,,,1,25.2
2025-06-30 04:00,26.2,78,22.0,26.4,0.1,0,,,0,25.0
2025-06-30 05:00,25.6,81,22.0,26.4,0.8,270,,,9,25.1
2025-06-30 06:00,25.8,80,22.0,26.4,0.6,90,0.01,0.0,8,25.5
2025-06-30 07:00,26.2,78,22.0,26.4,0.8,200,0.26,0.0,8,27.0
2025-06-30 08:00,27.8,71,22.0,26.4,0.9,230,0.97,0.5,2,30.0
2025-06-30 09:00,28.4,69,22.1,26.6,1.6,200,1.77,0.7,4,32.4
2025-06-30 10:00,29.8,62,21.7,26.0,2.6,270,2.37,0.8,3,34.3
2025-06-30 11:00,30.8,59,21.8,26.1,2.0,250,2.25,0.4,6,36.8
2025-06-30 12:00,31.4,57,21.8,26.1,2.3,250,2.39,0.3,7,36.4
2025-06-30 13:00,32.0,54,21.5,25.6,2.5,270,2.95,0.6,5,38.8
2025-06-30 14:00,33.3,51,21.7,26.0,2.8,270,3.4,1.0,6,42.4
2025-06-30 15:00,34.2,47,21.2,25.2,1.8,250,3.42,1.0,4,44.1
2025-06-30 16:00,33.9,48,21.3,25.3,2.2,270,2.56,1.0,5,40.6
2025-06-30 17:00,34.2,51,22.6,27.4,1.7,270,2.15,1.0,2,38.3
2025-06-30 18:00,33.7,52,22.4,27.1,1.7,270,1.44,1.0,2,33.4
2025-06-30 19:00,32.0,56,22.1,26.6,1.9,270,0.48,0.5,7,30.8
2025-06-30 20:00,31.0,60,22.3,26.9,1.6,270,0.08,0.1,0,29.2
2025-06-30 21:00,30.1,63,22.2,26.8,1.4,250,,,0,28.2
2025-06-30 22:00,29.3,65,22.0,26.4,1.2,270,,,0,27.6
2025-06-30 23:00,28.7,68,22.2,26.8,1.6,270,,,6,27.1
2025-07-01 00:00,28.5,68,22.0,26.4,1.1,270,,,2,26.8
2025-07-01 01:00,27.9,69,21.6,25.8,1.2,270,,,0,26.2
2025-07-01 02:00,27.5,71,21.7,26.0,1.2,270,,,5,26.0
2025-07-01 03:00,27.1,73,21.8,26.1,1.1,270,,,0,25.7
2025-07-01 04:00,26.7,75,21.8,26.1,0.9,290,,,2,25.6
2025-07-01 05:00,26.6,77,22.2,26.8,0.9,180,,,1,25.5
2025-07-01 06:00,26.7,77,22.3,26.9,1.2,140,0.05,0.2,1,25.7
2025-07-01 07:00,27.7,73,22.4,27.1,0.2,0,0.59,0.9,8,27.7
2025-07-01 08:00,28.2,73,22.8,27.7,0.4,0,0.53,0.0,8,28.8
2025-07-01 09:00,28.4,73,23.0,28.1,0.7,290,0.62,0.0,8,30.2
2025-07-01 10:00,29.9,69,23.5,28.9,1.4,200,1.38,0.2,7,33.4
2025-07-01 11:00,30.6,64,23.0,28.1,1.9,270,1.59,0.0,8,34.3
2025-07-01 12:00,30.7,66,23.6,29.1,1.3,270,1.39,0.0,8,33.0
2025-07-01 13:00,31.1,66,23.9,29.7,1.5,200,1.67,0.2,7,35.9
2025-07-01 14:00,32.4,60,23.6,29.1,2.9,270,2.7,0.5,7,39.7
2025-07-01 15:00,33.6,59,24.4,30.6,2.6,250,2.87,0.7,4,43.3
2025-07-01 16:00,34.5,55,24.1,30.0,2.3,270,2.87,0.8,3,43.6
2025-07-01 17:00,34.2,55,23.8,29.5,3.2,270,2.44,1.0,3,40.0
2025-07-01 18:00,33.5,57,23.8,29.5,2.8,270,1.62,1.0,2,34.4
2025-07-01 19:00,32.3,58,22.9,27.9,2.8,270,0.82,1.0,4,31.9
2025-07-01 20:00,30.8,64,23.1,28.3,2.0,270,0.09,0.1,0,29.7
2025-07-01 21:00,30.0,65,22.6,27.4,2.1,270,,,1,28.6
2025-07-01 22:00,29.2,67,22.4,27.1,1.5,270,,,0,27.7
2025-07-01 23:00,28.7,68,22.2,26.8,1.2,250,,,0,27.2
2025-07-02 00:00,28.5,69,22.2,26.8,0.9,250,,,0,26.8
2025-07-02 01:00,28.2,70,22.2,26.8,0.7,230,,,0,26.6
2025-07-02 02:00,27.7,73,22.4,27.1,0.8,230,,,0,26.2
2025-07-02 03:00,27.3,76,22.6,27.4,1.3,290,,,0,26.1
2025-07-02 04:00,26.7,78,22.5,27.2,1.0,160,,,1,25.8
2025-07-02 05:00,26.7,77,22.3,26.9,0.3,0,,,5,25.7
2025-07-02 06:00,26.8,79,22.8,27.7,0.6,270,0.01,0.0,9,26.7
2025-07-02 07:00,27.5,76,22.8,27.7,1.1,140,0.33,0.0,9,28.1
2025-07-02 08:00,28.2,74,23.1,28.3,0.7,160,0.71,0.0,9,30.1
2025-07-02 09:00,29.3,72,23.7,29.3,1.3,320,1.18,0.2,9,32.7
2025-07-02 10:00,29.7,69,23.3,28.6,1.7,270,1.52,0.0,9,34.2
2025-07-02 11:00,31.5,62,23.3,28.6,2.2,270,2.73,0.6,9,40.8
2025-07-02 12:00,32.1,60,23.3,28.6,2.6,270,2.71,0.4,7,41.8
2025-07-02 13:00,33.4,55,23.1,28.3,2.6,270,3.33,0.7,7,45.1
2025-07-02 14:00,33.2,55,22.9,27.9,2.7,270,2.61,0.5,8,41.6
2025-07-02 15:00,34.0,54,23.3,28.6,2.1,270,1.73,0.4,7,42.4
2025-07-02 16:00,32.8,58,23.4,28.8,2.2,270,1.44,0.3,7,37.2
2025-07-02 17:00,33.5,55,23.2,28.4,2.3,270,1.45,0.6,7,37.0
2025-07-02 18:00,32.2,58,22.8,27.7,2.1,270,0.63,0.2,9,33.2
2025-07-02 19:00,31.7,59,22.6,27.4,1.6,270,0.44,0.0,8,31.7
2025-07-02 20:00,30.8,65,23.4,28.8,1.1,270,0.13,0.0,7,29.8
2025-07-02 21:00,30.5,67,23.6,29.1,0.9,270,,,3,28.8
2025-07-02 22:00,29.6,71,23.7,29.3,1.8,270,,,5,28.2
2025-07-02 23:00,28.7,75,23.8,29.5,1.6,270,,,5,27.7
2025-07-03 00:00,28.1,77,23.6,29.1,2.0,270,,,3,27.5
2025-07-03 01:00,27.7,77,23.2,28.4,1.7,250,,,8,27.7
2025-07-03 02:00,27.7,77,23.2,28.4,1.1,270,,,0,27.3
2025-07-03 03:00,27.1,77,22.7,27.6,0.7,290,,,2,26.6
2025-07-03 04:00,27.0,73,21.7,26.0,1.7,270,,,5,26.3
2025-07-03 05:00,26.5,75,21.6,25.8,1.2,250,,,4,25.7
2025-07-03 06:00,26.1,79,22.1,26.6,1.3,270,0.0,0.0,5,26.0
2025-07-03 07:00,27.2,72,21.7,26.0,1.1,160,0.58,0.4,6,28.2
2025-07-03 08:00,27.2,72,21.7,26.0,1.5,270,0.57,0.0,9,28.6
2025-07-03 09:00,27.8,74,22.7,27.6,1.2,250,0.81,0.0,9,31.0
2025-07-03 10:00,28.6,69,22.3,26.9,1.8,270,1.54,0.2,8,34.0
2025-07-03 11:00,30.2,59,21.2,25.2,2.2,270,2.59,0.6,6,39.9
2025-07-03 12:00,31.1,55,20.9,24.7,2.6,270,3.27,0.8,6,44.3
2025-07-03 13:00,32.0,55,21.8,26.1,1.8,200,3.45,0.8,6,46.0
2025-07-03 14:00,32.4,49,20.3,23.8,2.1,250,3.12,0.8,6,46.7
2025-07-03 15:00,32.8,47,19.9,23.2,2.6,250,2.95,1.0,7,44.3
2025-07-03 16:00,33.2,46,20.0,23.4,2.6,270,2.56,1.0,7,42.8
2025-07-03 17:00,32.8,51,21.3,25.3,2.2,270,1.78,1.0,7,38.9
2025-07-03 18:00,32.7,50,20.9,24.7,2.3,270,1.62,1.0,4,34.7
2025-07-03 19:00,31.7,47,18.9,21.8,1.9,270,0.71,1.0,0,31.6
2025-07-03 20:00,30.7,48,18.4,21.2,1.3,270,0.08,0.1,0,29.5
2025-07-03 21:00,29.5,54,19.2,22.2,1.6,270,,,0,28.2
2025-07-03 22:00,28.5,59,19.7,22.9,2.5,270,,,0,27.6
2025-07-03 23:00,27.5,68,21.0,24.9,2.0,270,,,7,27.5
2025-07-04 00:00,27.1,70,21.1,25.0,1.4,270,,,7,27.1
2025-07-04 01:00,26.7,72,21.2,25.2,1.9,270,,,9,27.2
2025-07-04 02:00,26.2,75,21.4,25.5,1.2,230,,,0,26.2
2025-07-04 03:00,25.7,78,21.5,25.6,1.3,270,,,2,25.7
2025-07-04 04:00,25.6,79,21.6,25.8,0.9,290,,,4,25.5
2025-07-04 05:00,25.6,78,21.4,25.5,1.0,250,,,6,25.2
2025-07-04 06:00,25.7,75,20.9,24.7,0.8,250,0.01,0.0,6,25.5
2025-07-04 07:00,26.1,75,21.3,25.3,1.6,140,0.29,0.0,6,26.7
2025-07-04 08:00,26.7,70,20.7,24.4,1.2,270,0.95,0.3,6,28.8
2025-07-04 09:00,27.8,65,20.6,24.3,2.2,250,1.35,0.2,8,32.5
2025-07-04 10:00,28.7,61,20.4,24.0,2.9,270,1.82,0.2,6,36.4
2025-07-04 11:00,29.1,60,20.5,24.1,2.9,270,2.13,0.2,9,37.9
2025-07-04 12:00,28.8,62,20.7,24.4,2.8,270,1.8,0.0,10,35.9
2025-07-04 13:00,29.2,63,21.4,25.5,1.5,230,1.21,0.0,10,35.4
2025-07-04 14:00,30.0,60,21.3,25.3,2.4,230,1.75,0.1,10,37.5
2025-07-04 15:00,30.0,62,21.9,26.3,2.9,270,1.25,0.0,10,34.9
2025-07-04 16:00,30.6,62,22.4,27.1,2.5,270,1.4,0.3,7,37.4
2025-07-04 17:00,31.1,57,21.5,25.6,3.4,270,2.19,1.0,6,37.0
2025-07-04 18:00,30.7,60,22.0,26.4,1.9,270,1.28,0.9,2,32.9
2025-07-04 19:00,29.8,63,21.9,26.3,2.0,270,0.54,0.8,3,30.6
2025-07-04 20:00,28.7,65,21.4,25.5,2.1,270,0.08,0.0,2,28.7
2025-07-04 21:00,28.2,69,21.9,26.3,1.8,270,,,1,27.7
2025-07-04 22:00,27.7,68,21.2,25.2,1.4,270,,,3,27.6
2025-07-04 23:00,27.1,72,21.6,25.8,1.3,270,,,1,26.8
2025-07-05 00:00,26.8,74,21.7,26.0,1.2,250,,,4,26.7
2025-07-05 01:00,26.6,76,22.0,26.4,1.2,270,,,1,26.3
2025-07-05 02:00,26.5,77,22.1,26.6,0.7,270,,,0,25.8
2025-07-05 03:00,26.0,78,21.8,26.1,0.8,250,,,2,25.5
2025-07-05 04:00,25.7,78,21.5,25.6,0.8,200,,,2,25.1
2025-07-05 05:00,25.5,79,21.5,25.6,0.6,230,,,3,25.0
2025-07-05 06:00,25.6,79,21.6,25.8,0.8,230,0.03,0.0,4,25.2
2025-07-05 07:00,26.2,76,21.6,25.8,1.0,200,0.34,0.1,7,26.8
2025-07-05 08:00,27.2,72,21.7,26.0,1.1,230,0.85,0.2,7,30.1
2025-07-05 09:00,27.7,70,21.7,26.0,1.5,270,1.0,0.1,8,30.7
2025-07-05 10:00,29.2,63,21.4,25.5,2.4,270,1.53,0.3,5,36.0
2025-07-05 11:00,30.1,59,21.1,25.0,2.4,270,2.57,0.5,6,40.0
2025-07-05 12:00,31.0,55,20.8,24.6,3.0,270,3.33,0.7,5,43.6
2025-07-05 13:00,31.7,54,21.2,25.2,2.8,270,3.2,0.6,5,45.5
2025-07-05 14:00,32.0,54,21.5,25.6,2.6,270,3.42,0.8,5,46.2
2025-07-05 15:00,32.3,53,21.4,25.5,2.8,270,2.58,0.6,6,44.1
2025-07-05 16:00,32.8,49,20.6,24.3,2.8,270,2.63,0.9,5,43.4
2025-07-05 17:00,32.5,53,21.6,25.8,3.2,270,2.09,1.0,7,39.6
2025-07-05 18:00,32.0,53,21.2,25.2,2.2,250,1.3,1.0,7,34.4
2025-07-05 19:00,31.0,58,21.7,26.0,1.9,270,0.61,0.9,6,32.0
2025-07-05 20:00,29.6,66,22.5,27.2,2.1,250,0.11,0.0,7,29.8
2025-07-05 21:00,28.7,69,22.4,27.1,2.3,270,,,6,28.8
2025-07-05 22:00,28.2,72,22.6,27.4,1.4,270,,,7,28.6
2025-07-05 23:00,27.7,74,22.6,27.4,1.4,270,,,7,28.7
2025-07-06 00:00,27.6,74,22.5,27.2,1.7,250,,,8,28.3
2025-07-06 01:00,27.5,74,22.4,27.1,1.9,270,,,8,28.0
2025-07-06 02:00,27.0,75,22.1,26.6,1.3,270,,,8,27.3
2025-07-06 03:00,26.3,77,21.9,26.3,0.9,270,,,6,26.6
2025-07-06 04:00,26.2,78,22.0,26.4,0.2,0,,,8,26.5
2025-07-06 05:00,26.3,78,22.1,26.6,1.3,230,,,6,26.0
2025-07-06 06:00,26.7,75,21.8,26.1,0.7,200,0.0,0.0,9,26.8
2025-07-06 07:00,27.0,75,22.1,26.6,1.7,200,0.18,0.0,9,27.7
2025-07-06 08:00,27.3,75,22.4,27.1,1.3,250,0.67,0.0,8,30.0
2025-07-06 09:00,28.4,71,22.6,27.4,1.6,250,1.26,0.0,9,33.4
2025-07-06 10:00,29.3,67,22.5,27.2,2.5,270,1.7,0.2,8,36.2
2025-07-06 11:00,30.7,62,22.5,27.2,1.8,250,2.34,0.4,7,41.5
2025-07-06 12:00,31.5,59,22.5,27.2,2.5,250,2.7,0.4,7,44.9
2025-07-06 13:00,32.0,57,22.4,27.1,2.8,270,3.17,0.6,8,47.9
2025-07-06 14:00,32.9,57,23.2,28.4,2.1,270,2.79,0.8,8,46.8
2025-07-06 15:00,32.6,58,23.2,28.4,2.0,200,2.84,0.7,8,45.2
2025-07-06 16:00,32.7,57,23.0,28.1,2.7,270,1.75,0.4,8,41.2
2025-07-06 17:00,32.7,58,23.3,28.6,2.4,270,2.17,1.0,7,40.0
2025-07-06 18:00,32.4,60,23.6,29.1,1.4,250,0.98,1.0,6,35.5
2025-07-06 19:00,31.5,64,23.8,29.5,1.8,270,0.51,0.6,0,32.9
2025-07-06 20:00,30.3,66,23.2,28.4,1.7,270,0.07,0.0,5,30.7
2025-07-06 21:00,29.7,70,23.6,29.1,1.4,250,,,9,29.7
2025-07-06 22:00,29.1,73,23.7,29.3,1.6,270,,,6,29.0
2025-07-06 23:00,28.4,74,23.3,28.6,1.7,270,,,7,28.5
2025-07-07 00:00,27.7,77,23.2,28.4,1.8,270,,,3,27.9
2025-07-07 01:00,27.2,79,23.2,28.4,2.1,270,,,3,27.8
2025-07-07 02:00,27.5,79,23.5,28.9,1.1,230,,,5,28.2
2025-07-07 03:00,27.5,79,23.5,28.9,1.2,270,,,9,28.0
2025-07-07 04:00,27.1,80,23.3,28.6,1.3,290,,,2,27.5
2025-07-07 05:00,27.2,80,23.4,28.8,1.3,270,,,9,27.7
2025-07-07 06:00,27.0,80,23.2,28.4,0.8,250,0.0,0.0,9,27.8
2025-07-07 07:00,27.5,77,23.0,28.1,0.8,270,0.28,0.0,1,29.0
2025-07-07 08:00,28.2,73,22.8,27.7,1.2,320,1.01,0.7,1,31.7
2025-07-07 09:00,29.2,69,22.9,27.9,1.6,290,1.39,0.4,4,34.7
2025-07-07 10:00,30.1,65,22.7,27.6,1.3,200,1.68,0.3,7,37.2
2025-07-07 11:00,31.5,62,23.3,28.6,1.2,250,2.08,0.1,7,41.4
2025-07-07 12:00,31.5,63,23.5,28.9,0.9,290,1.67,0.0,9,39.1
2025-07-07 13:00,32.5,61,23.9,29.7,2.0,360,1.91,0.0,6,40.5
2025-07-07 14:00,33.5,59,24.3,30.4,1.3,90,2.11,0.4,4,42.9
2025-07-07 15:00,34.0,59,24.8,31.3,1.6,290,2.05,0.5,3,43.0
2025-07-07 16:00,34.7,57,24.9,31.5,1.7,290,2.69,1.0,1,45.2
2025-07-07 17:00,34.5,57,24.7,31.1,1.8,270,2.08,1.0,1,40.7
2025-07-07 18:00,34.2,59,25.0,31.7,1.7,290,1.34,1.0,2,36.7
2025-07-07 19:00,33.4,61,24.8,31.3,1.8,270,0.64,0.8,0,34.0
2025-07-07 20:00,32.2,67,25.2,32.1,2.1,270,0.09,0.0,0,31.8
2025-07-07 21:00,30.7,71,24.8,31.3,2.4,290,,,0,30.6
2025-07-07 22:00,30.2,73,24.8,31.3,0.9,340,,,0,29.8
2025-07-07 23:00,30.0,75,25.0,31.7,1.0,270,,,0,29.7
2025-07-08 00:00,29.5,77,25.0,31.7,0.6,50,,,0,29.1
2025-07-08 01:00,29.0,79,24.9,31.5,1.2,290,,,0,29.0
2025-07-08 02:00,29.1,79,25.0,31.7,1.0,50,,,0,28.3
2025-07-08 03:00,28.4,81,24.8,31.3,0.8,270,,,0,28.0
2025-07-08 04:00,28.3,81,24.7,31.1,0.9,50,,,0,27.7
2025-07-08 05:00,27.8,83,24.6,30.9,0.6,290,,,0,27.5
2025-07-08 06:00,28.0,80,24.2,30.2,1.4,50,0.01,0.0,0,27.6
2025-07-08 07:00,29.1,72,23.5,28.9,0.7,290,0.42,0.1,0,29.2
2025-07-08 08:00,30.7,58,21.4,25.5,1.0,160,1.07,1.0,0,32.7
2025-07-08 09:00,31.7,54,21.2,25.2,1.4,90,1.8,1.0,0,37.5
2025-07-08 10:00,32.5,56,22.5,27.2,1.5,340,2.46,1.0,0,43.2
2025-07-08 11:00,34.3,50,22.3,26.9,2.1,110,3.02,1.0,0,47.7
2025-07-08 12:00,34.5,53,23.5,28.9,1.7,160,3.28,0.9,4,51.0
2025-07-08 13:00,34.9,52,23.5,28.9,1.7,250,2.51,0.4,8,45.5
2025-07-08 14:00,34.5,53,23.5,28.9,1.3,290,1.14,0.1,8,39.5
2025-07-08 15:00,34.7,55,24.3,30.4,1.0,270,0.69,0.0,7,38.4
2025-07-08 16:00,36.0,49,23.5,28.9,1.6,160,2.61,1.0,2,44.2
2025-07-08 17:00,36.1,48,23.3,28.6,1.8,140,1.93,1.0,2,40.5
2025-07-08 18:00,35.1,51,23.4,28.8,2.1,140,1.03,0.9,2,36.2
2025-07-08 19:00,33.9,53,22.9,27.9,1.4,70,0.21,0.0,5,33.9
2025-07-08 20:00,32.2,58,22.8,27.7,1.3,360,0.02,0.0,5,32.2
2025-07-08 21:00,31.0,61,22.5,27.2,2.7,50,,,7,31.2
2025-07-08 22:00,31.6,62,23.4,28.8,1.0,70,,,3,30.3
2025-07-08 23:00,31.6,60,22.8,27.7,1.7,110,,,0,30.1
2025-07-09 00:00,30.0,68,23.4,28.8,1.0,360,,,3,29.6
2025-07-09 01:00,29.1,72,23.5,28.9,0.6,320,,,0,28.8
2025-07-09 02:00,28.8,73,23.4,28.8,0.5,290,,,2,28.3
2025-07-09 03:00,29.7,55,19.6,22.8,2.4,160,,,0,27.7
2025-07-09 04:00,29.2,54,18.9,21.8,2.1,140,,,0,27.3
2025-07-09 05:00,28.8,57,19.4,22.5,1.9,90,,,0,27.1
2025-07-09 06:00,28.5,59,19.7,22.9,1.6,50,0.05,0.1,0,27.2
2025-07-09 07:00,28.7,62,20.6,24.3,2.4,50,0.51,1.0,0,28.4
2025-07-09 08:00,29.6,58,20.4,24.0,2.0,70,1.23,1.0,0,33.1
2025-07-09 09:00,30.1,57,20.6,24.3,2.9,50,1.97,1.0,0,38.8
2025-07-09 10:00,32.2,49,20.1,23.5,2.6,90,2.6,1.0,0,44.4
2025-07-09 11:00,33.1,45,19.5,22.7,1.8,110,3.16,1.0,0,48.9
2025-07-09 12:00,34.0,43,19.6,22.8,1.8,180,3.5,1.0,1,52.5
2025-07-09 13:00,34.4,41,19.2,22.2,2.2,110,3.63,1.0,1,54.5
2025-07-09 14:00,35.3,33,16.5,18.8,3.1,70,3.6,1.0,0,54.7
2025-07-09 15:00,35.7,33,16.9,19.2,3.2,90,3.28,1.0,0,53.0
2025-07-09 16:00,35.3,37,18.3,21.0,2.9,140,2.62,0.9,0,47.5
2025-07-09 17:00,35.7,34,17.4,19.9,3.1,90,1.91,0.9,0,41.6
2025-07-09 18:00,35.5,32,16.2,18.4,3.4,90,1.46,1.0,0,36.1
2025-07-09 19:00,35.1,32,15.9,18.1,2.6,90,0.71,1.0,0,33.7
2025-07-09 20:00,34.0,34,15.9,18.1,2.7,90,0.11,0.2,0,31.7
2025-07-09 21:00,33.2,35,15.6,17.7,2.2,90,,,0,30.5
2025-07-09 22:00,31.7,36,14.7,16.7,2.5,160,,,0,29.3
2025-07-09 23:00,30.7,37,14.3,16.3,1.7,160,,,0,28.5
2025-07-10 00:00,29.8,39,14.3,16.3,1.0,140,,,1,27.7
2025-07-10 01:00,29.3,39,13.9,15.9,1.7,160,,,0,27.3
2025-07-10 02:00,28.9,39,13.5,15.5,1.5,110,,,1,27.1
2025-07-10 03:00,28.5,40,13.5,15.5,2.3,90,,,1,26.7
2025-07-10 04:00,27.5,41,13.0,15.0,2.5,70,,,0,26.2
2025-07-10 05:00,27.2,41,12.7,14.7,1.5,70,,,0,25.7
2025-07-10 06:00,27.2,43,13.5,15.5,0.7,90,0.03,0.2,0,25.8
2025-07-10 07:00,27.8,37,11.7,13.7,0.9,160,0.53,1.0,0,27.3
2025-07-10 08:00,27.8,44,14.4,16.4,2.4,70,1.09,0.8,3,30.5
2025-07-10 09:00,29.8,36,13.1,15.1,1.7,140,2.01,1.0,1,38.9
2025-07-10 10:00,31.2,32,12.5,14.5,3.4,70,2.7,1.0,0,45.2
2025-07-10 11:00,32.6,28,11.7,13.7,2.8,90,3.19,1.0,0,50.2
2025-07-10 12:00,33.7,28,12.6,14.6,3.8,90,3.51,1.0,0,52.9
2025-07-10 13:00,34.2,26,11.9,13.9,4.1,90,3.67,1.0,0,54.6
2025-07-10 14:00,34.9,29,14.2,16.2,3.8,90,3.61,1.0,0,55.2
2025-07-10 15:00,35.6,30,15.3,17.4,3.3,110,3.28,1.0,0,53.2
2025-07-10 16:00,35.6,32,16.3,18.5,3.4,140,2.76,1.0,0,48.5
2025-07-10 17:00,35.7,31,15.9,18.1,3.1,110,2.14,1.0,0,42.4
2025-07-10 18:00,35.2,32,16.0,18.2,1.7,140,1.41,1.0,0,36.7
2025-07-10 19:00,34.5,32,15.4,17.5,3.4,90,0.68,1.0,2,33.9
2025-07-10 20:00,33.2,36,16.1,18.3,2.5,110,0.09,0.2,2,31.8
2025-07-10 21:00,32.0,35,14.6,16.6,3.1,140,,,0,30.3
2025-07-10 22:00,30.8,35,13.5,15.5,2.4,140,,,2,29.2
2025-07-10 23:00,29.7,37,13.4,15.4,2.9,90,,,0,28.2
2025-07-11 00:00,28.7,37,12.5,14.5,2.5,110,,,0,27.3
2025-07-11 01:00,28.1,36,11.6,13.7,2.7,90,,,0,26.7
2025-07-11 02:00,27.5,37,11.5,13.6,2.2,90,,,1,26.2
2025-07-11 03:00,26.8,40,12.0,14.0,2.5,70,,,0,25.7
2025-07-11 04:00,25.8,44,12.6,14.6,2.4,50,,,1,25.3
2025-07-11 05:00,24.7,50,13.5,15.5,2.3,70,,,1,24.8
2025-07-11 06:00,24.6,51,13.7,15.7,2.3,50,0.03,0.1,1,24.8
2025-07-11 07:00,25.2,51,14.3,16.3,3.5,50,0.53,1.0,0,26.3
2025-07-11 08:00,26.2,49,14.6,16.6,3.4,50,1.21,1.0,0,31.9
2025-07-11 09:00,28.2,45,15.1,17.2,2.5,70,1.98,1.0,0,38.7
2025-07-11 10:00,30.1,40,15.0,17.0,2.9,110,2.61,1.0,0,45.0
2025-07-11 11:00,31.5,33,13.2,15.2,4.1,90,3.17,1.0,0,49.5
2025-07-11 12:00,32.3,35,14.8,16.8,3.7,90,3.52,1.0,0,53.2
2025-07-11 13:00,32.7,34,14.7,16.7,3.9,90,3.64,1.0,0,54.7
2025-07-11 14:00,33.7,35,16.1,18.3,2.9,90,3.54,1.0,0,55.0
2025-07-11 15:00,34.4,32,15.3,17.4,3.5,90,3.27,1.0,0,53.3
2025-07-11 16:00,34.9,31,15.2,17.3,3.8,90,2.78,1.0,0,49.0
2025-07-11 17:00,35.1,28,13.8,15.8,3.0,90,2.16,1.0,0,42.2
2025-07-11 18:00,34.2,27,12.5,14.5,3.6,110,1.42,1.0,0,35.9
2025-07-11 19:00,33.4,31,13.9,15.9,3.2,110,0.69,1.0,0,33.0
2025-07-11 20:00,32.0,33,13.7,15.7,2.3,110,0.09,0.2,0,30.6
2025-07-11 21:00,31.1,32,12.4,14.4,2.5,160,,,0,29.1
2025-07-11 22:00,30.0,34,12.4,14.4,2.0,110,,,0,28.0
2025-07-11 23:00,29.0,36,12.4,14.4,2.8,110,,,0,27.2
2025-07-12 00:00,28.0,39,12.7,14.7,2.2,110,,,0,26.5
2025-07-12 01:00,27.1,42,13.0,15.0,2.9,90,,,0,26.0
2025-07-12 02:00,26.0,46,13.4,15.4,1.9,70,,,0,25.2
2025-07-12 03:00,25.3,49,13.8,15.8,2.2,70,,,0,24.7
2025-07-12 04:00,24.6,53,14.3,16.3,2.0,70,,,1,24.2
2025-07-12 05:00,24.3,54,14.3,16.3,1.6,90,,,3,23.7
2025-07-12 06:00,24.2,56,14.8,16.8,1.8,70,0.05,0.2,8,24.1
2025-07-12 07:00,25.2,56,15.7,17.8,2.1,70,0.67,1.0,8,26.7
2025-07-12 08:00,25.7,55,15.9,18.1,2.1,70,1.16,1.0,4,30.4
2025-07-12 09:00,27.4,51,16.3,18.5,2.1,70,2.05,1.0,2,38.9
2025-07-12 10:00,29.1,47,16.6,18.9,1.6,90,2.74,1.0,3,46.2
2025-07-12 11:00,30.0,42,15.6,17.7,2.2,140,3.29,1.0,4,51.3
2025-07-12 12:00,31.0,42,16.5,18.8,1.9,180,3.3,1.0,4,51.0
2025-07-12 13:00,31.8,42,17.2,19.6,2.7,140,3.46,1.0,4,55.5
2025-07-12 14:00,32.8,39,17.0,19.4,3.1,110,3.68,1.0,2,56.4
2025-07-12 15:00,33.2,38,16.9,19.2,2.4,160,3.47,1.0,2,55.2
2025-07-12 16:00,33.2,39,17.3,19.7,2.1,160,2.93,1.0,1,50.1
2025-07-12 17:00,33.9,38,17.5,20.0,2.1,180,2.23,1.0,1,43.1
2025-07-12 18:00,33.7,39,17.8,20.4,1.7,200,1.47,1.0,0,36.4
2025-07-12 19:00,32.7,42,18.1,20.8,1.4,140,0.7,1.0,0,33.4
2025-07-12 20:00,31.7,44,17.9,20.5,1.7,140,0.07,0.2,0,30.9
2025-07-12 21:00,30.8,45,17.4,19.9,1.1,140,,,0,29.3
2025-07-12 22:00,30.5,45,17.2,19.6,0.7,140,,,2,28.6
2025-07-12 23:00,29.0,57,19.6,22.8,0.3,0,,,1,27.8
2025-07-13 00:00,27.7,62,19.7,22.9,0.8,340,,,4,27.3
2025-07-13 01:00,27.2,64,19.7,22.9,0.1,0,,,7,27.0
2025-07-13 02:00,26.6,67,19.9,23.2,0.9,290,,,8,26.6
2025-07-13 03:00,25.7,68,19.3,22.4,1.5,70,,,3,26.2
2025-07-13 04:00,25.6,68,19.2,22.2,0.3,0,,,2,25.7
2025-07-13 05:00,25.0,71,19.3,22.4,1.0,270,,,2,25.3
2025-07-13 06:00,25.0,70,19.1,22.1,1.0,270,0.01,0.0,7,25.8
2025-07-13 07:00,25.7,62,17.8,20.4,0.8,140,0.33,0.0,8,27.7
2025-07-13 08:00,26.5,60,18.0,20.6,0.8,250,0.71,0.1,7,29.9
2025-07-13 09:00,28.2,50,16.7,19.0,0.3,0,1.66,0.5,8,35.7
2025-07-13 10:00,27.7,61,19.4,22.5,1.4,90,0.94,0.0,8,34.4
2025-07-13 11:00,29.8,53,19.1,22.1,1.4,320,2.04,0.2,6,45.6
2025-07-13 12:00,30.5,55,20.4,24.0,1.5,290,2.45,0.1,9,44.0
2025-07-13 13:00,29.9,57,20.4,24.0,1.6,290,0.95,0.0,10,37.4
2025-07-13 14:00,30.0,60,21.3,25.3,2.1,290,0.84,0.0,10,35.0
2025-07-13 15:00,29.1,60,20.5,24.1,2.4,290,0.67,0.0,10,34.5
2025-07-13 16:00,27.8,61,19.5,22.7,1.5,290,0.4,0.0,10,31.0
2025-07-13 17:00,25.9,76,21.3,25.3,0.5,290,0.14,0.0,10,28.7
2025-07-13 18:00,24.8,82,21.5,25.6,1.3,270,0.12,0.0,10,27.6
2025-07-13 19:00,24.6,80,20.9,24.7,0.1,0,0.04,0.0,10,26.9
2025-07-13 20:00,23.1,80,19.4,22.5,1.3,250,0.0,0.0,10,25.5
2025-07-13 21:00,23.6,76,19.1,22.1,1.6,50,,,10,25.2
2025-07-13 22:00,23.2,83,20.1,23.5,0.8,270,,,10,25.2
2025-07-13 23:00,23.5,80,19.8,23.1,2.2,70,,,10,24.7
2025-07-14 00:00,22.8,79,18.9,21.8,2.6,50,,,10,24.2
2025-07-14 01:00,22.7,80,19.0,22.0,1.3,50,,,10,24.1
2025-07-14 02:00,22.5,79,18.6,21.4,1.8,70,,,6,23.7
2025-07-14 03:00,22.3,80,18.6,21.4,0.9,70,,,1,23.2
2025-07-14 04:00,22.0,82,18.7,21.6,0.3,0,,,0,22.8
2025-07-14 05:00,21.8,83,18.7,21.6,0.4,0,,,3,22.7
2025-07-14 06:00,21.7,84,18.8,21.7,0.8,200,0.0,0.0,9,23.2
2025-07-14 07:00,22.1,80,18.4,21.2,1.7,140,0.34,0.0,3,24.1
2025-07-14 08:00,23.2,77,18.9,21.8,1.7,200,0.87,0.3,8,27.0
2025-07-14 09:00,24.6,69,18.5,21.3,1.2,270,1.11,0.1,8,29.7
2025-07-14 10:00,25.6,66,18.7,21.6,2.1,270,2.06,0.4,8,33.2
2025-07-14 11:00,26.1,65,18.9,21.8,1.5,290,1.27,0.0,9,31.4
2025-07-14 12:00,26.2,65,19.0,22.0,1.2,230,0.83,0.0,9,30.3
2025-07-14 13:00,28.1,61,19.8,23.1,1.6,230,2.09,0.1,8,36.7
2025-07-14 14:00,29.2,51,18.0,20.6,1.6,270,2.36,0.4,7,37.7
2025-07-14 15:00,23.5,74,18.5,21.3,5.9,70,1.3,0.2,9,30.5
2025-07-14 16:00,23.0,79,19.1,22.1,1.9,70,0.17,0.0,9,26.7
2025-07-14 17:00,23.7,81,20.2,23.7,1.8,270,0.35,0.0,9,27.6
2025-07-14 18:00,24.5,76,19.9,23.2,1.5,320,0.14,0.0,9,26.6
2025-07-14 19:00,23.4,74,18.4,21.2,4.3,50,0.14,0.0,8,25.1
2025-07-14 20:00,22.3,81,18.8,21.7,2.6,70,0.02,0.0,10,24.1
2025-07-14 21:00,22.2,83,19.1,22.1,1.2,270,,,10,24.0
2025-07-14 22:00,22.0,85,19.3,22.4,0.9,270,,,8,24.2
2025-07-14 23:00,22.1,84,19.2,22.2,1.0,270,,,8,24.2
2025-07-15 00:00,21.9,84,19.0,22.0,0.9,270,,,9,24.0
2025-07-15 01:00,22.1,86,19.6,22.8,1.5,270,,,10,24.0
2025-07-15 02:00,21.9,85,19.2,22.2,1.1,270,,,10,23.8
2025-07-15 03:00,21.7,86,19.2,22.2,1.4,270,,,8,23.7
2025-07-15 04:00,21.5,87,19.2,22.2,1.6,270,,,9,23.6
2025-07-15 05:00,21.7,86,19.2,22.2,1.5,270,,,8,23.6
2025-07-15 06:00,21.7,85,19.0,22.0,1.1,270,0.0,0.0,10,23.8
2025-07-15 07:00,22.2,85,19.5,22.7,1.5,270,0.17,0.0,8,24.8
2025-07-15 08:00,22.2,85,19.5,22.7,1.4,270,0.23,0.0,10,25.5
2025-07-15 09:00,22.3,85,19.6,22.8,1.7,270,0.55,0.0,10,26.7
2025-07-15 10:00,23.5,78,19.4,22.5,1.6,270,1.05,0.0,10,30.3
2025-07-15 11:00,24.1,74,19.1,22.1,1.7,290,1.19,0.0,10,29.4
2025-07-15 12:00,24.1,73,18.9,21.8,2.0,290,0.79,0.0,10,28.3
2025-07-15 13:00,23.6,78,19.5,22.7,2.0,250,0.71,0.0,10,28.4
2025-07-15 14:00,24.5,70,18.6,21.4,2.0,290,1.0,0.0,10,29.7
2025-07-15 15:00,24.5,68,18.1,20.8,1.2,270,0.71,0.0,10,28.4
2025-07-15 16:00,23.8,77,19.5,22.7,1.7,270,0.58,0.0,10,27.0
2025-07-15 17:00,23.6,78,19.5,22.7,0.7,320,0.44,0.0,10,27.4
2025-07-15 18:00,23.3,84,20.4,24.0,0.5,180,0.25,0.0,10,26.5
2025-07-15 19:00,23.6,80,19.9,23.2,1.5,140,0.13,0.0,10,25.2
2025-07-15 20:00,23.7,78,19.6,22.8,1.3,160,0.02,0.0,8,24.6
2025-07-15 21:00,23.7,81,20.2,23.7,0.8,160,,,8,24.2
2025-07-15 22:00,23.5,82,20.2,23.7,0.9,230,,,8,24.1
2025-07-15 23:00,23.5,81,20.0,23.4,0.9,230,,,6,23.8
2025-07-16 00:00,23.2,82,19.9,23.2,0.9,160,,,7,23.7
2025-07-16 01:00,23.2,82,19.9,23.2,0.7,230,,,7,23.6
2025-07-16 02:00,22.8,84,19.9,23.2,0.4,0,,,9,23.2
2025-07-16 03:00,23.2,83,20.1,23.5,0.6,160,,,7,23.5
2025-07-16 04:00,23.3,82,20.0,23.4,0.4,0,,,10,23.7
2025-07-16 05:00,23.3,84,20.4,24.0,0.6,140,,,10,23.6
2025-07-16 06:00,23.6,81,20.1,23.5,0.5,180,0.0,0.0,10,23.8
2025-07-16 07:00,23.9,79,20.0,23.4,0.6,200,0.12,0.0,10,24.7
2025-07-16 08:00,24.3,76,19.7,22.9,0.6,160,0.34,0.0,10,25.5
2025-07-16 09:00,24.8,76,20.2,23.7,0.8,200,0.42,0.0,10,26.5
2025-07-16 10:00,25.2,65,18.1,20.8,2.0,230,0.51,0.0,10,25.7
2025-07-16 11:00,25.5,66,18.6,21.4,0.5,110,0.3,0.0,10,26.0
2025-07-16 12:00,24.8,71,19.1,22.1,1.1,230,0.46,0.0,10,26.5
2025-07-16 13:00,23.8,80,20.1,23.5,1.0,200,0.45,0.0,10,26.4
2025-07-16 14:00,23.2,81,19.7,22.9,1.4,140,0.37,0.0,10,26.1
2025-07-16 15:00,23.1,82,19.8,23.1,1.3,200,0.44,0.0,10,26.1
2025-07-16 16:00,22.5,87,20.2,23.7,1.4,270,0.12,0.0,10,24.5
2025-07-16 17:00,22.3,89,20.3,23.8,2.0,140,0.0,0.0,10,23.7
2025-07-16 18:00,23.0,86,20.5,24.1,1.0,90,0.01,0.0,10,24.0
2025-07-16 19:00,22.5,91,20.9,24.7,1.0,270,0.0,0.0,10,23.5
2025-07-16 20:00,22.7,89,20.7,24.4,0.9,160,0.0,0.0,10,23.6
2025-07-16 21:00,22.7,89,20.7,24.4,0.6,250,,,10,23.6
2025-07-16 22:00,22.7,87,20.4,24.0,1.6,250,,,10,23.6
2025-07-16 23:00,23.1,86,20.6,24.3,1.7,250,,,10,23.6
2025-07-17 00:00,23.2,85,20.5,24.1,0.5,250,,,10,23.7
2025-07-17 01:00,23.1,85,20.4,24.0,1.2,230,,,10,23.6
2025-07-17 02:00,22.9,91,21.3,25.3,1.0,270,,,10,23.6
2025-07-17 03:00,22.6,92,21.2,25.2,1.8,270,,,10,23.3
2025-07-17 04:00,22.8,92,21.4,25.5,2.7,90,,,10,23.6
2025-07-17 05:00,21.7,90,19.9,23.2,3.6,90,,,10,23.1
2025-07-17 06:00,22.1,86,19.6,22.8,1.8,200,0.0,0.0,10,22.8
2025-07-17 07:00,22.2,87,19.9,23.2,4.1,90,0.0,0.0,10,22.8
2025-07-17 08:00,22.7,84,19.8,23.1,3.1,70,0.0,0.0,10,22.8
2025-07-17 09:00,21.7,90,19.9,23.2,5.1,90,0.0,0.0,10,22.7
2025-07-17 10:00,22.0,91,20.4,24.0,2.0,110,0.0,0.0,10,22.8
2025-07-17 11:00,22.3,90,20.5,24.1,1.8,110,0.02,0.0,10,23.1
2025-07-17 12:00,22.4,91,20.8,24.6,0.9,140,0.21,0.0,10,23.3
2025-07-17 13:00,22.8,88,20.7,24.4,1.8,110,0.04,0.0,10,23.5
2025-07-17 14:00,23.2,87,20.9,24.7,0.6,290,0.23,0.0,10,24.0
2025-07-17 15:00,23.3,86,20.8,24.6,1.1,250,0.02,0.0,10,24.0
2025-07-17 16:00,23.1,86,20.6,24.3,0.6,270,0.03,0.0,10,23.7
2025-07-17 17:00,22.9,86,20.4,24.0,1.8,140,0.01,0.0,10,23.6
2025-07-17 18:00,23.2,84,20.3,23.8,1.4,180,0.0,0.0,10,23.5
2025-07-17 19:00,23.1,86,20.6,24.3,1.3,200,0.0,0.0,10,23.5
2025-07-17 20:00,23.2,87,20.9,24.7,1.6,160,0.0,0.0,10,23.3
2025-07-17 21:00,23.2,88,21.0,24.9,1.0,230,,,10,23.5
2025-07-17 22:00,23.2,87,20.9,24.7,3.1,140,,,10,23.3
2025-07-17 23:00,23.7,82,20.4,24.0,1.8,270,,,10,23.2
2025-07-18 00:00,22.8,87,20.5,24.1,2.8,270,,,10,23.2
2025-07-18 01:00,22.8,86,20.3,23.8,1.2,290,,,10,23.1
2025-07-18 02:00,22.6,87,20.3,23.8,1.0,320,,,10,23.0
2025-07-18 03:00,22.7,89,20.7,24.4,0.9,250,,,10,23.0
2025-07-18 04:00,22.7,87,20.4,24.0,1.5,70,,,9,22.7
2025-07-18 05:00,22.3,89,20.3,23.8,0.8,160,,,9,22.7
2025-07-18 06:00,22.2,91,20.6,24.3,0.9,180,0.0,0.0,7,23.0
2025-07-18 07:00,23.2,85,20.5,24.1,0.8,70,0.41,0.2,9,24.4
2025-07-18 08:00,24.2,81,20.7,24.4,0.9,230,0.85,0.2,9,26.5
2025-07-18 09:00,25.7,74,20.7,24.4,0.3,0,1.05,0.1,8,29.5
2025-07-18 10:00,26.1,73,20.8,24.6,1.0,270,1.07,0.0,8,29.2
2025-07-18 11:00,27.5,67,20.8,24.6,1.6,110,1.75,0.0,9,31.0
2025-07-18 12:00,27.2,71,21.4,25.5,0.7,250,0.77,0.0,10,28.8
2025-07-18 13:00,27.7,68,21.2,25.2,1.5,140,0.9,0.0,8,29.6
2025-07-18 14:00,28.2,66,21.2,25.2,1.2,180,1.12,0.0,10,29.1
2025-07-18 15:00,28.7,67,21.9,26.3,0.5,270,0.81,0.0,10,30.2
2025-07-18 16:00,29.7,64,22.1,26.6,1.1,180,1.55,0.1,10,31.5
2025-07-18 17:00,28.7,70,22.6,27.4,1.7,140,0.7,0.0,10,29.1
2025-07-18 18:00,28.0,75,23.1,28.3,0.5,320,0.3,0.0,10,28.1
2025-07-18 19:00,27.5,79,23.5,28.9,1.4,140,0.06,0.0,10,27.2
2025-07-18 20:00,26.3,81,22.7,27.6,1.7,110,0.0,0.0,10,26.2
2025-07-18 21:00,26.4,80,22.6,27.4,0.6,200,,,10,26.0
2025-07-18 22:00,26.0,81,22.4,27.1,0.8,200,,,9,25.6
2025-07-18 23:00,25.7,82,22.3,26.9,0.1,0,,,10,25.3
2025-07-19 00:00,25.6,82,22.2,26.8,0.4,0,,,9,25.1
2025-07-19 01:00,25.6,81,22.0,26.4,0.8,180,,,9,25.2
2025-07-19 02:00,25.3,82,21.9,26.3,1.3,160,,,9,25.1
2025-07-19 03:00,24.5,87,22.1,26.6,0.5,290,,,10,25.1
2025-07-19 04:00,23.8,90,22.0,26.4,1.4,140,,,10,24.6
2025-07-19 05:00,23.8,89,21.8,26.1,1.0,160,,,10,24.7
2025-07-19 06:00,24.1,88,21.9,26.3,1.1,140,0.0,0.0,10,24.6
2025-07-19 07:00,24.2,87,21.8,26.1,0.4,0,0.01,0.0,10,24.7
2025-07-19 08:00,24.1,87,21.7,26.0,0.9,200,0.08,0.0,10,24.8
2025-07-19 09:00,24.1,89,22.1,26.6,0.9,110,0.05,0.0,10,25.2
2025-07-19 10:00,24.5,88,22.3,26.9,1.0,110,0.14,0.0,10,25.5
2025-07-19 11:00,24.7,87,22.3,26.9,0.9,140,0.18,0.0,10,25.5
2025-07-19 12:00,25.5,86,22.9,27.9,1.3,200,0.56,0.0,10,27.8
2025-07-19 13:00,26.5,80,22.7,27.6,1.3,230,0.97,0.0,10,27.8
2025-07-19 14:00,27.4,77,23.0,28.1,1.4,230,1.24,0.0,10,30.4
2025-07-19 15:00,28.8,68,22.2,26.8,2.3,230,1.96,0.2,7,32.5
2025-07-19 16:00,28.8,71,23.0,28.1,1.8,230,1.59,0.2,9,31.4
2025-07-19 17:00,27.1,80,23.3,28.6,1.1,230,0.68,0.0,10,29.0
2025-07-19 18:00,26.7,80,22.9,27.9,0.9,200,0.52,0.0,9,28.6
2025-07-19 19:00,25.8,83,22.6,27.4,0.7,230,0.12,0.0,10,27.2
2025-07-19 20:00,25.7,84,22.7,27.6,0.8,160,0.0,0.0,10,26.6
2025-07-19 21:00,25.1,86,22.5,27.2,0.9,140,,,9,26.1
2025-07-19 22:00,25.0,85,22.2,26.8,1.0,230,,,8,25.7
2025-07-19 23:00,25.1,84,22.1,26.6,1.2,200,,,6,25.6
2025-07-20 00:00,24.8,84,21.9,26.3,0.7,230,,,6,25.2
2025-07-20 01:00,24.7,84,21.8,26.1,0.6,230,,,3,24.8
2025-07-20 02:00,24.7,83,21.6,25.8,0.6,250,,,1,24.6
2025-07-20 03:00,24.4,84,21.5,25.6,0.1,0,,,4,24.3
2025-07-20 04:00,24.5,84,21.6,25.8,0.1,0,,,9,24.7
2025-07-20 05:00,24.5,83,21.4,25.5,0.6,230,,,8,24.7
2025-07-20 06:00,24.2,85,21.5,25.6,0.5,230,0.0,0.0,9,24.6
2025-07-20 07:00,24.7,83,21.6,25.8,0.3,0,0.12,0.0,9,25.3
2025-07-20 08:00,25.7,79,21.7,26.0,0.1,0,0.43,0.0,9,26.7
2025-07-20 09:00,26.7,78,22.5,27.2,0.4,0,0.8,0.0,9,28.1
2025-07-20 10:00,28.6,67,21.8,26.1,2.0,180,2.25,0.7,9,33.6
2025-07-20 11:00,30.0,64,22.4,27.1,2.1,230,2.95,0.8,9,36.5
2025-07-20 12:00,30.6,62,22.4,27.1,2.3,230,2.8,0.2,9,35.8
2025-07-20 13:00,31.6,63,23.6,29.1,1.7,230,2.99,0.3,9,40.4
2025-07-20 14:00,32.1,58,22.7,27.6,1.3,200,3.01,0.8,9,38.9
2025-07-20 15:00,32.1,60,23.3,28.6,1.5,110,2.42,0.8,9,37.4
2025-07-20 16:00,32.4,57,22.7,27.6,1.4,200,1.58,0.6,8,34.6
2025-07-20 17:00,32.6,55,22.3,26.9,1.4,230,1.84,0.9,7,33.4
2025-07-20 18:00,32.2,57,22.5,27.2,0.6,270,0.92,0.5,4,31.0
2025-07-20 19:00,32.0,59,22.9,27.9,0.9,230,0.48,0.7,4,29.7
2025-07-20 20:00,31.0,66,23.8,29.5,0.9,140,0.04,0.0,5,28.7
2025-07-20 21:00,30.3,69,23.9,29.7,0.8,250,,,6,28.5
2025-07-20 22:00,29.7,73,24.3,30.4,0.9,250,,,7,28.3
2025-07-20 23:00,29.2,72,23.6,29.1,1.6,270,,,7,27.8
2025-07-21 00:00,28.7,73,23.3,28.6,0.9,270,,,6,27.6
2025-07-21 01:00,27.8,78,23.6,29.1,0.4,0,,,3,26.8
2025-07-21 02:00,27.3,79,23.3,28.6,0.2,0,,,3,26.5
2025-07-21 03:00,27.0,81,23.4,28.8,0.8,290,,,0,26.2
2025-07-21 04:00,26.6,81,23.0,28.1,0.5,250,,,0,25.8
2025-07-21 05:00,26.3,82,22.9,27.9,0.7,180,,,0,25.7
2025-07-21 06:00,26.2,82,22.8,27.7,0.4,0,0.0,0.0,2,25.7
2025-07-21 07:00,27.0,78,22.8,27.7,0.0,0,0.31,0.3,6,27.1
2025-07-21 08:00,26.7,82,23.3,28.6,0.8,270,0.38,0.0,9,28.0
2025-07-21 09:00,28.4,71,22.6,27.4,0.6,160,0.93,0.2,6,31.7
2025-07-21 10:00,29.8,66,22.7,27.6,1.4,250,1.78,0.4,7,34.9
2025-07-21 11:00,30.2,66,23.1,28.3,1.6,270,2.17,0.4,5,35.2
2025-07-21 12:00,31.9,60,23.1,28.3,1.9,270,3.18,0.8,8,39.6
2025-07-21 13:00,32.6,58,23.2,28.4,1.8,290,2.86,0.5,9,39.5
2025-07-21 14:00,31.7,61,23.2,28.4,1.2,270,2.66,0.7,2,41.8
2025-07-21 15:00,32.1,60,23.3,28.6,2.2,270,2.57,0.7,9,36.4
2025-07-21 16:00,33.1,56,23.1,28.3,2.2,270,2.52,0.8,3,38.4
2025-07-21 17:00,33.2,55,22.9,27.9,2.3,250,1.71,0.6,2,34.7
2025-07-21 18:00,33.0,54,22.4,27.1,2.3,270,1.43,0.9,2,31.2
2025-07-21 19:00,31.6,61,23.1,28.3,2.1,270,0.5,0.4,6,30.3
2025-07-21 20:00,30.5,64,22.9,27.9,1.9,270,0.04,0.0,4,28.8
2025-07-21 21:00,29.2,72,23.6,29.1,2.7,270,,,2,28.1
2025-07-21 22:00,28.5,75,23.6,29.1,1.9,270,,,3,27.5
2025-07-21 23:00,28.1,76,23.4,28.8,1.5,270,,,3,27.2
2025-07-22 00:00,27.6,78,23.4,28.8,1.3,290,,,1,27.0
2025-07-22 01:00,27.5,79,23.5,28.9,1.3,270,,,3,27.0
2025-07-22 02:00,27.2,80,23.4,28.8,0.6,250,,,3,26.7
2025-07-22 03:00,26.8,82,23.4,28.8,0.7,290,,,3,26.7
2025-07-22 04:00,26.3,84,23.3,28.6,0.9,270,,,4,26.5
2025-07-22 05:00,26.3,84,23.3,28.6,0.8,200,,,5,26.1
2025-07-22 06:00,26.2,83,23.0,28.1,0.8,140,0.0,0.0,4,26.2
2025-07-22 07:00,27.2,79,23.2,28.4,0.4,0,0.4,0.5,5,27.2
2025-07-22 08:00,28.8,75,23.9,29.7,0.7,180,1.21,1.0,8,31.0
2025-07-22 09:00,29.6,68,23.0,28.1,1.5,270,2.0,0.9,8,34.5
2025-07-22 10:00,31.2,59,22.2,26.8,1.3,180,2.46,0.8,9,37.5
2025-07-22 11:00,31.5,58,22.2,26.8,2.0,230,2.46,0.5,9,39.4
2025-07-22 12:00,32.7,54,22.1,26.6,2.4,250,3.81,1.0,8,42.4
2025-07-22 13:00,32.5,57,22.8,27.7,2.2,270,2.12,0.3,9,40.6
2025-07-22 14:00,33.0,55,22.7,27.6,2.5,270,3.36,1.0,8,41.7
2025-07-22 15:00,34.2,51,22.6,27.4,2.3,270,3.2,0.9,8,42.1
2025-07-22 16:00,31.2,61,22.7,27.6,1.9,270,1.91,0.8,8,37.8
2025-07-22 17:00,31.4,62,23.2,28.4,2.3,50,2.02,1.0,8,34.5
2025-07-22 18:00,30.7,64,23.1,28.3,2.5,70,0.95,1.0,8,31.3
2025-07-22 19:00,30.6,66,23.5,28.9,2.7,50,0.58,0.7,5,30.1
2025-07-22 20:00,29.6,72,24.0,29.8,2.5,70,0.07,0.0,7,28.9
2025-07-22 21:00,29.2,73,23.8,29.5,2.2,50,,,2,28.3
2025-07-22 22:00,28.8,74,23.6,29.1,1.1,320,,,4,28.0
2025-07-22 23:00,28.2,76,23.5,28.9,0.8,290,,,3,27.7
2025-07-23 00:00,27.8,76,23.1,28.3,0.6,270,,,0,27.3
2025-07-23 01:00,27.2,78,23.0,28.1,1.2,270,,,6,27.0
2025-07-23 02:00,26.8,80,23.0,28.1,0.9,270,,,0,26.7
2025-07-23 03:00,26.5,81,22.9,27.9,0.7,270,,,0,26.3
2025-07-23 04:00,26.2,83,23.0,28.1,0.7,290,,,1,26.2
2025-07-23 05:00,25.8,84,22.8,27.7,0.4,0,,,1,25.8
2025-07-23 06:00,25.5,87,23.1,28.3,1.2,70,0.0,0.0,6,26.1
2025-07-23 07:00,25.7,84,22.7,27.6,1.4,90,0.3,0.2,5,26.7
2025-07-23 08:00,26.7,81,23.1,28.3,1.4,20,1.1,0.8,6,30.3
2025-07-23 09:00,28.5,75,23.6,29.1,1.8,90,1.93,0.8,4,34.5
2025-07-23 10:00,29.8,67,23.0,28.1,2.4,70,2.47,1.0,6,37.2
2025-07-23 11:00,31.1,58,21.8,26.1,2.6,50,3.05,0.9,6,39.7
2025-07-23 12:00,31.3,54,20.8,24.6,2.8,70,3.09,1.0,6,40.5
2025-07-23 13:00,32.7,53,21.8,26.1,2.0,290,3.33,0.9,7,43.8
2025-07-23 14:00,32.6,53,21.7,26.0,1.9,90,2.43,0.6,7,41.7
2025-07-23 15:00,32.5,52,21.3,25.3,2.4,70,2.44,0.6,8,37.5
2025-07-23 16:00,32.8,50,21.0,24.9,2.2,70,1.89,0.7,8,35.9
2025-07-23 17:00,33.0,53,22.1,26.6,2.9,70,1.44,1.0,6,34.0
2025-07-23 18:00,32.9,51,21.4,25.5,2.8,70,1.46,1.0,3,31.7
2025-07-23 19:00,32.4,54,21.8,26.1,2.4,70,0.61,1.0,2,30.1
2025-07-23 20:00,31.6,56,21.7,26.0,2.0,70,0.06,0.0,2,28.7
2025-07-23 21:00,31.2,57,21.6,25.8,1.9,70,,,1,28.0
2025-07-23 22:00,29.3,70,23.2,28.4,1.3,290,,,2,27.8
2025-07-23 23:00,28.8,73,23.4,28.8,0.8,290,,,2,27.7
2025-07-24 00:00,28.3,74,23.2,28.4,0.7,270,,,2,27.5
2025-07-24 01:00,28.1,73,22.7,27.6,0.7,290,,,4,27.1
2025-07-24 02:00,27.6,77,23.1,28.3,0.2,0,,,8,26.8
2025-07-24 03:00,26.8,80,23.0,28.1,0.8,290,,,7,26.5
2025-07-24 04:00,26.6,80,22.8,27.7,0.2,0,,,9,26.3
2025-07-24 05:00,26.3,80,22.5,27.2,0.3,0,,,8,26.2
2025-07-24 06:00,26.2,81,22.6,27.4,0.2,0,0.0,0.0,9,26.2
2025-07-24 07:00,26.2,81,22.6,27.4,0.8,270,0.17,0.0,6,26.7
2025-07-24 08:00,27.4,77,23.0,28.1,0.6,320,0.65,0.3,3,29.2
2025-07-24 09:00,29.2,70,23.1,28.3,1.3,70,1.86,0.9,3,33.4
2025-07-24 10:00,30.7,64,23.1,28.3,1.3,70,2.05,0.9,2,37.7
2025-07-24 11:00,31.2,63,23.3,28.6,2.2,90,2.65,0.8,4,37.0
2025-07-24 12:00,32.8,53,21.9,26.3,2.0,50,3.19,1.0,0,43.6
2025-07-24 13:00,33.5,51,21.9,26.3,1.5,70,2.95,0.7,3,42.0
2025-07-24 14:00,34.5,48,21.8,26.1,1.9,250,2.29,0.5,5,42.2
2025-07-24 15:00,35.0,47,21.9,26.3,1.6,270,3.08,0.9,4,45.2
2025-07-24 16:00,35.4,47,22.3,26.9,1.9,270,2.9,1.0,2,42.6
2025-07-24 17:00,35.0,48,22.3,26.9,1.8,290,2.18,1.0,1,38.0
2025-07-24 18:00,34.7,45,21.0,24.9,1.7,230,1.33,1.0,0,33.9
2025-07-24 19:00,33.5,52,22.2,26.8,2.6,50,0.6,1.0,0,31.7
2025-07-24 20:00,32.5,56,22.5,27.2,2.6,50,0.05,0.0,0,30.1
2025-07-24 21:00,32.0,57,22.4,27.1,1.4,70,,,0,29.2
2025-07-24 22:00,30.7,64,23.1,28.3,0.5,250,,,0,28.6
2025-07-24 23:00,29.7,70,23.6,29.1,1.2,70,,,0,28.1
2025-07-25 00:00,29.0,71,23.2,28.4,1.4,70,,,0,27.6
2025-07-25 01:00,28.2,72,22.6,27.4,1.9,70,,,0,27.2
2025-07-25 02:00,27.8,74,22.7,27.6,1.1,20,,,0,26.8
2025-07-25 03:00,27.2,75,22.3,26.9,1.2,50,,,0,26.5
2025-07-25 04:00,26.7,78,22.5,27.2,1.5,70,,,0,26.2
2025-07-25 05:00,26.1,79,22.1,26.6,1.4,50,,,0,25.8
2025-07-25 06:00,26.2,79,22.2,26.8,1.0,50,0.0,0.0,0,25.8
2025-07-25 07:00,27.2,76,22.5,27.2,0.7,50,0.41,0.9,0,27.2
2025-07-25 08:00,29.0,68,22.4,27.1,1.1,50,1.13,1.0,0,30.2
2025-07-25 09:00,30.8,60,22.1,26.6,1.1,180,1.91,1.0,0,34.5
2025-07-25 10:00,31.7,58,22.4,27.1,1.3,200,2.62,1.0,0,39.6
2025-07-25 11:00,33.1,53,22.2,26.8,1.3,230,3.15,1.0,0,43.5
2025-07-25 12:00,33.9,56,23.8,29.5,1.4,200,3.45,0.9,1,46.2
2025-07-25 13:00,33.7,51,22.1,26.6,1.6,180,2.33,0.4,4,41.0
2025-07-25 14:00,35.6,48,22.8,27.7,2.1,160,2.56,0.5,3,46.0
2025-07-25 15:00,35.2,49,22.8,27.7,2.1,270,2.47,0.6,4,42.0
2025-07-25 16:00,36.2,44,22.0,26.4,1.4,290,1.81,0.5,4,40.9
2025-07-25 17:00,35.9,45,22.1,26.6,1.8,180,2.19,1.0,1,37.5
2025-07-25 18:00,35.6,46,22.1,26.6,2.1,110,1.39,1.0,0,33.9
2025-07-25 19:00,34.7,48,22.0,26.4,1.3,140,0.65,1.0,0,32.2
2025-07-25 20:00,33.7,52,22.4,27.1,1.1,140,0.05,0.1,0,30.7
2025-07-25 21:00,33.2,54,22.6,27.4,1.1,140,,,0,30.0
2025-07-25 22:00,32.7,56,22.7,27.6,1.2,140,,,0,29.3
2025-07-25 23:00,31.7,60,22.9,27.9,1.4,110,,,0,28.9
2025-07-26 00:00,30.8,63,22.9,27.9,0.6,180,,,0,28.3
2025-07-26 01:00,30.2,64,22.6,27.4,0.6,160,,,0,27.8
2025-07-26 02:00,29.6,65,22.3,26.9,0.4,0,,,0,27.2
2025-07-26 03:00,29.2,63,21.4,25.5,1.2,160,,,0,26.7
2025-07-26 04:00,28.8,63,21.0,24.9,0.7,110,,,0,26.3
2025-07-26 05:00,27.3,73,22.0,26.4,0.5,290,,,2,26.1
2025-07-26 06:00,27.2,74,22.1,26.6,0.6,270,0.01,0.1,4,26.2
2025-07-26 07:00,28.2,72,22.6,27.4,0.8,270,0.43,0.7,7,27.8
2025-07-26 08:00,30.0,59,21.1,25.0,1.6,90,1.17,0.5,4,31.7
2025-07-26 09:00,31.2,56,21.3,25.3,1.1,180,1.99,1.0,1,35.5
2025-07-26 10:00,31.6,56,21.7,26.0,1.7,180,2.63,1.0,2,40.5
2025-07-26 11:00,33.3,49,21.1,25.0,2.0,70,3.24,1.0,3,45.4
2025-07-26 12:00,33.9,48,21.3,25.3,2.1,140,3.42,1.0,3,47.5
2025-07-26 13:00,34.2,48,21.6,25.8,2.4,160,3.17,1.0,4,45.5
2025-07-26 14:00,35.6,47,22.5,27.2,2.1,160,3.39,1.0,3,50.5
2025-07-26 15:00,36.2,43,21.6,25.8,1.9,160,3.31,1.0,1,49.0
2025-07-26 16:00,36.2,44,22.0,26.4,2.6,110,2.86,1.0,2,45.0
2025-07-26 17:00,35.4,45,21.6,25.8,2.8,140,1.91,1.0,1,38.5
2025-07-26 18:00,35.2,47,22.1,26.6,2.4,160,1.4,1.0,0,35.1
2025-07-26 19:00,34.5,50,22.5,27.2,1.8,140,0.63,1.0,2,33.2
2025-07-26 20:00,33.5,52,22.2,26.8,1.7,140,0.06,0.1,0,31.7
2025-07-26 21:00,32.9,54,22.3,26.9,1.9,110,,,0,30.7
2025-07-26 22:00,32.5,56,22.5,27.2,1.1,140,,,0,30.2
2025-07-26 23:00,31.7,60,22.9,27.9,0.6,180,,,0,29.6
2025-07-27 00:00,31.2,62,23.0,28.1,1.5,140,,,0,29.1
2025-07-27 01:00,30.6,62,22.4,27.1,1.3,110,,,0,28.6
2025-07-27 02:00,30.2,59,21.2,25.2,1.5,160,,,0,28.1
2025-07-27 03:00,29.6,60,21.0,24.9,0.4,0,,,0,27.6
2025-07-27 04:00,29.1,61,20.8,24.6,0.1,0,,,0,27.1
2025-07-27 05:00,28.8,61,20.5,24.1,0.5,230,,,0,26.7
2025-07-27 06:00,28.1,69,21.8,26.1,0.6,340,0.0,0.0,0,26.7
2025-07-27 07:00,29.5,62,21.4,25.5,0.4,0,0.46,1.0,0,28.2
2025-07-27 08:00,30.6,57,21.1,25.0,1.8,110,1.18,1.0,0,30.8
2025-07-27 09:00,31.7,54,21.2,25.2,2.1,110,1.93,1.0,0,36.2
2025-07-27 10:00,32.9,52,21.7,26.0,1.4,200,2.62,1.0,0,42.5
2025-07-27 11:00,33.7,51,22.1,26.6,1.3,180,3.12,1.0,0,47.2
2025-07-27 12:00,34.1,49,21.8,26.1,1.5,180,3.49,1.0,0,50.5
2025-07-27 13:00,35.4,45,21.6,25.8,1.8,230,3.63,1.0,0,52.9
2025-07-27 14:00,35.3,43,20.8,24.6,2.0,180,3.54,1.0,0,53.6
2025-07-27 15:00,36.5,41,21.1,25.0,1.8,230,3.26,1.0,0,51.5
2025-07-27 16:00,36.5,42,21.5,25.6,1.7,200,2.79,1.0,0,47.5
2025-07-27 17:00,36.3,44,22.0,26.4,2.0,200,2.13,1.0,0,40.6
2025-07-27 18:00,36.2,42,21.2,25.2,2.1,140,1.4,1.0,0,36.0
2025-07-27 19:00,35.2,46,21.8,26.1,2.6,140,0.64,0.9,0,34.0
2025-07-27 20:00,33.9,51,22.3,26.9,2.2,140,0.04,0.0,0,32.4
2025-07-27 21:00,33.4,53,22.5,27.2,1.7,160,,,0,31.5
2025-07-27 22:00,32.7,54,22.1,26.6,0.2,0,,,2,30.9
2025-07-27 23:00,32.4,56,22.4,27.1,0.6,160,,,2,30.2
2025-07-28 00:00,31.8,58,22.5,27.2,0.8,140,,,0,29.8
2025-07-28 01:00,30.6,65,23.2,28.4,0.6,90,,,2,29.5
2025-07-28 02:00,30.2,64,22.6,27.4,0.7,230,,,2,29.1
2025-07-28 03:00,29.7,66,22.6,27.4,1.0,230,,,0,28.7
2025-07-28 04:00,29.2,68,22.6,27.4,0.9,140,,,0,28.3
2025-07-28 05:00,28.8,69,22.5,27.2,0.8,200,,,0,28.0
2025-07-28 06:00,28.6,70,22.5,27.2,0.7,160,0.0,0.0,0,28.0
2025-07-28 07:00,29.4,68,22.8,27.7,0.7,110,0.43,1.0,0,29.2
2025-07-28 08:00,30.0,66,22.9,27.9,1.0,160,1.12,1.0,0,32.2
2025-07-28 09:00,31.3,66,24.1,30.0,1.3,270,1.85,1.0,0,37.8
2025-07-28 10:00,32.0,63,24.0,29.8,1.2,320,2.52,1.0,0,44.2
2025-07-28 11:00,32.7,62,24.4,30.6,0.9,270,2.43,0.7,1,42.3
2025-07-28 12:00,34.7,54,24.0,29.8,1.6,270,2.47,0.6,2,50.0
2025-07-28 13:00,34.5,53,23.5,28.9,1.6,340,2.93,0.6,4,45.6
2025-07-28 14:00,35.3,48,22.6,27.4,2.6,50,2.35,0.5,2,47.0
2025-07-28 15:00,35.2,50,23.2,28.4,1.6,50,1.54,0.3,3,43.3
2025-07-28 16:00,36.2,46,22.7,27.6,1.4,270,2.38,0.9,3,45.7
2025-07-28 17:00,36.4,45,22.5,27.2,1.7,290,2.25,1.0,2,41.2
2025-07-28 18:00,35.2,50,23.2,28.4,1.2,200,1.2,1.0,1,37.0
2025-07-28 19:00,33.7,52,22.4,27.1,2.2,270,0.53,0.9,2,33.9
2025-07-28 20:00,32.4,54,21.8,26.1,1.5,290,0.04,0.0,0,31.8
2025-07-28 21:00,31.2,58,21.9,26.3,1.3,290,,,0,30.7
2025-07-28 22:00,31.0,56,21.1,25.0,0.8,270,,,2,29.8
2025-07-28 23:00,29.9,63,22.0,26.4,1.9,290,,,2,29.3
2025-07-29 00:00,29.3,68,22.7,27.6,1.3,290,,,0,29.1
2025-07-29 01:00,29.0,69,22.7,27.6,0.2,0,,,2,28.7
2025-07-29 02:00,28.7,71,22.9,27.9,0.6,270,,,0,28.2
2025-07-29 03:00,27.7,74,22.6,27.4,0.9,270,,,0,27.8
2025-07-29 04:00,27.7,76,23.0,28.1,0.3,0,,,0,27.6
2025-07-29 05:00,27.3,76,22.6,27.4,0.4,0,,,0,27.2
2025-07-29 06:00,27.6,76,22.9,27.9,0.3,0,0.0,0.0,0,27.3
2025-07-29 07:00,28.4,73,23.0,28.1,0.7,200,0.4,0.9,0,28.7
2025-07-29 08:00,29.7,69,23.3,28.6,0.9,230,1.11,1.0,0,31.7
2025-07-29 09:00,31.4,65,24.0,29.8,1.3,230,1.89,1.0,0,37.8
2025-07-29 10:00,32.7,60,23.9,29.7,1.3,200,2.54,1.0,0,44.2
2025-07-29 11:00,34.0,56,23.9,29.7,1.6,230,3.08,1.0,2,48.9
2025-07-29 12:00,34.6,52,23.2,28.4,1.4,70,3.12,0.7,5,49.9
2025-07-29 13:00,34.4,55,24.0,29.8,0.8,270,1.24,0.1,6,43.4
2025-07-29 14:00,35.7,49,23.3,28.6,1.6,290,2.64,0.5,5,51.7
2025-07-29 15:00,36.0,46,22.5,27.2,1.0,180,1.27,0.1,5,42.5
2025-07-29 16:00,36.3,45,22.4,27.1,2.5,250,2.14,0.9,3,44.7
2025-07-29 17:00,36.7,42,21.6,25.8,1.9,180,2.18,1.0,3,39.3
2025-07-29 18:00,36.5,36,19.0,22.0,1.9,140,1.37,1.0,1,35.2
2025-07-29 19:00,35.0,37,18.1,20.8,2.0,140,0.61,0.9,1,32.7
2025-07-29 20:00,33.7,44,19.7,22.9,1.3,140,0.03,0.0,0,30.8
2025-07-29 21:00,33.2,47,20.3,23.8,0.6,160,,,0,30.0
2025-07-29 22:00,31.2,56,21.3,25.3,0.8,270,,,0,29.2
2025-07-29 23:00,30.2,65,22.8,27.7,1.0,290,,,0,29.0
2025-07-30 00:00,30.1,65,22.7,27.6,0.5,50,,,0,28.7
2025-07-30 01:00,29.6,62,21.5,25.6,0.6,180,,,0,28.2
2025-07-30 02:00,29.2,62,21.1,25.0,0.1,0,,,5,27.7
2025-07-30 03:00,29.0,63,21.2,25.2,0.8,230,,,0,27.5
2025-07-30 04:00,28.7,64,21.2,25.2,1.3,140,,,0,27.2
2025-07-30 05:00,28.2,66,21.2,25.2,1.0,140,,,2,27.3
2025-07-30 06:00,28.1,65,20.8,24.6,0.6,200,0.0,0.0,0,27.1
2025-07-30 07:00,28.6,61,20.3,23.8,0.7,230,0.36,0.6,1,28.4
2025-07-30 08:00,29.8,56,20.0,23.4,1.6,90,1.06,1.0,5,31.2
2025-07-30 09:00,30.6,52,19.6,22.8,1.7,140,1.73,1.0,6,35.4
2025-07-30 10:00,32.0,51,20.5,24.1,1.3,160,2.4,1.0,3,43.3
2025-07-30 11:00,32.5,47,19.7,22.9,1.7,180,3.16,1.0,5,48.8
2025-07-30 12:00,33.5,44,19.5,22.7,2.3,110,3.27,0.8,7,50.0
2025-07-30 13:00,34.7,37,17.8,20.4,2.9,140,3.02,0.3,7,48.1
2025-07-30 14:00,35.2,36,17.8,20.4,2.9,160,3.44,0.8,6,53.6
2025-07-30 15:00,35.9,42,20.9,24.7,2.6,110,3.29,1.0,7,52.3
2025-07-30 16:00,34.9,43,20.4,24.0,2.2,140,2.63,1.0,6,45.7
2025-07-30 17:00,35.2,40,19.5,22.7,3.2,110,1.93,1.0,5,38.8
2025-07-30 18:00,34.5,40,18.9,21.8,1.9,140,0.66,0.4,8,35.5
2025-07-30 19:00,34.0,44,20.0,23.4,1.6,140,0.25,0.0,10,33.7
2025-07-30 20:00,33.7,46,20.4,24.0,1.1,140,0.02,0.0,9,32.2
2025-07-30 21:00,33.2,50,21.3,25.3,1.1,160,,,10,31.7
2025-07-30 22:00,32.6,52,21.4,25.5,1.1,70,,,10,31.2
2025-07-30 23:00,31.8,55,21.6,25.8,1.2,140,,,10,30.6
2025-07-31 00:00,30.8,58,21.5,25.6,1.6,140,,,10,30.1
2025-07-31 01:00,30.3,58,21.1,25.0,1.8,140,,,10,29.7
2025-07-31 02:00,30.2,56,20.4,24.0,2.0,140,,,10,29.3
2025-07-31 03:00,29.5,57,20.0,23.4,1.0,140,,,10,29.0
2025-07-31 04:00,29.0,55,19.0,22.0,0.9,160,,,10,28.6
2025-07-31 05:00,28.6,55,18.6,21.4,1.0,160,,,9,28.2
2025-07-31 06:00,28.6,55,18.6,21.4,1.3,140,0.0,0.0,10,28.2
2025-07-31 07:00,28.5,56,18.8,21.7,0.8,160,0.07,0.0,10,28.7
2025-07-31 08:00,28.7,55,18.7,21.6,1.3,140,0.33,0.0,9,30.2
2025-07-31 09:00,29.5,54,19.2,22.2,1.1,160,0.92,0.0,9,33.3
2025-07-31 10:00,31.1,49,19.1,22.1,2.1,110,1.65,0.0,9,38.8
2025-07-31 11:00,31.0,49,19.0,22.0,1.7,160,1.95,0.0,8,40.0
2025-07-31 12:00,31.5,49,19.4,22.5,1.3,160,1.59,0.0,8,39.9
2025-07-31 13:00,33.1,42,18.4,21.2,1.6,50,3.21,0.8,6,52.2
2025-07-31 14:00,34.4,40,18.8,21.7,1.9,110,3.63,1.0,5,55.1
2025-07-31 15:00,34.5,43,20.0,23.4,1.4,230,2.77,1.0,7,49.3
2025-07-31 16:00,34.8,43,20.3,23.8,1.5,270,2.06,1.0,8,44.8
2025-07-31 17:00,34.8,38,18.3,21.0,1.7,140,1.94,1.0,8,40.1
2025-07-31 18:00,35.2,39,19.1,22.1,1.8,110,1.38,1.0,7,36.8
2025-07-31 19:00,34.5,43,20.0,23.4,1.7,110,0.55,0.7,7,34.2
2025-07-31 20:00,32.7,53,21.8,26.1,2.4,50,0.07,0.0,7,32.0
2025-07-31 21:00,31.5,59,22.5,27.2,3.2,50,,,7,31.0
2025-07-31 22:00,31.1,62,22.9,27.9,1.3,50,,,6,30.2
2025-07-31 23:00,31.3,58,22.0,26.4,0.7,160,,,6,29.5
2025-08-01 00:00,29.7,67,22.9,27.9,0.4,0,,,7,29.2
2025-08-01 01:00,29.0,69,22.7,27.6,1.5,50,,,7,28.7
2025-08-01 02:00,28.8,68,22.2,26.8,1.2,70,,,2,28.2
2025-08-01 03:00,28.2,71,22.4,27.1,0.8,270,,,0,27.7
2025-08-01 04:00,27.4,75,22.5,27.2,0.8,270,,,0,27.2
2025-08-01 05:00,27.2,76,22.5,27.2,0.6,290,,,7,27.0
2025-08-01 06:00,27.2,76,22.5,27.2,0.4,0,0.0,0.0,6,27.0
2025-08-01 07:00,28.2,72,22.6,27.4,0.1,0,0.34,0.6,2,28.6
2025-08-01 08:00,29.2,70,23.1,28.3,0.8,290,1.04,1.0,0,31.7
2025-08-01 09:00,30.6,63,22.7,27.6,1.1,290,1.6,0.9,1,37.5
2025-08-01 10:00,31.8,57,22.2,26.8,1.3,110,2.44,1.0,2,44.1
2025-08-01 11:00,32.1,57,22.5,27.2,1.6,290,2.52,0.7,7,44.5
2025-08-01 12:00,33.8,52,22.5,27.2,1.2,180,2.44,0.5,8,50.7
2025-08-01 13:00,33.5,51,21.9,26.3,1.4,180,2.19,0.3,8,44.2
2025-08-01 14:00,35.1,40,19.4,22.5,2.7,270,3.14,0.9,4,54.3
2025-08-01 15:00,35.8,44,21.6,25.8,1.9,270,3.19,1.0,1,54.5
2025-08-01 16:00,36.2,39,20.0,23.4,1.8,270,2.71,1.0,2,48.9
2025-08-01 17:00,35.9,40,20.1,23.5,1.8,270,1.74,1.0,3,40.5
2025-08-01 18:00,34.9,44,20.8,24.6,1.6,270,1.22,1.0,6,36.4
2025-08-01 19:00,34.0,50,22.1,26.6,1.2,270,0.36,0.5,3,33.8
2025-08-01 20:00,32.5,59,23.4,28.8,2.5,290,0.02,0.0,5,32.2
2025-08-01 21:00,30.2,68,23.6,29.1,2.5,270,,,1,31.1
2025-08-01 22:00,30.0,65,22.6,27.4,0.8,200,,,2,30.1
2025-08-01 23:00,30.0,65,22.6,27.4,0.4,0,,,8,29.8
2025-08-02 00:00,29.7,63,21.8,26.1,0.4,0,,,6,29.7
2025-08-02 01:00,29.0,67,22.2,26.8,1.2,270,,,10,29.3
2025-08-02 02:00,28.5,70,22.4,27.1,1.0,270,,,10,29.0
2025-08-02 03:00,28.2,70,22.2,26.8,0.8,270,,,8,28.7
2025-08-02 04:00,28.7,69,22.4,27.1,0.7,200,,,8,28.6
2025-08-02 05:00,28.2,71,22.4,27.1,0.8,290,,,6,28.2
2025-08-02 06:00,27.6,74,22.5,27.2,1.2,270,0.0,0.0,4,27.8
2025-08-02 07:00,28.0,72,22.4,27.1,1.1,270,0.27,0.3,2,29.0
2025-08-02 08:00,29.7,66,22.6,27.4,0.9,250,0.9,0.9,1,32.1
2025-08-02 09:00,30.9,60,22.2,26.8,1.0,270,1.77,1.0,1,38.6
2025-08-02 10:00,32.9,56,22.9,27.9,0.7,270,2.38,1.0,1,45.4
2025-08-02 11:00,33.6,51,22.0,26.4,0.8,200,2.96,1.0,8,51.5
2025-08-02 12:00,33.7,49,21.4,25.5,1.6,270,2.86,0.7,8,49.0
2025-08-02 13:00,34.4,49,22.1,26.6,1.5,270,2.55,0.1,9,49.4
2025-08-02 14:00,35.5,43,20.9,24.7,1.7,320,3.4,0.8,9,57.4
2025-08-02 15:00,34.9,47,21.9,26.3,1.6,290,2.2,0.7,9,47.2
2025-08-02 16:00,35.6,48,22.8,27.7,2.0,360,2.16,1.0,4,47.1
2025-08-02 17:00,35.0,47,21.9,26.3,2.0,270,1.97,1.0,2,41.2
2025-08-02 18:00,34.7,48,22.0,26.4,1.9,270,1.12,1.0,3,37.2
2025-08-02 19:00,34.0,47,21.0,24.9,0.8,140,0.51,0.8,5,34.2
2025-08-02 20:00,33.0,51,21.5,25.6,0.7,180,0.04,0.0,7,32.2
2025-08-02 21:00,31.8,59,22.7,27.6,1.5,270,,,7,31.2
2025-08-02 22:00,31.1,60,22.4,27.1,0.9,250,,,9,30.7
2025-08-02 23:00,30.7,61,22.3,26.9,1.1,290,,,10,30.3
2025-08-03 00:00,30.7,56,20.9,24.7,0.9,270,,,9,30.2
2025-08-03 01:00,30.0,63,22.1,26.6,0.6,270,,,10,29.7
2025-08-03 02:00,29.8,61,21.4,25.5,0.9,250,,,10,29.6
2025-08-03 03:00,29.2,69,22.9,27.9,0.9,290,,,9,29.4
2025-08-03 04:00,28.8,71,23.0,28.1,0.5,340,,,9,29.2
2025-08-03 05:00,28.7,72,23.1,28.3,0.4,0,,,9,29.1
2025-08-03 06:00,28.5,74,23.4,28.8,0.4,0,0.0,0.0,9,28.8
2025-08-03 07:00,28.6,74,23.5,28.9,0.6,320,0.09,0.0,9,29.7
2025-08-03 08:00,28.5,75,23.6,29.1,1.1,290,0.31,0.0,10,30.8
2025-08-03 09:00,28.7,73,23.3,28.6,0.9,290,0.41,0.0,10,31.6
2025-08-03 10:00,29.7,68,23.1,28.3,1.1,360,0.83,0.0,10,34.8
2025-08-03 11:00,31.6,63,23.6,29.1,0.7,320,1.37,0.0,9,39.9
2025-08-03 12:00,31.6,61,23.1,28.3,0.6,110,1.12,0.0,10,37.0
2025-08-03 13:00,31.8,63,23.8,29.5,1.1,230,1.29,0.0,10,38.4
2025-08-03 14:00,31.7,61,23.2,28.4,1.4,180,1.0,0.0,10,37.0
2025-08-03 15:00,31.6,63,23.6,29.1,0.8,270,0.75,0.0,10,35.5
2025-08-03 16:00,31.2,63,23.3,28.6,1.6,200,0.44,0.0,10,33.7
2025-08-03 17:00,29.3,77,24.8,31.3,1.4,270,0.14,0.0,10,30.6
2025-08-03 18:00,28.2,82,24.8,31.3,0.8,290,0.01,0.0,10,29.5
2025-08-03 19:00,27.6,76,22.9,27.9,2.2,140,0.0,0.0,10,28.1
2025-08-03 20:00,24.8,83,21.7,26.0,1.3,200,0.0,0.0,10,26.6
2025-08-03 21:00,24.0,84,21.1,25.0,2.4,140,,,10,25.6
2025-08-03 22:00,23.4,85,20.7,24.4,1.4,90,,,10,25.7
2025-08-03 23:00,23.7,84,20.8,24.6,1.1,110,,,10,25.7
2025-08-04 00:00,23.5,90,21.7,26.0,0.9,110,,,10,25.3
2025-08-04 01:00,23.2,90,21.4,25.5,2.5,50,,,10,25.2
2025-08-04 02:00,23.7,91,22.1,26.6,1.1,290,,,10,25.7
2025-08-04 03:00,24.7,89,22.7,27.6,1.1,250,,,10,25.8
2025-08-04 04:00,24.5,92,23.1,28.3,0.0,0,,,10,26.1
2025-08-04 05:00,24.5,92,23.1,28.3,1.3,50,,,10,26.0
2025-08-04 06:00,24.7,90,22.9,27.9,0.2,0,0.0,0.0,10,26.2
2025-08-04 07:00,25.5,89,23.5,28.9,0.3,0,0.09,0.0,10,27.1
2025-08-04 08:00,27.1,85,24.3,30.4,0.5,200,0.53,0.2,7,28.7
2025-08-04 09:00,29.0,77,24.5,30.7,2.0,270,1.83,0.9,3,33.5
2025-08-04 10:00,30.3,69,23.9,29.7,2.2,270,2.33,0.7,7,35.9
2025-08-04 11:00,30.8,68,24.2,30.2,2.5,250,2.08,0.3,6,38.5
2025-08-04 12:00,30.0,72,24.3,30.4,2.0,290,2.52,0.6,9,34.8
2025-08-04 13:00,30.3,71,24.4,30.6,1.7,290,0.98,0.1,8,36.9
2025-08-04 14:00,31.8,66,24.6,30.9,1.5,290,2.91,0.6,7,41.0
2025-08-04 15:00,31.1,68,24.4,30.6,2.1,290,1.73,0.2,9,34.6
2025-08-04 16:00,31.0,68,24.3,30.4,2.1,290,1.14,0.1,8,34.1
2025-08-04 17:00,30.8,69,24.4,30.6,1.7,290,0.92,0.1,10,32.7
2025-08-04 18:00,30.9,69,24.5,30.7,1.4,270,0.64,0.0,9,32.2
2025-08-04 19:00,30.2,70,24.1,30.0,0.9,290,0.35,0.0,7,30.7
2025-08-04 20:00,30.1,69,23.7,29.3,1.3,270,0.01,0.0,8,29.6
2025-08-04 21:00,29.2,77,24.7,31.1,2.1,270,,,10,29.2
2025-08-04 22:00,28.7,76,24.0,29.8,2.0,270,,,9,28.8
2025-08-04 23:00,28.2,77,23.7,29.3,2.0,290,,,9,28.6
2025-08-05 00:00,27.7,79,23.7,29.3,1.6,250,,,9,28.2
2025-08-05 01:00,27.5,79,23.5,28.9,1.1,270,,,10,28.1
2025-08-05 02:00,27.0,81,23.4,28.8,1.6,270,,,7,28.0
2025-08-05 03:00,26.5,83,23.3,28.6,1.8,270,,,10,27.5
2025-08-05 04:00,26.2,79,22.2,26.8,1.3,270,,,8,27.2
2025-08-05 05:00,25.8,79,21.8,26.1,1.3,270,,,7,26.6
2025-08-05 06:00,25.7,80,21.9,26.3,1.2,200,0.0,0.0,0,26.1
2025-08-05 07:00,25.8,80,22.0,26.4,1.5,270,0.2,0.1,7,27.2
2025-08-05 08:00,27.2,76,22.5,27.2,1.0,270,0.96,0.9,5,29.3
2025-08-05 09:00,28.3,68,21.8,26.1,1.4,200,1.85,1.0,3,33.4
2025-08-05 10:00,29.8,65,22.5,27.2,1.5,270,2.52,1.0,3,37.8
2025-08-05 11:00,30.6,59,21.6,25.8,2.3,270,3.03,1.0,2,40.8
2025-08-05 12:00,31.8,57,22.2,26.8,1.5,270,3.26,1.0,3,42.9
2025-08-05 13:00,32.2,54,21.7,26.0,1.9,270,3.37,0.9,4,42.7
2025-08-05 14:00,33.3,50,21.4,25.5,2.4,270,3.35,0.9,3,43.4
2025-08-05 15:00,33.5,50,21.6,25.8,2.5,290,3.0,0.9,3,40.8
2025-08-05 16:00,34.0,49,21.7,26.0,2.3,270,2.65,1.0,3,37.6
2025-08-05 17:00,33.6,51,22.0,26.4,2.1,270,2.03,1.0,3,33.8
2025-08-05 18:00,32.7,55,22.4,27.1,2.6,270,0.98,0.8,4,31.3
2025-08-05 19:00,31.8,57,22.2,26.8,2.6,270,0.32,0.2,8,30.0
2025-08-05 20:00,30.6,64,23.0,28.1,2.8,270,0.02,0.0,7,28.8
2025-08-05 21:00,29.7,67,22.9,27.9,2.1,250,,,6,28.4
2025-08-05 22:00,29.2,68,22.6,27.4,1.9,270,,,7,28.2
2025-08-05 23:00,29.2,68,22.6,27.4,1.2,290,,,7,28.5
2025-08-06 00:00,28.8,72,23.2,28.4,1.3,230,,,8,28.2
2025-08-06 01:00,28.7,75,23.8,29.5,1.7,200,,,8,28.1
2025-08-06 02:00,28.7,74,23.5,28.9,1.6,250,,,10,27.8
2025-08-06 03:00,28.6,74,23.5,28.9,1.0,200,,,9,27.9
2025-08-06 04:00,28.5,74,23.4,28.8,1.5,270,,,9,28.2
2025-08-06 05:00,28.5,74,23.4,28.8,1.0,270,,,9,28.1
2025-08-06 06:00,28.2,76,23.5,28.9,1.2,230,0.0,0.0,9,27.8
2025-08-06 07:00,28.3,77,23.8,29.5,1.6,230,0.18,0.0,9,28.7
2025-08-06 08:00,29.1,74,23.9,29.7,2.2,270,0.45,0.0,8,29.3
2025-08-06 09:00,29.1,73,23.7,29.3,2.5,270,0.75,0.0,10,31.4
2025-08-06 10:00,30.0,71,24.1,30.0,2.6,270,1.12,0.0,9,32.1
2025-08-06 11:00,30.3,69,23.9,29.7,4.1,270,1.98,0.1,10,33.7
2025-08-06 12:00,30.1,71,24.2,30.2,3.2,270,1.19,0.0,10,32.5
2025-08-06 13:00,29.6,77,25.1,31.9,2.6,250,1.21,0.0,10,33.0
2025-08-06 14:00,27.7,86,25.1,31.9,2.0,270,0.33,0.0,10,30.8
2025-08-06 15:00,28.3,84,25.3,32.2,1.8,270,0.55,0.0,10,31.4
2025-08-06 16:00,27.6,86,25.0,31.7,2.0,270,0.33,0.0,10,30.1
2025-08-06 17:00,27.5,86,24.9,31.5,1.0,270,0.22,0.0,10,29.7
2025-08-06 18:00,27.5,87,25.1,31.9,0.8,270,0.04,0.0,10,29.2
2025-08-06 19:00,27.5,86,24.9,31.5,0.8,270,0.01,0.0,10,28.8
2025-08-06 20:00,27.2,85,24.4,30.6,1.0,290,0.0,0.0,10,28.5
2025-08-06 21:00,27.2,85,24.4,30.6,0.8,270,,,9,28.1
2025-08-06 22:00,27.2,88,25.0,31.7,1.3,270,,,6,28.0
2025-08-06 23:00,27.1,88,24.9,31.5,1.0,270,,,3,27.7
2025-08-07 00:00,26.8,88,24.6,30.9,1.1,290,,,9,27.8
2025-08-07 01:00,26.5,86,23.9,29.7,1.0,290,,,1,27.3
2025-08-07 02:00,26.2,85,23.4,28.8,0.9,270,,,3,27.4
2025-08-07 03:00,25.8,86,23.2,28.4,0.7,290,,,9,27.2
2025-08-07 04:00,25.3,85,22.5,27.2,1.3,270,,,7,26.6
2025-08-07 05:00,25.0,84,22.1,26.6,0.9,270,,,5,26.0
2025-08-07 06:00,25.1,84,22.1,26.6,1.3,200,0.0,0.0,1,25.8
2025-08-07 07:00,25.5,83,22.3,26.9,1.2,270,0.18,0.0,9,26.8
2025-08-07 08:00,26.1,82,22.7,27.6,1.8,270,0.5,0.1,9,28.4
2025-08-07 09:00,27.3,79,23.3,28.6,1.6,270,0.78,0.0,9,30.2
2025-08-07 10:00,28.4,74,23.3,28.6,1.4,290,1.43,0.0,9,33.5
2025-08-07 11:00,29.1,70,23.0,28.1,1.4,270,1.53,0.0,9,33.0
2025-08-07 12:00,30.4,64,22.8,27.7,1.5,290,2.38,0.1,9,36.9
2025-08-07 13:00,30.2,63,22.3,26.9,2.5,290,2.88,0.4,8,36.0
2025-08-07 14:00,30.7,59,21.7,26.0,1.8,290,2.41,0.6,7,37.6
2025-08-07 15:00,31.1,56,21.2,25.2,2.7,290,2.54,0.8,4,38.5
2025-08-07 16:00,31.5,51,20.1,23.5,2.6,290,2.56,1.0,4,36.1
2025-08-07 17:00,30.9,53,20.2,23.7,2.8,290,1.85,1.0,6,32.0
2025-08-07 18:00,30.6,57,21.1,25.0,1.7,270,1.16,1.0,6,30.2
2025-08-07 19:00,29.2,62,21.1,25.0,1.4,270,0.34,0.3,6,28.7
2025-08-07 20:00,28.2,61,19.9,23.2,1.4,270,0.02,0.0,6,27.2
2025-08-07 21:00,27.5,65,20.3,23.8,1.5,270,,,3,26.6
2025-08-07 22:00,26.7,71,20.9,24.7,0.9,250,,,7,26.3
2025-08-07 23:00,26.1,72,20.6,24.3,1.4,290,,,3,25.8
2025-08-08 00:00,25.3,76,20.7,24.4,1.1,250,,,4,25.5
2025-08-08 01:00,24.8,76,20.2,23.7,1.3,230,,,7,25.2
2025-08-08 02:00,24.3,78,20.2,23.7,1.2,230,,,7,25.1
2025-08-08 03:00,24.2,79,20.3,23.8,0.8,230,,,6,25.0
2025-08-08 04:00,23.7,82,20.4,24.0,0.8,270,,,6,24.6
2025-08-08 05:00,23.2,84,20.3,23.8,0.5,270,,,3,24.3
2025-08-08 06:00,23.3,83,20.2,23.7,0.7,180,0.0,0.0,4,24.2
2025-08-08 07:00,24.1,81,20.6,24.3,0.7,140,0.21,0.0,6,25.7
2025-08-08 08:00,24.5,78,20.4,24.0,1.0,250,0.53,0.0,7,26.8
2025-08-08 09:00,26.6,70,20.6,24.3,1.0,200,1.65,0.6,9,32.2
2025-08-08 10:00,26.8,71,21.0,24.9,1.2,270,1.7,0.2,9,32.8
2025-08-08 11:00,28.5,62,20.5,24.1,1.5,180,2.48,0.5,9,36.7
2025-08-08 12:00,28.4,66,21.4,25.5,1.8,290,1.79,0.1,9,33.3
2025-08-08 13:00,29.7,59,20.8,24.6,1.8,290,2.52,0.4,9,37.6
2025-08-08 14:00,30.2,54,19.8,23.1,2.1,250,2.56,0.9,8,38.4
2025-08-08 15:00,30.5,49,18.5,21.3,1.8,270,2.28,0.8,9,35.2
2025-08-08 16:00,31.0,52,19.9,23.2,2.1,270,2.29,1.0,7,35.4
2025-08-08 17:00,29.8,58,20.6,24.3,2.1,270,1.19,0.4,8,31.6
2025-08-08 18:00,29.1,58,19.9,23.2,2.3,270,0.5,0.1,9,29.3
2025-08-08 19:00,28.3,61,20.0,23.4,1.6,270,0.19,0.0,9,28.0
2025-08-08 20:00,27.8,65,20.6,24.3,1.5,270,0.0,0.0,6,27.2
2025-08-08 21:00,27.1,70,21.1,25.0,1.9,270,,,8,26.7
2025-08-08 22:00,26.9,72,21.4,25.5,0.3,0,,,7,26.7
2025-08-08 23:00,26.5,74,21.4,25.5,0.7,270,,,7,26.3
2025-08-09 00:00,26.1,75,21.3,25.3,0.7,230,,,9,26.2
2025-08-09 01:00,25.8,76,21.2,25.2,0.8,160,,,10,26.0
2025-08-09 02:00,25.7,78,21.5,25.6,0.8,270,,,10,26.1
2025-08-09 03:00,25.4,78,21.2,25.2,1.1,160,,,10,25.8
2025-08-09 04:00,25.1,79,21.1,25.0,0.9,230,,,10,25.7
2025-08-09 05:00,25.0,81,21.5,25.6,0.1,0,,,10,26.0
2025-08-09 06:00,24.8,83,21.7,26.0,0.4,0,0.0,0.0,10,25.9
2025-08-09 07:00,25.0,81,21.5,25.6,0.8,140,0.07,0.0,10,26.2
2025-08-09 08:00,25.2,80,21.4,25.5,0.3,0,0.23,0.0,10,27.1
2025-08-09 09:00,25.2,83,22.0,26.4,0.7,110,0.24,0.0,10,27.0
2025-08-09 10:00,25.5,84,22.5,27.2,2.1,50,0.31,0.0,10,27.2
2025-08-09 11:00,25.8,79,21.8,26.1,2.1,70,0.74,0.0,10,28.0
2025-08-09 12:00,26.2,73,20.9,24.7,0.8,140,0.49,0.0,10,28.2
2025-08-09 13:00,26.7,71,20.9,24.7,0.8,160,0.66,0.0,10,28.7
2025-08-09 14:00,27.0,66,20.0,23.4,1.7,90,0.73,0.0,10,28.8
2025-08-09 15:00,26.8,69,20.6,24.3,0.5,180,0.6,0.0,10,28.6
2025-08-09 16:00,25.5,76,20.9,24.7,2.6,50,0.39,0.0,10,27.5
2025-08-09 17:00,24.6,77,20.2,23.7,1.9,70,0.3,0.0,10,26.5
2025-08-09 18:00,24.7,81,21.2,25.2,1.5,70,0.2,0.0,10,26.5
2025-08-09 19:00,24.4,76,19.8,23.1,3.0,50,0.15,0.0,10,25.8
2025-08-09 20:00,24.4,76,19.8,23.1,1.0,50,0.0,0.0,9,25.7
2025-08-09 21:00,24.2,76,19.6,22.8,0.7,20,,,10,25.6
2025-08-09 22:00,24.1,74,19.1,22.1,1.9,50,,,10,25.0
2025-08-09 23:00,23.8,76,19.3,22.4,1.6,50,,,10,24.8
2025-08-10 00:00,23.2,81,19.7,22.9,2.7,50,,,4,24.3
2025-08-10 01:00,22.7,82,19.4,22.5,2.4,70,,,4,23.6
2025-08-10 02:00,22.2,83,19.1,22.1,1.5,50,,,4,23.5
2025-08-10 03:00,22.1,84,19.2,22.2,1.7,70,,,2,23.1
2025-08-10 04:00,21.7,84,18.8,21.7,1.8,70,,,0,22.8
2025-08-10 05:00,21.6,83,18.5,21.3,0.6,50,,,0,22.7
2025-08-10 06:00,21.1,86,18.6,21.4,1.2,70,0.0,0.0,3,22.6
2025-08-10 07:00,21.7,83,18.6,21.4,2.1,70,0.37,0.7,5,23.8
2025-08-10 08:00,22.7,76,18.2,20.9,2.0,70,0.74,0.4,6,24.9
2025-08-10 09:00,24.3,69,18.2,20.9,3.2,50,1.65,0.9,4,29.9
2025-08-10 10:00,26.4,62,18.5,21.3,2.7,70,2.5,1.0,4,34.1
2025-08-10 11:00,27.6,55,17.7,20.2,3.0,70,2.93,1.0,3,35.3
2025-08-10 12:00,29.1,54,18.8,21.7,2.1,70,3.48,1.0,3,37.9
2025-08-10 13:00,30.4,48,18.1,20.8,1.8,290,3.5,1.0,2,39.5
2025-08-10 14:00,31.7,42,17.2,19.6,1.3,50,3.39,1.0,2,40.3
2025-08-10 15:00,31.7,39,16.0,18.2,2.3,50,3.22,1.0,3,39.0
2025-08-10 16:00,32.0,44,18.2,20.9,1.3,90,2.62,1.0,3,35.1
2025-08-10 17:00,31.8,42,17.2,19.6,2.9,70,2.02,1.0,1,30.7
2025-08-10 18:00,31.6,48,19.2,22.2,1.2,290,1.15,0.9,1,29.9
2025-08-10 19:00,30.3,51,19.0,22.0,1.7,290,0.46,0.6,0,28.2
2025-08-10 20:00,29.7,55,19.6,22.8,1.2,290,0.01,0.0,2,27.0
2025-08-10 21:00,28.2,65,20.9,24.7,0.5,230,,,0,26.5
2025-08-10 22:00,27.5,68,21.0,24.9,0.3,0,,,0,26.1
2025-08-10 23:00,27.0,70,21.0,24.9,0.7,20,,,0,25.7
2025-08-11 00:00,26.3,71,20.6,24.3,0.4,0,,,0,25.3
2025-08-11 01:00,25.7,74,20.7,24.4,0.1,0,,,2,24.8
2025-08-11 02:00,25.2,78,21.0,24.9,0.7,50,,,7,25.1
2025-08-11 03:00,25.1,73,19.9,23.2,0.8,160,,,9,25.0
2025-08-11 04:00,25.0,74,20.0,23.4,0.3,0,,,8,24.7
2025-08-11 05:00,24.6,75,19.8,23.1,1.1,230,,,8,24.6
2025-08-11 06:00,24.3,78,20.2,23.7,0.3,0,0.0,0.0,7,24.5
2025-08-11 07:00,24.5,79,20.6,24.3,0.5,320,0.07,0.0,9,25.5
2025-08-11 08:00,25.6,75,20.8,24.6,1.0,290,0.53,0.0,9,27.7
2025-08-11 09:00,26.2,69,20.0,23.4,1.1,230,0.66,0.0,10,27.6
2025-08-11 10:00,26.7,68,20.2,23.7,1.5,140,0.83,0.0,10,28.7
2025-08-11 11:00,27.6,68,21.1,25.0,0.9,250,1.05,0.0,9,31.8
2025-08-11 12:00,27.6,68,21.1,25.0,1.1,160,0.89,0.0,10,29.0
2025-08-11 13:00,27.5,70,21.5,25.6,2.6,50,1.0,0.0,10,29.1
2025-08-11 14:00,27.1,73,21.8,26.1,1.5,50,0.48,0.0,10,28.2
2025-08-11 15:00,26.7,79,22.7,27.6,1.4,140,0.22,0.0,10,27.6
2025-08-11 16:00,26.1,85,23.3,28.6,1.3,50,0.34,0.0,10,28.1
2025-08-11 17:00,25.7,84,22.7,27.6,1.8,70,0.14,0.0,10,27.1
2025-08-11 18:00,25.7,83,22.5,27.2,1.4,110,0.17,0.0,10,27.0
2025-08-11 19:00,25.6,82,22.2,26.8,1.1,160,0.08,0.0,9,26.3
2025-08-11 20:00,24.8,78,20.6,24.3,1.1,180,0.02,0.0,10,25.7
2025-08-11 21:00,24.3,77,20.0,23.4,0.7,180,,,7,24.7
2025-08-11 22:00,24.1,80,20.4,24.0,0.3,0,,,2,24.0
2025-08-11 23:00,23.2,85,20.5,24.1,0.9,50,,,6,23.9
2025-08-12 00:00,23.0,85,20.3,23.8,1.8,70,,,1,23.6
2025-08-12 01:00,22.5,87,20.2,23.7,0.7,160,,,5,23.3
2025-08-12 02:00,22.3,87,20.0,23.4,1.1,290,,,10,23.7
2025-08-12 03:00,21.7,88,19.6,22.8,1.4,70,,,6,23.4
2025-08-12 04:00,21.2,90,19.4,22.5,1.8,70,,,2,22.8
2025-08-12 05:00,21.2,88,19.1,22.1,1.4,50,,,2,22.7
2025-08-12 06:00,21.1,89,19.2,22.2,1.2,70,0.0,0.0,8,22.7
2025-08-12 07:00,21.7,85,19.0,22.0,0.8,160,0.21,0.3,9,23.6
2025-08-12 08:00,23.0,78,18.9,21.8,1.6,70,0.59,0.0,8,25.3
2025-08-12 09:00,23.4,78,19.3,22.4,0.9,110,0.78,0.0,8,27.1
2025-08-12 10:00,25.7,70,19.8,23.1,0.9,110,1.68,0.3,7,31.8
2025-08-12 11:00,26.7,68,20.2,23.7,1.1,180,2.08,0.3,7,31.3
2025-08-12 12:00,27.5,63,19.8,23.1,1.6,180,1.83,0.0,7,31.2
2025-08-12 13:00,28.4,56,18.7,21.6,2.2,160,1.98,0.0,7,32.5
2025-08-12 14:00,29.3,55,19.3,22.4,3.8,110,3.13,0.8,6,35.8
2025-08-12 15:00,29.3,56,19.6,22.8,1.9,140,2.68,0.9,7,33.2
2025-08-12 16:00,28.5,63,20.7,24.4,1.3,230,0.72,0.0,9,29.8
2025-08-12 17:00,27.7,64,20.2,23.7,1.8,160,0.5,0.0,10,28.1
2025-08-12 18:00,27.2,66,20.2,23.7,1.9,140,0.41,0.0,10,27.5
2025-08-12 19:00,26.7,68,20.2,23.7,2.1,160,0.08,0.0,9,26.4
2025-08-12 20:00,26.5,69,20.3,23.8,1.1,140,0.01,0.0,8,26.2
2025-08-12 21:00,26.2,71,20.5,24.1,2.0,140,,,7,25.6
2025-08-12 22:00,26.2,71,20.5,24.1,1.1,140,,,5,25.3
2025-08-12 23:00,25.7,74,20.7,24.4,1.0,200,,,10,25.6
2025-08-13 00:00,25.6,76,21.0,24.9,0.8,160,,,10,25.7
2025-08-13 01:00,24.7,84,21.8,26.1,0.4,0,,,9,25.7
2025-08-13 02:00,24.4,87,22.0,26.4,0.5,20,,,10,25.7
2025-08-13 03:00,24.2,87,21.8,26.1,0.6,290,,,10,25.7
2025-08-13 04:00,24.5,86,21.9,26.3,1.0,160,,,10,25.6
2025-08-13 05:00,24.3,88,22.1,26.6,1.2,50,,,10,25.6
2025-08-13 06:00,24.5,88,22.3,26.9,0.7,50,0.0,0.0,10,25.7
2025-08-13 07:00,24.7,88,22.5,27.2,0.4,0,0.01,0.0,10,26.0
2025-08-13 08:00,25.2,86,22.6,27.4,0.6,160,0.13,0.0,10,26.5
2025-08-13 09:00,26.0,83,22.8,27.7,0.9,160,0.37,0.0,10,27.2
2025-08-13 10:00,26.6,80,22.8,27.7,1.1,160,0.32,0.0,10,27.5
2025-08-13 11:00,28.0,76,23.3,28.6,1.4,140,0.95,0.0,10,29.3
2025-08-13 12:00,29.7,73,24.3,30.4,0.7,200,1.5,0.0,9,32.3
2025-08-13 13:00,30.7,68,24.1,30.0,2.0,230,1.89,0.0,9,33.1
2025-08-13 14:00,32.1,60,23.3,28.6,2.8,270,2.48,0.4,9,36.3
2025-08-13 15:00,31.8,62,23.6,29.1,3.1,270,1.95,0.4,9,34.9
2025-08-13 16:00,31.5,63,23.5,28.9,3.1,270,1.38,0.1,9,32.7
2025-08-13 17:00,30.4,68,23.8,29.5,2.0,200,0.8,0.0,9,30.8
2025-08-13 18:00,30.2,69,23.8,29.5,1.5,230,0.57,0.0,10,29.9
2025-08-13 19:00,30.0,70,23.9,29.7,1.2,270,0.2,0.0,8,29.2
2025-08-13 20:00,29.7,71,23.8,29.5,1.3,270,0.01,0.0,8,28.2
2025-08-13 21:00,29.2,71,23.3,28.6,1.1,230,,,8,27.7
2025-08-13 22:00,27.6,72,22.0,26.4,2.1,290,,,8,27.4
2025-08-13 23:00,25.1,89,23.1,28.3,0.9,270,,,10,26.6
2025-08-14 00:00,24.8,88,22.6,27.4,1.2,160,,,10,26.2
2025-08-14 01:00,25.3,87,22.9,27.9,0.3,0,,,6,26.2
2025-08-14 02:00,25.3,87,22.9,27.9,0.8,160,,,9,26.2
2025-08-14 03:00,25.7,87,23.3,28.6,0.3,0,,,8,26.5
2025-08-14 04:00,26.2,83,23.0,28.1,1.1,250,,,10,26.3
2025-08-14 05:00,26.1,82,22.7,27.6,0.7,250,,,10,26.2
2025-08-14 06:00,26.2,81,22.6,27.4,0.5,270,0.0,0.0,9,26.2
2025-08-14 07:00,26.6,79,22.6,27.4,0.9,250,0.11,0.0,8,26.7
2025-08-14 08:00,28.1,74,23.0,28.1,1.5,230,0.84,0.3,8,29.0
2025-08-14 09:00,28.5,72,22.9,27.9,1.0,180,1.01,0.0,9,30.2
2025-08-14 10:00,29.0,71,23.2,28.4,2.0,270,0.98,0.0,9,30.5
2025-08-14 11:00,29.5,70,23.4,28.8,1.9,250,0.95,0.0,9,31.6
2025-08-14 12:00,30.7,65,23.3,28.6,2.1,270,1.59,0.0,9,32.8
2025-08-14 13:00,30.0,72,24.3,30.4,2.4,270,1.67,0.0,9,33.7
2025-08-14 14:00,30.1,73,24.7,31.1,1.5,270,1.1,0.0,9,33.1
2025-08-14 15:00,30.3,66,23.2,28.4,3.0,270,1.64,0.1,8,34.2
2025-08-14 16:00,30.7,66,23.6,29.1,2.0,270,2.17,0.9,6,33.5
2025-08-14 17:00,30.5,65,23.1,28.3,1.4,290,1.04,0.3,6,31.8
2025-08-14 18:00,31.0,64,23.3,28.6,1.3,290,0.66,0.3,8,30.8
2025-08-14 19:00,30.0,62,21.9,26.3,1.0,290,0.41,0.3,5,29.2
2025-08-14 20:00,29.0,68,22.4,27.1,1.1,290,0.0,0.0,1,28.2
2025-08-14 21:00,28.7,69,22.4,27.1,0.5,250,,,7,27.9
2025-08-14 22:00,28.1,71,22.3,26.9,0.8,290,,,5,27.2
2025-08-14 23:00,27.7,74,22.6,27.4,1.0,270,,,5,27.2
2025-08-15 00:00,27.5,76,22.8,27.7,1.3,270,,,8,27.5
2025-08-15 01:00,27.2,77,22.8,27.7,0.5,290,,,6,27.1
2025-08-15 02:00,27.0,78,22.8,27.7,0.7,290,,,6,26.8
2025-08-15 03:00,26.7,80,22.9,27.9,0.8,270,,,7,26.8
2025-08-15 04:00,26.6,81,23.0,28.1,0.2,0,,,7,26.8
2025-08-15 05:00,26.3,83,23.1,28.3,0.7,290,,,6,27.0
2025-08-15 06:00,26.0,85,23.2,28.4,0.3,0,0.0,0.0,6,26.7
2025-08-15 07:00,26.2,84,23.2,28.4,0.2,0,0.09,0.0,6,27.2
2025-08-15 08:00,26.8,82,23.4,28.8,0.4,0,0.38,0.0,9,28.7
2025-08-15 09:00,28.1,78,23.8,29.5,0.7,230,0.94,0.2,9,30.7
2025-08-15 10:00,29.6,72,24.0,29.8,1.3,250,1.82,0.5,6,37.1
2025-08-15 11:00,31.0,63,23.1,28.3,2.5,270,3.0,0.8,7,42.2
2025-08-15 12:00,32.0,60,23.2,28.4,1.3,270,3.02,0.7,8,42.2
2025-08-15 13:00,32.6,58,23.2,28.4,1.9,250,2.56,0.4,8,41.6
2025-08-15 14:00,29.2,75,24.3,30.4,2.6,290,1.38,0.2,9,31.0
2025-08-15 15:00,28.8,74,23.6,29.1,1.9,140,1.82,0.5,6,34.2
2025-08-15 16:00,31.4,63,23.5,28.9,1.4,90,2.38,0.9,3,33.5
2025-08-15 17:00,31.3,67,24.4,30.6,2.1,320,1.74,0.8,9,32.2
2025-08-15 18:00,29.5,75,24.5,30.7,1.9,70,0.76,0.3,3,30.3
2025-08-15 19:00,29.3,71,23.4,28.8,1.7,70,0.31,0.3,1,29.1
2025-08-15 20:00,28.9,73,23.5,28.9,0.8,50,0.01,0.0,0,28.2
2025-08-15 21:00,28.3,77,23.8,29.5,0.2,0,,,1,27.7
2025-08-15 22:00,28.0,82,24.6,30.9,0.5,250,,,1,27.7
2025-08-15 23:00,27.7,77,23.2,28.4,0.6,270,,,0,27.2
2025-08-16 00:00,27.3,77,22.9,27.9,0.7,290,,,5,26.7
2025-08-16 01:00,26.9,80,23.1,28.3,0.0,0,,,0,26.3
2025-08-16 02:00,26.5,84,23.5,28.9,0.2,0,,,0,26.3
2025-08-16 03:00,25.7,87,23.3,28.6,0.2,0,,,1,26.0
2025-08-16 04:00,25.5,89,23.5,28.9,0.2,0,,,6,26.0
2025-08-16 05:00,25.5,87,23.1,28.3,0.8,290,,,8,26.7
2025-08-16 06:00,25.5,87,23.1,28.3,0.0,0,0.0,0.0,9,26.7
2025-08-16 07:00,25.7,86,23.1,28.3,1.0,320,0.2,0.0,9,27.6
2025-08-16 08:00,26.6,83,23.4,28.8,0.3,0,0.48,0.0,7,28.6
2025-08-16 09:00,27.5,80,23.7,29.3,0.7,290,0.67,0.0,7,30.2
2025-08-16 10:00,28.6,72,23.0,28.1,1.0,270,1.68,0.4,4,34.4
2025-08-16 11:00,30.0,66,22.9,27.9,1.7,270,1.97,0.4,5,34.6
2025-08-16 12:00,31.5,57,21.9,26.3,1.6,270,2.65,0.6,3,41.5
2025-08-16 13:00,32.7,49,20.5,24.1,2.2,250,3.67,1.0,3,44.0
2025-08-16 14:00,32.6,50,20.8,24.6,1.6,230,3.29,0.9,2,41.7
2025-08-16 15:00,33.2,50,21.3,25.3,2.6,270,3.11,0.9,3,41.4
2025-08-16 16:00,33.1,51,21.6,25.8,2.2,200,2.53,0.9,2,35.5
2025-08-16 17:00,32.6,55,22.3,26.9,2.3,270,1.59,0.7,4,32.0
2025-08-16 18:00,32.7,54,22.1,26.6,2.0,270,0.78,0.6,2,30.7
2025-08-16 19:00,31.3,58,22.0,26.4,2.3,270,0.33,0.5,0,29.2
2025-08-16 20:00,30.2,64,22.6,27.4,1.6,270,0.01,0.0,0,28.2
2025-08-16 21:00,29.2,69,22.9,27.9,1.6,290,,,0,27.7
2025-08-16 22:00,28.1,71,22.3,26.9,0.9,290,,,0,27.0
2025-08-16 23:00,27.3,73,22.0,26.4,0.8,270,,,0,26.3
2025-08-17 00:00,26.7,79,22.7,27.6,1.4,290,,,0,26.2
2025-08-17 01:00,26.2,80,22.4,27.1,1.2,290,,,0,25.8
2025-08-17 02:00,26.0,79,22.0,26.4,1.0,230,,,0,25.6
2025-08-17 03:00,25.5,82,22.1,26.6,1.3,290,,,7,25.3
2025-08-17 04:00,24.7,85,22.0,26.4,0.9,270,,,9,25.2
2025-08-17 05:00,25.1,85,22.3,26.9,0.7,230,,,9,25.8
2025-08-17 06:00,25.2,84,22.2,26.8,0.5,140,0.0,0.0,9,25.7
2025-08-17 07:00,26.0,81,22.4,27.1,1.0,200,0.23,0.2,8,26.7
2025-08-17 08:00,26.3,80,22.5,27.2,1.5,270,0.65,0.3,7,28.2
2025-08-17 09:00,27.8,73,22.5,27.2,1.4,250,1.23,0.4,5,31.2
2025-08-17 10:00,28.6,70,22.5,27.2,1.2,270,1.66,0.3,6,34.0
2025-08-17 11:00,29.5,63,21.7,26.0,1.3,230,2.46,0.6,5,36.9
2025-08-17 12:00,30.8,58,21.5,25.6,1.3,230,2.71,0.6,5,40.5
2025-08-17 13:00,31.7,53,20.9,24.7,1.4,290,3.21,0.7,5,39.9
2025-08-17 14:00,32.6,55,22.3,26.9,1.7,200,3.15,0.7,6,39.2
2025-08-17 15:00,32.5,53,21.6,25.8,1.6,270,1.73,0.3,7,36.4
2025-08-17 16:00,32.5,55,22.2,26.8,2.1,250,2.16,0.9,5,34.7
2025-08-17 17:00,32.0,57,22.4,27.1,1.1,250,0.85,0.4,6,32.1
2025-08-17 18:00,31.6,58,22.3,26.9,1.6,270,0.5,0.2,6,30.8
2025-08-17 19:00,30.9,61,22.4,27.1,1.3,270,0.25,0.1,7,29.3
2025-08-17 20:00,29.8,66,22.7,27.6,1.0,270,0.0,0.0,7,28.2
2025-08-17 21:00,29.5,67,22.7,27.6,0.8,270,,,9,28.2
2025-08-17 22:00,29.0,68,22.4,27.1,1.0,270,,,10,28.0
2025-08-17 23:00,28.6,70,22.5,27.2,0.4,0,,,3,27.2
2025-08-18 00:00,28.2,73,22.8,27.7,0.6,270,,,6,26.9
2025-08-18 01:00,27.7,76,23.0,28.1,0.5,270,,,8,26.8
2025-08-18 02:00,27.2,78,23.0,28.1,0.7,320,,,9,26.8
2025-08-18 03:00,27.0,81,23.4,28.8,1.0,290,,,9,27.1
2025-08-18 04:00,26.7,80,22.9,27.9,0.7,160,,,8,26.8
2025-08-18 05:00,26.7,82,23.3,28.6,0.5,270,,,8,26.9
2025-08-18 06:00,26.7,82,23.3,28.6,0.9,200,0.0,0.0,9,26.8
2025-08-18 07:00,26.7,81,23.1,28.3,1.2,140,0.14,0.0,8,27.4
2025-08-18 08:00,27.6,76,22.9,27.9,1.3,250,0.87,0.8,4,28.3
2025-08-18 09:00,28.2,72,22.6,27.4,1.3,250,0.84,0.2,4,29.8
2025-08-18 10:00,29.3,70,23.2,28.4,1.2,250,1.13,0.1,7,32.7
2025-08-18 11:00,30.7,64,23.1,28.3,1.2,270,1.69,0.2,6,37.7
2025-08-18 12:00,31.5,61,23.0,28.1,1.6,270,2.58,0.6,4,40.7
2025-08-18 13:00,32.4,54,21.8,26.1,2.0,250,2.73,0.6,4,39.6
2025-08-18 14:00,33.0,55,22.7,27.6,1.7,230,3.16,0.9,3,41.7
2025-08-18 15:00,34.0,50,22.1,26.6,2.3,270,2.71,0.8,4,39.0
2025-08-18 16:00,32.9,54,22.3,26.9,2.4,270,1.97,0.8,5,34.0
2025-08-18 17:00,33.2,51,21.6,25.8,3.1,270,1.56,0.8,3,32.6
2025-08-18 18:00,31.9,55,21.7,26.0,2.4,270,0.79,0.4,7,30.6
2025-08-18 19:00,31.2,55,21.0,24.9,2.0,270,0.23,0.1,8,29.2
2025-08-18 20:00,30.3,61,21.9,26.3,1.6,270,0.0,0.0,7,28.3
2025-08-18 21:00,29.6,65,22.3,26.9,1.4,290,,,9,28.0
2025-08-18 22:00,29.1,66,22.0,26.4,1.4,270,,,10,27.7
2025-08-18 23:00,28.3,67,21.5,25.6,1.5,270,,,7,27.2
2025-08-19 00:00,27.8,70,21.8,26.1,1.8,270,,,9,27.1
2025-08-19 01:00,27.7,76,23.0,28.1,0.6,250,,,10,27.2
2025-08-19 02:00,27.7,74,22.6,27.4,0.8,160,,,7,27.2
2025-08-19 03:00,27.7,74,22.6,27.4,0.9,230,,,8,26.9
2025-08-19 04:00,27.3,77,22.9,27.9,0.7,230,,,7,26.7
2025-08-19 05:00,27.2,78,23.0,28.1,0.9,270,,,9,27.1
2025-08-19 06:00,27.0,79,23.0,28.1,0.7,200,0.0,0.0,8,26.6
2025-08-19 07:00,27.2,79,23.2,28.4,0.6,200,0.07,0.0,9,27.4
2025-08-19 08:00,28.4,74,23.3,28.6,1.6,200,0.81,0.6,3,28.7
2025-08-19 09:00,29.2,70,23.1,28.3,2.3,250,1.81,0.8,4,32.8
2025-08-19 10:00,30.9,62,22.7,27.6,2.4,290,2.19,0.5,6,37.7
2025-08-19 11:00,31.2,62,23.0,28.1,2.1,270,2.42,0.3,7,37.4
2025-08-19 12:00,32.3,59,23.2,28.4,1.9,250,3.22,0.9,6,42.1
2025-08-19 13:00,32.7,57,23.0,28.1,3.1,270,3.5,0.7,6,44.1
2025-08-19 14:00,33.0,54,22.4,27.1,2.9,270,2.78,0.6,7,39.8
2025-08-19 15:00,32.5,59,23.4,28.8,2.4,270,1.48,0.2,6,35.4
2025-08-19 16:00,33.2,53,22.3,26.9,3.2,270,2.25,0.8,2,34.7
2025-08-19 17:00,33.2,57,23.5,28.9,2.3,290,1.73,0.8,3,32.7
2025-08-19 18:00,32.2,58,22.8,27.7,1.9,270,0.79,0.7,1,30.7
2025-08-19 19:00,31.2,61,22.7,27.6,2.0,290,0.26,0.3,1,29.5
2025-08-19 20:00,30.3,64,22.7,27.6,1.4,270,0.0,0.0,2,28.4
2025-08-19 21:00,29.4,69,23.1,28.3,1.7,270,,,0,27.9
2025-08-19 22:00,28.8,71,23.0,28.1,1.2,290,,,0,27.6
2025-08-19 23:00,28.5,72,22.9,27.9,1.6,270,,,3,27.2
2025-08-20 00:00,27.8,75,22.9,27.9,1.3,270,,,0,27.0
2025-08-20 01:00,27.7,77,23.2,28.4,1.2,270,,,1,26.7
2025-08-20 02:00,27.2,80,23.4,28.8,0.8,250,,,0,26.6
2025-08-20 03:00,27.1,78,22.9,27.9,0.8,270,,,0,26.2
2025-08-20 04:00,27.1,77,22.7,27.6,0.9,140,,,0,26.1
2025-08-20 05:00,26.7,79,22.7,27.6,0.5,270,,,6,26.1
2025-08-20 06:00,26.7,79,22.7,27.6,0.0,0,0.0,0.0,2,25.8
2025-08-20 07:00,27.1,78,22.9,27.9,0.9,160,0.23,0.7,0,26.7
2025-08-20 08:00,28.0,75,23.1,28.3,1.0,180,0.88,0.9,2,28.2
2025-08-20 09:00,28.9,69,22.6,27.4,1.7,250,1.11,0.5,2,30.3
2025-08-20 10:00,30.7,63,22.8,27.7,1.7,250,2.2,0.6,4,37.1
2025-08-20 11:00,31.7,59,22.6,27.4,1.5,230,2.31,0.5,5,39.2
2025-08-20 12:00,31.6,60,22.8,27.7,1.9,290,2.4,0.4,6,38.1
2025-08-20 13:00,32.4,55,22.1,26.6,2.5,270,2.37,0.5,6,40.5
2025-08-20 14:00,33.0,53,22.1,26.6,2.1,270,3.1,1.0,5,42.3
2025-08-20 15:00,34.2,52,22.9,27.9,2.3,270,3.08,1.0,5,42.0
2025-08-20 16:00,33.7,51,22.1,26.6,2.2,270,2.33,0.9,3,36.6
2025-08-20 17:00,33.2,53,22.3,26.9,1.8,270,1.28,0.6,3,33.4
2025-08-20 18:00,32.8,55,22.5,27.2,1.9,290,0.9,1.0,7,31.8
2025-08-20 19:00,31.9,59,22.8,27.7,1.6,270,0.28,0.3,7,30.1
2025-08-20 20:00,30.7,64,23.1,28.3,2.0,270,0.0,0.0,5,28.8
2025-08-20 21:00,30.0,67,23.1,28.3,1.1,270,,,6,28.3
2025-08-20 22:00,29.5,70,23.4,28.8,1.5,270,,,7,28.2
2025-08-20 23:00,29.1,70,23.0,28.1,0.9,290,,,7,28.2
2025-08-21 00:00,28.7,70,22.6,27.4,1.1,290,,,8,27.8
2025-08-21 01:00,28.5,72,22.9,27.9,1.1,50,,,6,27.5
2025-08-21 02:00,28.2,74,23.1,28.3,1.4,270,,,8,27.5
2025-08-21 03:00,27.8,75,22.9,27.9,0.9,270,,,9,27.6
2025-08-21 04:00,27.3,78,23.1,28.3,0.4,0,,,9,27.5
2025-08-21 05:00,27.4,77,23.0,28.1,1.2,230,,,9,27.3
2025-08-21 06:00,27.2,79,23.2,28.4,0.9,290,0.0,0.0,7,27.2
2025-08-21 07:00,27.6,77,23.1,28.3,0.2,0,0.15,0.1,6,27.6
2025-08-21 08:00,28.0,77,23.5,28.9,0.7,290,0.72,0.6,2,29.2
2025-08-21 09:00,29.2,67,22.4,27.1,0.4,0,1.21,0.7,6,30.6
2025-08-21 10:00,30.9,63,23.0,28.1,0.9,200,1.5,0.4,4,35.0
2025-08-21 11:00,31.9,61,23.4,28.8,2.2,90,2.2,0.6,3,38.3
2025-08-21 12:00,33.1,53,22.2,26.8,0.7,180,2.44,0.6,3,43.1
2025-08-21 13:00,33.6,45,20.0,23.4,1.4,290,3.38,0.9,3,47.2
2025-08-21 14:00,34.0,47,21.0,24.9,1.5,270,3.37,1.0,4,47.5
2025-08-21 15:00,34.6,48,21.9,26.3,1.8,270,3.05,1.0,4,43.6
2025-08-21 16:00,34.4,47,21.4,25.5,2.0,290,2.41,1.0,4,38.3
2025-08-21 17:00,34.5,48,21.8,26.1,1.7,270,1.75,1.0,2,34.9
2025-08-21 18:00,33.9,49,21.6,25.8,1.8,290,1.02,1.0,2,32.5
2025-08-21 19:00,32.0,60,23.2,28.4,2.4,290,0.33,0.3,5,30.8
2025-08-21 20:00,30.7,66,23.6,29.1,1.6,290,0.01,0.0,7,29.7
2025-08-21 21:00,30.0,69,23.6,29.1,0.5,290,,,6,29.0
2025-08-21 22:00,29.8,69,23.4,28.8,0.4,0,,,7,28.5
2025-08-21 23:00,29.3,69,23.0,28.1,0.9,290,,,6,28.2
2025-08-22 00:00,28.7,67,21.9,26.3,1.2,290,,,3,27.6
2025-08-22 01:00,28.2,69,21.9,26.3,0.6,250,,,7,27.2
2025-08-22 02:00,28.0,70,22.0,26.4,1.0,270,,,6,27.0
2025-08-22 03:00,27.6,75,22.7,27.6,0.8,250,,,2,26.7
2025-08-22 04:00,27.3,76,22.6,27.4,0.5,270,,,0,26.5
2025-08-22 05:00,26.7,80,22.9,27.9,1.1,270,,,3,26.7
2025-08-22 06:00,26.6,83,23.4,28.8,0.6,270,0.0,0.0,5,26.5
2025-08-22 07:00,27.6,79,23.6,29.1,0.7,160,0.12,0.0,3,27.7
2025-08-22 08:00,28.2,77,23.7,29.3,0.9,290,0.75,0.7,5,29.6
2025-08-22 09:00,28.7,74,23.5,28.9,1.0,250,0.88,0.4,3,30.1
2025-08-22 10:00,30.6,65,23.2,28.4,0.9,270,1.74,0.6,3,36.9
2025-08-22 11:00,31.4,64,23.7,29.3,1.4,270,1.85,0.4,4,38.8
2025-08-22 12:00,33.0,58,23.6,29.1,1.9,270,2.84,0.6,5,44.1
2025-08-22 13:00,33.4,53,22.5,27.2,2.1,230,3.0,0.7,3,46.9
2025-08-22 14:00,34.0,50,22.1,26.6,2.3,270,3.13,0.9,6,44.5
2025-08-22 15:00,33.5,53,22.6,27.4,1.8,270,2.03,0.4,6,38.7
2025-08-22 16:00,34.6,51,22.9,27.9,2.1,270,1.89,0.6,6,37.6
2025-08-22 17:00,33.7,53,22.7,27.6,1.8,290,0.89,0.1,5,34.8
2025-08-22 18:00,32.7,55,22.4,27.1,2.0,290,0.73,0.4,3,32.5
2025-08-22 19:00,31.6,59,22.6,27.4,2.0,290,0.27,0.3,5,30.6
2025-08-22 20:00,30.7,63,22.8,27.7,1.1,270,0.0,0.0,8,29.2
2025-08-22 21:00,29.7,67,22.9,27.9,0.7,270,,,6,28.6
2025-08-22 22:00,29.2,68,22.6,27.4,1.1,270,,,6,28.0
2025-08-22 23:00,28.6,71,22.8,27.7,1.0,270,,,0,27.5
2025-08-23 00:00,28.2,73,22.8,27.7,0.9,270,,,0,27.1
2025-08-23 01:00,27.6,76,22.9,27.9,0.8,270,,,4,26.8
2025-08-23 02:00,26.8,79,22.8,27.7,1.0,270,,,1,26.6
2025-08-23 03:00,26.5,80,22.7,27.6,1.1,270,,,0,26.3
2025-08-23 04:00,26.4,80,22.6,27.4,1.2,270,,,0,26.2
2025-08-23 05:00,26.2,81,22.6,27.4,0.6,140,,,0,26.1
2025-08-23 06:00,26.2,82,22.8,27.7,0.6,180,0.0,0.0,1,25.8
2025-08-23 07:00,26.7,80,22.9,27.9,0.4,0,0.18,0.2,2,27.2
2025-08-23 08:00,27.6,76,22.9,27.9,0.9,180,0.77,0.7,2,28.7
2025-08-23 09:00,28.5,74,23.4,28.8,1.3,270,1.34,0.6,6,30.7
2025-08-23 10:00,29.2,70,23.1,28.3,1.3,270,1.11,0.1,6,32.7
2025-08-23 11:00,30.5,63,22.6,27.4,0.5,110,1.44,0.2,7,35.7
2025-08-23 12:00,31.8,56,21.9,26.3,1.6,290,1.85,0.3,3,43.5
2025-08-23 13:00,33.2,52,22.0,26.4,2.0,250,3.37,0.9,3,49.1
2025-08-23 14:00,33.4,54,22.8,27.7,2.0,250,2.99,0.9,3,50.1
2025-08-23 15:00,33.9,53,22.9,27.9,2.1,270,2.42,0.6,6,45.7
2025-08-23 16:00,34.2,51,22.6,27.4,1.4,70,1.75,0.6,4,42.1
2025-08-23 17:00,33.5,56,23.5,28.9,3.8,50,1.89,0.9,5,37.4
2025-08-23 18:00,33.0,57,23.3,28.6,2.0,70,0.84,0.9,4,34.0
2025-08-23 19:00,32.2,61,23.7,29.3,1.9,70,0.25,0.3,3,31.7
2025-08-23 20:00,31.8,61,23.3,28.6,0.8,50,0.0,0.0,4,30.3
2025-08-23 21:00,30.7,68,24.1,30.0,1.5,290,,,0,29.7
2025-08-23 22:00,29.7,74,24.5,30.7,1.1,270,,,1,29.1
2025-08-23 23:00,29.5,75,24.5,30.7,0.7,270,,,2,28.6
2025-08-24 00:00,29.1,77,24.6,30.9,0.5,290,,,2,28.2
2025-08-24 01:00,28.8,78,24.5,30.7,0.2,0,,,0,28.0
2025-08-24 02:00,28.5,79,24.4,30.6,1.3,290,,,1,28.3
2025-08-24 03:00,28.3,79,24.3,30.4,0.6,290,,,9,28.0
2025-08-24 04:00,28.1,80,24.3,30.4,1.2,270,,,9,27.7
2025-08-24 05:00,27.6,81,24.0,29.8,0.8,250,,,9,27.6
2025-08-24 06:00,27.8,80,24.0,29.8,0.8,250,0.0,0.0,9,28.0
2025-08-24 07:00,27.8,78,23.6,29.1,1.1,290,0.05,0.0,8,28.2
2025-08-24 08:00,29.1,75,24.2,30.2,1.0,250,0.78,0.4,3,30.9
2025-08-24 09:00,29.7,69,23.3,28.6,1.5,270,1.37,0.7,5,34.6
2025-08-24 10:00,30.2,68,23.6,29.1,1.0,250,1.8,0.5,6,37.3
2025-08-24 11:00,31.1,66,23.9,29.7,1.1,230,1.61,0.2,6,37.0
2025-08-24 12:00,33.2,58,23.8,29.5,1.5,270,2.69,0.7,4,48.1
2025-08-24 13:00,33.0,56,23.0,28.1,2.1,250,2.95,0.7,5,48.8
2025-08-24 14:00,34.5,50,22.5,27.2,1.7,230,3.47,1.0,3,52.7
2025-08-24 15:00,35.0,48,22.3,26.9,2.4,270,2.97,0.9,3,49.9
2025-08-24 16:00,35.2,43,20.7,24.4,1.9,270,2.48,1.0,2,44.6
2025-08-24 17:00,35.2,45,21.4,25.5,2.0,270,1.8,1.0,1,36.9
2025-08-24 18:00,34.2,46,20.9,24.7,1.7,290,1.05,1.0,0,33.7
2025-08-24 19:00,33.0,51,21.5,25.6,1.5,290,0.21,0.3,0,31.5
2025-08-24 20:00,32.0,57,22.4,27.1,1.0,290,0.0,0.0,0,30.2
2025-08-24 21:00,30.8,64,23.1,28.3,1.1,270,,,0,29.5
2025-08-24 22:00,30.5,64,22.9,27.9,0.8,250,,,0,28.7
2025-08-24 23:00,29.6,70,23.5,28.9,1.3,250,,,0,28.5
2025-08-25 00:00,29.2,70,23.1,28.3,1.1,270,,,0,28.1
2025-08-25 01:00,28.7,72,23.1,28.3,0.9,290,,,0,27.7
2025-08-25 02:00,28.5,73,23.1,28.3,0.7,180,,,0,27.6
2025-08-25 03:00,28.3,73,22.9,27.9,0.5,160,,,0,27.3
2025-08-25 04:00,28.1,74,23.0,28.1,0.5,200,,,2,27.2
2025-08-25 05:00,27.7,76,23.0,28.1,0.8,160,,,0,26.8
2025-08-25 06:00,27.3,78,23.1,28.3,0.7,160,0.0,0.0,0,26.7
2025-08-25 07:00,27.3,79,23.3,28.6,0.8,290,0.1,0.0,0,27.6
2025-08-25 08:00,28.5,78,24.2,30.2,0.9,230,0.69,0.7,9,30.0
2025-08-25 09:00,29.5,74,24.3,30.4,1.4,270,0.76,0.1,8,33.7
2025-08-25 10:00,31.8,61,23.3,28.6,1.8,250,2.02,0.7,8,41.9
2025-08-25 11:00,32.2,60,23.4,28.8,1.9,200,3.0,1.0,4,46.7
2025-08-25 12:00,32.4,58,23.0,28.1,1.9,270,1.7,0.2,8,40.1
2025-08-25 13:00,33.5,55,23.2,28.4,2.2,230,2.61,0.6,7,47.7
2025-08-25 14:00,34.8,48,22.1,26.6,3.2,270,3.31,0.9,6,53.3
2025-08-25 15:00,35.1,50,23.1,28.3,3.1,270,2.29,0.6,4,49.5
2025-08-25 16:00,34.5,50,22.5,27.2,4.4,270,2.32,0.9,6,43.6
2025-08-25 17:00,33.7,54,23.0,28.1,3.2,270,1.66,0.8,6,37.0
2025-08-25 18:00,33.1,56,23.1,28.3,3.3,270,0.98,0.7,7,34.5
2025-08-25 19:00,31.6,63,23.6,29.1,3.0,270,0.21,0.2,3,31.8
2025-08-25 20:00,30.3,65,22.9,27.9,3.1,270,0.0,0.0,3,30.2
2025-08-25 21:00,29.7,68,23.1,28.3,2.3,270,,,2,29.3
2025-08-25 22:00,29.5,69,23.2,28.4,2.0,290,,,5,29.1
2025-08-25 23:00,29.2,70,23.1,28.3,1.4,250,,,4,28.7
2025-08-26 00:00,29.2,68,22.6,27.4,1.3,230,,,5,28.3
2025-08-26 01:00,29.2,66,22.1,26.6,2.1,230,,,6,28.7
2025-08-26 02:00,29.1,68,22.5,27.2,2.2,230,,,6,28.5
2025-08-26 03:00,27.3,78,23.1,28.3,0.5,360,,,10,28.6
2025-08-26 04:00,28.8,69,22.5,27.2,1.4,200,,,9,28.5
2025-08-26 05:00,25.8,89,23.8,29.5,2.9,270,,,10,26.7
2025-08-26 06:00,24.7,89,22.7,27.6,1.1,250,0.0,0.0,10,26.5
2025-08-26 07:00,24.8,87,22.4,27.1,0.7,180,0.0,0.0,10,26.3
2025-08-26 08:00,25.1,88,22.9,27.9,1.7,250,0.0,0.0,10,26.5
2025-08-26 09:00,25.2,87,22.8,27.7,1.0,250,0.0,0.0,10,26.5
2025-08-26 10:00,25.5,86,22.9,27.9,1.2,230,0.1,0.0,10,26.7
2025-08-26 11:00,25.7,84,22.7,27.6,1.5,200,0.17,0.0,10,27.4
2025-08-26 12:00,26.0,83,22.8,27.7,1.4,200,0.24,0.0,10,27.7
2025-08-26 13:00,26.7,80,22.9,27.9,1.3,200,0.58,0.0,10,29.2
2025-08-26 14:00,27.1,81,23.5,28.9,1.5,250,0.66,0.0,10,29.4
2025-08-26 15:00,28.5,76,23.8,29.5,1.7,230,1.22,0.3,9,34.2
2025-08-26 16:00,29.0,73,23.6,29.1,2.8,270,1.62,0.4,8,34.2
2025-08-26 17:00,29.0,73,23.6,29.1,2.6,270,1.71,0.9,9,31.5
2025-08-26 18:00,28.7,75,23.8,29.5,2.4,270,0.66,0.3,8,29.8
2025-08-26 19:00,28.2,77,23.7,29.3,1.6,250,0.23,0.2,5,28.5
2025-08-26 20:00,28.1,78,23.8,29.5,1.0,270,0.0,0.0,3,27.8
2025-08-26 21:00,27.6,81,24.0,29.8,1.6,270,,,5,27.3
2025-08-26 22:00,27.2,73,21.9,26.3,0.9,270,,,6,26.6
2025-08-26 23:00,26.5,72,21.0,24.9,0.7,270,,,8,26.1
2025-08-27 00:00,25.8,74,20.8,24.6,0.7,270,,,0,25.3
2025-08-27 01:00,25.5,77,21.1,25.0,0.7,270,,,2,24.8
2025-08-27 02:00,25.2,82,21.9,26.3,0.4,0,,,0,24.6
2025-08-27 03:00,25.0,81,21.5,25.6,0.4,0,,,0,24.3
2025-08-27 04:00,24.1,86,21.6,25.8,1.1,270,,,5,24.5
2025-08-27 05:00,24.2,86,21.7,26.0,0.4,0,,,6,24.7
2025-08-27 06:00,23.8,89,21.8,26.1,0.6,250,0.0,0.0,7,25.2
2025-08-27 07:00,24.6,86,22.0,26.4,0.6,200,0.1,0.0,6,25.8
2025-08-27 08:00,24.7,85,22.0,26.4,0.3,0,0.31,0.0,9,27.2
2025-08-27 09:00,26.8,77,22.4,27.1,1.1,270,0.96,0.2,9,32.2
2025-08-27 10:00,27.8,68,21.3,25.3,1.0,290,1.88,0.6,3,36.0
2025-08-27 11:00,28.9,61,20.6,24.3,1.2,290,2.71,0.8,8,36.3
2025-08-27 12:00,29.9,58,20.7,24.4,1.0,200,3.1,0.7,8,40.7
2025-08-27 13:00,30.1,57,20.6,24.3,1.8,320,2.5,0.5,8,37.9
2025-08-27 14:00,31.2,55,21.0,24.9,1.4,290,2.38,0.6,8,40.5
2025-08-27 15:00,32.1,48,19.7,22.9,2.2,270,3.15,1.0,7,40.4
2025-08-27 16:00,32.5,42,17.9,20.5,2.4,270,2.38,1.0,2,35.9
2025-08-27 17:00,31.9,38,15.8,17.9,2.0,270,1.64,1.0,8,30.4
2025-08-27 18:00,31.1,43,17.0,19.4,1.2,270,0.84,0.9,9,29.2
2025-08-27 19:00,30.3,45,17.0,19.4,0.7,270,0.16,0.0,7,27.3
2025-08-27 20:00,29.7,51,18.4,21.2,0.8,270,0.0,0.0,7,26.3
2025-08-27 21:00,28.3,63,20.5,24.1,1.2,50,,,2,26.1
2025-08-27 22:00,26.7,72,21.2,25.2,1.1,340,,,7,26.1
2025-08-27 23:00,26.7,69,20.5,24.1,0.3,0,,,8,26.1
2025-08-28 00:00,26.5,72,21.0,24.9,0.6,270,,,7,25.7
2025-08-28 01:00,25.9,75,21.1,25.0,0.5,290,,,7,25.7
2025-08-28 02:00,25.2,79,21.2,25.2,0.0,0,,,5,25.1
2025-08-28 03:00,25.8,76,21.2,25.2,0.4,0,,,8,25.5
2025-08-28 04:00,26.2,72,20.7,24.4,0.7,160,,,8,25.5
2025-08-28 05:00,26.1,72,20.6,24.3,0.3,0,,,9,25.5
2025-08-28 06:00,25.8,73,20.5,24.1,0.3,0,0.0,0.0,7,25.2
2025-08-28 07:00,26.0,72,20.5,24.1,0.9,160,0.03,0.0,5,25.3
2025-08-28 08:00,26.7,70,20.7,24.4,1.4,140,0.4,0.2,2,26.7
2025-08-28 09:00,28.5,65,21.2,25.2,0.9,160,1.47,1.0,4,31.9
2025-08-28 10:00,29.7,60,21.0,24.9,1.8,140,2.11,0.5,7,34.2
2025-08-28 11:00,30.2,59,21.2,25.2,2.2,200,2.5,0.6,8,35.0
2025-08-28 12:00,31.0,58,21.7,26.0,2.8,250,2.35,0.2,7,38.6
2025-08-28 13:00,32.0,55,21.8,26.1,1.9,230,2.94,0.5,5,38.8
2025-08-28 14:00,32.0,54,21.5,25.6,3.1,270,2.85,0.8,7,38.3
2025-08-28 15:00,33.4,54,22.8,27.7,1.7,250,2.65,0.8,5,39.7
2025-08-28 16:00,32.5,56,22.5,27.2,2.4,270,1.65,0.5,6,35.7
2025-08-28 17:00,32.4,58,23.0,28.1,2.0,270,1.08,0.6,7,32.3
2025-08-28 18:00,31.4,62,23.2,28.4,2.0,270,0.47,0.1,7,30.2
2025-08-28 19:00,30.3,64,22.7,27.6,1.2,250,0.13,0.0,7,28.7
2025-08-28 20:00,29.8,63,21.9,26.3,1.3,290,0.0,0.0,8,27.8
2025-08-28 21:00,29.3,66,22.2,26.8,1.1,230,,,9,27.2
2025-08-28 22:00,29.0,64,21.4,25.5,1.3,230,,,7,26.7
2025-08-28 23:00,28.6,66,21.6,25.8,1.3,250,,,5,26.4
2025-08-29 00:00,27.9,70,21.9,26.3,0.8,180,,,2,26.2
2025-08-29 01:00,27.6,73,22.3,26.9,0.6,180,,,2,26.1
2025-08-29 02:00,27.2,77,22.8,27.7,0.5,230,,,6,26.2
2025-08-29 03:00,27.2,77,22.8,27.7,0.6,200,,,8,26.2
2025-08-29 04:00,27.0,78,22.8,27.7,0.8,200,,,9,26.2
2025-08-29 05:00,26.8,79,22.8,27.7,0.7,180,,,9,26.2
2025-08-29 06:00,26.8,79,22.8,27.7,0.4,0,0.0,0.0,9,26.2
2025-08-29 07:00,27.1,79,23.1,28.3,0.5,180,0.1,0.0,9,27.0
2025-08-29 08:00,28.1,74,23.0,28.1,1.4,250,0.58,0.1,8,29.0
2025-08-29 09:00,28.7,73,23.3,28.6,2.3,270,0.87,0.0,8,30.7
2025-08-29 10:00,29.7,70,23.6,29.1,1.9,290,1.16,0.3,9,32.7
2025-08-29 11:00,30.7,67,23.8,29.5,3.0,270,1.84,0.6,6,38.0
2025-08-29 12:00,32.0,62,23.7,29.3,2.7,270,2.62,0.7,6,39.5
2025-08-29 13:00,33.0,58,23.6,29.1,2.6,270,2.44,0.4,5,41.2
2025-08-29 14:00,31.8,61,23.3,28.6,3.8,270,2.04,0.3,6,38.4
2025-08-29 15:00,33.4,56,23.4,28.8,2.9,250,2.99,1.0,5,42.2
2025-08-29 16:00,33.5,58,24.0,29.8,2.0,270,1.96,0.7,6,37.4
2025-08-29 17:00,33.2,57,23.5,28.9,2.0,270,1.19,0.5,5,33.1
2025-08-29 18:00,32.4,59,23.3,28.6,2.9,270,0.58,0.4,3,31.0
2025-08-29 19:00,31.2,64,23.5,28.9,2.0,270,0.14,0.1,2,29.2
2025-08-29 20:00,30.2,68,23.6,29.1,2.0,270,0.0,0.0,3,28.2
2025-08-29 21:00,29.3,71,23.4,28.8,1.9,270,,,0,27.7
2025-08-29 22:00,29.0,74,23.8,29.5,2.2,270,,,2,27.6
2025-08-29 23:00,28.6,75,23.7,29.3,0.9,250,,,2,27.2
2025-08-30 00:00,28.3,75,23.4,28.8,1.2,230,,,0,27.0
2025-08-30 01:00,28.0,77,23.5,28.9,1.0,200,,,3,26.7
2025-08-30 02:00,27.7,79,23.7,29.3,0.8,230,,,0,26.7
2025-08-30 03:00,27.6,81,24.0,29.8,0.9,180,,,7,27.0
2025-08-30 04:00,27.3,82,23.9,29.7,0.9,200,,,3,26.8
2025-08-30 05:00,27.2,83,24.0,29.8,0.9,180,,,3,26.7
2025-08-30 06:00,26.8,83,23.6,29.1,0.6,230,,,6,26.6
2025-08-30 07:00,27.3,81,23.7,29.3,0.6,160,0.11,0.2,1,27.1
2025-08-30 08:00,28.4,77,23.9,29.7,1.2,200,0.64,0.4,3,29.0
2025-08-30 09:00,29.4,74,24.2,30.2,1.3,200,1.42,0.6,5,33.9
2025-08-30 10:00,29.7,70,23.6,29.1,1.2,290,1.73,0.5,4,33.6
2025-08-30 11:00,31.1,61,22.6,27.4,1.8,290,1.9,0.5,6,38.8
2025-08-30 12:00,31.9,59,22.8,27.7,2.1,290,2.52,0.6,4,41.0
2025-08-30 13:00,33.0,51,21.5,25.6,2.2,230,3.48,1.0,2,47.0
2025-08-30 14:00,34.1,49,21.8,26.1,1.9,290,3.16,0.9,3,47.4
2025-08-30 15:00,34.4,46,21.1,25.0,2.2,250,2.99,1.0,3,46.7
2025-08-30 16:00,33.8,53,22.8,27.7,2.1,250,1.25,0.4,7,38.4
2025-08-30 17:00,33.9,52,22.6,27.4,1.9,290,1.23,0.6,4,35.2
2025-08-30 18:00,32.9,55,22.6,27.4,1.9,270,0.72,0.5,3,32.3
2025-08-30 19:00,30.9,66,23.7,29.3,1.3,180,0.12,0.1,3,30.7
2025-08-30 20:00,29.3,69,23.0,28.1,1.6,70,0.0,0.0,2,29.1
2025-08-30 21:00,29.0,71,23.2,28.4,0.7,360,,,0,28.2
2025-08-30 22:00,28.7,70,22.6,27.4,1.0,70,,,2,27.7
2025-08-30 23:00,28.2,74,23.1,28.3,0.9,50,,,2,27.3
2025-08-31 00:00,27.7,77,23.2,28.4,0.7,290,,,0,27.1
2025-08-31 01:00,27.3,78,23.1,28.3,0.8,320,,,3,26.7
2025-08-31 02:00,26.6,82,23.2,28.4,0.8,290,,,3,26.5
2025-08-31 03:00,26.2,83,23.0,28.1,0.3,0,,,0,26.2
2025-08-31 04:00,26.6,81,23.0,28.1,0.3,0,,,5,26.4
2025-08-31 05:00,26.2,82,22.8,27.7,0.2,0,,,8,26.3
2025-08-31 06:00,26.3,81,22.7,27.6,0.9,110,,,2,26.1
2025-08-31 07:00,26.7,80,22.9,27.9,0.7,140,0.1,0.2,0,26.6
2025-08-31 08:00,28.2,74,23.1,28.3,0.7,230,0.79,1.0,0,28.9
2025-08-31 09:00,29.8,70,23.7,29.3,0.4,0,1.56,1.0,0,33.5
2025-08-31 10:00,30.2,71,24.3,30.4,1.2,290,1.91,0.7,6,35.0
2025-08-31 11:00,31.8,60,23.0,28.1,1.5,230,2.1,0.5,6,42.1
2025-08-31 12:00,32.4,60,23.6,29.1,1.9,270,2.59,0.7,4,44.9
2025-08-31 13:00,33.4,50,21.5,25.6,1.9,250,2.97,0.8,4,47.5
2025-08-31 14:00,32.7,49,20.5,24.1,1.7,200,2.67,0.7,6,41.6
2025-08-31 15:00,33.0,49,20.8,24.6,2.2,230,2.34,0.9,7,42.0
2025-08-31 16:00,32.5,52,21.3,25.3,1.5,250,0.92,0.2,9,35.5
2025-08-31 17:00,30.0,61,21.6,25.8,1.9,200,0.83,0.1,9,33.8
2025-08-31 18:00,28.8,67,22.0,26.4,2.0,250,0.4,0.0,9,31.2
2025-08-31 19:00,28.5,71,22.7,27.6,1.6,250,0.19,0.2,8,29.6
2025-08-31 20:00,27.7,73,22.4,27.1,0.9,160,0.0,0.0,8,28.6
2025-08-31 21:00,27.7,70,21.7,26.0,0.4,0,,,5,27.7
2025-08-31 22:00,27.7,70,21.7,26.0,0.7,200,,,6,27.3
2025-08-31 23:00,27.3,71,21.5,25.6,1.0,200,,,3,27.0
2025-09-01 00:00,27.1,74,22.0,26.4,1.0,230,,,2,26.7
2025-09-01 01:00,27.2,75,22.3,26.9,0.5,200,,,10,27.5
2025-09-01 02:00,26.8,77,22.4,27.1,0.9,160,,,4,26.7
2025-09-01 03:00,26.1,81,22.5,27.2,1.2,140,,,5,26.2
2025-09-01 04:00,26.3,78,22.1,26.6,1.6,230,,,2,26.0
2025-09-01 05:00,26.2,78,22.0,26.4,0.9,200,,,3,25.7
2025-09-01 06:00,26.3,77,21.9,26.3,0.9,230,,,6,26.0
2025-09-01 07:00,26.7,75,21.8,26.1,1.8,200,0.11,0.0,5,26.8
2025-09-01 08:00,28.3,68,21.8,26.1,1.7,160,0.7,0.4,1,28.2
2025-09-01 09:00,28.5,67,21.7,26.0,1.7,200,0.91,0.2,9,30.2
2025-09-01 10:00,30.5,62,22.3,26.9,2.7,230,1.94,0.3,7,38.1
2025-09-01 11:00,31.7,59,22.6,27.4,2.1,250,1.91,0.3,6,40.6
2025-09-01 12:00,32.7,54,22.1,26.6,3.2,250,2.99,0.6,6,47.4
2025-09-01 13:00,28.8,76,24.1,30.0,2.0,290,2.13,0.4,4,38.1
2025-09-01 14:00,33.0,56,23.0,28.1,2.5,230,2.74,0.7,8,38.0
2025-09-01 15:00,29.4,75,24.4,30.6,1.7,270,1.42,0.3,9,34.7
2025-09-01 16:00,26.4,85,23.6,29.1,2.6,270,0.26,0.0,10,29.3
2025-09-01 17:00,26.4,85,23.6,29.1,2.0,230,0.12,0.0,10,29.1
2025-09-01 18:00,26.3,83,23.1,28.3,1.3,200,0.16,0.0,9,28.3
2025-09-01 19:00,26.2,84,23.2,28.4,1.1,200,0.09,0.0,8,27.7
2025-09-01 20:00,26.2,86,23.6,29.1,1.0,230,,,10,27.3
2025-09-01 21:00,26.3,84,23.3,28.6,1.5,230,,,10,27.2
2025-09-01 22:00,26.5,85,23.7,29.3,0.9,200,,,10,27.3
2025-09-01 23:00,26.2,85,23.4,28.8,1.2,250,,,10,27.2
2025-09-02 00:00,25.3,87,22.9,27.9,1.8,290,,,10,27.2
2025-09-02 01:00,25.5,86,22.9,27.9,1.4,290,,,10,27.1
2025-09-02 02:00,25.4,86,22.8,27.7,1.2,250,,,10,27.1
2025-09-02 03:00,25.3,87,22.9,27.9,0.8,270,,,10,27.0
2025-09-02 04:00,25.2,87,22.8,27.7,1.5,250,,,10,26.7
2025-09-02 05:00,24.9,89,22.9,27.9,0.9,270,,,10,26.2
2025-09-02 06:00,24.9,86,22.3,26.9,1.1,270,,,9,26.1
2025-09-02 07:00,24.7,83,21.6,25.8,0.8,270,0.02,0.0,9,26.3
2025-09-02 08:00,25.2,80,21.4,25.5,1.0,270,0.28,0.0,9,27.4
2025-09-02 09:00,25.7,75,20.9,24.7,2.1,50,0.5,0.0,9,27.7
2025-09-02 10:00,26.7,67,20.0,23.4,1.2,270,1.43,0.1,9,32.2
2025-09-02 11:00,27.0,70,21.0,24.9,1.1,270,0.91,0.0,10,30.4
2025-09-02 12:00,27.1,68,20.6,24.3,1.7,270,1.03,0.0,10,30.7
2025-09-02 13:00,27.7,56,18.1,20.8,1.2,290,1.38,0.1,9,32.8
2025-09-02 14:00,29.1,56,19.4,22.5,1.5,270,2.6,0.6,6,39.6
2025-09-02 15:00,29.6,53,19.0,22.0,1.6,360,2.65,1.0,9,35.2
2025-09-02 16:00,29.8,53,19.1,22.1,1.7,290,1.89,1.0,5,32.7
2025-09-02 17:00,29.7,51,18.4,21.2,1.7,290,1.75,1.0,5,31.2
2025-09-02 18:00,29.1,50,17.6,20.1,1.6,270,0.82,0.9,6,28.2
2025-09-02 19:00,27.9,58,18.8,21.7,0.9,270,0.2,0.3,2,26.6
2025-09-02 20:00,27.6,57,18.3,21.0,1.3,50,,,2,25.3
2025-09-02 21:00,26.6,64,19.2,22.2,0.2,0,,,0,24.7
2025-09-02 22:00,25.5,70,19.6,22.8,0.4,0,,,0,24.2
2025-09-02 23:00,24.5,71,18.8,21.7,0.5,180,,,0,23.8
2025-09-03 00:00,23.7,79,19.8,23.1,0.5,290,,,0,23.2
2025-09-03 01:00,23.2,79,19.3,22.4,0.3,0,,,0,22.8
2025-09-03 02:00,22.3,83,19.2,22.2,0.3,0,,,5,22.7
2025-09-03 03:00,22.0,84,19.1,22.1,0.6,340,,,3,22.7
2025-09-03 04:00,21.7,83,18.6,21.4,1.1,50,,,2,22.7
2025-09-03 05:00,21.3,83,18.2,20.9,1.7,50,,,2,22.6
2025-09-03 06:00,21.2,84,18.3,21.0,2.4,50,,,3,22.5
2025-09-03 07:00,21.5,82,18.2,20.9,1.8,70,0.14,0.4,2,23.0
2025-09-03 08:00,22.7,78,18.6,21.4,2.2,70,0.79,1.0,1,24.9
2025-09-03 09:00,24.7,70,18.8,21.7,1.8,90,1.57,1.0,3,29.9
2025-09-03 10:00,27.3,64,19.8,23.1,0.5,290,2.19,1.0,5,35.0
2025-09-03 11:00,29.3,58,20.1,23.5,1.2,290,2.86,1.0,4,39.5
2025-09-03 12:00,30.4,57,20.9,24.7,1.5,160,3.22,1.0,5,40.8
2025-09-03 13:00,31.2,53,20.4,24.0,2.7,110,2.62,0.6,5,35.6
2025-09-03 14:00,32.5,48,20.0,23.4,2.5,160,2.99,0.8,5,38.4
2025-09-03 15:00,32.4,51,20.9,24.7,1.8,180,2.58,1.0,5,35.3
2025-09-03 16:00,32.5,47,19.7,22.9,1.3,140,1.82,1.0,6,33.0
2025-09-03 17:00,32.9,48,20.4,24.0,1.8,90,1.78,1.0,6,30.7
2025-09-03 18:00,32.4,51,20.9,24.7,0.9,140,0.82,0.8,7,29.3
2025-09-03 19:00,31.7,53,20.9,24.7,1.4,140,0.07,0.0,7,27.8
2025-09-03 20:00,30.6,60,21.9,26.3,1.3,250,,,8,28.0
2025-09-03 21:00,29.5,65,22.2,26.8,1.1,270,,,9,28.0
2025-09-03 22:00,28.6,67,21.8,26.1,1.4,270,,,7,27.2
2025-09-03 23:00,27.7,70,21.7,26.0,1.5,270,,,10,27.3
2025-09-04 00:00,26.2,76,21.6,25.8,1.0,290,,,7,27.1
2025-09-04 01:00,26.8,76,22.2,26.8,1.6,110,,,8,26.7
2025-09-04 02:00,26.7,72,21.2,25.2,1.4,90,,,9,26.5
2025-09-04 03:00,26.1,79,22.1,26.6,0.1,0,,,9,26.5
2025-09-04 04:00,26.0,73,20.7,24.4,0.8,180,,,7,26.0
2025-09-04 05:00,26.0,69,19.8,23.1,0.7,160,,,7,25.5
2025-09-04 06:00,25.6,69,19.4,22.5,1.9,70,,,9,25.2
2025-09-04 07:00,25.8,66,18.9,21.8,1.5,50,0.02,0.0,10,25.4
2025-09-04 08:00,25.9,67,19.2,22.2,2.3,70,0.32,0.0,9,26.3
2025-09-04 09:00,25.8,75,21.0,24.9,2.8,90,0.6,0.0,10,27.0
2025-09-04 10:00,25.8,73,20.5,24.1,3.1,50,0.5,0.0,10,27.0
2025-09-04 11:00,25.7,77,21.3,25.3,2.2,50,0.6,0.0,10,27.8
2025-09-04 12:00,26.2,77,21.8,26.1,2.4,50,0.84,0.0,10,29.7
2025-09-04 13:00,27.7,70,21.7,26.0,2.6,50,1.4,0.0,9,31.7
2025-09-04 14:00,29.3,67,22.5,27.2,1.9,70,2.12,0.7,9,34.9
2025-09-04 15:00,30.2,64,22.6,27.4,2.3,70,2.11,0.6,8,37.4
2025-09-04 16:00,29.5,67,22.7,27.6,2.5,70,1.09,0.2,6,31.3
2025-09-04 17:00,30.2,63,22.3,26.9,1.8,20,1.05,0.7,3,29.7
2025-09-04 18:00,29.7,65,22.4,27.1,4.2,50,0.63,0.8,2,28.2
2025-09-04 19:00,28.7,69,22.4,27.1,2.6,50,0.12,0.3,3,27.1
2025-09-04 20:00,27.8,72,22.2,26.8,2.4,70,,,4,26.3
2025-09-04 21:00,28.6,66,21.6,25.8,2.1,110,,,0,26.2
2025-09-04 22:00,28.2,65,20.9,24.7,1.5,110,,,1,25.7
2025-09-04 23:00,27.4,70,21.4,25.5,1.6,70,,,1,25.5
2025-09-05 00:00,27.1,69,20.9,24.7,1.5,70,,,0,25.2
2025-09-05 01:00,26.7,70,20.7,24.4,1.5,90,,,1,25.1
2025-09-05 02:00,25.5,77,21.1,25.0,1.9,50,,,1,24.8
2025-09-05 03:00,24.8,78,20.6,24.3,1.8,50,,,0,24.6
2025-09-05 04:00,24.5,79,20.6,24.3,2.1,50,,,0,24.3
2025-09-05 05:00,24.0,79,20.1,23.5,2.3,50,,,4,24.1
2025-09-05 06:00,23.7,79,19.8,23.1,2.2,70,,,0,23.7
2025-09-05 07:00,24.1,77,19.8,23.1,2.2,50,0.15,0.6,0,24.5
2025-09-05 08:00,25.5,71,19.8,23.1,1.6,70,0.8,1.0,0,26.8
2025-09-05 09:00,27.6,67,20.9,24.7,1.3,90,1.56,1.0,0,31.9
2025-09-05 10:00,29.6,60,21.0,24.9,0.8,290,2.25,1.0,0,36.5
2025-09-05 11:00,30.5,57,21.0,24.9,1.4,140,2.81,1.0,2,40.0
2025-09-05 12:00,32.0,55,21.8,26.1,1.6,230,3.31,0.9,5,45.5
2025-09-05 13:00,31.7,58,22.4,27.1,0.9,250,2.14,0.4,5,39.4
2025-09-05 14:00,32.3,55,22.1,26.6,1.1,270,2.08,0.5,5,41.8
2025-09-05 15:00,33.9,45,20.2,23.7,1.7,180,3.02,1.0,3,45.0
2025-09-05 16:00,33.4,50,21.5,25.6,2.5,270,1.84,1.0,6,40.7
2025-09-05 17:00,33.0,54,22.4,27.1,2.2,290,1.16,0.6,7,35.5
2025-09-05 18:00,32.3,58,22.9,27.9,1.5,270,0.74,0.7,1,32.0
2025-09-05 19:00,31.6,58,22.3,26.9,1.3,290,0.11,0.2,1,29.9
2025-09-05 20:00,30.4,63,22.5,27.2,0.9,290,,,1,28.8
2025-09-05 21:00,29.7,67,22.9,27.9,0.7,290,,,0,28.1
2025-09-05 22:00,28.7,71,22.9,27.9,1.0,250,,,4,27.7
2025-09-05 23:00,28.3,72,22.7,27.6,1.3,270,,,1,27.1
2025-09-06 00:00,28.2,70,22.2,26.8,1.1,270,,,0,26.7
2025-09-06 01:00,27.7,71,21.9,26.3,0.5,160,,,1,26.5
2025-09-06 02:00,27.1,74,22.0,26.4,0.5,200,,,1,26.2
2025-09-06 03:00,27.0,75,22.1,26.6,0.9,200,,,1,26.2
2025-09-06 04:00,26.8,76,22.2,26.8,0.9,200,,,6,26.5
2025-09-06 05:00,26.5,78,22.3,26.9,0.8,180,,,1,26.1
2025-09-06 06:00,26.3,79,22.3,26.9,1.2,200,,,4,26.0
2025-09-06 07:00,26.6,77,22.2,26.8,1.2,230,0.07,0.1,1,26.1
2025-09-06 08:00,28.0,72,22.4,27.1,1.4,160,0.68,0.6,8,28.8
2025-09-06 09:00,29.1,68,22.5,27.2,2.1,230,1.38,0.5,6,32.3
2025-09-06 10:00,29.5,68,22.9,27.9,2.1,270,1.41,0.3,3,32.4
2025-09-06 11:00,30.6,60,21.9,26.3,3.7,270,2.44,0.6,9,36.5
2025-09-06 12:00,31.2,64,23.5,28.9,1.7,270,1.65,0.1,4,38.7
2025-09-06 13:00,32.5,55,22.2,26.8,3.6,270,2.71,0.6,7,42.9
2025-09-06 14:00,32.5,55,22.2,26.8,3.0,270,1.77,0.3,9,38.9
2025-09-06 15:00,32.4,57,22.7,27.6,3.3,270,2.15,0.6,9,38.7
2025-09-06 16:00,32.7,55,22.4,27.1,4.3,270,1.55,0.5,6,38.8
2025-09-06 17:00,32.2,58,22.8,27.7,3.8,250,1.48,0.8,6,34.4
2025-09-06 18:00,30.8,62,22.6,27.4,3.1,270,0.5,0.1,9,31.7
2025-09-06 19:00,30.5,66,23.4,28.8,1.5,270,0.02,0.0,8,30.2
2025-09-06 20:00,29.7,69,23.3,28.6,1.0,270,,,10,29.2
2025-09-06 21:00,27.5,81,23.9,29.7,1.4,90,,,10,28.3
2025-09-06 22:00,26.4,82,23.0,28.1,3.3,270,,,10,27.6
2025-09-06 23:00,25.1,84,22.1,26.6,2.5,270,,,10,26.6
2025-09-07 00:00,24.4,83,21.3,25.3,1.9,200,,,10,25.9
2025-09-07 01:00,24.2,85,21.5,25.6,1.2,230,,,10,25.8
2025-09-07 02:00,24.2,85,21.5,25.6,1.6,200,,,10,25.8
2025-09-07 03:00,24.5,84,21.6,25.8,1.3,250,,,10,25.8
2025-09-07 04:00,24.8,85,22.0,26.4,0.9,180,,,10,25.9
2025-09-07 05:00,24.0,88,21.8,26.1,1.7,230,,,10,25.3
2025-09-07 06:00,24.2,88,22.0,26.4,0.9,200,,,10,25.6
2025-09-07 07:00,24.6,87,22.2,26.8,1.4,200,0.01,0.0,10,25.8
2025-09-07 08:00,24.7,86,22.1,26.6,1.0,200,0.17,0.0,9,26.5
2025-09-07 09:00,25.5,84,22.5,27.2,1.6,270,0.5,0.0,9,29.3
2025-09-07 10:00,25.7,87,23.3,28.6,1.0,270,0.56,0.0,10,28.3
2025-09-07 11:00,27.3,79,23.3,28.6,1.3,270,1.07,0.0,9,32.6
2025-09-07 12:00,27.9,68,21.4,25.5,1.5,290,1.16,0.0,9,32.3
2025-09-07 13:00,29.2,63,21.4,25.5,1.8,290,1.81,0.0,9,34.4
2025-09-07 14:00,29.7,60,21.0,24.9,2.0,270,1.95,0.4,9,35.4
2025-09-07 15:00,28.8,63,21.0,24.9,2.0,270,1.33,0.0,9,32.2
2025-09-07 16:00,28.5,66,21.5,25.6,1.7,290,0.87,0.0,9,31.2
2025-09-07 17:00,27.7,67,21.0,24.9,2.3,290,0.57,0.0,10,29.4
2025-09-07 18:00,26.7,66,19.8,23.1,1.7,290,0.21,0.0,9,27.7
2025-09-07 19:00,25.8,69,19.6,22.8,1.7,290,0.06,0.0,9,26.1
2025-09-07 20:00,25.2,72,19.7,22.9,0.9,270,,,9,25.6
2025-09-07 21:00,24.7,73,19.5,22.7,0.7,360,,,7,25.0
2025-09-07 22:00,24.1,76,19.5,22.7,0.4,0,,,3,24.1
2025-09-07 23:00,23.2,79,19.3,22.4,0.3,0,,,3,23.5
2025-09-08 00:00,23.0,79,19.1,22.1,1.2,270,,,0,23.0
2025-09-08 01:00,22.2,83,19.1,22.1,1.0,200,,,0,22.7
2025-09-08 02:00,21.7,84,18.8,21.7,1.2,270,,,0,22.3
2025-09-08 03:00,21.6,85,18.9,21.8,0.4,0,,,6,22.2
2025-09-08 04:00,21.2,86,18.7,21.6,0.4,0,,,5,22.1
2025-09-08 05:00,20.6,88,18.5,21.3,0.4,0,,,5,21.8
2025-09-08 06:00,20.1,90,18.4,21.2,0.5,340,,,7,21.8
2025-09-08 07:00,20.7,88,18.6,21.4,1.2,270,0.07,0.0,10,23.3
2025-09-08 08:00,21.5,86,19.0,22.0,0.6,250,0.27,0.0,9,24.8
2025-09-08 09:00,22.6,82,19.3,22.4,0.9,250,0.74,0.0,9,27.1
2025-09-08 10:00,22.7,80,19.0,22.0,1.6,50,0.75,0.0,9,27.7
2025-09-08 11:00,23.7,76,19.2,22.2,2.0,70,1.55,0.0,9,30.2
2025-09-08 12:00,25.1,71,19.4,22.5,0.9,270,1.58,0.0,9,30.7
2025-09-08 13:00,25.3,67,18.7,21.6,0.6,320,1.0,0.0,10,29.2
2025-09-08 14:00,25.5,67,18.9,21.8,1.5,290,0.86,0.0,10,28.7
2025-09-08 15:00,25.3,68,18.9,21.8,1.2,270,0.71,0.0,10,28.5
2025-09-08 16:00,25.3,72,19.8,23.1,1.2,290,0.64,0.0,10,27.8
2025-09-08 17:00,25.2,73,20.0,23.4,1.1,290,0.36,0.0,10,27.1
2025-09-08 18:00,24.8,75,20.0,23.4,0.7,290,0.12,0.0,10,26.1
2025-09-08 19:00,24.7,75,19.9,23.2,1.2,270,0.03,0.0,10,25.2
2025-09-08 20:00,24.7,73,19.5,22.7,1.4,250,,,10,24.7
2025-09-08 21:00,24.5,76,19.9,23.2,1.4,160,,,10,24.5
2025-09-08 22:00,24.0,78,19.9,23.2,0.8,230,,,10,24.3
2025-09-08 23:00,23.7,78,19.6,22.8,0.3,0,,,10,24.3
2025-09-09 00:00,23.3,81,19.8,23.1,0.8,270,,,10,24.2
2025-09-09 01:00,23.8,72,18.4,21.2,0.6,20,,,10,24.2
2025-09-09 02:00,23.7,73,18.5,21.3,0.7,70,,,10,24.1
2025-09-09 03:00,23.2,81,19.7,22.9,1.1,290,,,10,24.1
2025-09-09 04:00,22.8,83,19.7,22.9,0.7,180,,,10,23.8
2025-09-09 05:00,22.7,84,19.8,23.1,0.8,250,,,10,23.8
2025-09-09 06:00,23.0,83,19.9,23.2,0.4,0,,,10,23.8
2025-09-09 07:00,22.6,85,19.9,23.2,0.3,0,0.0,0.0,10,23.8
2025-09-09 08:00,22.6,87,20.3,23.8,0.9,250,0.05,0.0,10,24.3
2025-09-09 09:00,22.1,87,19.8,23.1,1.9,270,0.18,0.0,10,25.1
2025-09-09 10:00,22.3,85,19.6,22.8,1.8,140,0.46,0.0,10,25.2
2025-09-09 11:00,22.0,84,19.1,22.1,1.5,140,0.45,0.0,10,25.5
2025-09-09 12:00,21.8,80,18.1,20.8,1.3,230,0.57,0.0,10,25.7
2025-09-09 13:00,21.7,78,17.6,20.1,2.0,140,0.77,0.0,10,26.5
2025-09-09 14:00,22.5,77,18.2,20.9,1.1,180,0.67,0.0,10,26.4
2025-09-09 15:00,23.0,68,16.7,19.0,0.7,140,0.98,0.0,10,27.3
2025-09-09 16:00,24.1,61,16.1,18.3,1.9,90,0.88,0.0,10,27.6
2025-09-09 17:00,23.8,61,15.8,17.9,1.4,110,0.81,0.0,9,26.5
2025-09-09 18:00,23.6,62,15.8,17.9,1.7,90,0.43,0.1,8,24.5
2025-09-09 19:00,23.3,62,15.6,17.7,2.7,90,0.03,0.0,10,23.3
2025-09-09 20:00,23.6,61,15.6,17.7,1.9,90,,,9,23.2
2025-09-09 21:00,22.8,67,16.3,18.5,0.8,200,,,10,23.1
2025-09-09 22:00,22.8,67,16.3,18.5,0.6,180,,,8,23.2
2025-09-09 23:00,22.5,71,16.9,19.2,0.7,290,,,8,23.0
2025-09-10 00:00,21.7,74,16.8,19.1,0.8,270,,,8,22.6
2025-09-10 01:00,21.7,74,16.8,19.1,0.8,50,,,5,21.8
2025-09-10 02:00,21.1,79,17.3,19.7,1.4,50,,,4,21.7
2025-09-10 03:00,20.7,80,17.1,19.5,1.8,70,,,9,21.7
2025-09-10 04:00,20.7,80,17.1,19.5,1.8,50,,,9,22.1
2025-09-10 05:00,20.6,80,17.0,19.4,1.6,50,,,9,22.0
2025-09-10 06:00,20.5,81,17.1,19.5,1.5,70,,,9,22.0
2025-09-10 07:00,20.2,83,17.2,19.6,2.4,50,0.01,0.0,9,22.5
2025-09-10 08:00,20.2,83,17.2,19.6,3.2,50,0.33,0.0,7,23.7
2025-09-10 09:00,21.3,81,17.8,20.4,2.3,50,0.73,0.0,8,25.7
2025-09-10 10:00,22.5,75,17.8,20.4,2.8,50,1.33,0.1,6,28.8
2025-09-10 11:00,24.3,68,18.0,20.6,2.2,50,1.49,0.0,9,30.4
2025-09-10 12:00,26.7,59,18.0,20.6,2.0,70,2.34,0.3,5,36.8
2025-09-10 13:00,27.7,54,17.5,20.0,0.8,320,2.77,0.8,4,37.0
2025-09-10 14:00,28.7,52,17.8,20.4,2.4,70,2.57,0.8,3,37.5
2025-09-10 15:00,29.2,50,17.7,20.2,2.7,50,2.78,1.0,1,37.9
2025-09-10 16:00,30.0,48,17.7,20.2,2.0,70,2.26,1.0,1,33.7
2025-09-10 17:00,30.0,47,17.4,19.9,2.1,90,1.51,1.0,1,28.8
2025-09-10 18:00,29.3,48,17.1,19.5,1.8,70,0.72,0.9,1,27.0
2025-09-10 19:00,28.3,53,17.7,20.2,1.0,50,0.08,0.2,0,25.5
2025-09-10 20:00,27.6,55,17.7,20.2,0.3,0,,,1,24.7
2025-09-10 21:00,26.7,59,18.0,20.6,0.7,50,,,0,24.0
2025-09-10 22:00,25.5,65,18.4,21.2,0.2,0,,,0,23.3
2025-09-10 23:00,24.5,73,19.3,22.4,0.8,160,,,0,23.0
2025-09-11 00:00,23.7,75,18.9,21.8,0.0,0,,,0,22.6
2025-09-11 01:00,22.7,78,18.6,21.4,1.1,20,,,0,22.2
2025-09-11 02:00,21.9,77,17.6,20.1,1.3,50,,,0,21.7
2025-09-11 03:00,21.2,77,16.9,19.2,1.4,70,,,0,21.2
2025-09-11 04:00,21.1,76,16.6,18.9,1.5,70,,,0,21.0
2025-09-11 05:00,20.2,81,16.8,19.1,1.2,70,,,0,20.7
2025-09-11 06:00,19.7,82,16.5,18.8,2.2,90,,,0,20.2
2025-09-11 07:00,19.7,78,15.7,17.8,1.8,90,0.1,0.5,0,20.6
2025-09-11 08:00,21.3,77,17.0,19.4,1.6,70,0.77,1.0,0,23.1
2025-09-11 09:00,23.2,71,17.6,20.1,2.2,70,1.56,1.0,0,29.1
2025-09-11 10:00,25.4,63,17.8,20.4,2.3,70,2.28,1.0,0,33.9
2025-09-11 11:00,26.7,56,17.1,19.5,1.2,180,2.8,1.0,0,38.1
2025-09-11 12:00,28.6,49,16.8,19.1,2.8,50,3.17,1.0,0,42.2
2025-09-11 13:00,30.4,37,14.0,16.0,4.2,90,3.32,1.0,0,43.7
2025-09-11 14:00,30.8,38,14.8,16.8,4.9,90,3.14,1.0,2,43.9
2025-09-11 15:00,31.3,36,14.4,16.4,3.6,110,2.66,1.0,1,42.4
2025-09-11 16:00,31.6,34,13.8,15.8,2.8,110,2.21,1.0,1,36.6
2025-09-11 17:00,31.5,32,12.8,14.8,3.8,110,1.53,1.0,0,30.6
2025-09-11 18:00,30.6,36,13.8,15.8,2.1,140,0.66,0.9,6,28.4
2025-09-11 19:00,29.2,41,14.5,16.5,1.4,160,0.07,0.0,5,26.3
2025-09-11 20:00,27.8,43,14.0,16.0,1.2,160,,,7,25.1
2025-09-11 21:00,27.3,44,13.9,15.9,2.3,90,,,4,24.2
2025-09-11 22:00,26.7,47,14.4,16.4,1.6,110,,,7,23.7
2025-09-11 23:00,26.2,46,13.6,15.6,2.3,90,,,9,23.6
2025-09-12 00:00,25.5,46,13.0,15.0,3.1,90,,,10,23.1
2025-09-12 01:00,24.9,48,13.1,15.1,2.2,90,,,9,23.2
2025-09-12 02:00,24.2,54,14.2,16.2,2.1,70,,,10,23.1
2025-09-12 03:00,23.7,57,14.6,16.6,1.7,20,,,10,23.1
2025-09-12 04:00,23.2,58,14.4,16.4,2.1,70,,,10,22.8
2025-09-12 05:00,23.0,59,14.5,16.5,0.7,20,,,9,22.7
2025-09-12 06:00,22.8,60,14.6,16.6,2.5,50,,,10,22.6
2025-09-12 07:00,23.0,61,15.0,17.0,1.7,70,0.0,0.0,10,22.7
2025-09-12 08:00,22.8,62,15.1,17.2,1.1,20,0.2,0.0,10,24.0
2025-09-12 09:00,24.1,62,16.3,18.5,0.4,0,0.57,0.0,10,26.0
2025-09-12 10:00,24.8,62,17.0,19.4,2.2,50,0.65,0.0,10,27.5
2025-09-12 11:00,25.7,61,17.6,20.1,2.5,50,0.9,0.0,10,28.3
2025-09-12 12:00,26.2,62,18.3,21.0,2.1,70,0.88,0.0,10,29.7
2025-09-12 13:00,27.0,60,18.5,21.3,1.6,110,0.83,0.0,10,28.5
2025-09-12 14:00,25.7,67,19.1,22.1,2.1,70,0.52,0.0,10,27.8
2025-09-12 15:00,24.5,75,19.7,22.9,2.2,70,0.43,0.0,10,26.2
2025-09-12 16:00,23.7,82,20.4,24.0,2.2,50,0.23,0.0,10,25.6
2025-09-12 17:00,23.1,86,20.6,24.3,2.7,50,0.11,0.0,10,24.8
2025-09-12 18:00,22.4,88,20.3,23.8,2.9,50,0.02,0.0,10,24.1
2025-09-12 19:00,22.2,88,20.1,23.5,2.5,50,0.0,0.0,10,23.7
2025-09-12 20:00,22.0,89,20.0,23.4,3.7,50,,,10,23.3
2025-09-12 21:00,21.7,90,19.9,23.2,3.9,50,,,10,23.0
2025-09-12 22:00,21.7,90,19.9,23.2,2.8,50,,,10,22.8
2025-09-12 23:00,21.5,91,19.9,23.2,3.0,70,,,10,22.8
2025-09-13 00:00,21.7,90,19.9,23.2,0.9,50,,,10,23.2
2025-09-13 01:00,21.6,91,20.0,23.4,0.7,50,,,10,23.2
2025-09-13 02:00,22.0,91,20.4,24.0,0.8,70,,,10,23.2
2025-09-13 03:00,22.6,90,20.8,24.6,0.5,290,,,10,23.5
2025-09-13 04:00,23.5,85,20.8,24.6,1.0,180,,,10,23.7
2025-09-13 05:00,23.5,87,21.2,25.2,0.9,230,,,10,23.7
2025-09-13 06:00,23.4,90,21.6,25.8,2.2,140,,,10,23.7
2025-09-13 07:00,24.3,88,22.1,26.6,0.7,140,0.0,0.0,10,24.1
2025-09-13 08:00,25.1,86,22.5,27.2,1.6,270,0.03,0.0,10,24.7
2025-09-13 09:00,26.4,81,22.8,27.7,1.4,250,0.72,0.2,6,28.0
2025-09-13 10:00,26.2,80,22.4,27.1,2.5,270,0.45,0.0,10,27.1
2025-09-13 11:00,25.1,79,21.1,25.0,3.1,290,1.11,0.0,10,29.2
2025-09-13 12:00,26.2,72,20.7,24.4,2.2,290,2.22,0.4,8,32.4
2025-09-13 13:00,27.0,66,20.0,23.4,2.3,290,2.64,0.5,9,34.2
2025-09-13 14:00,27.9,65,20.7,24.4,2.3,290,2.72,0.7,5,37.4
2025-09-13 15:00,27.2,66,20.2,23.7,1.7,290,1.55,0.3,9,31.5
2025-09-13 16:00,26.3,73,21.0,24.9,3.7,70,1.07,0.3,8,29.5
2025-09-13 17:00,26.3,73,21.0,24.9,3.0,70,0.74,0.2,8,27.7
2025-09-13 18:00,26.0,73,20.7,24.4,2.9,70,0.34,0.0,8,26.3
2025-09-13 19:00,25.7,74,20.7,24.4,1.2,70,0.01,0.0,10,25.7
2025-09-13 20:00,25.2,76,20.6,24.3,1.3,90,,,10,25.5
2025-09-13 21:00,25.1,77,20.7,24.4,1.1,90,,,9,25.2
2025-09-13 22:00,25.0,77,20.6,24.3,0.9,70,,,9,25.1
2025-09-13 23:00,24.7,80,21.0,24.9,0.7,290,,,10,25.0
2025-09-14 00:00,24.6,81,21.1,25.0,1.5,270,,,10,25.1
2025-09-14 01:00,24.3,81,20.8,24.6,0.9,270,,,10,24.8
2025-09-14 02:00,24.1,78,20.0,23.4,1.1,200,,,10,24.2
2025-09-14 03:00,24.0,78,19.9,23.2,0.7,230,,,9,24.2
2025-09-14 04:00,23.8,78,19.7,22.9,0.3,0,,,9,24.3
2025-09-14 05:00,23.7,79,19.8,23.1,0.6,250,,,9,24.2
2025-09-14 06:00,23.5,81,20.0,23.4,0.5,200,,,8,23.8
2025-09-14 07:00,23.7,79,19.8,23.1,0.9,200,0.05,0.0,9,24.3
2025-09-14 08:00,24.1,79,20.2,23.7,0.7,230,0.25,0.0,7,25.3
2025-09-14 09:00,25.1,73,19.9,23.2,1.5,200,1.09,0.6,7,28.1
2025-09-14 10:00,26.0,69,19.8,23.1,0.9,180,1.22,0.0,9,29.1
2025-09-14 11:00,26.6,68,20.2,23.7,1.3,250,1.4,0.0,9,30.5
2025-09-14 12:00,27.6,66,20.6,24.3,1.3,270,1.66,0.0,9,32.5
2025-09-14 13:00,28.3,60,19.7,22.9,1.1,250,2.09,0.2,9,34.4
2025-09-14 14:00,29.2,57,19.7,22.9,1.3,250,2.43,0.4,9,36.1
2025-09-14 15:00,29.4,57,19.9,23.2,1.5,290,1.92,0.5,8,35.5
2025-09-14 16:00,29.1,58,19.9,23.2,1.1,270,1.21,0.1,9,32.0
2025-09-14 17:00,28.8,60,20.2,23.7,1.0,290,0.64,0.0,9,29.8
2025-09-14 18:00,28.0,64,20.5,24.1,0.9,270,0.34,0.0,9,27.7
2025-09-14 19:00,27.2,67,20.5,24.1,0.7,290,0.01,0.0,9,26.5
2025-09-14 20:00,27.1,67,20.4,24.0,0.8,50,,,9,26.2
2025-09-14 21:00,26.6,70,20.6,24.3,0.5,50,,,8,25.7
2025-09-14 22:00,25.8,74,20.8,24.6,0.1,0,,,7,24.8
2025-09-14 23:00,25.2,77,20.8,24.6,0.8,270,,,7,24.6
2025-09-15 00:00,24.6,81,21.1,25.0,0.6,270,,,7,24.6
2025-09-15 01:00,24.3,83,21.2,25.2,0.8,290,,,10,24.5
2025-09-15 02:00,24.2,83,21.1,25.0,0.2,0,,,10,24.6
2025-09-15 03:00,24.1,83,21.0,24.9,0.2,0,,,8,24.5
2025-09-15 04:00,23.5,84,20.6,24.3,0.4,0,,,7,23.6
2025-09-15 05:00,22.7,87,20.4,24.0,1.4,50,,,7,23.3
2025-09-15 06:00,22.7,87,20.4,24.0,0.1,0,,,6,23.0
2025-09-15 07:00,22.7,86,20.2,23.7,0.8,70,0.05,0.0,2,23.4
2025-09-15 08:00,23.3,82,20.0,23.4,1.4,90,0.59,0.3,1,25.5
2025-09-15 09:00,25.5,74,20.5,24.1,1.1,110,1.33,1.0,1,30.1
2025-09-15 10:00,26.8,66,19.9,23.2,1.1,160,2.31,0.9,3,35.2
2025-09-15 11:00,28.2,65,20.9,24.7,1.1,290,2.56,0.8,5,38.2
2025-09-15 12:00,28.4,61,20.1,23.5,0.7,290,2.12,0.2,7,35.4
2025-09-15 13:00,28.7,62,20.6,24.3,1.2,290,1.79,0.0,8,35.2
2025-09-15 14:00,28.8,61,20.5,24.1,1.1,270,1.51,0.0,9,32.6
2025-09-15 15:00,28.8,63,21.0,24.9,0.6,270,1.06,0.0,9,31.2
2025-09-15 16:00,29.2,62,21.1,25.0,1.3,270,0.9,0.1,9,31.3
2025-09-15 17:00,28.8,65,21.5,25.6,1.6,270,0.67,0.0,9,29.7
2025-09-15 18:00,28.3,65,21.0,24.9,1.3,270,0.29,0.0,9,28.1
2025-09-15 19:00,28.0,68,21.5,25.6,0.7,270,0.01,0.0,9,26.8
2025-09-15 20:00,27.7,69,21.4,25.5,0.6,270,,,7,26.2
2025-09-15 21:00,27.0,73,21.7,26.0,0.6,50,,,3,25.7
2025-09-15 22:00,26.7,74,21.6,25.8,0.5,200,,,3,25.2
2025-09-15 23:00,25.7,79,21.7,26.0,0.4,0,,,5,25.1
2025-09-16 00:00,25.3,80,21.5,25.6,0.7,180,,,7,24.8
2025-09-16 01:00,24.7,83,21.6,25.8,0.3,0,,,5,24.6
2025-09-16 02:00,24.6,84,21.7,26.0,0.8,180,,,7,24.2
2025-09-16 03:00,24.2,85,21.5,25.6,1.7,50,,,8,24.7
2025-09-16 04:00,24.3,84,21.4,25.5,0.9,50,,,8,25.1
2025-09-16 05:00,24.5,84,21.6,25.8,1.1,70,,,7,25.0
2025-09-16 06:00,24.7,83,21.6,25.8,0.6,110,,,7,24.8
2025-09-16 07:00,25.0,81,21.5,25.6,0.8,110,0.01,0.0,9,25.2
2025-09-16 08:00,25.3,81,21.7,26.0,0.3,0,0.22,0.0,9,26.7
2025-09-16 09:00,26.7,74,21.6,25.8,0.6,160,1.09,0.1,9,30.3
2025-09-16 10:00,27.5,74,22.4,27.1,1.1,270,1.08,0.0,9,30.3
2025-09-16 11:00,28.3,72,22.7,27.6,1.9,290,1.79,0.2,8,32.3
2025-09-16 12:00,29.7,67,22.9,27.9,1.9,270,1.92,0.2,6,34.4
2025-09-16 13:00,31.2,60,22.5,27.2,3.0,270,2.83,0.8,5,39.8
2025-09-16 14:00,29.3,72,23.7,29.3,2.1,290,1.99,0.4,8,33.8
2025-09-16 15:00,31.2,62,23.0,28.1,3.1,270,1.83,0.5,7,35.7
2025-09-16 16:00,27.1,77,22.7,27.6,3.9,270,0.64,0.1,10,28.6
2025-09-16 17:00,25.7,77,21.3,25.3,1.4,70,0.45,0.0,8,28.5
2025-09-16 18:00,25.3,77,20.9,24.7,0.6,270,0.12,0.0,9,26.8
2025-09-16 19:00,25.2,81,21.6,25.8,1.1,270,0.0,0.0,10,26.2
2025-09-16 20:00,25.2,83,22.0,26.4,0.9,270,,,10,26.0
2025-09-16 21:00,24.8,84,21.9,26.3,1.0,230,,,10,25.8
2025-09-16 22:00,24.7,86,22.1,26.6,0.2,0,,,10,26.0
2025-09-16 23:00,24.7,85,22.0,26.4,0.9,200,,,10,25.8
2025-09-17 00:00,24.6,86,22.0,26.4,0.4,0,,,10,25.6
2025-09-17 01:00,24.5,88,22.3,26.9,0.9,200,,,10,25.3
2025-09-17 02:00,24.5,89,22.5,27.2,0.7,230,,,10,25.5
2025-09-17 03:00,24.2,87,21.8,26.1,1.0,200,,,10,25.4
2025-09-17 04:00,24.2,88,22.0,26.4,0.7,140,,,10,25.2
2025-09-17 05:00,24.2,88,22.0,26.4,1.0,180,,,10,25.2
2025-09-17 06:00,24.1,90,22.3,26.9,0.6,270,,,10,25.2
2025-09-17 07:00,24.3,91,22.7,27.6,0.6,250,0.0,0.0,10,25.2
2025-09-17 08:00,25.0,89,23.0,28.1,0.1,0,0.18,0.0,10,26.4
2025-09-17 09:00,26.2,85,23.4,28.8,0.2,0,0.62,0.0,9,29.2
2025-09-17 10:00,26.5,83,23.3,28.6,1.4,250,0.82,0.0,10,29.0
2025-09-17 11:00,26.3,86,23.7,29.3,1.2,270,0.38,0.0,10,27.6
2025-09-17 12:00,22.7,85,20.0,23.4,1.1,230,0.03,0.0,10,25.5
2025-09-17 13:00,24.1,85,21.4,25.5,1.1,180,0.57,0.0,10,27.5
2025-09-17 14:00,24.2,83,21.1,25.0,1.7,140,0.45,0.0,10,26.2
2025-09-17 15:00,24.2,86,21.7,26.0,1.9,270,0.43,0.0,10,26.8
2025-09-17 16:00,24.6,85,21.9,26.3,1.6,250,0.38,0.0,10,27.1
2025-09-17 17:00,24.8,83,21.7,26.0,1.3,250,0.48,0.0,10,26.7
2025-09-17 18:00,24.7,84,21.8,26.1,1.9,270,0.17,0.0,9,26.3
2025-09-17 19:00,23.1,85,20.4,24.0,2.4,270,0.02,0.0,10,25.0
2025-09-17 20:00,23.0,84,20.1,23.5,1.0,230,,,10,24.6
2025-09-17 21:00,22.8,83,19.7,22.9,1.9,270,,,9,24.5
2025-09-17 22:00,22.8,83,19.7,22.9,1.2,270,,,8,24.3
2025-09-17 23:00,22.7,82,19.4,22.5,1.1,270,,,10,24.1
2025-09-18 00:00,22.5,81,19.0,22.0,0.9,270,,,6,24.1
2025-09-18 01:00,22.2,82,18.9,21.8,0.8,250,,,7,23.8
2025-09-18 02:00,22.2,82,18.9,21.8,1.1,270,,,9,23.7
2025-09-18 03:00,22.0,83,18.9,21.8,0.5,230,,,9,23.6
2025-09-18 04:00,21.8,84,18.9,21.8,1.2,250,,,8,23.3
2025-09-18 05:00,21.7,85,19.0,22.0,0.5,270,,,10,23.1
2025-09-18 06:00,21.6,86,19.1,22.1,0.7,230,,,10,23.2
2025-09-18 07:00,21.7,80,18.0,20.6,1.6,70,0.0,0.0,10,23.1
2025-09-18 08:00,21.8,77,17.5,20.0,1.7,70,0.23,0.0,10,24.1
2025-09-18 09:00,22.2,76,17.7,20.2,2.3,70,0.5,0.0,10,24.6
2025-09-18 10:00,22.1,80,18.4,21.2,2.0,70,0.38,0.0,10,24.5
2025-09-18 11:00,22.7,77,18.4,21.2,1.3,90,0.77,0.0,10,26.2
2025-09-18 12:00,23.7,74,18.7,21.6,1.5,70,0.91,0.0,9,27.7
2025-09-18 13:00,24.5,73,19.3,22.4,1.6,70,1.34,0.0,9,29.5
2025-09-18 14:00,25.3,66,18.4,21.2,2.6,70,1.58,0.2,9,30.1
2025-09-18 15:00,25.5,59,16.8,19.1,2.7,90,0.67,0.0,8,26.0
2025-09-18 16:00,26.5,54,16.4,18.6,1.8,140,1.23,0.5,6,27.4
2025-09-18 17:00,25.8,54,15.7,17.8,3.1,110,1.48,1.0,3,24.9
2025-09-18 18:00,24.5,58,15.6,17.7,1.7,140,0.42,0.4,1,23.0
2025-09-18 19:00,23.2,58,14.4,16.4,1.9,110,0.01,0.0,2,22.0
2025-09-18 20:00,22.6,59,14.1,16.1,2.5,110,,,7,21.0
2025-09-18 21:00,22.1,60,13.9,15.9,2.2,110,,,2,20.6
2025-09-18 22:00,21.7,58,13.0,15.0,1.6,110,,,7,20.2
2025-09-18 23:00,21.7,56,12.5,14.5,3.1,90,,,8,19.8
2025-09-19 00:00,21.6,55,12.1,14.1,2.1,90,,,7,20.0
2025-09-19 01:00,21.7,54,11.9,13.9,2.0,110,,,9,20.2
2025-09-19 02:00,21.0,62,13.4,15.4,1.0,20,,,9,20.6
2025-09-19 03:00,21.3,59,12.9,14.9,1.3,110,,,9,20.2
2025-09-19 04:00,21.3,60,13.2,15.2,1.7,110,,,9,20.1
2025-09-19 05:00,21.3,61,13.4,15.4,1.1,110,,,9,20.6
2025-09-19 06:00,21.3,62,13.7,15.7,1.6,90,,,10,20.5
2025-09-19 07:00,21.3,62,13.7,15.7,2.5,110,0.0,0.0,9,20.5
2025-09-19 08:00,21.8,62,14.1,16.1,1.5,110,0.31,0.0,9,22.2
2025-09-19 09:00,22.2,61,14.3,16.3,2.1,110,0.39,0.0,10,22.7
2025-09-19 10:00,22.3,60,14.1,16.1,2.2,140,0.51,0.0,10,23.4
2025-09-19 11:00,22.3,61,14.4,16.4,1.1,140,0.61,0.0,10,23.5
2025-09-19 12:00,22.3,60,14.1,16.1,2.0,140,0.67,0.0,10,23.4
2025-09-19 13:00,22.7,60,14.5,16.5,2.5,110,0.83,0.0,10,24.7
2025-09-19 14:00,22.2,63,14.8,16.8,2.0,110,0.51,0.0,10,23.6
2025-09-19 15:00,21.6,69,15.6,17.7,2.7,70,0.43,0.0,10,23.3
2025-09-19 16:00,20.7,75,16.1,18.3,3.4,50,0.33,0.0,10,23.0
2025-09-19 17:00,20.6,76,16.2,18.4,2.3,70,0.12,0.0,10,22.0
2025-09-19 18:00,20.3,79,16.5,18.8,1.9,50,0.02,0.0,10,21.8
2025-09-19 19:00,19.5,81,16.1,18.3,3.9,50,0.0,0.0,10,21.2
2025-09-19 20:00,19.0,83,16.0,18.2,3.8,50,,,10,20.7
2025-09-19 21:00,18.8,85,16.2,18.4,1.7,50,,,10,20.8
2025-09-19 22:00,18.1,89,16.2,18.4,3.7,50,,,10,20.5
2025-09-19 23:00,18.1,89,16.2,18.4,2.6,50,,,10,20.3
2025-09-20 00:00,18.1,90,16.4,18.6,2.2,70,,,10,20.2
2025-09-20 01:00,18.5,89,16.6,18.9,1.5,70,,,10,20.7
2025-09-20 02:00,19.3,85,16.7,19.0,0.9,290,,,10,20.7
2025-09-20 03:00,19.5,87,17.2,19.6,1.5,290,,,10,21.0
2025-09-20 04:00,18.7,90,17.0,19.4,3.2,70,,,10,20.7
2025-09-20 05:00,17.8,91,16.3,18.5,4.0,50,,,10,20.2
2025-09-20 06:00,18.7,88,16.6,18.9,1.7,90,,,10,20.2
2025-09-20 07:00,18.2,91,16.7,19.0,0.8,340,0.0,0.0,10,20.5
2025-09-20 08:00,18.6,91,17.0,19.4,0.7,270,0.03,0.0,10,21.1
2025-09-20 09:00,18.9,91,17.3,19.7,1.3,270,0.24,0.0,10,22.1
2025-09-20 10:00,19.7,87,17.4,19.9,1.4,270,0.66,0.0,10,23.7
2025-09-20 11:00,20.9,79,17.1,19.5,1.7,270,1.27,0.0,10,26.3
2025-09-20 12:00,21.0,82,17.8,20.4,1.5,270,0.8,0.0,10,24.7
2025-09-20 13:00,21.8,76,17.3,19.7,1.3,270,0.76,0.0,10,25.7
2025-09-20 14:00,23.1,71,17.5,20.0,1.7,270,1.25,0.0,9,28.7
2025-09-20 15:00,23.0,72,17.6,20.1,1.8,270,0.72,0.0,9,26.9
2025-09-20 16:00,22.8,70,17.0,19.4,1.4,270,0.71,0.0,9,26.0
2025-09-20 17:00,23.2,69,17.1,19.5,1.0,270,0.75,0.3,7,25.3
2025-09-20 18:00,22.7,70,16.9,19.2,1.2,250,0.5,0.6,8,23.4
2025-09-20 19:00,22.3,72,17.0,19.4,0.8,270,0.0,0.0,8,22.7
2025-09-20 20:00,21.7,76,17.2,19.6,0.8,250,,,6,22.0
2025-09-20 21:00,21.2,79,17.4,19.9,1.0,270,,,4,21.3
2025-09-20 22:00,20.8,80,17.2,19.6,0.3,0,,,3,21.0
2025-09-20 23:00,19.8,84,17.0,19.4,0.6,290,,,2,20.1
2025-09-21 00:00,19.5,86,17.0,19.4,0.0,0,,,0,19.5
2025-09-21 01:00,19.1,87,16.8,19.1,0.2,0,,,3,19.5
2025-09-21 02:00,19.0,87,16.7,19.0,0.4,0,,,9,20.6
2025-09-21 03:00,19.2,86,16.7,19.0,0.6,140,,,8,20.8
2025-09-21 04:00,18.8,87,16.5,18.8,1.2,50,,,9,20.7
2025-09-21 05:00,19.0,86,16.5,18.8,1.0,70,,,9,20.7
2025-09-21 06:00,18.6,87,16.3,18.5,2.2,70,,,8,20.0
2025-09-21 07:00,18.8,87,16.5,18.8,1.5,70,0.01,0.0,6,20.4
2025-09-21 08:00,19.0,84,16.2,18.4,2.3,90,0.4,0.0,6,22.0
2025-09-21 09:00,20.2,79,16.4,18.6,2.8,70,0.95,0.4,5,24.8
2025-09-21 10:00,22.4,70,16.6,18.9,1.2,70,1.78,0.6,5,29.1
2025-09-21 11:00,23.4,65,16.4,18.6,2.6,70,1.87,0.4,6,30.2
2025-09-21 12:00,24.6,59,16.0,18.2,2.8,70,2.54,0.6,5,31.8
2025-09-21 13:00,25.5,53,15.2,17.3,2.8,90,1.83,0.3,6,29.5
2025-09-21 14:00,26.3,47,14.0,16.0,3.8,70,2.01,0.5,3,33.2
2025-09-21 15:00,26.7,47,14.4,16.4,3.5,70,2.22,0.8,3,31.0
2025-09-21 16:00,26.7,46,14.1,16.1,1.4,70,1.1,0.4,4,26.3
2025-09-21 17:00,26.5,49,14.9,16.9,2.4,90,1.0,0.5,5,24.8
2025-09-21 18:00,25.5,52,14.9,16.9,2.2,110,0.33,0.3,3,23.0
2025-09-21 19:00,24.3,56,14.9,16.9,3.4,90,0.01,0.0,6,21.6
2025-09-21 20:00,23.7,56,14.3,16.3,2.4,140,,,6,21.3
2025-09-21 21:00,23.0,56,13.7,15.7,2.9,90,,,5,20.5
2025-09-21 22:00,22.5,57,13.5,15.5,3.0,90,,,8,20.1
2025-09-21 23:00,21.8,58,13.1,15.1,1.1,140,,,8,20.1
2025-09-22 00:00,21.2,58,12.5,14.5,1.4,110,,,10,19.7
2025-09-22 01:00,21.0,58,12.4,14.4,1.8,110,,,9,19.3
2025-09-22 02:00,20.8,58,12.2,14.2,2.1,90,,,9,19.1
2025-09-22 03:00,20.2,63,12.9,14.9,0.6,20,,,10,19.5
2025-09-22 04:00,19.7,66,13.1,15.1,1.3,50,,,10,19.6
2025-09-22 05:00,19.2,69,13.3,15.3,2.3,50,,,10,19.3
2025-09-22 06:00,18.7,71,13.3,15.3,2.0,70,,,9,19.0
2025-09-22 07:00,18.7,72,13.5,15.5,1.2,50,0.01,0.0,9,19.7
2025-09-22 08:00,19.2,69,13.3,15.3,2.2,50,0.26,0.0,8,20.7
2025-09-22 09:00,20.1,67,13.7,15.7,2.6,70,0.66,0.0,8,22.8
2025-09-22 10:00,21.0,64,13.9,15.9,1.6,70,0.9,0.0,7,24.3
2025-09-22 11:00,22.8,58,14.0,16.0,2.0,70,1.88,0.6,7,30.0
2025-09-22 12:00,24.2,51,13.4,15.4,2.5,110,2.05,0.1,9,27.8
2025-09-22 13:00,24.7,50,13.5,15.5,4.5,90,1.81,0.0,9,27.9
2025-09-22 14:00,25.3,50,14.1,16.1,3.0,140,2.11,0.3,8,30.9
2025-09-22 15:00,25.2,47,13.0,15.0,3.0,160,1.91,0.8,8,28.0
2025-09-22 16:00,24.6,49,13.1,15.1,2.5,160,0.89,0.1,9,24.0
2025-09-22 17:00,24.5,50,13.3,15.3,2.0,140,0.63,0.0,9,23.3
2025-09-22 18:00,24.1,52,13.6,15.6,2.4,110,0.4,0.2,7,21.9
2025-09-22 19:00,23.3,54,13.4,15.4,1.7,140,0.01,0.0,7,20.7
2025-09-22 20:00,22.7,54,12.9,14.9,1.9,110,,,10,20.3
2025-09-22 21:00,22.3,54,12.5,14.5,1.8,110,,,8,20.2
2025-09-22 22:00,22.1,53,12.0,14.0,2.0,110,,,10,19.8
2025-09-22 23:00,21.7,55,12.2,14.2,1.7,110,,,10,19.8
2025-09-23 00:00,21.6,57,12.7,14.7,2.1,140,,,9,19.6
2025-09-23 01:00,21.5,54,11.7,13.7,1.8,90,,,10,19.7
2025-09-23 02:00,21.0,56,11.8,13.8,1.7,90,,,10,19.7
2025-09-23 03:00,20.5,61,12.7,14.7,1.4,70,,,10,19.8
2025-09-23 04:00,20.2,61,12.4,14.4,0.9,50,,,9,20.0
2025-09-23 05:00,19.2,70,13.5,15.5,0.8,320,,,8,19.7
2025-09-23 06:00,19.6,64,12.5,14.5,1.8,70,,,8,19.2
2025-09-23 07:00,19.2,67,12.9,14.9,1.2,50,0.01,0.0,9,19.7
2025-09-23 08:00,19.3,67,13.0,15.0,2.2,70,0.3,0.0,9,20.7
2025-09-23 09:00,20.2,63,12.9,14.9,2.0,50,0.62,0.0,6,22.6
2025-09-23 10:00,22.1,54,12.3,14.3,1.6,110,1.49,0.5,4,27.5
2025-09-23 11:00,24.4,49,12.9,14.9,2.8,110,2.56,1.0,4,31.8
2025-09-23 12:00,25.4,44,12.2,14.2,2.7,140,2.86,1.0,4,32.3
2025-09-23 13:00,26.1,44,12.8,14.8,2.6,140,2.87,0.7,4,34.5
2025-09-23 14:00,27.0,40,12.2,14.2,1.4,180,3.06,1.0,3,37.0
2025-09-23 15:00,27.7,39,12.4,14.4,2.4,140,2.52,1.0,3,33.8
2025-09-23 16:00,27.1,44,13.7,15.7,2.1,140,1.88,1.0,4,27.5
2025-09-23 17:00,26.3,45,13.4,15.4,2.5,110,0.63,0.2,8,25.6
2025-09-23 18:00,26.1,48,14.2,16.2,2.4,110,0.32,0.0,7,23.8
2025-09-23 19:00,25.2,50,14.0,16.0,1.6,110,0.0,0.0,8,22.3
2025-09-23 20:00,24.6,51,13.7,15.7,3.1,110,,,3,21.2
2025-09-23 21:00,23.7,53,13.5,15.5,1.5,140,,,0,20.6
2025-09-23 22:00,23.2,53,13.0,15.0,3.0,110,,,7,20.2
2025-09-23 23:00,22.6,54,12.8,14.8,2.4,110,,,8,19.8
2025-09-24 00:00,22.1,57,13.1,15.1,2.0,140,,,8,19.6
2025-09-24 01:00,21.8,59,13.4,15.4,1.8,110,,,7,19.6
2025-09-24 02:00,21.7,61,13.8,15.8,1.0,140,,,7,19.6
2025-09-24 03:00,21.5,64,14.3,16.3,1.1,140,,,1,19.6
2025-09-24 04:00,21.0,66,14.3,16.3,0.5,230,,,0,19.6
2025-09-24 05:00,19.8,73,14.8,16.8,0.8,290,,,1,19.5
2025-09-24 06:00,19.7,74,14.9,16.9,0.9,270,,,8,19.5
2025-09-24 07:00,20.5,73,15.4,17.5,0.4,0,0.02,0.1,6,20.1
2025-09-24 08:00,22.7,67,16.2,18.4,0.8,140,0.52,0.5,4,22.7
2025-09-24 09:00,24.7,62,16.9,19.2,1.4,140,1.54,1.0,8,27.3
2025-09-24 10:00,25.2,64,17.8,20.4,1.3,160,1.21,0.2,9,26.9
2025-09-24 11:00,26.0,61,17.8,20.4,1.7,180,1.38,0.0,9,28.9
2025-09-24 12:00,26.5,62,18.6,21.4,1.2,140,1.33,0.0,10,27.7
2025-09-24 13:00,26.9,62,18.9,21.8,1.6,200,0.98,0.0,10,28.5
2025-09-24 14:00,27.4,64,19.9,23.2,1.0,160,0.75,0.0,10,28.1
2025-09-24 15:00,27.8,66,20.8,24.6,1.2,230,0.82,0.0,10,28.1
2025-09-24 16:00,23.6,84,20.7,24.4,2.9,270,0.43,0.0,10,24.8
2025-09-24 17:00,23.4,86,20.9,24.7,1.3,200,0.2,0.0,10,24.8
2025-09-24 18:00,23.5,85,20.8,24.6,1.1,140,0.03,0.0,10,24.2
2025-09-24 19:00,23.5,86,21.0,24.9,1.1,270,0.0,0.0,10,23.7
2025-09-24 20:00,23.0,88,20.8,24.6,1.3,270,,,10,23.6
2025-09-24 21:00,22.8,87,20.5,24.1,1.1,270,,,10,23.3
2025-09-24 22:00,23.1,88,20.9,24.7,0.6,230,,,10,23.3
2025-09-24 23:00,22.7,89,20.7,24.4,0.5,250,,,10,23.3
2025-09-25 00:00,22.7,89,20.7,24.4,0.6,160,,,10,23.3
2025-09-25 01:00,22.6,89,20.6,24.3,0.3,0,,,10,23.5
2025-09-25 02:00,22.7,89,20.7,24.4,0.8,200,,,10,23.5
2025-09-25 03:00,22.6,90,20.8,24.6,0.7,290,,,10,23.6
2025-09-25 04:00,22.1,91,20.5,24.1,0.6,70,,,10,23.2
2025-09-25 05:00,21.7,91,20.1,23.5,0.6,270,,,10,23.1
2025-09-25 06:00,21.7,89,19.8,23.1,1.2,70,,,10,22.8
2025-09-25 07:00,21.6,89,19.7,22.9,1.7,70,0.0,0.0,10,22.8
2025-09-25 08:00,21.6,82,18.3,21.0,1.1,70,0.01,0.0,10,23.0
2025-09-25 09:00,22.2,80,18.5,21.3,0.1,0,0.3,0.0,10,23.9
2025-09-25 10:00,22.8,82,19.5,22.7,0.6,270,0.52,0.0,10,26.0
2025-09-25 11:00,23.5,80,19.8,23.1,0.7,250,1.01,0.0,10,26.7
2025-09-25 12:00,22.7,81,19.2,22.2,0.4,0,0.46,0.0,10,26.0
2025-09-25 13:00,22.5,86,20.0,23.4,0.7,90,0.45,0.0,10,26.0
2025-09-25 14:00,23.2,82,19.9,23.2,0.1,0,0.66,0.0,10,26.6
2025-09-25 15:00,22.7,87,20.4,24.0,1.2,70,0.41,0.0,10,26.2
2025-09-25 16:00,22.7,88,20.6,24.3,0.5,180,0.37,0.0,10,25.7
2025-09-25 17:00,23.1,87,20.8,24.6,0.4,0,0.19,0.0,9,25.2
2025-09-25 18:00,23.3,83,20.2,23.7,0.4,0,0.17,0.0,9,24.3
2025-09-25 19:00,23.2,84,20.3,23.8,0.5,200,0.0,0.0,6,23.2
2025-09-25 20:00,22.7,88,20.6,24.3,0.8,270,,,10,23.3
2025-09-25 21:00,22.6,89,20.6,24.3,0.7,270,,,10,23.3
2025-09-25 22:00,22.2,91,20.6,24.3,0.9,270,,,10,23.3
2025-09-25 23:00,21.7,90,19.9,23.2,0.4,0,,,9,22.7
2025-09-26 00:00,21.1,89,19.2,22.2,0.9,270,,,10,21.8
2025-09-26 01:00,20.6,90,18.8,21.7,0.2,0,,,8,21.0
2025-09-26 02:00,20.1,92,18.7,21.6,0.8,70,,,9,21.1
2025-09-26 03:00,19.8,91,18.2,20.9,0.0,0,,,10,21.6
2025-09-26 04:00,19.5,92,18.1,20.8,0.7,270,,,10,21.5
2025-09-26 05:00,19.2,92,17.8,20.4,1.2,50,,,10,21.7
2025-09-26 06:00,19.0,93,17.8,20.4,0.9,70,,,9,21.6
2025-09-26 07:00,19.2,91,17.6,20.1,0.9,50,0.0,0.0,9,21.7
2025-09-26 08:00,19.4,89,17.5,20.0,1.1,90,0.36,0.0,7,22.8
2025-09-26 09:00,21.3,80,17.7,20.2,1.6,90,1.28,0.6,8,27.3
2025-09-26 10:00,22.2,71,16.6,18.9,2.3,70,2.3,1.0,6,31.7
2025-09-26 11:00,24.0,62,16.2,18.4,0.8,200,2.65,1.0,5,34.1
2025-09-26 12:00,24.4,58,15.5,17.6,0.9,160,2.47,0.8,2,34.9
2025-09-26 13:00,26.5,51,15.5,17.6,0.8,160,2.96,1.0,3,36.9
2025-09-26 14:00,26.3,52,15.6,17.7,1.5,290,2.62,1.0,3,36.3
2025-09-26 15:00,27.0,50,15.6,17.7,1.7,270,2.11,1.0,6,33.8
2025-09-26 16:00,26.1,54,16.0,18.2,1.6,270,1.35,0.9,7,28.3
2025-09-26 17:00,26.0,54,15.9,18.1,1.5,270,0.9,0.8,6,26.4
2025-09-26 18:00,25.0,59,16.4,18.6,1.0,270,0.36,0.5,4,24.2
2025-09-26 19:00,23.9,62,16.1,18.3,0.8,290,0.01,0.0,0,22.3
2025-09-26 20:00,23.2,64,16.0,18.2,0.8,70,,,7,21.7
2025-09-26 21:00,22.7,65,15.7,17.8,0.5,90,,,9,21.6
2025-09-26 22:00,21.7,73,16.6,18.9,0.4,0,,,10,21.7
2025-09-26 23:00,21.3,74,16.4,18.6,0.2,0,,,8,21.5
2025-09-27 00:00,21.3,75,16.6,18.9,0.5,250,,,9,21.5
2025-09-27 01:00,20.6,79,16.8,19.1,0.9,270,,,10,21.3
2025-09-27 02:00,20.3,80,16.7,19.0,0.6,270,,,10,21.3
2025-09-27 03:00,19.7,83,16.7,19.0,1.2,70,,,8,20.7
2025-09-27 04:00,19.3,85,16.7,19.0,2.3,50,,,6,20.2
2025-09-27 05:00,18.8,87,16.5,18.8,1.1,50,,,2,19.7
2025-09-27 06:00,18.7,87,16.4,18.6,1.3,50,,,2,19.2
2025-09-27 07:00,18.3,86,15.9,18.1,1.6,70,0.01,0.0,2,19.5
2025-09-27 08:00,19.4,82,16.2,18.4,1.1,50,0.49,0.5,1,21.3
2025-09-27 09:00,22.1,70,16.3,18.5,0.5,180,1.33,1.0,0,26.1
2025-09-27 10:00,25.1,55,15.4,17.5,1.7,140,2.05,1.0,1,31.3
2025-09-27 11:00,26.5,51,15.5,17.6,1.9,160,2.62,1.0,1,34.5
2025-09-27 12:00,27.5,52,16.7,19.0,2.3,160,2.98,1.0,4,35.7
2025-09-27 13:00,27.5,51,16.4,18.6,2.0,140,2.95,1.0,7,33.4
2025-09-27 14:00,27.2,52,16.4,18.6,1.6,160,1.88,0.5,8,31.3
2025-09-27 15:00,27.5,53,17.0,19.4,1.3,110,1.19,0.0,9,29.0
2025-09-27 16:00,27.2,55,17.3,19.7,1.9,140,0.8,0.0,10,26.7
2025-09-27 17:00,27.0,55,17.1,19.5,1.2,140,0.54,0.0,10,25.9
2025-09-27 18:00,26.2,57,17.0,19.4,1.8,140,0.19,0.0,8,24.1
2025-09-27 19:00,25.6,60,17.2,19.6,0.9,110,0.0,0.0,7,23.6
2025-09-27 20:00,24.8,60,16.5,18.8,0.9,140,,,7,22.7
2025-09-27 21:00,24.3,64,17.0,19.4,0.5,270,,,7,22.3
2025-09-27 22:00,23.5,70,17.7,20.2,0.6,270,,,10,22.8
2025-09-27 23:00,23.7,67,17.2,19.6,0.3,0,,,10,22.8
2025-09-28 00:00,23.1,72,17.7,20.2,0.2,0,,,10,23.1
2025-09-28 01:00,23.3,67,16.8,19.1,0.4,0,,,10,23.0
2025-09-28 02:00,21.7,77,17.4,19.9,0.3,0,,,10,22.7
2025-09-28 03:00,20.2,89,18.3,21.0,0.2,0,,,10,22.2
2025-09-28 04:00,20.3,90,18.5,21.3,1.6,90,,,10,22.2
2025-09-28 05:00,20.5,89,18.6,21.4,0.3,0,,,10,22.2
2025-09-28 06:00,20.5,88,18.4,21.2,0.7,110,,,10,22.3
2025-09-28 07:00,20.7,86,18.2,20.9,1.0,140,0.0,0.0,10,22.2
2025-09-28 08:00,21.0,84,18.1,20.8,1.4,270,0.1,0.0,10,22.7
2025-09-28 09:00,20.6,90,18.8,21.7,0.2,0,0.08,0.0,10,23.0
2025-09-28 10:00,20.6,90,18.8,21.7,0.9,140,0.15,0.0,10,23.1
2025-09-28 11:00,20.6,91,19.0,22.0,0.4,0,0.14,0.0,10,22.7
2025-09-28 12:00,20.7,92,19.3,22.4,0.4,0,0.09,0.0,10,23.0
2025-09-28 13:00,21.4,88,19.3,22.4,0.3,0,0.44,0.0,10,24.2
2025-09-28 14:00,21.2,90,19.4,22.5,0.4,0,0.37,0.0,10,24.5
2025-09-28 15:00,21.6,86,19.1,22.1,1.5,270,0.49,0.0,10,25.5
2025-09-28 16:00,21.5,80,17.8,20.4,1.6,270,0.4,0.0,10,24.3
2025-09-28 17:00,21.3,82,18.0,20.6,1.5,270,0.26,0.0,10,23.7
2025-09-28 18:00,21.2,77,16.9,19.2,1.7,290,0.05,0.0,10,22.8
2025-09-28 19:00,20.7,79,16.9,19.2,1.7,270,0.0,0.0,10,22.3
2025-09-28 20:00,20.5,79,16.7,19.0,1.9,270,,,10,21.8
2025-09-28 21:00,20.2,80,16.6,18.9,1.1,270,,,9,21.7
2025-09-28 22:00,20.2,79,16.4,18.6,0.9,270,,,9,21.6
2025-09-28 23:00,20.1,79,16.3,18.5,1.3,270,,,8,21.5
2025-09-29 00:00,19.8,80,16.2,18.4,1.4,270,,,8,21.3
2025-09-29 01:00,19.5,84,16.7,19.0,1.1,290,,,10,21.2
2025-09-29 02:00,19.3,83,16.3,18.5,1.2,250,,,10,20.9
2025-09-29 03:00,19.2,84,16.4,18.6,0.7,250,,,8,20.8
2025-09-29 04:00,19.3,84,16.5,18.8,0.6,270,,,8,21.1
2025-09-29 05:00,19.2,84,16.4,18.6,1.2,270,,,8,20.7
2025-09-29 06:00,19.2,85,16.6,18.9,1.3,270,,,7,20.7
2025-09-29 07:00,18.8,81,15.4,17.5,1.4,270,0.0,0.0,7,20.1
2025-09-29 08:00,19.1,79,15.3,17.4,1.1,270,0.25,0.0,7,21.1
2025-09-29 09:00,19.8,76,15.4,17.5,1.4,270,0.7,0.0,7,23.5
2025-09-29 10:00,20.4,72,15.1,17.2,1.3,290,1.06,0.2,5,27.5
2025-09-29 11:00,22.1,62,14.4,16.4,1.2,290,2.54,0.9,6,32.1
2025-09-29 12:00,23.1,58,14.3,16.3,1.4,90,1.91,0.3,8,31.2
2025-09-29 13:00,23.7,56,14.3,16.3,1.2,250,1.71,0.1,7,32.6
2025-09-29 14:00,24.9,49,13.4,15.4,1.2,320,2.59,0.8,7,36.1
2025-09-29 15:00,25.3,46,12.8,14.8,1.9,290,2.42,0.9,6,33.2
2025-09-29 16:00,25.0,47,12.8,14.8,2.3,290,1.96,1.0,4,27.7
2025-09-29 17:00,24.7,46,12.2,14.2,1.5,270,1.15,1.0,2,24.4
2025-09-29 18:00,23.7,49,12.3,14.3,1.2,290,0.27,0.5,0,22.5
2025-09-29 19:00,22.3,59,13.8,15.8,0.9,270,0.0,0.0,0,21.2
2025-09-29 20:00,21.6,63,14.2,16.2,0.3,0,,,0,20.4
2025-09-29 21:00,21.0,65,14.1,16.1,0.9,70,,,2,20.1
2025-09-29 22:00,20.2,69,14.3,16.3,0.4,0,,,0,19.5
2025-09-29 23:00,19.3,75,14.7,16.7,0.7,230,,,0,19.3
2025-09-30 00:00,19.0,77,14.8,16.8,0.5,270,,,6,19.6
2025-09-30 01:00,18.5,79,14.7,16.7,0.8,200,,,2,19.2
2025-09-30 02:00,18.1,79,14.3,16.3,0.6,140,,,2,18.6
2025-09-30 03:00,17.2,85,14.6,16.6,0.3,0,,,0,18.2
2025-09-30 04:00,17.2,84,14.4,16.4,0.2,0,,,4,18.2
2025-09-30 05:00,17.0,84,14.2,16.2,0.5,180,,,6,18.2
2025-09-30 06:00,16.7,84,13.9,15.9,0.3,0,,,7,18.2
2025-09-30 07:00,16.7,87,14.5,16.5,0.9,230,0.0,0.0,8,18.5
2025-09-30 08:00,17.6,84,14.8,16.8,0.3,0,0.34,0.0,9,20.6
2025-09-30 09:00,18.6,81,15.2,17.3,0.8,360,0.68,0.0,10,23.3
2025-09-30 10:00,19.6,77,15.4,17.5,1.1,320,1.03,0.0,10,26.6
2025-09-30 11:00,20.5,76,16.1,18.3,1.4,340,1.42,0.1,7,29.0
2025-09-30 12:00,22.3,66,15.6,17.7,1.1,250,2.16,0.2,7,33.5
2025-09-30 13:00,22.6,64,15.4,17.5,1.0,270,1.58,0.1,9,27.6
2025-09-30 14:00,23.2,61,15.2,17.3,1.8,270,0.92,0.3,9,28.6
2025-09-30 15:00,23.9,54,14.0,16.0,1.5,270,1.89,0.7,7,30.8
2025-09-30 16:00,23.3,50,12.2,14.2,0.9,200,1.03,0.2,7,26.0
2025-09-30 17:00,23.7,52,13.2,15.2,1.0,250,0.8,0.6,4,23.6
2025-09-30 18:00,22.7,52,12.3,14.3,1.0,290,0.28,0.3,3,21.8
2025-09-30 19:00,21.8,61,13.9,15.9,0.6,270,0.0,0.0,5,20.5
2025-09-30 20:00,20.9,69,14.9,16.9,0.5,270,,,0,19.7
2025-09-30 21:00,20.1,71,14.6,16.6,0.6,230,,,1,19.5
2025-09-30 22:00,19.5,78,15.5,17.6,0.0,0,,,0,18.8
2025-09-30 23:00,18.8,79,15.0,17.0,0.7,290,,,0,18.7
2025-10-01 00:00,18.2,82,15.0,17.0,0.5,270,,,0,18.2
2025-10-01 01:00,17.8,86,15.4,17.5,0.4,0,,,0,18.0
2025-10-01 02:00,17.4,84,14.6,16.6,0.6,200,,,0,17.8
2025-10-01 03:00,16.9,86,14.5,16.5,0.1,0,,,0,17.3
2025-10-01 04:00,16.5,88,14.4,16.4,0.5,290,,,0,17.2
2025-10-01 05:00,15.8,91,14.3,16.3,0.4,0,,,0,16.8
2025-10-01 06:00,15.6,91,14.1,16.1,1.0,200,,,0,17.0
2025-10-01 07:00,15.8,90,14.1,16.1,0.8,230,0.0,0.0,0,17.2
2025-10-01 08:00,16.7,84,13.9,15.9,0.5,230,0.4,0.4,0,19.4
2025-10-01 09:00,18.3,81,14.9,16.9,1.3,270,1.19,1.0,1,24.0
2025-10-01 10:00,18.9,77,14.7,16.7,1.0,270,1.74,1.0,1,27.8
2025-10-01 11:00,20.9,72,15.6,17.7,1.3,250,2.38,1.0,8,31.5
2025-10-01 12:00,22.2,67,15.7,17.8,1.3,320,2.46,0.9,5,34.2
2025-10-01 13:00,24.2,59,15.6,17.7,1.3,320,2.8,1.0,8,35.6
2025-10-01 14:00,24.8,49,13.3,15.3,1.5,270,2.79,1.0,0,35.3
2025-10-01 15:00,25.6,48,13.7,15.7,1.6,250,2.3,1.0,2,31.6
2025-10-01 16:00,25.7,52,15.0,17.0,1.5,270,1.31,1.0,3,27.2
2025-10-01 17:00,25.3,51,14.4,16.4,1.1,270,0.86,0.9,8,24.9
2025-10-01 18:00,24.7,52,14.1,16.1,0.6,290,0.25,0.2,2,22.8
2025-10-01 19:00,23.7,59,15.2,17.3,1.2,270,0.0,0.0,6,22.5
2025-10-01 20:00,22.4,65,15.4,17.5,1.1,270,,,7,21.2
2025-10-01 21:00,22.2,67,15.7,17.8,0.3,0,,,7,21.2
2025-10-01 22:00,21.7,69,15.7,17.8,1.1,50,,,7,20.5
2025-10-01 23:00,20.7,75,16.1,18.3,0.5,250,,,0,19.7
2025-10-02 00:00,20.0,78,16.0,18.2,0.5,250,,,6,19.6
2025-10-02 01:00,19.7,80,16.1,18.3,0.3,0,,,7,19.7
2025-10-02 02:00,19.5,81,16.1,18.3,0.8,270,,,10,20.0
2025-10-02 03:00,19.3,81,15.9,18.1,0.7,180,,,9,19.7
2025-10-02 04:00,18.8,84,16.0,18.2,0.4,0,,,8,19.7
2025-10-02 05:00,18.6,84,15.8,17.9,0.7,290,,,9,19.7
2025-10-02 06:00,18.8,82,15.6,17.7,0.1,0,,,9,19.6
2025-10-02 07:00,18.7,84,15.9,18.1,0.2,0,0.0,0.0,9,19.7
2025-10-02 08:00,19.0,82,15.8,17.9,0.5,290,0.05,0.0,10,20.6
2025-10-02 09:00,19.8,79,16.0,18.2,0.9,20,0.57,0.0,10,24.0
2025-10-02 10:00,20.9,75,16.2,18.4,1.0,290,1.01,0.0,10,25.8
2025-10-02 11:00,21.6,73,16.5,18.8,0.8,290,1.04,0.0,10,26.8
2025-10-02 12:00,22.8,68,16.5,18.8,0.3,0,1.52,0.1,6,31.9
2025-10-02 13:00,24.7,56,15.3,17.4,1.7,70,2.5,0.8,2,34.6
2025-10-02 14:00,25.3,51,14.4,16.4,1.7,70,2.59,1.0,9,32.4
2025-10-02 15:00,25.6,53,15.3,17.4,1.2,50,1.36,0.2,9,28.5
2025-10-02 16:00,25.3,54,15.3,17.4,0.6,250,0.59,0.0,10,26.0
2025-10-02 17:00,25.1,53,14.8,16.8,0.8,70,0.33,0.0,10,24.5
2025-10-02 18:00,24.6,59,16.0,18.2,1.2,70,0.07,0.0,10,23.2
2025-10-02 19:00,23.8,66,17.0,19.4,0.8,160,0.0,0.0,10,22.4
2025-10-02 20:00,23.2,68,16.9,19.2,0.0,0,,,10,22.1
2025-10-02 21:00,23.5,60,15.2,17.3,1.0,110,,,10,21.7
2025-10-02 22:00,22.5,72,17.1,19.5,0.0,0,,,10,21.7
2025-10-02 23:00,22.8,59,14.3,16.3,0.6,140,,,10,21.5
2025-10-03 00:00,22.1,69,16.1,18.3,0.3,0,,,10,21.5
2025-10-03 01:00,20.1,84,17.3,19.7,1.1,270,,,10,21.2
2025-10-03 02:00,19.7,89,17.8,20.4,0.0,0,,,10,21.2
2025-10-03 03:00,19.6,89,17.7,20.2,0.8,290,,,10,21.2
2025-10-03 04:00,19.6,88,17.5,20.0,0.1,0,,,10,21.0
2025-10-03 05:00,19.3,87,17.0,19.4,1.3,50,,,10,20.8
2025-10-03 06:00,19.8,82,16.6,18.9,1.4,90,,,10,20.7
2025-10-03 07:00,19.5,83,16.5,18.8,1.5,50,0.0,0.0,10,20.7
2025-10-03 08:00,20.0,76,15.6,17.7,2.1,90,0.07,0.0,10,21.2
2025-10-03 09:00,20.3,69,14.4,16.4,2.4,70,0.43,0.0,10,22.3
2025-10-03 10:00,20.2,66,13.6,15.6,3.6,110,0.47,0.0,10,21.9
2025-10-03 11:00,20.7,65,13.8,15.8,3.8,110,0.78,0.0,10,23.3
2025-10-03 12:00,20.7,69,14.8,16.8,3.2,90,0.79,0.0,10,24.3
2025-10-03 13:00,21.2,67,14.8,16.8,3.7,110,1.11,0.0,10,24.3
2025-10-03 14:00,21.2,71,15.7,17.8,2.5,90,0.75,0.0,10,23.9
2025-10-03 15:00,21.5,68,15.3,17.4,2.5,140,0.79,0.0,10,23.6
2025-10-03 16:00,21.3,67,14.9,16.9,2.4,110,0.52,0.0,10,22.7
2025-10-03 17:00,20.6,73,15.5,17.6,2.5,90,0.27,0.0,10,22.2
2025-10-03 18:00,20.7,74,15.8,17.9,1.7,70,0.05,0.0,8,21.7
2025-10-03 19:00,20.7,74,15.8,17.9,1.3,90,0.0,0.0,10,21.3
2025-10-03 20:00,20.6,74,15.7,17.8,1.7,110,,,10,21.1
2025-10-03 21:00,20.2,77,16.0,18.2,1.9,70,,,10,21.1
2025-10-03 22:00,20.2,77,16.0,18.2,1.2,110,,,10,21.0
2025-10-03 23:00,19.1,87,16.8,19.1,1.0,50,,,10,21.0
2025-10-04 00:00,19.1,87,16.8,19.1,0.7,270,,,10,21.0
2025-10-04 01:00,19.2,88,17.1,19.5,0.6,290,,,10,21.1
2025-10-04 02:00,19.1,90,17.4,19.9,0.0,0,,,10,21.1
2025-10-04 03:00,19.2,89,17.3,19.7,0.3,0,,,10,21.1
2025-10-04 04:00,19.1,91,17.5,20.0,0.1,0,,,10,21.1
2025-10-04 05:00,19.1,90,17.4,19.9,1.0,70,,,10,21.1
2025-10-04 06:00,19.2,89,17.3,19.7,0.9,70,,,10,21.0
2025-10-04 07:00,19.3,89,17.4,19.9,1.0,90,0.0,0.0,10,21.0
2025-10-04 08:00,19.5,89,17.6,20.1,1.4,70,0.05,0.0,10,21.5
2025-10-04 09:00,20.0,88,17.9,20.5,1.3,50,0.35,0.0,10,23.0
2025-10-04 10:00,20.6,85,17.9,20.5,1.4,70,0.43,0.0,10,23.6
2025-10-04 11:00,21.7,82,18.4,21.2,1.0,290,1.01,0.0,10,26.2
2025-10-04 12:00,22.8,78,18.7,21.6,0.7,90,0.91,0.0,10,26.2
2025-10-04 13:00,23.6,76,19.1,22.1,0.6,70,1.06,0.0,9,27.7
2025-10-04 14:00,24.6,70,18.7,21.6,1.2,110,1.49,0.0,10,29.3
2025-10-04 15:00,24.5,75,19.7,22.9,0.8,270,0.81,0.0,10,27.3
2025-10-04 16:00,24.3,74,19.3,22.4,1.7,70,0.77,0.4,9,26.5
2025-10-04 17:00,24.6,73,19.4,22.5,1.2,70,0.29,0.0,8,25.3
2025-10-04 18:00,24.0,75,19.2,22.2,1.8,70,0.06,0.0,9,24.2
2025-10-04 19:00,23.2,78,19.1,22.1,1.5,70,0.0,0.0,9,23.0
2025-10-04 20:00,23.0,81,19.5,22.7,1.6,70,,,10,23.0
2025-10-04 21:00,22.6,83,19.5,22.7,1.8,50,,,6,22.5
2025-10-04 22:00,22.2,84,19.3,22.4,1.1,50,,,9,22.2
2025-10-04 23:00,21.8,86,19.3,22.4,1.4,70,,,8,22.0
2025-10-05 00:00,21.7,86,19.2,22.2,2.0,70,,,8,22.2
2025-10-05 01:00,21.3,87,19.0,22.0,0.8,90,,,7,21.6
2025-10-05 02:00,21.3,87,19.0,22.0,1.0,50,,,9,22.2
2025-10-05 03:00,21.3,86,18.8,21.7,1.3,70,,,7,22.0
2025-10-05 04:00,21.3,88,19.2,22.2,0.3,0,,,8,22.0
2025-10-05 05:00,21.3,88,19.2,22.2,0.9,140,,,7,22.0
2025-10-05 06:00,21.5,88,19.4,22.5,0.5,290,,,9,22.2
2025-10-05 07:00,21.2,88,19.1,22.1,0.8,70,0.0,0.0,10,22.3
2025-10-05 08:00,21.6,86,19.1,22.1,0.3,0,0.05,0.0,10,22.8
2025-10-05 09:00,22.2,84,19.3,22.4,0.5,200,0.31,0.0,10,23.8
2025-10-05 10:00,23.2,82,19.9,23.2,0.2,0,0.57,0.0,10,26.1
2025-10-05 11:00,23.5,80,19.8,23.1,0.7,290,0.61,0.0,10,26.2
2025-10-05 12:00,23.1,83,20.0,23.4,0.1,0,0.44,0.0,10,25.8
2025-10-05 13:00,23.7,82,20.4,24.0,0.3,0,0.73,0.0,10,27.5
2025-10-05 14:00,24.1,78,20.0,23.4,1.1,250,0.93,0.0,10,27.2
2025-10-05 15:00,23.3,84,20.4,24.0,0.3,0,0.37,0.0,10,25.5
2025-10-05 16:00,23.1,87,20.8,24.6,0.1,0,0.18,0.0,10,25.3
2025-10-05 17:00,22.8,86,20.3,23.8,0.9,290,0.25,0.0,10,25.1
2025-10-05 18:00,22.2,87,19.9,23.2,0.3,0,0.0,0.0,10,23.8
2025-10-05 19:00,22.2,87,19.9,23.2,0.8,270,0.0,0.0,9,23.3
2025-10-05 20:00,22.2,87,19.9,23.2,0.1,0,,,7,23.0
2025-10-05 21:00,21.6,87,19.3,22.4,1.8,70,,,5,22.2
2025-10-05 22:00,21.2,86,18.7,21.6,0.7,90,,,7,21.6
2025-10-05 23:00,20.7,88,18.6,21.4,0.2,0,,,10,21.5
2025-10-06 00:00,20.8,90,19.0,22.0,0.2,0,,,9,21.9
2025-10-06 01:00,20.9,89,19.0,22.0,0.6,270,,,10,22.0
2025-10-06 02:00,20.8,90,19.0,22.0,0.1,0,,,10,22.1
2025-10-06 03:00,21.0,89,19.1,22.1,1.2,110,,,10,22.2
2025-10-06 04:00,21.0,88,18.9,21.8,0.0,0,,,10,22.0
2025-10-06 05:00,20.8,89,18.9,21.8,0.6,20,,,10,22.1
2025-10-06 06:00,20.7,90,18.9,21.8,0.6,70,,,10,22.0
2025-10-06 07:00,20.8,90,19.0,22.0,1.0,50,0.0,0.0,9,22.0
2025-10-06 08:00,21.3,86,18.8,21.7,1.1,50,0.1,0.0,10,22.7
2025-10-06 09:00,22.3,78,18.2,20.9,0.6,110,0.39,0.0,10,23.8
2025-10-06 10:00,22.5,78,18.4,21.2,0.5,340,0.32,0.0,10,23.7
2025-10-06 11:00,21.3,85,18.6,21.4,1.2,90,0.3,0.0,10,24.1
2025-10-06 12:00,21.7,74,16.8,19.1,2.7,140,0.36,0.0,10,23.2
2025-10-06 13:00,21.5,71,16.0,18.2,2.7,90,0.32,0.0,10,23.1
2025-10-06 14:00,21.7,69,15.7,17.8,2.3,110,0.38,0.0,10,22.7
2025-10-06 15:00,21.7,70,15.9,18.1,0.9,140,0.08,0.0,10,22.3
2025-10-06 16:00,19.8,82,16.6,18.9,1.9,70,0.05,0.0,10,21.9
2025-10-06 17:00,19.2,88,17.1,19.5,2.4,50,0.01,0.0,10,21.6
2025-10-06 18:00,18.8,90,17.1,19.5,2.6,50,0.0,0.0,10,21.2
2025-10-06 19:00,18.5,91,16.9,19.2,2.3,70,0.0,0.0,10,20.5
2025-10-06 20:00,18.0,91,16.5,18.8,3.7,50,,,10,20.3
2025-10-06 21:00,18.0,91,16.5,18.8,4.3,50,,,10,20.1
2025-10-06 22:00,17.7,90,16.0,18.2,3.8,50,,,10,19.8
2025-10-06 23:00,17.6,91,16.1,18.3,2.6,70,,,10,19.8
2025-10-07 00:00,17.7,91,16.2,18.4,1.7,50,,,10,20.0
2025-10-07 01:00,17.7,91,16.2,18.4,2.7,50,,,10,20.0
2025-10-07 02:00,18.1,91,16.6,18.9,1.6,50,,,10,20.1
2025-10-07 03:00,18.2,91,16.7,19.0,1.6,50,,,10,20.0
2025-10-07 04:00,18.3,91,16.7,19.0,1.1,20,,,10,20.2
2025-10-07 05:00,18.5,92,17.1,19.5,0.6,20,,,10,20.2
2025-10-07 06:00,18.6,91,17.0,19.4,1.9,50,,,10,20.2
2025-10-07 07:00,18.6,92,17.2,19.6,2.6,50,0.0,0.0,10,20.2
2025-10-07 08:00,18.7,92,17.3,19.7,1.8,50,0.0,0.0,10,20.5
2025-10-07 09:00,19.2,91,17.6,20.1,1.6,20,0.09,0.0,10,21.2
2025-10-07 10:00,19.7,90,18.0,20.6,1.7,50,0.29,0.0,10,22.2
2025-10-07 11:00,20.3,89,18.4,21.2,1.2,70,0.49,0.0,10,23.2
2025-10-07 12:00,21.6,82,18.3,21.0,1.2,90,0.8,0.0,10,24.7
2025-10-07 13:00,22.7,76,18.2,20.9,1.8,110,0.84,0.0,10,24.7
2025-10-07 14:00,22.8,77,18.5,21.3,0.3,0,0.49,0.0,10,24.3
2025-10-07 15:00,22.3,81,18.8,21.7,0.7,270,0.39,0.0,10,24.5
2025-10-07 16:00,21.2,86,18.7,21.6,0.1,0,0.29,0.0,10,24.0
2025-10-07 17:00,21.6,86,19.1,22.1,0.2,0,0.14,0.0,10,23.2
2025-10-07 18:00,21.0,89,19.1,22.1,1.5,50,0.0,0.0,10,22.7
2025-10-07 19:00,20.7,91,19.1,22.1,1.8,70,0.0,0.0,10,22.1
2025-10-07 20:00,20.7,91,19.1,22.1,1.4,70,,,10,22.0
2025-10-07 21:00,20.6,90,18.8,21.7,1.2,70,,,10,21.7
2025-10-07 22:00,20.5,90,18.7,21.6,0.2,0,,,9,21.7
2025-10-07 23:00,20.6,87,18.3,21.0,1.1,70,,,9,21.7
2025-10-08 00:00,20.5,88,18.4,21.2,1.2,70,,,10,21.6
2025-10-08 01:00,20.2,90,18.5,21.3,1.8,70,,,9,21.5
2025-10-08 02:00,20.0,90,18.3,21.0,1.6,70,,,9,21.2
2025-10-08 03:00,20.0,90,18.3,21.0,1.7,70,,,10,21.2
2025-10-08 04:00,19.8,90,18.1,20.8,2.3,70,,,10,21.1
2025-10-08 05:00,20.0,90,18.3,21.0,1.5,70,,,9,21.2
2025-10-08 06:00,19.8,90,18.1,20.8,1.2,50,,,9,21.2
2025-10-08 07:00,19.7,89,17.8,20.4,1.3,70,0.0,0.0,10,21.2
2025-10-08 08:00,20.1,88,18.0,20.6,1.5,70,0.05,0.0,10,21.7
2025-10-08 09:00,20.3,86,17.8,20.4,2.2,50,0.28,0.0,10,22.7
2025-10-08 10:00,20.8,85,18.1,20.8,2.6,50,0.42,0.0,10,23.2
2025-10-08 11:00,22.2,81,18.7,21.6,1.9,70,0.82,0.0,9,26.0
2025-10-08 12:00,23.3,77,19.0,22.0,2.7,70,1.54,0.0,9,29.0
2025-10-08 13:00,24.1,72,18.7,21.6,2.2,70,2.06,0.3,9,29.3
2025-10-08 14:00,24.0,72,18.6,21.4,3.3,50,1.23,0.0,9,28.4
2025-10-08 15:00,25.7,65,18.6,21.4,2.2,70,1.82,0.8,3,29.7
2025-10-08 16:00,26.1,63,18.4,21.2,1.9,50,1.56,0.9,2,26.2
2025-10-08 17:00,25.5,66,18.6,21.4,0.9,200,0.72,0.5,3,25.2
2025-10-08 18:00,24.7,70,18.8,21.7,0.5,90,0.09,0.0,3,23.7
2025-10-08 19:00,23.7,74,18.7,21.6,0.5,70,0.0,0.0,2,22.2
2025-10-08 20:00,23.2,78,19.1,22.1,0.5,180,,,0,21.8
2025-10-08 21:00,22.8,81,19.3,22.4,0.3,0,,,6,22.0
2025-10-08 22:00,22.2,84,19.3,22.4,0.2,0,,,0,21.3
2025-10-08 23:00,21.7,86,19.2,22.2,0.0,0,,,7,21.3
2025-10-09 00:00,22.2,73,17.1,19.5,0.3,0,,,7,21.6
2025-10-09 01:00,22.2,70,16.4,18.6,1.7,110,,,8,21.3
2025-10-09 02:00,22.2,68,16.0,18.2,0.9,110,,,8,21.1
2025-10-09 03:00,22.1,68,15.9,18.1,1.9,90,,,7,21.0
2025-10-09 04:00,21.5,73,16.4,18.6,1.2,70,,,7,20.8
2025-10-09 05:00,21.3,73,16.2,18.4,1.2,50,,,8,20.6
2025-10-09 06:00,21.2,72,15.9,18.1,2.1,50,,,8,20.8
2025-10-09 07:00,20.7,76,16.3,18.5,1.7,70,0.0,0.0,8,21.0
2025-10-09 08:00,21.6,74,16.7,19.0,1.0,50,0.3,0.1,8,22.6
2025-10-09 09:00,22.9,65,15.9,18.1,1.8,50,1.17,0.8,8,25.9
2025-10-09 10:00,23.6,61,15.6,17.7,3.0,110,1.31,0.2,7,26.6
2025-10-09 11:00,24.5,56,15.1,17.2,3.2,160,1.98,0.3,7,29.2
2025-10-09 12:00,24.5,56,15.1,17.2,2.1,140,1.33,0.0,8,28.5
2025-10-09 13:00,24.8,56,15.4,17.5,3.2,110,1.37,0.2,8,30.1
2025-10-09 14:00,24.3,57,15.2,17.3,2.0,140,1.81,0.5,9,27.2
2025-10-09 15:00,24.0,56,14.6,16.6,2.8,140,1.9,0.7,8,26.9
2025-10-09 16:00,23.7,55,14.1,16.1,3.2,110,1.08,0.7,8,24.8
2025-10-09 17:00,22.7,58,14.0,16.0,2.0,140,0.31,0.0,9,22.7
2025-10-09 18:00,22.0,60,13.8,15.8,2.5,110,0.03,0.0,9,21.2
2025-10-09 19:00,21.6,61,13.7,15.7,2.6,140,0.0,0.0,9,20.7
2025-10-09 20:00,21.2,60,13.1,15.1,2.4,140,,,7,20.2
2025-10-09 21:00,21.0,60,12.9,14.9,2.2,140,,,8,19.8
2025-10-09 22:00,20.7,59,12.3,14.3,2.5,110,,,10,19.7
2025-10-09 23:00,20.5,60,12.4,14.4,1.7,160,,,9,19.7
2025-10-10 00:00,20.3,60,12.3,14.3,1.2,140,,,8,19.7
2025-10-10 01:00,20.1,62,12.5,14.5,1.1,140,,,10,19.7
2025-10-10 02:00,20.1,62,12.5,14.5,1.1,140,,,10,20.0
2025-10-10 03:00,20.1,63,12.8,14.8,1.1,140,,,9,19.8
2025-10-10 04:00,20.0,64,12.9,14.9,1.2,140,,,9,19.7
2025-10-10 05:00,20.0,65,13.2,15.2,0.9,140,,,9,20.0
2025-10-10 06:00,19.8,66,13.2,15.2,0.6,160,,,8,19.8
2025-10-10 07:00,20.0,67,13.6,15.6,0.9,180,0.0,0.0,10,20.1
2025-10-10 08:00,20.2,68,14.0,16.0,0.7,200,0.1,0.0,10,21.3
2025-10-10 09:00,20.7,66,14.1,16.1,1.1,160,0.46,0.0,10,22.5
2025-10-10 10:00,20.8,67,14.4,16.4,0.6,200,0.41,0.0,10,22.2
2025-10-10 11:00,21.8,64,14.6,16.6,0.9,140,0.82,0.0,9,25.6
2025-10-10 12:00,23.2,59,14.7,16.7,1.4,160,1.82,0.1,9,28.5
2025-10-10 13:00,24.3,57,15.2,17.3,2.2,140,1.62,0.0,9,28.8
2025-10-10 14:00,24.1,56,14.7,16.7,2.0,140,1.05,0.1,10,24.8
2025-10-10 15:00,24.1,59,15.5,17.6,1.5,140,0.45,0.0,10,24.0
2025-10-10 16:00,23.8,61,15.8,17.9,0.8,140,0.28,0.0,10,23.2
2025-10-10 17:00,21.5,75,16.8,19.1,2.8,50,0.04,0.0,10,22.4
2025-10-10 18:00,20.5,82,17.3,19.7,2.0,50,0.02,0.0,10,21.7
2025-10-10 19:00,20.0,87,17.7,20.2,2.6,50,0.0,0.0,10,21.1
2025-10-10 20:00,19.7,87,17.4,19.9,1.8,70,,,10,21.0
2025-10-10 21:00,19.6,86,17.1,19.5,2.0,50,,,10,21.0
2025-10-10 22:00,19.6,86,17.2,19.6,1.7,70,,,10,20.7
2025-10-10 23:00,19.7,86,17.2,19.6,0.3,0,,,9,20.8
2025-10-11 00:00,19.8,85,17.1,19.5,0.2,0,,,10,21.0
2025-10-11 01:00,20.0,85,17.3,19.7,0.1,0,,,10,21.1
2025-10-11 02:00,20.2,80,16.6,18.9,0.2,0,,,10,20.8
2025-10-11 03:00,20.3,77,16.1,18.3,0.5,140,,,9,20.6
2025-10-11 04:00,20.5,76,16.1,18.3,0.3,0,,,10,20.7
2025-10-11 05:00,20.2,76,15.8,17.9,0.5,110,,,3,19.8
2025-10-11 06:00,20.2,76,15.8,17.9,1.0,290,,,9,20.1
2025-10-11 07:00,20.2,77,16.0,18.2,0.9,200,0.0,0.0,7,20.1
2025-10-11 08:00,20.7,74,15.8,17.9,0.6,250,0.34,0.4,6,21.8
2025-10-11 09:00,21.8,72,16.5,18.8,0.7,230,0.63,0.0,8,24.7
2025-10-11 10:00,23.4,66,16.6,18.9,1.0,110,1.18,0.2,7,30.5
2025-10-11 11:00,24.7,64,17.4,19.9,1.3,270,1.98,0.5,6,34.6
2025-10-11 12:00,25.3,62,17.4,19.9,1.8,230,2.37,0.7,7,34.5
2025-10-11 13:00,27.0,58,18.0,20.6,2.0,250,2.53,0.7,5,38.1
2025-10-11 14:00,27.4,56,17.8,20.4,2.5,270,2.22,0.7,5,38.8
2025-10-11 15:00,27.9,55,18.0,20.6,1.9,270,1.89,0.8,4,33.7
2025-10-11 16:00,28.2,48,16.1,18.3,2.2,270,1.51,1.0,2,28.0
2025-10-11 17:00,27.2,51,16.1,18.3,2.3,270,0.73,0.9,4,25.3
2025-10-11 18:00,25.7,56,16.2,18.4,2.4,270,0.14,0.2,6,23.2
2025-10-11 19:00,25.3,59,16.7,19.0,1.6,270,0.0,0.0,9,23.6
2025-10-11 20:00,24.7,64,17.4,19.9,1.9,270,,,8,23.2
2025-10-11 21:00,24.1,69,18.0,20.6,2.2,270,,,9,23.1
2025-10-11 22:00,23.8,72,18.4,21.2,1.2,250,,,9,23.1
2025-10-11 23:00,23.8,73,18.6,21.4,1.2,250,,,9,22.8
2025-10-12 00:00,23.7,74,18.7,21.6,1.3,230,,,10,22.8
2025-10-12 01:00,23.2,78,19.1,22.1,1.2,230,,,10,22.7
2025-10-12 02:00,21.9,90,20.1,23.5,1.0,270,,,10,22.8
2025-10-12 03:00,22.2,91,20.6,24.3,1.0,270,,,10,23.0
2025-10-12 04:00,21.6,89,19.7,22.9,1.6,290,,,10,22.7
2025-10-12 05:00,21.1,89,19.2,22.2,1.6,290,,,10,22.3
2025-10-12 06:00,20.7,88,18.6,21.4,0.9,270,,,10,22.1
2025-10-12 07:00,20.3,86,17.8,20.4,0.8,270,0.0,0.0,9,21.7
2025-10-12 08:00,20.3,84,17.5,20.0,0.7,270,0.09,0.0,10,22.2
2025-10-12 09:00,21.0,80,17.4,19.9,1.5,50,0.53,0.0,10,24.0
2025-10-12 10:00,21.5,78,17.4,19.9,1.1,270,0.64,0.0,9,25.3
2025-10-12 11:00,22.0,76,17.5,20.0,1.0,290,0.72,0.0,10,26.0
2025-10-12 12:00,22.4,74,17.5,20.0,1.1,270,0.59,0.0,10,25.6
2025-10-12 13:00,22.3,75,17.6,20.1,0.4,0,0.31,0.0,10,24.5
2025-10-12 14:00,22.5,76,18.0,20.6,1.0,270,0.5,0.0,10,24.7
2025-10-12 15:00,22.8,75,18.1,20.8,0.9,90,0.59,0.0,10,25.5
2025-10-12 16:00,21.7,79,17.8,20.4,2.8,70,0.18,0.0,10,23.5
2025-10-12 17:00,20.3,79,16.5,18.8,2.9,50,0.25,0.0,9,22.8
2025-10-12 18:00,19.7,79,15.9,18.1,3.7,50,0.06,0.0,9,21.5
2025-10-12 19:00,19.3,80,15.7,17.8,2.7,50,,,9,21.2
2025-10-12 20:00,19.2,81,15.8,17.9,2.9,50,,,9,21.0
2025-10-12 21:00,18.2,88,16.1,18.3,1.5,50,,,10,20.7
2025-10-12 22:00,18.2,89,16.3,18.5,1.4,70,,,10,20.7
2025-10-12 23:00,18.2,88,16.1,18.3,2.0,70,,,10,20.6
2025-10-13 00:00,18.3,87,16.0,18.2,1.7,70,,,10,20.3
2025-10-13 01:00,18.3,86,15.9,18.1,1.7,70,,,9,20.4
2025-10-13 02:00,18.6,85,16.0,18.2,1.1,70,,,9,20.5
2025-10-13 03:00,18.6,85,16.0,18.2,1.2,50,,,10,20.6
2025-10-13 04:00,18.6,85,16.0,18.2,0.4,0,,,10,20.5
2025-10-13 05:00,19.0,85,16.4,18.6,0.8,290,,,10,20.7
2025-10-13 06:00,18.5,89,16.6,18.9,0.9,70,,,10,20.5
2025-10-13 07:00,18.2,89,16.3,18.5,1.8,70,0.0,0.0,10,20.2
2025-10-13 08:00,18.3,89,16.4,18.6,1.0,50,0.0,0.0,10,20.7
2025-10-13 09:00,18.2,90,16.5,18.8,2.6,50,0.0,0.0,10,20.1
2025-10-13 10:00,18.5,88,16.4,18.6,1.7,90,0.05,0.0,10,20.6
2025-10-13 11:00,18.2,89,16.3,18.5,2.5,50,0.05,0.0,10,20.7
2025-10-13 12:00,18.2,90,16.5,18.8,1.5,90,0.05,0.0,10,20.3
2025-10-13 13:00,18.7,88,16.6,18.9,1.5,50,0.31,0.0,10,21.2
2025-10-13 14:00,18.7,90,17.0,19.4,0.4,0,0.16,0.0,10,21.2
2025-10-13 15:00,18.7,90,17.0,19.4,0.2,0,0.06,0.0,10,21.2
2025-10-13 16:00,18.2,90,16.5,18.8,1.8,70,0.04,0.0,10,20.7
2025-10-13 17:00,18.2,91,16.7,19.0,2.0,70,0.0,0.0,10,20.6
2025-10-13 18:00,17.7,91,16.2,18.4,3.8,50,0.0,0.0,10,20.2
2025-10-13 19:00,17.0,90,15.3,17.4,3.4,50,,,10,19.4
2025-10-13 20:00,16.8,90,15.1,17.2,3.2,70,,,10,19.3
2025-10-13 21:00,16.7,89,14.8,16.8,2.8,50,,,10,19.2
2025-10-13 22:00,16.2,90,14.5,16.5,3.2,70,,,10,18.7
2025-10-13 23:00,16.0,91,14.5,16.5,3.0,50,,,10,18.7
2025-10-14 00:00,15.8,90,14.1,16.1,2.6,70,,,10,18.5
2025-10-14 01:00,15.7,90,14.0,16.0,2.4,50,,,10,18.5
2025-10-14 02:00,15.6,90,13.9,15.9,1.6,70,,,10,18.2
2025-10-14 03:00,15.5,91,14.0,16.0,2.8,50,,,10,18.3
2025-10-14 04:00,15.5,90,13.8,15.8,2.9,50,,,10,18.2
2025-10-14 05:00,15.4,90,13.7,15.7,2.7,70,,,10,18.1
2025-10-14 06:00,15.6,89,13.7,15.7,1.9,70,,,10,18.2
2025-10-14 07:00,15.6,89,13.7,15.7,2.5,50,0.0,0.0,10,18.1
2025-10-14 08:00,15.8,87,13.6,15.6,2.3,50,0.0,0.0,10,18.5
2025-10-14 09:00,16.0,88,14.0,16.0,3.1,50,0.25,0.0,10,19.7
2025-10-14 10:00,17.2,84,14.4,16.4,2.9,70,0.7,0.0,10,21.5
2025-10-14 11:00,18.0,80,14.4,16.4,3.2,50,1.01,0.0,10,22.9
2025-10-14 12:00,19.6,74,14.8,16.8,2.9,70,1.31,0.0,9,25.2
2025-10-14 13:00,20.3,72,15.0,17.0,2.7,50,1.28,0.0,9,24.7
2025-10-14 14:00,21.2,68,15.0,17.0,2.7,70,1.1,0.0,10,24.7
2025-10-14 15:00,21.2,68,15.0,17.0,3.1,70,0.77,0.0,10,23.3
2025-10-14 16:00,21.2,69,15.2,17.3,3.1,70,0.42,0.0,9,22.3
2025-10-14 17:00,20.7,72,15.4,17.5,2.5,50,0.35,0.0,9,21.5
2025-10-14 18:00,20.2,74,15.4,17.5,2.7,50,0.04,0.0,9,20.7
2025-10-14 19:00,20.2,74,15.4,17.5,2.8,70,,,0,20.1
2025-10-14 20:00,19.7,76,15.3,17.4,2.6,70,,,6,19.7
2025-10-14 21:00,19.3,78,15.3,17.4,2.2,70,,,5,19.2
2025-10-14 22:00,19.1,80,15.5,17.6,2.8,70,,,7,19.3
2025-10-14 23:00,19.0,78,15.0,17.0,2.1,50,,,3,19.2
2025-10-15 00:00,18.2,83,15.2,17.3,0.5,290,,,2,18.2
2025-10-15 01:00,17.7,85,15.1,17.2,0.4,0,,,0,17.5
2025-10-15 02:00,17.5,83,14.5,16.5,1.3,50,,,0,17.6
2025-10-15 03:00,17.1,84,14.3,16.3,0.8,360,,,2,17.7
2025-10-15 04:00,17.1,83,14.1,16.1,1.5,20,,,1,17.2
2025-10-15 05:00,16.7,85,14.1,16.1,0.6,50,,,1,17.0
2025-10-15 06:00,16.7,83,13.7,15.7,0.5,360,,,6,16.8
2025-10-15 07:00,17.1,81,13.8,15.8,1.3,50,0.0,0.0,2,16.8
2025-10-15 08:00,18.8,75,14.2,16.2,1.0,50,0.4,0.8,2,18.7
2025-10-15 09:00,20.5,67,14.1,16.1,1.6,70,1.17,1.0,2,23.2
2025-10-15 10:00,22.6,58,13.9,15.9,0.8,50,1.84,1.0,2,28.2
2025-10-15 11:00,24.2,54,14.2,16.2,3.2,110,2.37,1.0,2,30.4
2025-10-15 12:00,25.7,51,14.7,16.7,2.3,110,2.75,1.0,3,33.0
2025-10-15 13:00,25.4,51,14.5,16.5,3.2,140,2.65,0.9,4,31.8
2025-10-15 14:00,25.6,52,15.0,17.0,2.8,110,2.39,0.9,6,29.4
2025-10-15 15:00,24.2,57,15.1,17.2,2.3,160,0.83,0.1,8,25.5
2025-10-15 16:00,23.7,59,15.2,17.3,2.2,140,0.32,0.0,10,23.6
2025-10-15 17:00,22.7,64,15.5,17.6,1.8,140,0.09,0.0,10,22.5
2025-10-15 18:00,22.2,66,15.5,17.6,1.6,110,0.0,0.0,10,21.8
2025-10-15 19:00,21.5,71,16.0,18.2,1.9,110,,,10,21.4
2025-10-15 20:00,20.3,75,15.7,17.8,2.1,90,,,10,21.0
2025-10-15 21:00,18.5,90,16.8,19.1,3.2,50,,,10,20.2
2025-10-15 22:00,18.2,90,16.5,18.8,3.2,70,,,10,19.8
2025-10-15 23:00,18.6,86,16.2,18.4,0.9,90,,,10,19.8
2025-10-16 00:00,18.2,90,16.5,18.8,0.6,270,,,10,20.1
2025-10-16 01:00,17.7,91,16.2,18.4,1.0,70,,,10,19.8
2025-10-16 02:00,18.1,91,16.6,18.9,0.3,0,,,10,19.8
2025-10-16 03:00,18.1,91,16.6,18.9,0.4,0,,,10,20.0
2025-10-16 04:00,17.8,91,16.3,18.5,1.6,70,,,10,19.8
2025-10-16 05:00,17.8,91,16.3,18.5,1.6,70,,,10,19.6
2025-10-16 06:00,17.8,90,16.1,18.3,2.5,50,,,10,19.5
2025-10-16 07:00,17.7,91,16.2,18.4,2.1,50,0.0,0.0,10,19.6
2025-10-16 08:00,17.8,91,16.3,18.5,1.9,50,0.05,0.0,10,20.1
2025-10-16 09:00,18.3,88,16.2,18.4,1.8,50,0.41,0.0,10,21.0
2025-10-16 10:00,18.9,86,16.4,18.6,0.6,90,0.31,0.0,10,21.6
2025-10-16 11:00,19.7,82,16.5,18.8,1.8,90,0.8,0.0,10,23.8
2025-10-16 12:00,21.5,74,16.6,18.9,0.9,90,1.86,0.3,9,27.0
2025-10-16 13:00,21.9,71,16.3,18.5,1.6,70,0.99,0.0,10,25.3
2025-10-16 14:00,22.8,68,16.5,18.8,2.9,50,0.81,0.0,8,26.2
2025-10-16 15:00,23.3,65,16.3,18.5,2.7,50,1.19,0.3,8,25.6
2025-10-16 16:00,23.7,63,16.2,18.4,2.3,70,1.13,0.7,6,24.3
2025-10-16 17:00,24.2,62,16.4,18.6,2.0,50,0.63,0.6,6,23.3
2025-10-16 18:00,23.1,67,16.6,18.9,2.0,70,0.04,0.0,4,21.7
2025-10-16 19:00,22.6,69,16.6,18.9,1.8,70,,,0,20.7
2025-10-16 20:00,21.7,73,16.6,18.9,1.0,70,,,0,20.1
2025-10-16 21:00,20.5,77,16.3,18.5,0.4,0,,,4,19.7
2025-10-16 22:00,20.2,76,15.8,17.9,2.2,70,,,0,19.7
2025-10-16 23:00,20.7,72,15.4,17.5,2.1,90,,,0,19.8
2025-10-17 00:00,20.0,69,14.1,16.1,1.5,110,,,0,18.7
2025-10-17 01:00,19.2,73,14.2,16.2,1.0,90,,,0,18.2
2025-10-17 02:00,18.4,76,14.0,16.0,0.8,20,,,0,17.8
2025-10-17 03:00,18.2,75,13.6,15.6,1.7,50,,,1,17.7
2025-10-17 04:00,18.0,75,13.4,15.4,2.0,50,,,7,18.2
2025-10-17 05:00,17.2,78,13.3,15.3,1.3,50,,,0,17.3
2025-10-17 06:00,16.7,80,13.2,15.2,1.5,70,,,0,17.0
2025-10-17 07:00,16.8,79,13.1,15.1,1.0,50,0.0,0.0,0,16.8
2025-10-17 08:00,18.0,74,13.2,15.2,1.7,70,0.37,0.8,0,18.3
2025-10-17 09:00,20.4,70,14.7,16.7,0.5,340,1.11,1.0,0,23.1
2025-10-17 10:00,22.2,59,13.7,15.7,2.3,110,1.78,1.0,1,27.5
2025-10-17 11:00,23.6,54,13.7,15.7,1.3,180,2.37,1.0,1,30.6
2025-10-17 12:00,24.2,53,14.0,16.0,3.3,110,2.54,1.0,3,31.7
2025-10-17 13:00,24.8,52,14.2,16.2,2.3,160,2.4,0.9,4,31.7
2025-10-17 14:00,24.8,52,14.2,16.2,2.8,140,2.07,1.0,6,28.4
2025-10-17 15:00,24.1,55,14.4,16.4,2.0,160,1.38,0.6,8,26.1
2025-10-17 16:00,23.8,56,14.4,16.4,1.9,140,0.53,0.0,10,24.0
2025-10-17 17:00,23.2,58,14.4,16.4,1.9,140,0.26,0.0,10,22.5
2025-10-17 18:00,22.1,66,15.4,17.5,0.9,160,0.0,0.0,10,21.6
2025-10-17 19:00,20.2,79,16.4,18.6,0.5,140,,,10,21.1
2025-10-17 20:00,19.8,84,17.0,19.4,0.6,140,,,10,21.1
2025-10-17 21:00,19.3,86,16.8,19.1,0.5,230,,,10,20.8
2025-10-17 22:00,18.8,90,17.1,19.5,2.4,70,,,10,20.5
2025-10-17 23:00,18.5,91,16.9,19.2,0.9,200,,,10,20.2
2025-10-18 00:00,18.3,91,16.7,19.0,1.4,70,,,10,20.2
2025-10-18 01:00,18.3,91,16.7,19.0,1.2,50,,,10,20.2
2025-10-18 02:00,18.2,91,16.7,19.0,1.0,70,,,10,20.1
2025-10-18 03:00,18.2,90,16.5,18.8,0.6,160,,,10,19.9
2025-10-18 04:00,18.1,92,16.7,19.0,0.6,90,,,10,19.8
2025-10-18 05:00,17.9,92,16.5,18.8,1.4,50,,,10,20.0
2025-10-18 06:00,17.8,92,16.4,18.6,0.7,70,,,10,19.7
2025-10-18 07:00,18.1,91,16.6,18.9,1.5,250,0.0,0.0,10,19.7
2025-10-18 08:00,17.9,89,16.0,18.2,0.9,270,0.05,0.0,10,20.0
2025-10-18 09:00,17.6,90,15.9,18.1,1.4,270,0.06,0.0,10,20.0
2025-10-18 10:00,17.2,88,15.1,17.2,1.7,270,0.16,0.0,10,20.0
2025-10-18 11:00,17.3,85,14.7,16.7,1.5,270,0.31,0.0,10,21.1
2025-10-18 12:00,17.3,82,14.1,16.1,2.4,270,0.78,0.0,10,21.5
2025-10-18 13:00,18.2,76,13.8,15.8,1.8,290,0.82,0.0,10,22.9
2025-10-18 14:00,18.9,74,14.1,16.1,1.3,270,0.9,0.0,10,22.8
2025-10-18 15:00,18.7,73,13.7,15.7,1.8,270,0.68,0.0,10,22.0
2025-10-18 16:00,18.3,74,13.5,15.5,1.7,270,0.6,0.0,10,21.5
2025-10-18 17:00,17.2,76,12.9,14.9,1.6,290,0.29,0.0,10,20.2
2025-10-18 18:00,16.7,78,12.8,14.8,1.1,270,0.02,0.0,10,18.7
2025-10-18 19:00,16.3,79,12.6,14.6,0.9,270,,,9,17.8
2025-10-18 20:00,15.9,81,12.6,14.6,0.9,270,,,9,17.3
2025-10-18 21:00,15.8,81,12.5,14.5,0.4,0,,,8,17.6
2025-10-18 22:00,15.7,81,12.4,14.4,0.8,270,,,10,17.7
2025-10-18 23:00,15.8,81,12.5,14.5,1.1,270,,,10,17.9
2025-10-19 00:00,15.8,81,12.5,14.5,1.1,70,,,9,18.0
2025-10-19 01:00,15.9,83,13.0,15.0,0.5,20,,,10,17.8
2025-10-19 02:00,15.5,86,13.1,15.1,1.3,70,,,8,17.0
2025-10-19 03:00,15.3,88,13.3,15.3,1.5,70,,,8,17.1
2025-10-19 04:00,15.6,87,13.4,15.4,1.5,50,,,7,17.0
2025-10-19 05:00,15.3,87,13.1,15.1,2.0,50,,,4,16.3
2025-10-19 06:00,14.8,88,12.8,14.8,0.2,0,,,2,15.8
2025-10-19 07:00,14.6,87,12.4,14.4,1.3,70,0.0,0.0,5,15.8
2025-10-19 08:00,15.6,82,12.5,14.5,0.6,50,0.28,0.5,6,17.2
2025-10-19 09:00,17.7,73,12.7,14.7,0.8,250,1.19,0.9,6,21.6
2025-10-19 10:00,18.1,70,12.5,14.5,0.6,180,0.85,0.0,7,21.7
2025-10-19 11:00,19.5,64,12.5,14.5,1.3,160,1.4,0.3,5,24.1
2025-10-19 12:00,20.1,64,13.0,15.0,1.0,110,1.6,0.4,7,25.5
2025-10-19 13:00,20.3,66,13.7,15.7,1.6,270,1.1,0.1,9,24.7
2025-10-19 14:00,21.2,59,12.8,14.8,1.0,290,1.88,0.7,7,28.1
2025-10-19 15:00,21.3,57,12.4,14.4,1.9,270,1.43,0.8,6,25.7
2025-10-19 16:00,20.0,63,12.7,14.7,2.3,290,0.87,0.4,8,22.6
2025-10-19 17:00,18.5,68,12.4,14.4,1.7,290,0.37,0.0,9,20.6
2025-10-19 18:00,17.3,70,11.7,13.7,1.9,290,0.05,0.0,7,18.4
2025-10-19 19:00,16.2,63,9.1,11.6,1.7,290,,,8,17.1
2025-10-19 20:00,15.5,65,8.9,11.4,1.5,270,,,8,16.3
2025-10-19 21:00,14.8,65,8.2,10.9,0.8,270,,,4,15.8
2025-10-19 22:00,14.0,66,7.7,10.5,1.7,270,,,0,15.0
2025-10-19 23:00,12.9,53,3.5,7.8,1.4,270,,,0,14.1
2025-10-20 00:00,11.9,53,2.6,7.4,2.3,290,,,0,13.0
2025-10-20 01:00,11.1,59,3.3,7.7,1.8,270,,,2,12.6
2025-10-20 02:00,10.1,66,4.0,8.1,1.7,290,,,8,12.3
2025-10-20 03:00,9.3,65,3.0,7.6,1.5,290,,,3,12.0
2025-10-20 04:00,8.5,65,2.2,7.2,1.0,270,,,2,11.5
2025-10-20 05:00,8.3,66,2.3,7.2,1.2,270,,,1,11.0
2025-10-20 06:00,7.6,65,1.4,6.8,1.0,290,,,4,10.8
2025-10-20 07:00,7.1,67,1.3,6.7,1.0,270,0.0,0.0,3,10.5
2025-10-20 08:00,8.0,66,2.0,7.1,0.8,290,0.3,0.7,0,12.0
2025-10-20 09:00,9.1,64,2.6,7.4,2.1,70,1.02,1.0,2,16.3
2025-10-20 10:00,10.8,61,3.5,7.8,2.3,90,1.7,1.0,1,21.1
2025-10-20 11:00,12.0,61,4.6,8.5,1.6,70,1.92,0.6,5,23.8
2025-10-20 12:00,13.2,60,5.5,9.0,3.1,70,2.04,0.3,6,24.7
2025-10-20 13:00,14.3,58,6.1,9.4,2.3,70,2.17,0.5,7,25.3
2025-10-20 14:00,15.8,59,7.7,10.5,2.3,70,2.02,1.0,6,24.6
2025-10-20 15:00,16.6,56,7.7,10.5,1.9,70,1.33,0.6,9,21.5
2025-10-20 16:00,16.2,58,7.9,10.6,2.6,50,0.73,0.3,5,18.7
2025-10-20 17:00,16.2,58,7.9,10.6,2.3,70,0.54,0.6,1,17.0
2025-10-20 18:00,14.9,63,7.9,10.6,1.4,270,0.05,0.1,1,15.1
2025-10-20 19:00,14.1,64,7.3,10.2,1.8,270,,,5,14.1
2025-10-20 20:00,13.8,67,7.7,10.5,1.0,70,,,7,14.5
2025-10-20 21:00,13.8,67,7.7,10.5,1.3,270,,,7,14.8
2025-10-20 22:00,13.5,68,7.7,10.5,0.6,180,,,8,14.3
2025-10-20 23:00,13.1,69,7.5,10.4,1.1,270,,,6,13.8
2025-10-21 00:00,12.6,71,7.4,10.3,1.5,270,,,6,13.6
2025-10-21 01:00,12.1,71,6.9,9.9,1.0,270,,,8,13.8
2025-10-21 02:00,11.8,67,5.8,9.2,1.3,290,,,10,13.6
2025-10-21 03:00,11.1,66,4.9,8.7,1.3,290,,,8,13.1
2025-10-21 04:00,10.1,64,3.5,7.8,1.3,270,,,9,12.7
2025-10-21 05:00,10.3,65,3.9,8.1,1.1,290,,,9,12.6
2025-10-21 06:00,9.4,66,3.3,7.7,1.0,250,,,9,11.8
2025-10-21 07:00,9.3,67,3.4,7.8,1.2,270,0.0,0.0,9,11.8
2025-10-21 08:00,9.6,67,3.7,8.0,1.1,270,0.11,0.0,9,13.0
2025-10-21 09:00,10.6,65,4.2,8.2,1.1,270,0.47,0.0,9,14.8
2025-10-21 10:00,11.8,67,5.8,9.2,1.1,90,1.12,0.1,10,19.3
2025-10-21 11:00,13.7,66,7.4,10.3,1.2,50,1.24,0.0,9,20.6
2025-10-21 12:00,14.3,65,7.7,10.5,2.1,70,1.54,0.0,10,22.4
2025-10-21 13:00,15.1,61,7.6,10.4,1.1,270,1.32,0.0,10,21.2
2025-10-21 14:00,15.4,59,7.4,10.3,1.1,270,1.08,0.0,10,20.8
2025-10-21 15:00,15.1,59,7.1,10.1,2.0,270,1.02,0.0,10,20.1
2025-10-21 16:00,14.8,60,7.0,10.0,2.0,270,0.69,0.0,10,18.2
2025-10-21 17:00,14.1,61,6.6,9.7,1.7,270,0.35,0.1,9,16.3
2025-10-21 18:00,13.3,61,5.9,9.3,1.3,290,0.03,0.0,7,14.5
2025-10-21 19:00,12.8,56,4.2,8.2,1.0,270,,,8,13.3
2025-10-21 20:00,12.1,61,4.7,8.5,1.7,270,,,8,12.6
2025-10-21 21:00,11.8,63,4.9,8.7,1.2,270,,,6,12.6
2025-10-21 22:00,11.1,65,4.7,8.5,0.4,0,,,3,12.0
2025-10-21 23:00,10.6,67,4.7,8.5,0.6,290,,,6,11.8
2025-10-22 00:00,10.0,71,4.9,8.7,0.1,0,,,2,11.3
2025-10-22 01:00,10.1,73,5.4,9.0,0.2,0,,,6,12.1
2025-10-22 02:00,9.8,75,5.5,9.0,1.2,50,,,6,11.6
2025-10-22 03:00,9.6,76,5.5,9.0,1.2,50,,,4,11.6
2025-10-22 04:00,9.1,80,5.8,9.2,1.3,70,,,1,11.0
2025-10-22 05:00,8.8,82,5.8,9.2,2.0,50,,,2,10.6
2025-10-22 06:00,8.8,83,6.0,9.3,2.3,50,,,5,10.8
2025-10-22 07:00,8.8,84,6.2,9.5,1.8,70,0.0,0.0,7,11.3
2025-10-22 08:00,9.5,82,6.5,9.7,2.0,70,0.2,0.3,6,12.3
2025-10-22 09:00,11.1,76,7.0,10.0,2.2,70,0.71,0.7,6,16.2
2025-10-22 10:00,13.0,69,7.4,10.3,2.2,50,1.57,1.0,5,21.5
2025-10-22 11:00,15.1,63,8.0,10.7,2.2,70,1.84,0.9,8,23.7
2025-10-22 12:00,16.5,61,8.9,11.4,2.5,70,1.56,0.1,8,23.6
2025-10-22 13:00,17.7,59,9.5,11.9,2.5,70,1.15,0.0,9,23.6
2025-10-22 14:00,18.6,57,9.9,12.2,1.1,90,1.65,0.3,8,23.9
2025-10-22 15:00,18.7,58,10.2,12.4,3.1,70,1.67,0.6,7,22.6
2025-10-22 16:00,18.7,58,10.2,12.4,2.7,90,0.75,0.2,4,19.3
2025-10-22 17:00,18.7,57,9.9,12.2,1.4,110,0.42,0.3,5,17.3
2025-10-22 18:00,17.8,62,10.4,12.6,2.5,90,0.03,0.0,5,16.1
2025-10-22 19:00,17.0,63,9.8,12.1,2.4,90,,,3,15.1
2025-10-22 20:00,16.3,65,9.6,11.9,1.6,90,,,2,14.6
2025-10-22 21:00,15.6,68,9.7,12.0,1.7,70,,,6,14.3
2025-10-22 22:00,15.2,71,9.9,12.2,1.4,70,,,2,14.0
2025-10-22 23:00,14.8,73,9.9,12.2,1.4,50,,,0,13.8
2025-10-23 00:00,13.8,77,9.8,12.1,0.8,50,,,0,13.2
2025-10-23 01:00,13.6,78,9.8,12.1,0.3,0,,,0,12.8
2025-10-23 02:00,12.3,83,9.4,11.8,0.2,0,,,4,12.5
2025-10-23 03:00,12.5,82,9.5,11.9,0.8,50,,,3,12.6
2025-10-23 04:00,12.2,83,9.3,11.7,1.3,50,,,5,12.6
2025-10-23 05:00,12.0,83,9.1,11.6,2.1,50,,,7,12.3
2025-10-23 06:00,12.0,84,9.3,11.7,1.2,50,,,0,12.3
2025-10-23 07:00,11.8,84,9.1,11.6,1.1,70,0.0,0.0,3,12.1
2025-10-23 08:00,12.6,81,9.4,11.8,2.2,50,0.3,0.7,2,13.8
2025-10-23 09:00,14.1,75,9.7,12.0,2.1,70,0.97,1.0,2,18.4
2025-10-23 10:00,16.3,66,9.9,12.2,1.8,50,1.66,1.0,1,23.8
2025-10-23 11:00,17.8,62,10.4,12.6,1.4,110,2.16,1.0,5,26.9
2025-10-23 12:00,19.7,57,10.9,13.0,1.0,140,2.5,1.0,6,29.6
2025-10-23 13:00,20.1,53,10.2,12.4,2.0,70,2.14,0.7,8,27.5
2025-10-23 14:00,21.6,47,9.7,12.0,1.6,250,2.41,1.0,5,31.0
2025-10-23 15:00,21.5,49,10.3,12.5,1.1,320,2.11,0.9,4,26.5
2025-10-23 16:00,21.1,48,9.6,11.9,2.6,70,0.82,0.5,4,21.2
2025-10-23 17:00,20.6,50,9.8,12.1,1.8,70,0.7,0.9,2,19.2
2025-10-23 18:00,19.2,55,9.9,12.2,1.4,50,0.04,0.0,3,17.2
2025-10-23 19:00,18.3,59,10.1,12.4,0.7,340,,,4,16.3
2025-10-23 20:00,17.8,65,11.1,13.2,0.6,200,,,4,16.4
2025-10-23 21:00,17.0,69,11.2,13.3,0.8,110,,,4,15.6
2025-10-23 22:00,16.0,73,11.1,13.2,0.8,270,,,2,14.8
2025-10-23 23:00,15.6,75,11.1,13.2,0.1,0,,,2,14.3
2025-10-24 00:00,14.6,80,11.1,13.2,0.5,360,,,4,14.1
2025-10-24 01:00,13.8,81,10.5,12.7,1.6,70,,,0,13.8
2025-10-24 02:00,13.1,84,10.4,12.6,1.4,70,,,0,13.3
2025-10-24 03:00,12.6,84,9.9,12.2,1.8,50,,,0,13.1
2025-10-24 04:00,12.5,84,9.8,12.1,1.2,70,,,0,12.8
2025-10-24 05:00,12.1,83,9.2,11.6,2.1,70,,,0,12.3
2025-10-24 06:00,11.6,82,8.6,11.2,1.4,70,,,3,12.1
2025-10-24 07:00,11.6,80,8.2,10.9,1.5,70,0.0,0.0,5,12.0
2025-10-24 08:00,12.3,76,8.1,10.8,1.9,70,0.28,0.6,2,13.6
2025-10-24 09:00,14.1,71,8.9,11.4,2.1,90,1.0,1.0,2,20.5
2025-10-24 10:00,15.8,65,9.2,11.6,2.5,90,1.72,1.0,3,26.5
2025-10-24 11:00,17.7,61,10.0,12.3,1.1,160,2.21,1.0,3,31.8
2025-10-24 12:00,18.7,54,9.1,11.6,2.1,160,1.71,0.4,7,27.3
2025-10-24 13:00,20.7,48,9.2,11.6,3.0,160,2.81,0.8,7,38.1
2025-10-24 14:00,19.7,51,9.2,11.6,3.9,90,1.5,0.5,7,30.5
2025-10-24 15:00,21.0,48,9.5,11.9,2.2,110,2.23,1.0,7,35.5
2025-10-24 16:00,19.8,53,9.9,12.2,2.1,140,1.31,0.7,4,20.8
2025-10-24 17:00,19.3,53,9.4,11.8,2.5,140,0.69,0.9,4,18.0
2025-10-24 18:00,18.3,59,10.1,12.4,1.3,140,0.02,0.0,7,15.8
2025-10-24 19:00,17.8,61,10.1,12.4,1.1,110,,,7,15.1
2025-10-24 20:00,17.2,64,10.3,12.5,1.2,110,,,7,14.6
2025-10-24 21:00,16.7,67,10.5,12.7,0.7,140,,,0,14.0
2025-10-24 22:00,16.6,66,10.2,12.4,1.2,160,,,6,14.8
2025-10-24 23:00,16.1,69,10.4,12.6,0.8,160,,,8,14.3
2025-10-25 00:00,15.8,70,10.3,12.5,0.4,0,,,7,14.0
2025-10-25 01:00,14.8,76,10.6,12.8,0.3,0,,,7,14.1
2025-10-25 02:00,14.3,78,10.5,12.7,0.9,290,,,8,13.1
2025-10-25 03:00,14.0,80,10.5,12.7,0.0,0,,,8,12.8
2025-10-25 04:00,14.1,79,10.5,12.7,0.4,0,,,8,13.8
2025-10-25 05:00,14.4,79,10.7,12.9,0.1,0,,,9,13.8
2025-10-25 06:00,13.6,83,10.7,12.9,0.5,290,,,9,13.6
2025-10-25 07:00,13.8,81,10.5,12.7,0.6,70,0.0,0.0,9,14.6
2025-10-25 08:00,14.6,79,10.9,13.0,0.1,0,0.02,0.0,10,15.8
2025-10-25 09:00,15.1,79,11.4,13.5,0.7,230,0.13,0.0,9,17.2
2025-10-25 10:00,15.8,78,12.0,14.0,0.9,250,0.22,0.0,9,19.3
2025-10-25 11:00,17.2,70,11.6,13.7,1.4,250,1.02,0.0,9,24.2
2025-10-25 12:00,17.0,68,11.0,13.1,1.3,270,1.27,0.2,7,21.7
2025-10-25 13:00,18.6,57,9.9,12.2,1.6,290,1.66,0.5,7,27.0
2025-10-25 14:00,18.9,55,9.6,11.9,1.3,270,1.67,0.6,8,25.1
2025-10-25 15:00,18.9,50,8.2,10.9,1.3,270,1.66,0.8,8,23.8
2025-10-25 16:00,18.8,50,8.1,10.8,1.8,270,1.17,0.8,1,20.6
2025-10-25 17:00,17.3,55,8.1,10.8,2.0,270,0.55,1.0,0,17.2
2025-10-25 18:00,16.1,58,7.8,10.6,1.6,290,0.04,0.0,0,15.3
2025-10-25 19:00,15.0,60,7.2,10.2,1.3,290,,,0,14.1
2025-10-25 20:00,14.0,57,5.6,9.1,1.0,270,,,5,13.3
2025-10-25 21:00,13.6,58,5.4,9.0,0.2,0,,,8,13.3
2025-10-25 22:00,13.6,59,5.7,9.2,0.7,270,,,9,13.3
2025-10-25 23:00,12.8,64,6.1,9.4,0.6,250,,,8,13.3
2025-10-26 00:00,13.1,63,6.2,9.5,0.0,0,,,8,13.6
2025-10-26 01:00,13.0,62,5.8,9.2,0.3,0,,,10,13.8
2025-10-26 02:00,12.6,66,6.4,9.6,0.9,270,,,10,13.6
2025-10-26 03:00,12.1,69,6.5,9.7,0.9,250,,,10,13.5
2025-10-26 04:00,12.3,66,6.1,9.4,1.0,250,,,10,13.5
2025-10-26 05:00,12.3,68,6.5,9.7,0.6,270,,,10,13.6
2025-10-26 06:00,12.6,63,5.7,9.2,0.7,270,,,10,13.5
2025-10-26 07:00,12.6,62,5.5,9.0,1.4,70,0.0,0.0,10,13.3
2025-10-26 08:00,12.8,61,5.4,9.0,0.7,180,0.0,0.0,9,13.6
2025-10-26 09:00,12.8,65,6.3,9.5,0.5,160,0.1,0.0,10,14.3
2025-10-26 10:00,13.5,65,7.0,10.0,0.5,270,0.46,0.0,9,16.9
2025-10-26 11:00,15.3,54,6.0,9.3,0.7,200,1.83,0.7,9,25.0
2025-10-26 12:00,17.0,50,6.4,9.6,1.8,270,2.14,0.3,9,26.4
2025-10-26 13:00,17.4,52,7.4,10.3,1.2,290,1.54,0.0,9,23.5
2025-10-26 14:00,15.8,62,8.5,11.1,2.2,270,0.62,0.0,10,19.2
2025-10-26 15:00,15.0,69,9.3,11.7,1.5,270,0.09,0.0,10,16.8
2025-10-26 16:00,14.6,73,9.8,12.1,1.3,270,0.12,0.0,9,16.7
2025-10-26 17:00,14.5,68,8.6,11.2,1.1,270,0.04,0.0,9,15.8
2025-10-26 18:00,14.3,68,8.4,11.0,1.2,270,0.0,0.0,9,15.1
2025-10-26 19:00,14.1,71,8.9,11.4,0.9,270,,,8,14.6
2025-10-26 20:00,14.0,75,9.6,11.9,1.2,250,,,8,14.6
2025-10-26 21:00,13.1,79,9.5,11.9,1.5,270,,,9,13.3
2025-10-26 22:00,12.8,81,9.6,11.9,1.3,270,,,10,13.4
2025-10-26 23:00,12.1,86,9.8,12.1,0.8,290,,,10,13.4
2025-10-27 00:00,11.8,88,9.8,12.1,1.3,290,,,10,13.3
2025-10-27 01:00,11.8,85,9.3,11.7,1.2,270,,,10,13.1
2025-10-27 02:00,11.5,74,7.0,10.0,1.2,290,,,0,11.6
2025-10-27 03:00,10.6,78,6.9,9.9,1.0,270,,,3,11.5
2025-10-27 04:00,10.3,70,5.0,8.7,1.7,270,,,5,10.8
2025-10-27 05:00,8.8,57,0.7,6.4,2.4,290,,,1,9.3
2025-10-27 06:00,7.6,51,-1.9,5.3,1.7,270,,,0,8.1
2025-10-27 07:00,6.7,52,-2.4,5.1,2.1,290,0.0,0.0,0,7.1
2025-10-27 08:00,7.1,43,-4.6,4.3,2.4,290,0.28,0.7,0,8.3
2025-10-27 09:00,7.7,35,-6.8,3.7,2.9,290,1.08,1.0,0,12.6
2025-10-27 10:00,9.0,26,-9.5,3.0,2.9,270,1.77,1.0,0,18.0
2025-10-27 11:00,10.6,26,-8.1,3.3,1.7,320,2.29,1.0,0,23.0
2025-10-27 12:00,11.5,24,-8.4,3.2,2.5,230,2.56,1.0,0,23.9
2025-10-27 13:00,11.9,28,-6.0,3.9,3.2,270,2.62,1.0,0,25.0
2025-10-27 14:00,12.3,26,-6.6,3.7,3.3,290,2.46,1.0,0,25.4
2025-10-27 15:00,12.3,32,-3.9,4.6,2.8,270,2.04,1.0,0,20.2
2025-10-27 16:00,12.0,35,-3.0,4.9,2.3,290,1.37,1.0,0,15.0
2025-10-27 17:00,10.9,41,-1.8,5.4,2.2,290,0.62,0.9,0,12.1
2025-10-27 18:00,10.0,42,-2.3,5.2,1.9,270,0.01,0.0,0,10.2
2025-10-27 19:00,9.6,45,-1.7,5.4,1.4,270,,,0,9.6
2025-10-27 20:00,9.1,48,-1.3,5.6,1.9,270,,,6,9.5
2025-10-27 21:00,9.2,52,-0.1,6.1,1.3,270,,,9,10.3
2025-10-27 22:00,9.0,55,0.4,6.3,0.7,250,,,8,10.2
2025-10-27 23:00,9.1,54,0.2,6.2,0.7,250,,,8,10.1
2025-10-28 00:00,8.8,51,-0.8,5.8,1.0,270,,,9,10.1
2025-10-28 01:00,8.5,58,0.6,6.4,0.8,270,,,7,9.5
2025-10-28 02:00,7.5,63,0.8,6.5,0.5,180,,,0,8.5
2025-10-28 03:00,7.0,62,0.2,6.2,0.6,250,,,0,7.5
2025-10-28 04:00,6.3,62,-0.4,5.9,0.6,70,,,0,7.0
2025-10-28 05:00,5.3,73,0.8,6.5,0.5,290,,,0,6.5
2025-10-28 06:00,4.6,78,1.0,6.6,0.6,290,,,0,6.1
2025-10-28 07:00,4.6,76,0.7,6.4,0.2,0,0.0,0.0,0,5.9
2025-10-28 08:00,5.5,71,0.6,6.4,0.4,0,0.28,0.7,0,7.9
2025-10-28 09:00,7.5,57,-0.4,5.9,0.8,230,1.01,1.0,0,13.2
2025-10-28 10:00,9.1,36,-5.2,4.2,1.3,90,1.71,1.0,0,19.2
2025-10-28 11:00,10.6,32,-5.4,4.1,1.1,270,2.21,1.0,0,23.4
2025-10-28 12:00,11.5,31,-5.0,4.2,1.7,180,2.5,1.0,0,26.1
2025-10-28 13:00,12.8,28,-5.2,4.2,1.5,180,2.52,1.0,0,27.2
2025-10-28 14:00,13.6,27,-5.0,4.2,1.2,290,2.37,1.0,0,27.5
2025-10-28 15:00,14.8,31,-2.1,5.2,2.0,250,1.93,1.0,0,21.6
2025-10-28 16:00,13.8,32,-2.6,5.0,3.3,70,1.35,1.0,0,15.6
2025-10-28 17:00,13.1,36,-1.6,5.4,0.9,270,0.51,0.8,0,13.2
2025-10-28 18:00,12.0,39,-1.5,5.5,1.1,270,0.03,0.0,0,11.1
2025-10-28 19:00,11.7,42,-0.8,5.8,0.5,270,,,0,10.1
2025-10-28 20:00,10.6,51,0.8,6.5,0.3,0,,,0,9.6
2025-10-28 21:00,9.8,57,1.6,6.9,1.1,110,,,0,9.1
2025-10-28 22:00,8.8,62,1.9,7.0,0.3,0,,,0,8.6
2025-10-28 23:00,8.1,65,1.9,7.0,0.6,270,,,0,8.2
2025-10-29 00:00,7.4,68,1.8,7.0,0.6,270,,,0,7.9
2025-10-29 01:00,6.5,74,2.1,7.1,0.2,0,,,0,7.5
2025-10-29 02:00,6.1,76,2.1,7.1,0.3,0,,,0,7.1
2025-10-29 03:00,5.8,78,2.2,7.2,0.3,0,,,0,6.9
2025-10-29 04:00,5.1,81,2.1,7.1,0.4,0,,,0,6.7
2025-10-29 05:00,4.9,81,1.9,7.0,0.4,0,,,0,6.5
2025-10-29 06:00,5.0,80,1.8,7.0,0.9,50,,,0,6.5
2025-10-29 07:00,5.3,78,1.7,6.9,0.6,70,0.0,0.0,0,6.4
2025-10-29 08:00,5.6,76,1.6,6.9,0.5,360,0.18,0.5,0,8.3
2025-10-29 09:00,7.0,68,1.4,6.8,1.1,90,0.84,1.0,0,13.1
2025-10-29 10:00,10.1,57,1.9,7.0,0.8,20,1.54,1.0,0,19.2
2025-10-29 11:00,12.7,50,2.5,7.3,0.9,200,2.07,1.0,0,23.6
2025-10-29 12:00,14.7,48,3.7,8.0,1.1,160,2.38,1.0,0,26.8
2025-10-29 13:00,16.2,42,3.2,7.7,1.1,140,2.42,1.0,0,28.2
2025-10-29 14:00,16.7,41,3.3,7.7,1.4,360,2.18,1.0,0,27.5
2025-10-29 15:00,17.0,40,3.2,7.7,0.9,230,1.79,1.0,0,22.9
2025-10-29 16:00,16.8,39,2.7,7.4,2.3,90,1.28,1.0,0,18.0
2025-10-29 17:00,16.3,42,3.3,7.7,0.9,290,0.5,0.8,0,15.3
2025-10-29 18:00,15.0,42,2.1,7.1,1.0,140,0.0,0.0,0,12.6
2025-10-29 19:00,14.1,44,2.0,7.1,1.2,160,,,0,11.3
2025-10-29 20:00,13.2,46,1.8,7.0,1.1,160,,,0,10.6
2025-10-29 21:00,12.3,50,2.1,7.1,0.5,200,,,0,10.0
2025-10-29 22:00,10.8,60,3.3,7.7,0.7,290,,,0,9.3
2025-10-29 23:00,9.7,69,4.2,8.2,0.0,0,,,0,8.8
2025-10-30 00:00,9.2,67,3.3,7.7,0.2,0,,,0,8.5
2025-10-30 01:00,8.1,77,4.3,8.3,0.0,0,,,0,8.1
2025-10-30 02:00,7.7,79,4.2,8.2,0.7,290,,,1,8.0
2025-10-30 03:00,7.1,76,3.1,7.6,0.9,270,,,2,7.8
2025-10-30 04:00,7.5,75,3.3,7.7,0.5,140,,,8,7.6
2025-10-30 05:00,7.0,77,3.2,7.7,0.6,70,,,0,7.5
2025-10-30 06:00,6.8,82,3.9,8.1,0.3,0,,,0,7.0
2025-10-30 07:00,6.2,81,3.1,7.6,0.5,290,0.0,0.0,0,7.0
2025-10-30 08:00,7.2,77,3.4,7.8,0.0,0,0.18,0.5,0,8.9
2025-10-30 09:00,9.1,69,3.7,8.0,0.8,140,0.82,1.0,0,13.6
2025-10-30 10:00,11.3,63,4.5,8.4,1.3,70,1.38,1.0,2,18.9
2025-10-30 11:00,13.2,56,4.6,8.5,0.8,90,1.73,1.0,5,21.7
2025-10-30 12:00,15.1,44,2.9,7.5,1.0,290,1.79,0.5,9,22.9
2025-10-30 13:00,15.8,44,3.5,7.8,1.2,200,1.67,0.3,10,23.2
2025-10-30 14:00,16.2,46,4.5,8.4,0.6,200,1.43,0.5,10,22.0
2025-10-30 15:00,16.8,46,5.0,8.7,1.4,270,1.02,0.0,10,20.1
2025-10-30 16:00,16.5,38,2.1,7.1,1.2,70,0.62,0.0,10,17.6
2025-10-30 17:00,16.1,45,4.1,8.2,0.7,270,0.28,0.0,10,15.3
2025-10-30 18:00,15.3,49,4.6,8.5,0.4,0,0.01,0.0,9,13.6
2025-10-30 19:00,14.8,56,6.0,9.3,0.2,0,,,8,13.0
2025-10-30 20:00,13.6,64,6.9,9.9,0.2,0,,,5,11.8
2025-10-30 21:00,12.0,71,6.8,9.9,0.0,0,,,0,10.6
2025-10-30 22:00,11.3,74,6.8,9.9,0.2,0,,,3,10.1
2025-10-30 23:00,10.8,78,7.1,10.1,0.6,230,,,6,9.8
2025-10-31 00:00,10.1,81,6.9,9.9,0.6,70,,,2,9.5
2025-10-31 01:00,9.3,82,6.3,9.5,0.0,0,,,3,9.1
2025-10-31 02:00,8.8,84,6.2,9.5,0.6,290,,,3,8.6
2025-10-31 03:00,8.8,83,6.0,9.3,1.2,50,,,2,8.8
2025-10-31 04:00,8.6,83,5.8,9.2,1.4,50,,,2,8.8
2025-10-31 05:00,8.0,84,5.4,9.0,1.2,90,,,3,8.6
2025-10-31 06:00,8.3,82,5.4,9.0,1.1,70,,,4,8.6
2025-10-31 07:00,8.0,82,5.1,8.8,1.5,70,0.0,0.0,3,8.3
2025-10-31 08:00,8.3,81,5.2,8.8,1.6,70,0.15,0.4,0,9.8
2025-10-31 09:00,9.8,75,5.5,9.0,1.5,90,0.77,1.0,0,14.3
2025-10-31 10:00,11.6,68,5.8,9.2,1.8,70,1.4,1.0,0,19.5
2025-10-31 11:00,14.1,59,6.1,9.4,0.9,90,1.91,1.0,0,24.1
2025-10-31 12:00,16.4,52,6.5,9.7,0.3,0,2.23,1.0,0,27.7
2025-10-31 13:00,18.1,48,6.9,9.9,0.5,140,2.26,1.0,0,29.1
2025-10-31 14:00,19.8,40,5.7,9.2,0.8,290,2.09,1.0,0,28.7
2025-10-31 15:00,20.8,38,5.9,9.3,1.2,270,1.72,1.0,0,24.2
2025-10-31 16:00,19.7,43,6.7,9.8,0.8,290,1.22,1.0,1,19.7
2025-10-31 17:00,18.6,47,7.0,10.0,0.9,270,0.43,0.7,1,16.5
2025-10-31 18:00,17.6,52,7.6,10.4,0.3,0,0.0,0.0,2,14.3
2025-10-31 19:00,16.2,61,8.6,11.2,0.4,0,,,4,13.3
2025-10-31 20:00,15.1,63,8.0,10.7,1.0,290,,,6,12.8
2025-10-31 21:00,14.8,64,8.0,10.7,0.7,270,,,10,13.6
2025-10-31 22:00,14.5,66,8.2,10.9,0.7,230,,,10,13.8
2025-10-31 23:00,14.1,67,8.0,10.7,1.2,270,,,9,13.5
2025-11-01 00:00,13.8,70,8.4,11.0,0.3,0,,,10,13.3
2025-11-01 01:00,13.3,73,8.5,11.1,0.7,200,,,8,13.1
2025-11-01 02:00,12.5,82,9.5,11.9,1.1,250,,,10,13.3
2025-11-01 03:00,12.5,87,10.3,12.5,0.9,290,,,10,13.3
2025-11-01 04:00,12.3,87,10.1,12.4,1.1,270,,,10,13.3
2025-11-01 05:00,12.3,88,10.3,12.5,1.1,270,,,10,13.5
2025-11-01 06:00,12.1,85,9.6,11.9,1.1,270,,,4,12.5
2025-11-01 07:00,11.3,86,9.0,11.5,1.4,270,0.0,0.0,1,10.8
2025-11-01 08:00,11.8,82,8.8,11.3,1.5,270,0.2,0.5,0,11.8
2025-11-01 09:00,13.4,73,8.6,11.2,1.8,270,0.92,1.0,0,16.4
2025-11-01 10:00,14.8,61,7.3,10.2,2.5,270,1.47,1.0,0,21.3
2025-11-01 11:00,15.9,58,7.6,10.4,2.7,270,1.96,0.8,6,23.9
2025-11-01 12:00,17.1,43,4.4,8.4,2.6,270,1.89,0.7,4,26.7
2025-11-01 13:00,17.2,39,3.1,7.6,3.0,290,2.53,1.0,2,28.0
2025-11-01 14:00,17.5,36,2.2,7.2,3.1,290,2.25,1.0,1,28.2
2025-11-01 15:00,17.3,38,2.8,7.5,3.1,290,1.85,1.0,0,22.5
2025-11-01 16:00,17.3,38,2.8,7.5,2.2,290,1.32,1.0,0,17.8
2025-11-01 17:00,16.5,38,2.1,7.1,2.1,270,0.5,0.7,6,15.6
2025-11-01 18:00,15.3,49,4.6,8.5,2.1,250,0.01,0.0,9,14.3
2025-11-01 19:00,14.0,57,5.6,9.1,2.7,270,,,10,13.8
2025-11-01 20:00,12.5,67,6.5,9.7,1.4,250,,,3,11.8
2025-11-01 21:00,12.1,72,7.1,10.1,1.4,290,,,7,12.5
2025-11-01 22:00,12.6,71,7.4,10.3,1.2,200,,,7,12.6
2025-11-01 23:00,11.1,85,8.6,11.2,0.5,250,,,7,11.8
2025-11-02 00:00,9.6,84,7.0,10.0,1.1,250,,,10,11.8
2025-11-02 01:00,10.3,83,7.5,10.4,0.9,200,,,10,12.0
2025-11-02 02:00,10.3,85,7.8,10.6,0.7,160,,,7,11.6
2025-11-02 03:00,10.0,85,7.5,10.4,0.9,160,,,1,10.3
2025-11-02 04:00,10.1,85,7.6,10.4,0.5,140,,,7,10.5
2025-11-02 05:00,10.1,86,7.8,10.6,0.4,0,,,7,11.0
2025-11-02 06:00,10.0,84,7.4,10.3,1.3,290,,,6,10.6
2025-11-02 07:00,9.8,85,7.3,10.2,0.9,270,0.0,0.0,5,10.5
2025-11-02 08:00,10.3,84,7.7,10.5,0.7,250,0.15,0.4,2,11.1
2025-11-02 09:00,11.6,71,6.5,9.7,1.5,290,0.53,0.4,7,13.1
2025-11-02 10:00,11.1,67,5.1,8.8,1.5,290,0.52,0.1,5,14.2
2025-11-02 11:00,11.5,55,2.7,7.4,3.0,290,1.32,0.4,7,16.0
2025-11-02 12:00,12.1,48,1.4,6.8,3.6,290,2.13,0.7,5,22.0
2025-11-02 13:00,12.6,42,0.0,6.1,3.4,290,1.98,0.6,5,22.5
2025-11-02 14:00,11.8,42,-0.7,5.8,4.2,290,1.77,0.6,4,21.0
2025-11-02 15:00,11.1,40,-2.0,5.3,3.0,290,1.57,0.8,4,15.9
2025-11-02 16:00,10.9,40,-2.1,5.2,3.3,290,1.01,0.6,4,13.3
2025-11-02 17:00,10.6,42,-1.8,5.4,3.2,270,0.45,0.7,5,11.8
2025-11-02 18:00,9.5,50,-0.4,5.9,1.8,270,0.01,0.0,5,10.3
2025-11-02 19:00,9.0,52,-0.3,6.0,2.5,270,,,2,9.3
2025-11-02 20:00,8.6,47,-2.0,5.3,2.0,270,,,7,9.6
2025-11-02 21:00,7.8,48,-2.5,5.1,2.0,290,,,6,8.3
2025-11-02 22:00,6.9,47,-3.6,4.7,1.6,290,,,0,7.3
2025-11-02 23:00,6.3,49,-3.6,4.7,1.2,200,,,0,6.6
2025-11-03 00:00,5.6,50,-4.0,4.5,0.5,320,,,0,6.1
2025-11-03 01:00,5.0,51,-4.3,4.4,2.4,70,,,0,5.8
2025-11-03 02:00,4.4,50,-5.1,4.2,1.6,90,,,0,5.3
2025-11-03 03:00,3.9,51,-5.3,4.1,1.8,50,,,0,5.0
2025-11-03 04:00,3.4,53,-5.2,4.2,1.3,70,,,0,4.6
2025-11-03 05:00,2.5,60,-4.4,4.4,1.5,90,,,0,4.5
2025-11-03 06:00,1.7,71,-3.0,4.9,1.1,70,,,0,4.3
2025-11-03 07:00,2.0,69,-3.1,4.9,0.1,0,0.0,0.0,0,4.1
2025-11-03 08:00,2.6,62,-3.9,4.6,0.7,270,0.18,0.5,0,5.5
2025-11-03 09:00,4.0,55,-4.2,4.5,3.1,70,0.9,1.0,0,12.6
2025-11-03 10:00,6.1,49,-3.8,4.6,1.4,20,1.57,1.0,0,21.6
2025-11-03 11:00,7.5,46,-3.3,4.8,1.2,320,2.08,1.0,0,27.0
2025-11-03 12:00,9.7,43,-2.2,5.2,1.3,270,2.36,1.0,0,30.1
2025-11-03 13:00,11.4,39,-2.0,5.3,1.1,250,2.43,1.0,0,32.1
2025-11-03 14:00,12.9,37,-1.4,5.5,1.4,250,2.25,1.0,0,31.2
2025-11-03 15:00,13.5,39,-0.2,6.0,1.6,50,1.84,1.0,0,23.2
2025-11-03 16:00,13.8,39,0.0,6.1,1.2,270,1.28,1.0,0,15.8
2025-11-03 17:00,12.8,43,0.5,6.3,1.3,270,0.47,0.8,0,11.7
2025-11-03 18:00,11.8,45,0.2,6.2,0.5,270,0.0,0.0,0,9.1
2025-11-03 19:00,11.1,55,2.3,7.2,0.4,0,,,0,8.3
2025-11-03 20:00,10.1,61,2.9,7.5,0.2,0,,,0,7.5
2025-11-03 21:00,8.8,66,2.7,7.4,0.8,290,,,0,7.0
2025-11-03 22:00,7.9,71,2.9,7.5,0.4,0,,,0,6.6
2025-11-03 23:00,7.5,72,2.7,7.4,0.1,0,,,0,6.3
2025-11-04 00:00,6.8,76,2.8,7.5,0.1,0,,,0,6.0
2025-11-04 01:00,6.5,76,2.5,7.3,0.2,0,,,0,6.2
2025-11-04 02:00,5.8,80,2.6,7.4,0.3,0,,,6,6.6
2025-11-04 03:00,6.1,79,2.7,7.4,0.0,0,,,8,6.9
2025-11-04 04:00,6.3,78,2.7,7.4,0.5,320,,,8,7.6
2025-11-04 05:00,5.9,80,2.7,7.4,0.3,0,,,6,6.8
2025-11-04 06:00,6.3,75,2.1,7.1,0.8,50,,,4,6.8
2025-11-04 07:00,6.5,78,2.9,7.5,0.3,0,0.0,0.0,8,6.1
2025-11-04 08:00,6.9,74,2.5,7.3,0.7,50,0.09,0.2,6,8.6
2025-11-04 09:00,8.6,69,3.2,7.7,0.7,250,0.65,0.6,2,14.4
2025-11-04 10:00,10.6,66,4.5,8.4,1.1,360,1.31,0.8,5,20.0
2025-11-04 11:00,12.6,59,4.7,8.5,0.9,50,1.81,0.7,2,27.1
2025-11-04 12:00,14.5,53,5.0,8.7,0.9,200,2.25,1.0,0,31.2
2025-11-04 13:00,15.9,51,5.7,9.2,1.2,290,2.29,1.0,0,33.2
2025-11-04 14:00,17.6,47,6.1,9.4,1.5,270,2.17,1.0,0,32.7
2025-11-04 15:00,17.5,45,5.4,9.0,1.2,270,1.74,1.0,0,24.7
2025-11-04 16:00,17.3,45,5.2,8.8,0.7,250,1.16,1.0,0,18.0
2025-11-04 17:00,16.2,47,4.8,8.6,1.0,290,0.39,0.8,0,14.1
2025-11-04 18:00,14.6,48,3.6,7.9,0.6,270,0.02,0.0,0,11.3
2025-11-04 19:00,13.8,47,2.6,7.4,0.3,0,,,0,10.3
2025-11-04 20:00,12.6,52,2.9,7.5,0.4,0,,,0,9.3
2025-11-04 21:00,11.8,61,4.5,8.4,0.1,0,,,0,8.7
2025-11-04 22:00,10.8,66,4.6,8.5,0.1,0,,,0,8.1
2025-11-04 23:00,10.1,71,5.0,8.7,0.0,0,,,0,7.6
2025-11-05 00:00,9.1,72,4.3,8.3,0.7,20,,,0,7.5
2025-11-05 01:00,8.3,76,4.3,8.3,0.7,50,,,0,7.1
2025-11-05 02:00,7.9,79,4.4,8.4,0.1,0,,,0,6.6
2025-11-05 03:00,7.4,80,4.1,8.2,0.0,0,,,0,6.3
2025-11-05 04:00,6.9,82,4.0,8.1,0.1,0,,,0,6.0
2025-11-05 05:00,6.1,85,3.7,8.0,0.0,0,,,0,5.6
2025-11-05 06:00,6.6,81,3.5,7.8,1.1,70,,,0,6.0
2025-11-05 07:00,6.5,81,3.4,7.8,2.0,50,0.0,0.0,0,6.0
2025-11-05 08:00,6.5,80,3.2,7.7,2.1,50,0.09,0.1,0,7.8
2025-11-05 09:00,7.6,75,3.4,7.8,2.3,70,0.65,1.0,0,12.1
2025-11-05 10:00,9.3,68,3.6,7.9,2.7,50,1.25,1.0,0,18.3
2025-11-05 11:00,12.1,59,4.3,8.3,1.7,90,1.77,1.0,0,25.0
2025-11-05 12:00,14.5,50,4.1,8.2,2.9,50,2.1,1.0,1,29.1
2025-11-05 13:00,16.5,41,3.1,7.6,2.6,70,2.24,1.0,2,30.9
2025-11-05 14:00,17.8,38,3.2,7.7,1.4,320,2.03,1.0,1,29.5
2025-11-05 15:00,18.4,37,3.4,7.8,1.4,360,1.64,1.0,8,25.1
2025-11-05 16:00,18.0,38,3.4,7.8,1.7,70,0.99,0.9,8,18.5
2025-11-05 17:00,17.1,41,3.7,8.0,2.1,50,0.46,0.7,1,13.9
2025-11-05 18:00,15.7,45,3.7,8.0,1.1,50,0.0,0.0,0,11.3
2025-11-05 19:00,14.5,53,5.0,8.7,0.0,0,,,0,9.8
2025-11-05 20:00,12.9,58,4.8,8.6,0.2,0,,,0,8.8
2025-11-05 21:00,12.0,65,5.6,9.1,0.9,50,,,5,8.8
2025-11-05 22:00,10.8,71,5.7,9.2,0.1,0,,,0,8.0
2025-11-05 23:00,10.0,74,5.5,9.0,0.1,0,,,0,7.4
2025-11-06 00:00,9.1,78,5.4,9.0,0.0,0,,,0,6.8
2025-11-06 01:00,8.1,82,5.2,8.8,0.2,0,,,0,6.4
2025-11-06 02:00,7.8,83,5.0,8.7,0.5,270,,,0,6.1
2025-11-06 03:00,7.8,81,4.7,8.5,0.1,0,,,0,6.0
2025-11-06 04:00,6.6,85,4.2,8.2,0.1,0,,,0,5.5
2025-11-06 05:00,6.7,84,4.1,8.2,0.1,0,,,0,5.5
2025-11-06 06:00,7.0,81,3.9,8.1,1.7,50,,,0,6.0
2025-11-06 07:00,6.5,84,3.9,8.1,1.2,20,0.0,0.0,0,6.0
2025-11-06 08:00,7.5,79,4.0,8.1,0.5,90,0.11,0.2,7,8.3
2025-11-06 09:00,8.3,76,4.3,8.3,1.9,90,0.68,0.7,8,12.0
2025-11-06 10:00,10.8,69,5.3,8.9,0.7,320,1.1,0.7,8,18.7
2025-11-06 11:00,12.6,64,5.9,9.3,0.4,0,1.68,1.0,7,23.1
2025-11-06 12:00,15.0,57,6.5,9.7,1.0,230,2.12,1.0,0,29.4
2025-11-06 13:00,16.8,47,5.4,9.0,1.7,70,2.09,1.0,3,30.8
2025-11-06 14:00,17.9,46,6.1,9.4,1.2,70,1.99,1.0,0,31.2
2025-11-06 15:00,19.2,43,6.3,9.5,1.2,290,1.62,1.0,1,24.9
2025-11-06 16:00,19.2,45,6.9,9.9,0.7,270,1.11,1.0,1,19.0
2025-11-06 17:00,17.7,48,6.5,9.7,1.5,270,0.35,0.7,2,14.4
2025-11-06 18:00,16.5,54,7.1,10.1,1.9,270,0.0,0.0,9,12.6
2025-11-06 19:00,15.5,60,7.7,10.5,0.2,0,,,9,12.1
2025-11-06 20:00,14.7,63,7.7,10.5,0.9,270,,,6,11.3
2025-11-06 21:00,14.0,67,7.9,10.6,0.8,270,,,6,10.8
2025-11-06 22:00,12.8,73,8.0,10.7,0.4,0,,,6,10.1
2025-11-06 23:00,12.1,76,7.9,10.6,0.4,0,,,4,9.4
2025-11-07 00:00,11.3,80,7.9,10.6,0.5,290,,,3,8.8
2025-11-07 01:00,10.3,83,7.5,10.4,0.6,320,,,4,8.3
2025-11-07 02:00,10.1,84,7.5,10.4,0.2,0,,,6,8.1
2025-11-07 03:00,9.5,86,7.2,10.2,0.3,0,,,5,7.9
2025-11-07 04:00,9.3,86,7.0,10.0,0.5,320,,,6,8.2
2025-11-07 05:00,9.1,84,6.5,9.7,1.4,50,,,7,8.6
2025-11-07 06:00,9.1,84,6.5,9.7,1.2,70,,,7,8.5
2025-11-07 07:00,9.1,83,6.3,9.5,2.3,50,,,8,9.0
2025-11-07 08:00,9.3,81,6.1,9.4,1.0,70,0.05,0.0,9,10.3
2025-11-07 09:00,10.0,77,6.1,9.4,1.4,50,0.41,0.0,7,12.8
2025-11-07 10:00,12.2,70,6.8,9.9,1.1,70,1.11,0.8,4,20.2
2025-11-07 11:00,14.7,61,7.2,10.2,1.6,90,1.83,1.0,0,26.7
2025-11-07 12:00,17.8,54,8.3,10.9,0.5,200,2.19,1.0,1,33.0
2025-11-07 13:00,20.1,45,7.7,10.5,2.1,180,2.29,1.0,1,34.3
2025-11-07 14:00,20.6,47,8.8,11.3,1.2,270,2.05,1.0,0,33.5
2025-11-07 15:00,20.7,44,7.9,10.6,1.9,270,1.67,1.0,0,25.8
2025-11-07 16:00,20.3,44,7.6,10.4,1.0,290,1.12,1.0,0,19.6
2025-11-07 17:00,19.1,47,7.5,10.4,0.1,0,0.39,0.7,0,15.5
2025-11-07 18:00,18.2,47,6.6,9.7,2.6,110,0.0,0.0,0,13.3
2025-11-07 19:00,17.0,49,6.1,9.4,0.7,140,,,0,12.0
2025-11-07 20:00,16.3,51,6.1,9.4,0.4,0,,,0,11.3
2025-11-07 21:00,16.0,55,6.9,9.9,1.4,110,,,0,11.1
2025-11-07 22:00,15.9,56,7.1,10.1,1.5,140,,,0,11.1
2025-11-07 23:00,15.0,59,7.0,10.0,0.6,110,,,0,10.4
2025-11-08 00:00,14.3,62,7.1,10.1,0.3,0,,,0,10.0
2025-11-08 01:00,12.6,72,7.6,10.4,0.3,0,,,0,9.3
2025-11-08 02:00,14.8,59,6.8,9.9,2.5,90,,,0,10.1
2025-11-08 03:00,12.3,72,7.3,10.2,0.0,0,,,0,9.1
2025-11-08 04:00,11.8,75,7.5,10.4,0.2,0,,,0,8.5
2025-11-08 05:00,11.6,74,7.1,10.1,0.7,50,,,2,8.3
2025-11-08 06:00,10.6,78,6.9,9.9,0.2,0,,,9,9.6
2025-11-08 07:00,11.6,75,7.3,10.2,0.9,110,,,9,10.6
2025-11-08 08:00,12.0,74,7.5,10.4,0.5,290,0.01,0.0,9,11.8
2025-11-08 09:00,12.0,74,7.5,10.4,0.9,50,0.16,0.0,9,13.6
2025-11-08 10:00,13.9,66,7.6,10.4,1.0,90,0.38,0.0,9,15.9
2025-11-08 11:00,16.0,59,7.9,10.6,0.5,180,0.67,0.0,9,17.8
2025-11-08 12:00,17.2,54,7.7,10.5,1.4,70,0.89,0.0,10,20.3
2025-11-08 13:00,17.7,51,7.4,10.3,1.1,90,0.64,0.0,10,20.3
2025-11-08 14:00,18.3,47,6.7,9.8,1.6,110,1.0,0.1,9,22.8
2025-11-08 15:00,18.2,49,7.2,10.2,1.2,160,0.63,0.0,10,19.7
2025-11-08 16:00,18.2,50,7.5,10.4,0.6,140,0.42,0.0,10,18.3
2025-11-08 17:00,17.6,52,7.6,10.4,1.6,70,0.08,0.0,9,15.8
2025-11-08 18:00,17.2,54,7.7,10.5,1.0,70,0.0,0.0,9,14.6
2025-11-08 19:00,16.6,59,8.5,11.1,0.3,0,,,10,14.1
2025-11-08 20:00,16.1,62,8.8,11.3,0.4,0,,,9,14.1
2025-11-08 21:00,15.8,63,8.7,11.2,1.0,70,,,10,13.6
2025-11-08 22:00,15.3,67,9.1,11.6,1.5,50,,,9,13.5
2025-11-08 23:00,14.6,69,8.9,11.4,1.2,70,,,10,13.3
2025-11-09 00:00,14.2,70,8.7,11.2,0.0,0,,,9,12.8
2025-11-09 01:00,14.3,70,8.8,11.3,0.4,0,,,10,13.1
2025-11-09 02:00,14.1,73,9.3,11.7,0.5,290,,,10,12.7
2025-11-09 03:00,12.8,79,9.2,11.6,0.2,0,,,8,11.6
2025-11-09 04:00,12.3,81,9.1,11.6,0.0,0,,,0,10.1
2025-11-09 05:00,11.6,85,9.1,11.6,0.2,0,,,0,9.6
2025-11-09 06:00,11.3,85,8.8,11.3,0.8,320,,,8,9.4
2025-11-09 07:00,10.8,87,8.7,11.2,0.3,0,,,0,9.1
2025-11-09 08:00,11.1,86,8.8,11.3,0.7,270,0.07,0.0,1,11.0
2025-11-09 09:00,12.5,81,9.3,11.7,0.6,230,0.6,0.8,0,15.5
2025-11-09 10:00,14.6,71,9.3,11.7,0.8,180,1.16,1.0,0,21.1
2025-11-09 11:00,16.6,58,8.2,10.9,2.5,290,1.81,1.0,0,28.2
2025-11-09 12:00,17.3,53,7.6,10.4,2.2,290,2.16,1.0,1,32.4
2025-11-09 13:00,18.7,38,4.0,8.1,2.6,270,2.18,0.9,3,32.2
2025-11-09 14:00,18.8,32,1.7,6.9,2.2,290,2.05,1.0,0,32.2
2025-11-09 15:00,18.6,26,-1.3,5.6,2.6,290,1.66,1.0,0,23.7
2025-11-09 16:00,17.9,26,-1.9,5.3,2.1,290,1.15,1.0,0,17.5
2025-11-09 17:00,16.2,34,0.2,6.2,2.3,290,0.37,0.8,0,13.6
2025-11-09 18:00,15.1,44,2.9,7.5,1.9,290,0.01,0.0,2,11.5
2025-11-09 19:00,13.8,50,3.5,7.8,1.0,270,,,0,10.1
2025-11-09 20:00,13.5,50,3.2,7.7,1.7,250,,,3,10.1
2025-11-09 21:00,13.1,57,4.7,8.5,1.9,270,,,7,10.8
2025-11-09 22:00,12.6,63,5.7,9.2,1.6,270,,,0,9.6
2025-11-09 23:00,12.8,60,5.2,8.8,2.2,270,,,0,9.6
2025-11-10 00:00,12.3,51,2.4,7.3,2.5,290,,,4,9.5
2025-11-10 01:00,12.1,50,1.9,7.0,1.6,270,,,6,9.6
2025-11-10 02:00,11.8,44,0.0,6.1,2.5,290,,,5,8.8
2025-11-10 03:00,11.0,45,-0.4,5.9,2.3,270,,,0,7.5
2025-11-10 04:00,9.8,37,-4.2,4.5,1.2,160,,,0,6.5
2025-11-10 05:00,9.3,34,-5.7,4.0,0.8,250,,,0,5.5
2025-11-10 06:00,8.8,33,-6.6,3.7,1.4,290,,,0,5.0
2025-11-10 07:00,8.3,32,-7.4,3.5,0.9,50,,,0,4.8
2025-11-10 08:00,9.0,33,-6.4,3.8,0.5,200,0.14,0.4,0,6.8
2025-11-10 09:00,10.1,29,-7.1,3.6,1.9,290,0.83,1.0,0,13.2
2025-11-10 10:00,11.3,19,-11.5,2.5,2.2,250,1.51,1.0,0,20.8
2025-11-10 11:00,12.2,20,-10.1,2.8,2.5,290,2.05,1.0,0,27.4
2025-11-10 12:00,13.0,18,-10.8,2.7,2.6,270,2.35,1.0,0,31.2
2025-11-10 13:00,13.7,19,-9.5,3.0,2.4,290,2.42,1.0,0,33.4
2025-11-10 14:00,14.0,17,-10.7,2.7,2.4,290,2.23,1.0,0,32.1
2025-11-10 15:00,13.6,18,-10.3,2.8,2.0,290,1.83,1.0,0,21.6
2025-11-10 16:00,13.3,24,-6.8,3.7,1.5,290,1.36,1.0,0,14.3
2025-11-10 17:00,11.1,30,-5.8,4.0,2.1,290,0.39,0.7,0,9.9
2025-11-10 18:00,9.6,34,-5.5,4.1,1.9,270,0.0,0.0,0,7.5
2025-11-10 19:00,8.6,38,-4.9,4.2,1.6,270,,,0,6.3
2025-11-10 20:00,8.1,40,-4.7,4.3,1.2,270,,,0,5.5
2025-11-10 21:00,7.5,42,-4.6,4.3,0.5,270,,,1,4.9
2025-11-10 22:00,6.8,45,-4.3,4.4,0.6,250,,,0,4.4
2025-11-10 23:00,6.4,50,-3.2,4.8,0.4,0,,,8,4.4
2025-11-11 00:00,6.3,52,-2.8,5.0,1.0,270,,,9,5.3
2025-11-11 01:00,5.2,61,-1.7,5.4,0.7,20,,,8,5.4
2025-11-11 02:00,4.9,60,-2.2,5.2,0.4,0,,,9,5.5
2025-11-11 03:00,4.9,60,-2.2,5.2,1.1,270,,,9,4.5
2025-11-11 04:00,4.0,64,-2.2,5.2,0.3,0,,,9,4.0
2025-11-11 05:00,3.9,67,-1.6,5.4,0.2,0,,,6,3.2
2025-11-11 06:00,4.1,66,-1.6,5.4,0.5,290,,,10,5.0
2025-11-11 07:00,4.3,68,-1.0,5.7,0.1,0,,,8,4.5
2025-11-11 08:00,4.0,71,-0.7,5.8,0.5,20,0.03,0.1,2,5.2
2025-11-11 09:00,6.1,59,-1.3,5.6,0.4,0,0.77,1.0,1,11.6
2025-11-11 10:00,8.7,46,-2.2,5.2,1.0,270,1.38,1.0,1,19.2
2025-11-11 11:00,10.0,30,-6.8,3.7,1.8,90,1.91,1.0,0,25.8
2025-11-11 12:00,11.8,29,-5.6,4.0,1.2,70,2.23,1.0,1,25.1
2025-11-11 13:00,13.3,25,-6.3,3.8,2.4,70,2.24,1.0,5,25.4
2025-11-11 14:00,13.8,26,-5.4,4.1,1.8,70,1.47,0.8,6,18.8
2025-11-11 15:00,14.5,31,-2.4,5.1,3.0,70,1.53,1.0,4,20.3
2025-11-11 16:00,15.4,32,-1.2,5.6,0.9,340,1.21,0.9,5,17.1
2025-11-11 17:00,14.0,37,-0.4,5.9,0.3,0,0.25,0.2,7,12.8
2025-11-11 18:00,13.1,39,-0.5,5.9,0.8,50,0.0,0.0,7,10.3
2025-11-11 19:00,12.3,49,1.8,7.0,1.9,270,,,8,10.0
2025-11-11 20:00,10.8,56,2.3,7.2,0.3,0,,,0,8.3
2025-11-11 21:00,10.3,59,2.6,7.4,0.2,0,,,0,7.4
2025-11-11 22:00,9.7,62,2.7,7.4,0.2,0,,,0,6.8
2025-11-11 23:00,8.8,65,2.5,7.3,0.2,0,,,0,6.3
2025-11-12 00:00,7.6,68,2.0,7.1,0.1,0,,,0,5.9
2025-11-12 01:00,7.1,72,2.3,7.2,0.5,290,,,0,5.6
2025-11-12 02:00,6.4,76,2.4,7.3,0.0,0,,,0,5.0
2025-11-12 03:00,5.5,78,1.9,7.0,0.0,0,,,0,4.8
2025-11-12 04:00,5.0,80,1.8,7.0,0.0,0,,,0,4.5
2025-11-12 05:00,4.8,81,1.8,7.0,0.0,0,,,0,4.1
2025-11-12 06:00,4.9,80,1.7,6.9,0.0,0,,,0,4.0
2025-11-12 07:00,4.7,81,1.7,6.9,0.0,0,,,0,3.9
2025-11-12 08:00,5.1,79,1.7,6.9,0.0,0,0.1,0.3,0,5.2
2025-11-12 09:00,6.7,71,1.8,7.0,0.1,0,0.71,1.0,0,7.9
2025-11-12 10:00,8.5,68,2.9,7.5,0.6,290,1.35,1.0,0,12.9
2025-11-12 11:00,10.8,60,3.3,7.7,1.1,50,1.87,1.0,0,20.3
2025-11-12 12:00,13.7,49,3.1,7.6,0.6,270,2.18,1.0,0,25.0
2025-11-12 13:00,15.3,42,2.4,7.3,0.9,250,2.26,1.0,2,27.0
2025-11-12 14:00,15.6,33,-0.6,5.8,1.0,250,1.71,1.0,4,23.7
2025-11-12 15:00,15.5,35,0.0,6.1,0.5,200,1.13,0.7,6,19.9
2025-11-12 16:00,15.3,35,0.0,6.1,0.5,230,0.51,0.1,7,15.8
2025-11-12 17:00,14.8,35,-0.5,5.9,1.1,270,0.15,0.0,7,12.8
2025-11-12 18:00,13.3,42,0.6,6.4,0.8,250,0.0,0.0,6,10.0
2025-11-12 19:00,12.5,48,1.7,6.9,0.1,0,,,8,9.1
2025-11-12 20:00,11.2,53,1.9,7.0,0.3,0,,,3,7.7
2025-11-12 21:00,10.4,59,2.7,7.4,0.1,0,,,4,7.5
2025-11-12 22:00,9.8,60,2.3,7.2,0.0,0,,,7,7.0
2025-11-12 23:00,9.0,65,2.7,7.4,0.6,200,,,0,6.5
2025-11-13 00:00,8.0,68,2.4,7.3,0.2,0,,,0,6.1
2025-11-13 01:00,7.5,70,2.3,7.2,0.0,0,,,0,5.6
2025-11-13 02:00,6.5,73,2.0,7.1,0.1,0,,,0,5.3
2025-11-13 03:00,5.5,79,2.1,7.1,0.2,0,,,0,5.0
2025-11-13 04:00,5.7,80,2.5,7.3,0.0,0,,,0,4.6
2025-11-13 05:00,5.5,77,1.7,6.9,0.5,270,,,0,4.5
2025-11-13 06:00,4.9,82,2.0,7.1,0.3,0,,,0,4.4
2025-11-13 07:00,4.6,82,1.7,6.9,0.2,0,,,1,4.5
2025-11-13 08:00,5.2,80,2.0,7.1,0.0,0,0.07,0.2,1,5.6
2025-11-13 09:00,7.0,75,2.8,7.5,0.8,230,0.56,1.0,0,8.8
2025-11-13 10:00,9.1,69,3.7,8.0,0.3,0,1.1,1.0,0,13.3
2025-11-13 11:00,11.6,63,4.7,8.5,0.6,250,1.55,1.0,0,19.3
2025-11-13 12:00,13.6,58,5.4,9.0,0.3,0,1.81,0.9,0,23.0
2025-11-13 13:00,15.3,55,6.2,9.5,1.1,110,1.92,0.8,2,26.6
2025-11-13 14:00,16.5,54,7.1,10.1,0.8,250,1.84,1.0,2,26.0
2025-11-13 15:00,17.5,51,7.2,10.2,1.0,200,1.46,1.0,3,24.6
2025-11-13 16:00,17.3,34,1.2,6.7,2.1,270,1.09,1.0,0,17.7
2025-11-13 17:00,16.0,43,3.4,7.8,1.4,270,0.29,0.6,0,13.3
2025-11-13 18:00,14.1,42,1.3,6.7,1.1,270,0.02,0.0,2,10.2
2025-11-13 19:00,12.7,36,-2.0,5.3,1.2,270,,,0,8.6
2025-11-13 20:00,11.8,47,0.8,6.5,1.6,270,,,0,7.8
2025-11-13 21:00,11.4,55,2.6,7.4,0.1,0,,,0,7.3
2025-11-13 22:00,10.3,57,2.1,7.1,0.4,0,,,0,6.8
2025-11-13 23:00,9.4,63,2.7,7.4,0.3,0,,,0,6.4
2025-11-14 00:00,8.8,68,3.2,7.7,0.1,0,,,0,5.8
2025-11-14 01:00,7.9,71,2.9,7.5,0.3,0,,,0,5.4
2025-11-14 02:00,7.1,73,2.5,7.3,0.0,0,,,0,4.9
2025-11-14 03:00,6.5,76,2.5,7.3,0.4,0,,,0,4.5
2025-11-14 04:00,5.6,80,2.4,7.3,0.1,0,,,0,4.0
2025-11-14 05:00,5.5,80,2.3,7.2,0.6,140,,,0,3.9
2025-11-14 06:00,4.5,82,1.6,6.9,0.5,290,,,0,3.5
2025-11-14 07:00,4.0,84,1.5,6.8,0.0,0,,,0,3.0
2025-11-14 08:00,5.1,78,1.5,6.8,0.0,0,0.14,0.6,0,4.4
2025-11-14 09:00,7.0,72,2.2,7.2,0.8,140,0.79,1.0,0,7.5
2025-11-14 10:00,9.0,61,1.8,7.0,0.6,180,1.36,1.0,0,12.5
2025-11-14 11:00,11.4,47,0.4,6.3,0.6,230,1.88,1.0,0,20.0
2025-11-14 12:00,13.7,35,-1.5,5.5,0.9,230,2.21,1.0,0,25.0
2025-11-14 13:00,14.5,25,-5.3,4.1,2.4,270,2.26,1.0,0,26.7
2025-11-14 14:00,15.0,32,-1.5,5.5,2.3,290,2.09,1.0,0,27.2
2025-11-14 15:00,15.3,38,1.0,6.6,1.8,270,1.66,1.0,0,24.8
2025-11-14 16:00,14.8,39,0.9,6.5,2.2,270,1.17,1.0,0,16.9
2025-11-14 17:00,13.6,46,2.1,7.1,2.3,290,0.29,0.6,0,12.1
2025-11-14 18:00,12.3,50,2.1,7.1,2.3,290,0.0,0.0,0,9.8
2025-11-14 19:00,11.5,53,2.2,7.2,1.8,270,,,0,8.7
2025-11-14 20:00,10.5,54,1.5,6.8,0.3,0,,,0,7.3
2025-11-14 21:00,10.1,55,1.4,6.8,0.8,270,,,0,6.5
2025-11-14 22:00,9.3,60,1.9,7.0,0.2,0,,,0,5.9
2025-11-14 23:00,8.0,67,2.2,7.2,0.5,270,,,0,5.5
2025-11-15 00:00,7.2,70,2.0,7.1,0.2,0,,,0,5.0
2025-11-15 01:00,6.6,72,1.9,7.0,0.5,140,,,3,4.9
2025-11-15 02:00,5.6,77,1.8,7.0,0.1,0,,,2,4.5
2025-11-15 03:00,5.0,77,1.2,6.7,0.0,0,,,0,3.9
2025-11-15 04:00,4.1,80,0.9,6.5,0.1,0,,,0,3.7
2025-11-15 05:00,4.5,80,1.3,6.7,0.2,0,,,3,4.0
2025-11-15 06:00,4.2,78,0.6,6.4,0.1,0,,,4,4.1
2025-11-15 07:00,3.5,79,0.1,6.2,0.1,0,,,1,3.5
2025-11-15 08:00,3.9,79,0.5,6.3,1.1,50,0.07,0.2,6,4.5
2025-11-15 09:00,5.5,71,0.6,6.4,1.0,20,0.67,1.0,3,7.0
2025-11-15 10:00,8.2,62,1.3,6.7,0.9,90,1.29,1.0,0,12.4
2025-11-15 11:00,10.5,57,2.3,7.2,1.4,320,1.87,1.0,1,19.7
2025-11-15 12:00,12.4,48,1.6,6.9,0.7,360,2.15,1.0,1,25.0
2025-11-15 13:00,14.3,40,0.8,6.5,0.9,270,2.18,1.0,0,27.0
2025-11-15 14:00,14.6,40,1.1,6.6,1.5,270,1.66,1.0,1,23.6
2025-11-15 15:00,15.3,35,0.0,6.1,0.8,250,1.32,1.0,1,22.6
2025-11-15 16:00,16.1,26,-3.4,4.8,0.8,70,1.01,1.0,2,16.6
2025-11-15 17:00,14.8,30,-2.6,5.0,0.5,270,0.31,0.5,3,11.4
2025-11-15 18:00,13.3,39,-0.3,6.0,0.0,0,0.0,0.0,5,9.3
2025-11-15 19:00,11.5,48,0.8,6.5,0.2,0,,,0,7.5
2025-11-15 20:00,10.6,54,1.6,6.9,0.5,290,,,3,7.3
2025-11-15 21:00,9.6,53,0.4,6.3,0.1,0,,,0,6.5
2025-11-15 22:00,8.5,60,1.1,6.6,0.1,0,,,0,5.8
2025-11-15 23:00,8.0,61,0.9,6.5,0.6,290,,,0,5.4
2025-11-16 00:00,7.3,65,1.1,6.6,0.0,0,,,5,5.5
2025-11-16 01:00,6.9,69,1.5,6.8,0.0,0,,,3,5.0
2025-11-16 02:00,6.1,72,1.4,6.8,0.0,0,,,6,5.5
2025-11-16 03:00,5.9,70,0.8,6.5,0.3,0,,,9,5.4
2025-11-16 04:00,5.8,70,0.7,6.4,0.0,0,,,7,5.4
2025-11-16 05:00,5.5,72,0.8,6.5,0.2,0,,,9,5.5
2025-11-16 06:00,5.5,73,1.0,6.6,0.2,0,,,9,6.4
2025-11-16 07:00,5.4,70,0.3,6.2,0.1,0,,,7,5.9
2025-11-16 08:00,6.6,68,1.1,6.6,0.2,0,0.07,0.1,8,7.3
2025-11-16 09:00,7.8,59,0.2,6.2,0.9,90,0.66,0.8,6,9.6
2025-11-16 10:00,10.6,51,0.8,6.5,0.9,180,1.41,1.0,6,15.4
2025-11-16 11:00,13.0,49,2.5,7.3,0.7,230,1.52,1.0,4,18.9
2025-11-16 12:00,15.3,43,2.7,7.4,0.8,290,2.07,1.0,2,26.5
2025-11-16 13:00,17.5,29,-0.7,5.8,2.3,270,2.25,1.0,1,28.7
2025-11-16 14:00,18.8,25,-1.6,5.4,1.7,250,2.05,1.0,0,28.8
2025-11-16 15:00,19.2,20,-4.3,4.4,3.2,270,1.64,1.0,0,25.7
2025-11-16 16:00,19.1,22,-3.1,4.9,2.3,270,1.17,1.0,0,18.2
2025-11-16 17:00,17.7,26,-2.0,5.3,1.8,270,0.3,0.5,0,13.2
2025-11-16 18:00,16.1,30,-1.5,5.5,1.1,270,0.0,0.0,0,10.3
2025-11-16 19:00,14.6,37,0.0,6.1,1.5,270,,,0,9.3
2025-11-16 20:00,13.5,48,2.6,7.4,0.3,0,,,3,8.5
2025-11-16 21:00,12.8,51,2.8,7.5,0.8,160,,,3,8.5
2025-11-16 22:00,11.8,57,3.5,7.8,0.4,0,,,4,8.5
2025-11-16 23:00,11.1,74,6.6,9.7,0.9,250,,,9,10.6
2025-11-17 00:00,11.0,84,8.3,10.9,1.0,250,,,8,11.0
2025-11-17 01:00,11.5,73,6.8,9.9,2.4,270,,,6,9.1
2025-11-17 02:00,10.6,62,3.6,7.9,2.3,290,,,3,7.9
2025-11-17 03:00,9.6,61,2.4,7.3,1.9,290,,,2,6.9
2025-11-17 04:00,8.8,60,1.4,6.8,2.7,270,,,0,6.1
2025-11-17 05:00,7.4,54,-1.3,5.6,2.0,270,,,0,5.1
2025-11-17 06:00,6.0,39,-6.9,3.6,2.1,270,,,0,3.9
2025-11-17 07:00,5.5,30,-10.7,2.7,1.3,270,,,1,3.0
2025-11-17 08:00,5.5,31,-10.3,2.8,2.3,270,0.1,0.3,8,4.0
2025-11-17 09:00,6.0,30,-10.3,2.8,2.9,270,0.67,0.9,8,6.0
2025-11-17 10:00,6.3,30,-10.0,2.9,3.1,290,1.21,1.0,9,8.8
2025-11-17 11:00,7.2,28,-10.1,2.8,3.2,270,1.72,1.0,8,16.9
2025-11-17 12:00,6.8,32,-8.7,3.2,3.4,290,1.91,1.0,7,17.8
2025-11-17 13:00,6.9,30,-9.5,3.0,3.3,290,2.23,1.0,9,21.8
2025-11-17 14:00,6.5,34,-8.2,3.3,2.4,270,1.68,0.9,9,18.3
2025-11-17 15:00,6.4,38,-6.9,3.6,2.6,290,1.58,1.0,8,18.2
2025-11-17 16:00,5.0,44,-6.2,3.8,2.6,290,0.99,0.9,6,10.3
2025-11-17 17:00,4.5,49,-5.3,4.1,1.5,250,0.18,0.2,1,6.5
2025-11-17 18:00,4.1,51,-5.1,4.2,1.7,270,0.0,0.0,2,4.6
2025-11-17 19:00,4.0,51,-5.2,4.2,1.5,270,,,2,3.9
2025-11-17 20:00,3.5,51,-5.7,4.0,1.1,270,,,2,3.2
2025-11-17 21:00,3.5,53,-5.2,4.2,1.3,270,,,4,3.2
2025-11-17 22:00,3.2,54,-5.2,4.2,2.1,270,,,7,4.0
2025-11-17 23:00,2.7,53,-5.9,3.9,2.4,290,,,10,4.6
2025-11-18 00:00,2.2,50,-7.1,3.6,1.5,250,,,9,4.8
2025-11-18 01:00,1.7,49,-7.8,3.4,1.1,50,,,10,4.5
2025-11-18 02:00,1.2,49,-8.3,3.3,2.1,270,,,9,3.0
2025-11-18 03:00,0.8,46,-9.5,3.0,2.1,50,,,6,2.5
2025-11-18 04:00,0.5,49,-9.0,3.1,1.9,270,,,4,1.2
2025-11-18 05:00,0.1,50,-9.1,3.1,0.9,250,,,1,0.5
2025-11-18 06:00,-0.5,51,-9.4,3.0,0.4,0,,,0,0.3
2025-11-18 07:00,-0.5,51,-9.4,3.0,1.0,290,,,0,0.1
2025-11-18 08:00,-0.1,51,-9.0,3.1,1.0,270,0.07,0.2,0,0.2
2025-11-18 09:00,1.3,48,-8.5,3.2,1.3,250,0.59,0.9,0,3.2
2025-11-18 10:00,2.7,39,-9.9,2.9,2.1,250,1.23,1.0,1,7.1
2025-11-18 11:00,4.7,34,-9.8,2.9,1.4,50,1.81,1.0,0,16.3
2025-11-18 12:00,4.9,32,-10.4,2.8,2.3,270,2.12,1.0,0,20.0
2025-11-18 13:00,5.6,31,-10.2,2.8,2.6,270,2.19,1.0,0,21.7
2025-11-18 14:00,6.1,31,-9.8,2.9,2.5,270,2.01,1.0,0,22.0
2025-11-18 15:00,6.3,33,-8.8,3.1,2.2,290,1.59,1.0,0,19.3
2025-11-18 16:00,5.5,41,-6.7,3.7,3.0,290,1.02,0.8,8,10.2
2025-11-18 17:00,4.9,45,-6.0,3.9,2.2,290,0.06,0.0,4,6.0
2025-11-18 18:00,4.5,46,-6.1,3.9,1.1,250,0.0,0.0,2,4.1
2025-11-18 19:00,4.4,49,-5.4,4.1,1.4,290,,,10,5.4
2025-11-18 20:00,4.0,51,-5.2,4.2,0.7,270,,,0,3.9
2025-11-18 21:00,3.7,53,-5.0,4.2,0.6,360,,,7,4.3
2025-11-18 22:00,3.7,55,-4.5,4.4,0.7,70,,,7,4.4
2025-11-18 23:00,4.0,53,-4.7,4.3,0.3,0,,,10,5.3
2025-11-19 00:00,3.9,55,-4.3,4.4,1.8,270,,,9,5.5
2025-11-19 01:00,3.5,58,-4.0,4.5,0.9,250,,,9,5.5
2025-11-19 02:00,3.2,62,-3.3,4.8,0.2,0,,,0,5.0
2025-11-19 03:00,3.4,58,-4.0,4.5,1.0,270,,,8,4.5
2025-11-19 04:00,2.8,56,-5.1,4.2,1.4,270,,,7,2.9
2025-11-19 05:00,2.2,54,-6.1,3.9,1.2,270,,,0,1.6
2025-11-19 06:00,1.0,57,-6.5,3.8,1.6,270,,,0,0.8
2025-11-19 07:00,0.8,54,-7.4,3.5,0.1,0,,,0,0.4
2025-11-19 08:00,1.1,58,-6.2,3.8,0.8,70,0.05,0.2,0,1.4
2025-11-19 09:00,2.5,50,-6.8,3.7,0.5,160,0.56,0.8,0,3.9
2025-11-19 10:00,4.1,42,-7.6,3.5,0.6,160,1.25,1.0,0,8.4
2025-11-19 11:00,5.1,39,-7.7,3.4,1.4,110,1.77,1.0,0,17.4
2025-11-19 12:00,6.9,36,-7.1,3.6,1.6,250,2.06,1.0,0,21.0
2025-11-19 13:00,7.4,35,-7.0,3.6,1.7,270,2.13,1.0,0,23.6
2025-11-19 14:00,9.0,34,-6.0,3.9,1.9,270,1.95,1.0,0,23.6
2025-11-19 15:00,9.0,36,-5.3,4.1,1.4,290,1.54,1.0,0,20.5
2025-11-19 16:00,7.7,39,-5.4,4.1,1.8,270,1.04,1.0,0,12.0
2025-11-19 17:00,6.9,43,-4.8,4.3,1.7,290,0.24,0.5,0,7.2
2025-11-19 18:00,6.1,46,-4.6,4.3,0.4,0,0.0,0.0,0,5.0
2025-11-19 19:00,5.9,49,-4.0,4.5,0.7,270,,,0,4.1
2025-11-19 20:00,5.4,53,-3.4,4.8,0.5,250,,,0,3.5
2025-11-19 21:00,4.8,55,-3.4,4.8,0.2,0,,,0,2.9
2025-11-19 22:00,4.3,57,-3.4,4.8,0.6,180,,,0,2.4
2025-11-19 23:00,3.4,62,-3.2,4.8,0.3,0,,,0,2.0
2025-11-20 00:00,2.9,63,-3.4,4.8,0.4,0,,,0,1.7
2025-11-20 01:00,2.4,64,-3.7,4.6,0.4,0,,,0,1.7
2025-11-20 02:00,2.0,66,-3.6,4.7,0.1,0,,,9,1.2
2025-11-20 03:00,2.2,70,-2.7,5.0,0.1,0,,,9,4.4
2025-11-20 04:00,2.9,67,-2.6,5.0,0.0,0,,,9,5.0
2025-11-20 05:00,3.5,64,-2.6,5.0,0.2,0,,,9,5.3
2025-11-20 06:00,3.9,64,-2.3,5.2,0.5,160,,,9,5.4
2025-11-20 07:00,4.0,68,-1.3,5.6,0.1,0,,,9,5.6
2025-11-20 08:00,4.5,65,-1.5,5.5,0.4,0,0.0,0.0,9,6.1
2025-11-20 09:00,5.5,65,-0.5,5.9,0.5,230,0.12,0.0,8,8.0
2025-11-20 10:00,7.5,60,0.2,6.2,1.1,200,0.99,0.7,0,11.0
2025-11-20 11:00,9.8,59,2.1,7.1,2.0,250,1.55,1.0,2,17.8
2025-11-20 12:00,12.6,53,3.2,7.7,2.0,270,1.87,1.0,0,22.9
2025-11-20 13:00,13.9,48,3.0,7.6,3.1,250,2.06,0.9,6,24.3
2025-11-20 14:00,14.3,44,2.1,7.1,3.3,270,1.97,0.8,4,24.7
2025-11-20 15:00,15.4,36,0.3,6.2,3.4,270,1.47,0.8,5,24.3
2025-11-20 16:00,14.1,36,-0.7,5.8,2.8,270,0.94,0.9,2,14.9
2025-11-20 17:00,13.0,41,0.0,6.1,2.6,270,0.22,0.4,2,10.9
2025-11-20 18:00,12.1,45,0.5,6.3,2.6,270,0.0,0.0,0,8.8
2025-11-20 19:00,11.3,50,1.2,6.7,1.8,270,,,0,7.9
2025-11-20 20:00,10.9,56,2.4,7.3,1.7,270,,,2,7.9
2025-11-20 21:00,9.8,60,2.3,7.2,1.1,270,,,0,6.5
2025-11-20 22:00,9.0,56,0.6,6.4,2.0,270,,,0,6.0
2025-11-20 23:00,8.1,58,0.3,6.2,1.3,270,,,0,5.3
2025-11-21 00:00,7.5,56,-0.7,5.8,2.2,270,,,1,5.1
2025-11-21 01:00,6.9,55,-1.5,5.5,1.4,290,,,3,5.3
2025-11-21 02:00,5.8,56,-2.3,5.2,1.0,270,,,0,3.9
2025-11-21 03:00,5.4,53,-3.4,4.8,0.9,270,,,1,3.0
2025-11-21 04:00,5.0,53,-3.8,4.6,0.1,0,,,4,2.5
2025-11-21 05:00,4.5,51,-4.7,4.3,0.2,0,,,0,2.2
2025-11-21 06:00,3.7,57,-4.0,4.5,0.6,230,,,0,1.7
2025-11-21 07:00,3.2,60,-3.8,4.6,0.6,250,,,0,1.3
2025-11-21 08:00,3.2,60,-3.8,4.6,0.2,0,0.05,0.2,0,2.3
2025-11-21 09:00,4.7,55,-3.5,4.7,0.8,230,0.51,0.8,0,5.2
2025-11-21 10:00,6.8,44,-4.6,4.3,1.8,250,1.29,1.0,0,10.6
2025-11-21 11:00,8.3,38,-5.2,4.2,1.7,320,1.8,1.0,0,19.4
2025-11-21 12:00,9.8,35,-4.9,4.2,1.7,270,2.1,1.0,0,24.5
2025-11-21 13:00,11.7,29,-5.7,4.0,1.3,50,2.15,1.0,0,27.9
2025-11-21 14:00,12.2,24,-7.8,3.4,2.1,250,1.99,1.0,0,27.3
2025-11-21 15:00,13.1,29,-4.5,4.4,1.3,270,1.58,1.0,0,24.1
2025-11-21 16:00,12.3,32,-3.9,4.6,2.0,270,1.09,1.0,0,14.1
2025-11-21 17:00,10.9,36,-3.6,4.7,1.1,270,0.3,0.5,0,9.2
2025-11-21 18:00,10.0,40,-3.0,4.9,1.0,270,0.0,0.0,0,6.7
2025-11-21 19:00,9.5,42,-2.7,5.0,0.9,270,,,0,5.8
2025-11-21 20:00,8.8,45,-2.5,5.1,0.5,270,,,0,5.0
2025-11-21 21:00,7.8,49,-2.2,5.2,0.9,270,,,0,4.6
2025-11-21 22:00,7.3,52,-1.9,5.3,0.8,270,,,0,4.3
2025-11-21 23:00,7.0,53,-1.9,5.3,0.6,250,,,2,5.3
2025-11-22 00:00,6.5,56,-1.6,5.4,0.6,180,,,1,4.4
2025-11-22 01:00,5.9,58,-1.7,5.4,0.5,230,,,0,3.7
2025-11-22 02:00,5.5,63,-0.9,5.7,0.3,0,,,0,3.5
2025-11-22 03:00,5.1,64,-1.1,5.6,0.7,290,,,5,4.1
2025-11-22 04:00,4.6,68,-0.8,5.8,0.2,0,,,0,3.3
2025-11-22 05:00,4.8,68,-0.6,5.8,0.3,0,,,7,5.0
2025-11-22 06:00,5.5,68,0.0,6.1,0.3,0,,,8,6.1
2025-11-22 07:00,5.8,68,0.3,6.2,0.2,0,,,9,6.4
2025-11-22 08:00,5.9,70,0.8,6.5,0.7,230,0.0,0.0,8,6.9
2025-11-22 09:00,6.5,67,0.8,6.5,0.5,290,0.28,0.2,5,8.1
2025-11-22 10:00,8.7,61,1.5,6.8,0.9,180,1.0,1.0,0,13.0
2025-11-22 11:00,10.9,55,2.1,7.1,1.5,270,1.65,1.0,0,17.3
2025-11-22 12:00,13.2,48,2.4,7.3,1.4,250,1.99,1.0,0,21.5
2025-11-22 13:00,14.0,43,1.5,6.8,2.4,250,2.06,1.0,0,23.3
2025-11-22 14:00,14.8,41,1.6,6.9,1.8,230,1.91,1.0,2,23.8
2025-11-22 15:00,14.2,42,1.4,6.8,1.8,270,1.42,0.8,3,19.0
2025-11-22 16:00,14.3,43,1.8,7.0,2.0,270,0.67,0.7,2,15.1
2025-11-22 17:00,13.7,43,1.3,6.7,1.2,270,0.27,0.4,1,11.6
2025-11-22 18:00,12.4,41,-0.5,5.9,0.8,250,0.0,0.0,0,8.8
2025-11-22 19:00,11.2,45,-0.3,6.0,0.8,200,,,4,7.6
2025-11-22 20:00,10.2,49,0.0,6.1,0.4,0,,,6,7.0
2025-11-22 21:00,10.0,55,1.3,6.7,1.2,270,,,0,7.0
2025-11-22 22:00,9.0,60,1.6,6.9,0.7,140,,,0,6.1
2025-11-22 23:00,8.3,62,1.4,6.8,0.2,0,,,0,5.9
2025-11-23 00:00,8.1,64,1.6,6.9,0.0,0,,,3,5.5
2025-11-23 01:00,7.3,68,1.7,6.9,0.0,0,,,0,5.5
2025-11-23 02:00,6.8,70,1.7,6.9,0.3,0,,,0,5.1
2025-11-23 03:00,6.3,74,1.9,7.0,0.4,0,,,7,5.0
2025-11-23 04:00,6.4,74,2.0,7.1,0.1,0,,,2,6.0
2025-11-23 05:00,6.0,76,2.0,7.1,0.3,0,,,8,4.9
2025-11-23 06:00,5.8,78,2.2,7.2,0.3,0,,,0,4.6
2025-11-23 07:00,5.5,79,2.1,7.1,0.1,0,,,2,4.4
2025-11-23 08:00,5.8,79,2.4,7.3,0.0,0,0.02,0.0,6,5.2
2025-11-23 09:00,6.5,76,2.5,7.3,0.0,0,0.29,0.0,6,7.4
2025-11-23 10:00,8.3,68,2.7,7.4,0.1,0,0.74,0.8,5,10.8
2025-11-23 11:00,10.6,61,3.3,7.7,1.0,290,1.3,0.9,4,15.6
2025-11-23 12:00,12.5,56,3.9,8.1,1.5,250,1.49,0.5,6,16.7
2025-11-23 13:00,14.9,48,3.9,8.1,1.6,270,1.67,0.7,7,21.2
2025-11-23 14:00,14.8,47,3.5,7.8,2.0,250,1.56,0.8,6,21.3
2025-11-23 15:00,14.2,49,3.6,7.9,2.4,270,0.95,0.5,6,17.0
2025-11-23 16:00,14.1,49,3.5,7.8,2.0,270,0.59,0.4,5,14.4
2025-11-23 17:00,13.5,51,3.5,7.8,0.7,230,0.12,0.1,5,11.5
2025-11-23 18:00,12.8,54,3.7,8.0,0.8,290,0.0,0.0,5,9.8
2025-11-23 19:00,12.3,56,3.7,8.0,0.3,0,,,7,8.5
2025-11-23 20:00,11.6,59,3.8,8.0,0.0,0,,,8,8.3
2025-11-23 21:00,11.1,62,4.0,8.1,0.2,0,,,7,8.3
2025-11-23 22:00,10.8,64,4.2,8.2,0.9,160,,,8,8.1
2025-11-23 23:00,10.6,65,4.2,8.2,0.4,0,,,10,8.8
2025-11-24 00:00,10.6,65,4.2,8.2,0.2,0,,,8,9.0
2025-11-24 01:00,10.7,66,4.5,8.4,0.1,0,,,10,9.1
2025-11-24 02:00,10.6,67,4.7,8.5,0.7,320,,,8,9.0
2025-11-24 03:00,9.5,73,4.8,8.6,0.4,0,,,8,7.8
2025-11-24 04:00,9.5,73,4.8,8.6,0.4,0,,,10,8.3
2025-11-24 05:00,8.8,76,4.7,8.5,0.0,0,,,4,7.0
2025-11-24 06:00,8.5,77,4.6,8.5,0.5,250,,,4,6.9
2025-11-24 07:00,7.6,80,4.3,8.3,0.0,0,,,0,5.9
2025-11-24 08:00,7.9,79,4.4,8.4,0.1,0,0.0,0.0,8,7.6
2025-11-24 09:00,10.1,72,5.2,8.8,0.3,0,0.37,0.4,6,9.6
2025-11-24 10:00,12.3,64,5.6,9.1,0.3,0,0.92,0.9,0,13.2
2025-11-24 11:00,15.6,57,7.1,10.1,1.5,230,1.45,1.0,0,18.5
2025-11-24 12:00,16.0,57,7.4,10.3,1.3,290,1.58,0.5,3,20.6
2025-11-24 13:00,16.7,54,7.3,10.2,2.2,270,1.6,0.7,2,22.2
2025-11-24 14:00,17.3,47,5.8,9.2,3.3,270,1.69,1.0,1,22.8
2025-11-24 15:00,17.4,44,5.0,8.7,2.4,270,1.1,0.8,1,20.2
2025-11-24 16:00,17.1,45,5.0,8.7,2.3,270,0.71,1.0,0,16.3
2025-11-24 17:00,16.0,49,5.2,8.8,2.0,270,0.22,0.2,0,13.1
2025-11-24 18:00,14.8,53,5.2,8.8,1.6,290,0.0,0.0,0,10.8
2025-11-24 19:00,13.6,61,6.2,9.5,1.7,270,,,0,10.0
2025-11-24 20:00,12.8,66,6.5,9.7,1.0,270,,,0,9.3
2025-11-24 21:00,12.2,70,6.8,9.9,0.6,230,,,0,8.5
2025-11-24 22:00,11.1,73,6.4,9.6,0.3,0,,,0,7.6
2025-11-24 23:00,10.3,76,6.2,9.5,0.2,0,,,0,7.4
2025-11-25 00:00,10.1,78,6.4,9.6,0.3,0,,,0,7.1
2025-11-25 01:00,9.3,81,6.1,9.4,0.8,230,,,0,6.8
2025-11-25 02:00,8.8,92,7.5,10.4,1.1,270,,,10,9.0
2025-11-25 03:00,8.3,93,7.2,10.2,0.9,270,,,10,9.3
2025-11-25 04:00,8.1,94,7.1,10.1,0.6,200,,,10,9.6
2025-11-25 05:00,8.1,93,7.0,10.0,0.6,160,,,10,9.5
2025-11-25 06:00,8.3,91,6.9,9.9,0.8,200,,,10,9.6
2025-11-25 07:00,8.6,88,6.7,9.8,1.1,250,,,10,9.3
2025-11-25 08:00,8.8,84,6.2,9.5,1.2,270,0.0,0.0,10,9.3
2025-11-25 09:00,8.8,87,6.7,9.8,0.9,230,0.0,0.0,10,9.5
2025-11-25 10:00,9.1,82,6.1,9.4,2.3,270,0.2,0.0,10,11.0
2025-11-25 11:00,8.8,83,6.0,9.3,2.6,270,0.18,0.0,10,10.5
2025-11-25 12:00,8.8,75,4.6,8.5,2.8,290,0.35,0.0,9,10.7
2025-11-25 13:00,9.4,69,3.9,8.1,1.3,270,0.44,0.0,9,12.3
2025-11-25 14:00,9.6,62,2.6,7.4,2.9,270,0.74,0.0,8,11.6
2025-11-25 15:00,8.1,71,3.1,7.6,2.0,270,0.44,0.0,9,10.5
2025-11-25 16:00,8.8,61,1.6,6.9,1.6,290,0.41,0.1,7,10.6
2025-11-25 17:00,7.8,62,0.9,6.5,3.2,290,0.04,0.0,10,8.5
2025-11-25 18:00,7.2,68,1.6,6.9,1.9,270,0.0,0.0,9,8.3
2025-11-25 19:00,7.1,69,1.7,6.9,1.2,290,,,8,8.1
2025-11-25 20:00,7.2,67,1.4,6.8,0.9,270,,,10,8.1
2025-11-25 21:00,7.0,67,1.2,6.7,1.7,270,,,9,7.8
2025-11-25 22:00,6.9,66,0.9,6.5,1.4,270,,,9,7.6
2025-11-25 23:00,6.8,65,0.6,6.4,1.5,270,,,9,7.6
2025-11-26 00:00,6.6,66,0.6,6.4,1.2,270,,,9,7.5
2025-11-26 01:00,6.8,67,1.0,6.6,1.4,270,,,9,7.5
2025-11-26 02:00,6.8,67,1.0,6.6,1.1,270,,,9,7.5
2025-11-26 03:00,6.8,65,0.6,6.4,1.0,270,,,9,7.5
2025-11-26 04:00,6.8,66,0.8,6.5,1.2,270,,,9,7.5
2025-11-26 05:00,6.8,67,1.0,6.6,0.9,270,,,9,7.5
2025-11-26 06:00,6.9,66,0.9,6.5,0.8,270,,,9,7.5
2025-11-26 07:00,6.8,67,1.0,6.6,1.5,270,,,9,7.4
2025-11-26 08:00,6.9,55,-1.5,5.5,0.6,110,0.0,0.0,4,6.8
2025-11-26 09:00,7.8,51,-1.7,5.4,1.6,70,0.5,0.4,7,9.3
2025-11-26 10:00,8.6,50,-1.2,5.6,1.5,70,1.1,1.0,2,11.8
2025-11-26 11:00,8.6,50,-1.2,5.6,1.1,270,0.97,0.4,7,11.6
2025-11-26 12:00,9.7,47,-1.0,5.7,1.5,250,1.16,0.3,5,16.2
2025-11-26 13:00,10.9,43,-1.2,5.6,1.5,270,2.28,1.0,4,20.2
2025-11-26 14:00,11.6,42,-0.8,5.8,1.9,270,1.85,0.9,3,19.4
2025-11-26 15:00,10.6,45,-0.8,5.8,1.0,290,1.31,0.9,2,15.7
2025-11-26 16:00,11.2,43,-0.9,5.7,1.4,270,0.9,0.9,1,12.5
2025-11-26 17:00,10.3,46,-0.8,5.8,1.0,270,0.27,0.5,0,9.3
2025-11-26 18:00,9.6,49,-0.6,5.8,1.1,270,0.0,0.0,0,7.5
2025-11-26 19:00,8.6,53,-0.4,5.9,1.7,50,,,0,6.8
2025-11-26 20:00,7.9,56,-0.3,6.0,0.9,70,,,0,6.3
2025-11-26 21:00,7.1,62,0.2,6.2,0.4,0,,,0,5.5
2025-11-26 22:00,6.1,66,0.2,6.2,0.6,270,,,0,5.0
2025-11-26 23:00,5.3,70,0.2,6.2,0.4,0,,,0,4.5
2025-11-27 00:00,4.7,72,0.0,6.1,0.5,270,,,0,4.1
2025-11-27 01:00,4.3,75,0.2,6.2,0.4,0,,,0,3.9
2025-11-27 02:00,3.0,81,0.0,6.1,0.1,0,,,0,3.5
2025-11-27 03:00,3.4,77,-0.2,6.0,1.3,140,,,2,3.7
2025-11-27 04:00,3.1,79,-0.1,6.1,0.3,0,,,7,4.0
2025-11-27 05:00,3.5,78,0.0,6.1,0.4,0,,,9,4.6
2025-11-27 06:00,4.4,74,0.1,6.2,0.4,0,,,10,5.0
2025-11-27 07:00,5.0,72,0.3,6.2,0.6,160,,,10,5.0
2025-11-27 08:00,5.9,68,0.4,6.3,0.9,180,0.0,0.0,8,5.8
2025-11-27 09:00,7.6,63,0.9,6.5,1.5,140,0.28,0.2,8,8.2
2025-11-27 10:00,8.8,63,2.1,7.1,0.4,0,0.47,0.3,10,9.1
2025-11-27 11:00,6.4,85,4.0,8.1,1.6,200,0.06,0.0,10,8.3
2025-11-27 12:00,6.7,84,4.1,8.2,2.0,270,0.07,0.0,10,8.1
2025-11-27 13:00,8.0,84,5.4,9.0,1.9,250,0.64,0.2,7,12.7
2025-11-27 14:00,7.4,87,5.3,8.9,2.2,270,0.26,0.0,10,9.3
2025-11-27 15:00,8.5,78,4.8,8.6,2.3,270,0.5,0.2,4,11.1
2025-11-27 16:00,7.1,74,2.7,7.4,2.9,290,0.15,0.0,10,8.6
2025-11-27 17:00,6.6,75,2.4,7.3,1.7,270,0.02,0.0,8,8.1
2025-11-27 18:00,6.9,71,1.9,7.0,2.0,270,0.0,0.0,6,7.0
2025-11-27 19:00,6.5,64,0.1,6.2,2.0,270,,,3,5.7
2025-11-27 20:00,5.9,70,0.8,6.5,2.0,270,,,7,6.0
2025-11-27 21:00,5.5,62,-1.2,5.6,1.7,270,,,9,4.9
2025-11-27 22:00,5.6,57,-2.2,5.2,2.0,270,,,9,5.3
2025-11-27 23:00,5.5,54,-3.0,4.9,2.0,270,,,9,5.1
2025-11-28 00:00,5.1,62,-1.5,5.5,2.3,270,,,10,5.5
2025-11-28 01:00,4.8,55,-3.4,4.8,1.7,270,,,9,5.1
2025-11-28 02:00,4.1,55,-4.1,4.5,2.0,270,,,6,4.0
2025-11-28 03:00,3.4,61,-3.4,4.8,0.7,180,,,1,3.4
2025-11-28 04:00,2.9,62,-3.6,4.7,1.3,270,,,3,3.0
2025-11-28 05:00,2.2,60,-4.7,4.3,0.8,250,,,1,2.5
2025-11-28 06:00,1.5,62,-5.0,4.2,0.7,250,,,0,2.0
2025-11-28 07:00,0.8,65,-5.0,4.2,0.8,250,,,0,1.5
2025-11-28 08:00,1.2,62,-5.2,4.2,1.0,270,0.01,0.1,0,1.7
2025-11-28 09:00,2.1,54,-6.2,3.8,1.0,270,0.37,0.7,0,3.0
2025-11-28 10:00,3.6,45,-7.2,3.6,1.3,270,1.21,1.0,0,6.5
2025-11-28 11:00,4.5,39,-8.2,3.3,1.7,320,1.69,1.0,0,12.8
2025-11-28 12:00,5.9,28,-11.2,2.6,1.9,270,2.02,1.0,0,15.3
2025-11-28 13:00,6.7,28,-10.5,2.8,1.1,250,2.1,1.0,0,16.7
2025-11-28 14:00,7.4,23,-12.4,2.4,1.1,290,1.91,1.0,0,17.2
2025-11-28 15:00,7.7,21,-13.3,2.2,1.8,290,1.55,1.0,0,15.1
2025-11-28 16:00,7.5,24,-11.8,2.5,1.4,270,1.06,1.0,0,9.8
2025-11-28 17:00,6.4,28,-10.8,2.7,0.4,0,0.29,0.5,0,6.3
2025-11-28 18:00,5.7,29,-10.9,2.7,0.3,0,0.0,0.0,0,4.5
2025-11-28 19:00,5.1,33,-9.8,2.9,1.1,50,,,0,3.7
2025-11-28 20:00,4.6,35,-9.5,3.0,1.1,70,,,0,3.4
2025-11-28 21:00,3.9,43,-7.5,3.5,0.9,160,,,0,2.9
2025-11-28 22:00,2.5,56,-5.4,4.1,0.4,0,,,0,2.5
2025-11-28 23:00,1.7,59,-5.4,4.1,0.2,0,,,0,2.0
2025-11-29 00:00,1.0,60,-5.9,3.9,1.0,20,,,0,1.8
2025-11-29 01:00,0.5,60,-6.3,3.8,0.0,0,,,0,1.4
2025-11-29 02:00,0.3,64,-5.7,4.0,0.4,0,,,0,1.1
2025-11-29 03:00,-0.2,66,-5.7,4.0,0.0,0,,,0,1.1
2025-11-29 04:00,0.1,65,-5.7,4.0,0.3,0,,,0,1.0
2025-11-29 05:00,-0.5,68,-5.6,4.0,0.4,0,,,0,0.9
2025-11-29 06:00,-0.7,68,-5.8,4.0,0.2,0,,,0,0.8
2025-11-29 07:00,-0.5,68,-5.6,4.0,0.3,0,,,0,0.8
2025-11-29 08:00,-0.3,65,-6.0,3.9,0.2,0,0.0,0.0,0,1.0
2025-11-29 09:00,0.8,62,-5.6,4.0,0.3,0,0.37,0.6,0,2.0
2025-11-29 10:00,2.6,62,-3.9,4.6,0.6,290,1.05,1.0,0,5.4
2025-11-29 11:00,5.1,50,-4.4,4.4,0.7,110,1.57,1.0,0,12.6
2025-11-29 12:00,7.6,43,-4.2,4.5,0.5,290,1.81,0.9,4,15.6
2025-11-29 13:00,10.0,45,-1.4,5.5,1.5,290,1.89,0.9,4,17.1
2025-11-29 14:00,12.8,40,-0.4,5.9,0.5,340,1.82,1.0,0,19.1
2025-11-29 15:00,14.0,44,1.9,7.0,1.4,270,1.46,1.0,0,16.7
2025-11-29 16:00,14.1,46,2.6,7.4,2.3,270,0.93,1.0,0,12.3
2025-11-29 17:00,13.2,50,2.9,7.5,1.0,270,0.25,0.5,0,9.3
2025-11-29 18:00,12.3,51,2.4,7.3,0.1,0,0.0,0.0,0,7.5
2025-11-29 19:00,11.5,56,3.0,7.6,0.5,270,,,0,6.8
2025-11-29 20:00,11.5,57,3.2,7.7,0.6,250,,,0,6.8
2025-11-29 21:00,11.1,60,3.6,7.9,1.0,250,,,1,6.5
2025-11-29 22:00,11.2,62,4.1,8.2,0.6,270,,,0,6.3
2025-11-29 23:00,10.1,68,4.4,8.4,1.0,140,,,0,6.1
2025-11-30 00:00,8.6,74,4.2,8.2,0.1,0,,,3,6.0
2025-11-30 01:00,8.4,76,4.4,8.4,0.6,230,,,0,5.6
2025-11-30 02:00,7.5,80,4.2,8.2,0.3,0,,,0,5.2
2025-11-30 03:00,7.0,80,3.7,8.0,0.3,0,,,5,5.3
2025-11-30 04:00,7.1,81,4.0,8.1,0.3,0,,,1,5.1
2025-11-30 05:00,6.5,83,3.8,8.0,0.0,0,,,1,4.8
2025-11-30 06:00,7.0,82,4.1,8.2,0.6,140,,,5,5.6
2025-11-30 07:00,6.5,83,3.8,8.0,0.2,0,,,7,5.7
2025-11-30 08:00,7.0,83,4.3,8.3,0.2,0,0.0,0.0,9,5.8
2025-11-30 09:00,8.8,79,5.3,8.9,0.5,250,0.25,0.2,6,8.1
2025-11-30 10:00,11.8,71,6.7,9.8,0.2,0,0.92,1.0,6,11.8
2025-11-30 11:00,14.1,67,8.0,10.7,0.8,290,1.23,0.5,8,15.8
2025-11-30 12:00,15.9,61,8.3,10.9,1.6,270,1.53,0.8,2,18.8
2025-11-30 13:00,16.7,52,6.7,9.8,2.2,270,1.74,1.0,0,19.8
2025-11-30 14:00,17.7,47,6.2,9.5,2.3,270,1.65,1.0,1,19.5
2025-11-30 15:00,17.5,49,6.6,9.7,2.4,270,1.35,1.0,1,17.4
2025-11-30 16:00,17.2,49,6.3,9.5,1.4,270,0.77,1.0,0,14.2
2025-11-30 17:00,16.3,51,6.1,9.4,0.7,270,0.2,0.2,0,11.6
2025-11-30 18:00,15.3,53,5.7,9.2,0.4,0,0.0,0.0,0,9.6
2025-11-30 19:00,14.3,59,6.3,9.5,0.7,290,,,8,9.5
2025-11-30 20:00,13.3,64,6.6,9.7,0.2,0,,,0,8.3
2025-11-30 21:00,13.1,66,6.8,9.9,0.6,200,,,0,7.9
2025-11-30 22:00,12.6,72,7.6,10.4,0.7,200,,,0,7.5
2025-11-30 23:00,12.5,73,7.7,10.5,0.6,320,,,0,7.5
2025-12-01 00:00,12.0,76,7.8,10.6,1.3,270,,,0,7.8
2025-12-01 01:00,11.8,80,8.4,11.0,1.6,270,,,0,8.3
2025-12-01 02:00,11.3,83,8.5,11.1,1.5,290,,,0,8.3
2025-12-01 03:00,11.3,69,5.8,9.2,1.8,270,,,2,8.7
2025-12-01 04:00,10.0,69,4.5,8.4,1.8,290,,,0,7.5
2025-12-01 05:00,8.3,53,-0.7,5.8,1.2,270,,,0,5.9
2025-12-01 06:00,7.3,52,-1.9,5.3,1.0,270,,,0,4.8
2025-12-01 07:00,6.7,46,-4.1,4.5,1.3,270,,,0,3.9
2025-12-01 08:00,6.5,47,-4.0,4.5,1.3,270,0.01,0.0,0,3.8
2025-12-01 09:00,8.0,42,-4.1,4.5,1.9,270,0.37,0.6,0,5.5
2025-12-01 10:00,8.8,43,-3.1,4.9,2.0,270,1.15,1.0,0,8.7
2025-12-01 11:00,9.1,50,-0.7,5.8,1.8,270,1.68,1.0,0,14.8
2025-12-01 12:00,10.3,43,-1.7,5.4,2.1,270,1.98,1.0,0,18.0
2025-12-01 13:00,11.0,32,-5.0,4.2,2.5,270,2.11,1.0,0,18.5
2025-12-01 14:00,10.8,29,-6.5,3.8,2.6,270,1.96,1.0,0,17.6
2025-12-01 15:00,10.4,30,-6.4,3.8,2.7,290,1.56,1.0,0,15.6
2025-12-01 16:00,10.0,27,-8.1,3.3,1.9,270,1.03,1.0,0,10.6
2025-12-01 17:00,8.1,27,-9.8,2.9,2.3,270,0.25,0.3,1,6.6
2025-12-01 18:00,7.1,33,-8.1,3.3,1.1,270,0.0,0.0,0,5.0
2025-12-01 19:00,6.3,42,-5.6,4.0,0.9,270,,,0,4.4
2025-12-01 20:00,5.8,45,-5.2,4.2,0.7,230,,,0,3.9
2025-12-01 21:00,5.3,48,-4.8,4.3,0.6,180,,,0,3.5
2025-12-01 22:00,4.6,50,-4.9,4.2,0.4,0,,,3,3.0
2025-12-01 23:00,4.4,51,-4.8,4.3,1.3,70,,,6,3.2
2025-12-02 00:00,4.0,54,-4.4,4.4,0.4,0,,,8,3.5
2025-12-02 01:00,2.8,62,-3.7,4.6,0.6,50,,,8,2.9
2025-12-02 02:00,2.8,52,-6.1,3.9,1.4,290,,,8,2.5
2025-12-02 03:00,2.7,47,-7.5,3.5,0.6,180,,,8,2.7
2025-12-02 04:00,3.0,42,-8.6,3.2,0.7,50,,,8,3.0
2025-12-02 05:00,2.5,46,-7.9,3.4,0.5,270,,,9,3.5
2025-12-02 06:00,2.9,41,-9.0,3.1,0.5,320,,,8,3.6
2025-12-02 07:00,2.5,46,-7.9,3.4,0.9,70,,,3,2.7
2025-12-02 08:00,2.2,50,-7.1,3.6,0.4,0,0.0,0.0,0,2.0
2025-12-02 09:00,3.7,47,-6.5,3.8,1.0,70,0.31,0.5,0,3.7
2025-12-02 10:00,3.9,43,-7.5,3.5,2.2,70,0.96,1.0,0,6.8
2025-12-02 11:00,4.7,43,-6.8,3.7,1.8,290,1.46,1.0,0,11.6
2025-12-02 12:00,5.8,29,-10.9,2.7,2.4,290,1.78,1.0,0,13.6
2025-12-02 13:00,5.8,29,-10.9,2.7,2.1,270,1.87,1.0,5,14.4
2025-12-02 14:00,6.1,22,-14.0,2.1,2.5,290,1.72,1.0,6,13.9
2025-12-02 15:00,5.2,24,-13.7,2.1,2.2,270,1.21,0.8,7,10.3
2025-12-02 16:00,4.3,28,-12.6,2.3,2.4,270,0.75,0.9,0,6.8
2025-12-02 17:00,2.7,32,-12.3,2.4,2.6,290,0.2,0.3,0,3.6
2025-12-02 18:00,1.7,37,-11.4,2.6,1.9,270,0.0,0.0,0,2.0
2025-12-02 19:00,0.8,42,-10.6,2.7,1.4,270,,,0,1.2
2025-12-02 20:00,0.3,43,-10.8,2.7,1.9,270,,,0,0.6
2025-12-02 21:00,-0.4,46,-10.6,2.7,1.7,290,,,0,0.6
2025-12-02 22:00,-0.9,51,-9.7,2.9,2.1,270,,,8,0.5
2025-12-02 23:00,-1.8,53,-10.1,2.8,1.6,290,,,8,0.3
2025-12-03 00:00,-2.5,59,-9.4,3.0,1.8,250,,,9,0.4
2025-12-03 01:00,-2.8,59,-9.7,2.9,2.1,270,,,9,0.4
2025-12-03 02:00,-3.3,50,-12.2,2.4,1.1,270,,,8,0.2
2025-12-03 03:00,-3.8,47,-13.4,2.2,1.5,250,,,9,-0.2
2025-12-03 04:00,-4.2,45,-14.3,2.0,2.0,200,,,9,-0.3
2025-12-03 05:00,-5.1,48,-14.4,2.0,2.3,50,,,1,-0.6
2025-12-03 06:00,-5.5,35,-18.5,1.4,2.4,70,,,6,-0.9
2025-12-03 07:00,-5.5,31,-19.9,1.3,1.9,70,,,0,-1.3
2025-12-03 08:00,-5.5,30,-20.3,1.2,2.4,70,0.01,0.2,0,-1.3
2025-12-03 09:00,-5.0,25,-22.0,1.1,2.4,70,0.3,0.6,0,-0.7
2025-12-03 10:00,-4.0,24,-21.6,1.1,2.6,70,1.13,1.0,0,0.0
2025-12-03 11:00,-3.2,27,-19.5,1.3,3.4,70,1.63,1.0,0,4.7
2025-12-03 12:00,-2.1,29,-17.7,1.5,2.4,290,1.94,1.0,1,9.9
2025-12-03 13:00,-1.4,32,-16.0,1.8,2.4,270,2.0,1.0,3,10.9
2025-12-03 14:00,-1.7,37,-14.5,2.0,3.0,270,1.8,1.0,0,11.1
2025-12-03 15:00,-1.9,39,-14.0,2.1,2.8,290,1.4,0.8,2,8.1
2025-12-03 16:00,-2.7,44,-13.2,2.2,2.8,270,0.89,0.9,5,3.7
2025-12-03 17:00,-3.3,53,-11.5,2.5,1.9,270,0.05,0.0,6,1.7
2025-12-03 18:00,-4.2,64,-10.0,2.9,1.6,270,0.0,0.0,7,0.8
2025-12-03 19:00,-4.5,72,-8.7,3.2,1.6,270,,,9,0.8
2025-12-03 20:00,-4.5,77,-7.9,3.4,1.2,270,,,9,1.5
2025-12-03 21:00,-4.3,79,-7.4,3.5,1.0,270,,,9,1.8
2025-12-03 22:00,-4.4,79,-7.4,3.5,1.6,270,,,8,1.7
2025-12-03 23:00,-4.6,69,-9.4,3.0,0.9,270,,,4,1.5
2025-12-04 00:00,-4.7,57,-11.9,2.5,1.6,270,,,2,0.8
2025-12-04 01:00,-5.5,54,-13.3,2.2,1.8,290,,,0,0.4
2025-12-04 02:00,-5.9,53,-13.9,2.1,0.6,160,,,0,0.1
2025-12-04 03:00,-6.4,52,-14.6,2.0,0.7,90,,,0,0.0
2025-12-04 04:00,-6.8,55,-14.3,2.0,1.5,250,,,0,-0.3
2025-12-04 05:00,-6.6,54,-14.3,2.0,0.5,70,,,3,-0.5
2025-12-04 06:00,-7.0,61,-13.2,2.2,0.6,230,,,0,-0.5
2025-12-04 07:00,-7.4,58,-14.2,2.0,0.4,0,,,0,-0.9
2025-12-04 08:00,-7.1,62,-13.1,2.2,0.8,250,0.0,0.0,0,-0.9
2025-12-04 09:00,-6.5,53,-14.5,2.0,1.5,270,0.25,0.5,0,-0.5
2025-12-04 10:00,-4.9,51,-13.5,2.2,0.9,230,1.1,1.0,0,0.1
2025-12-04 11:00,-3.3,49,-12.5,2.3,1.7,290,1.63,1.0,0,5.5
2025-12-04 12:00,-1.0,48,-10.6,2.7,1.3,270,1.94,1.0,0,11.3
2025-12-04 13:00,-0.4,46,-10.6,2.7,1.8,290,2.04,1.0,0,13.3
2025-12-04 14:00,1.2,37,-11.9,2.5,1.5,290,1.9,1.0,0,13.5
2025-12-04 15:00,1.9,39,-10.6,2.7,1.7,230,1.58,1.0,0,11.1
2025-12-04 16:00,2.2,42,-9.4,3.0,1.0,200,0.99,1.0,0,6.6
2025-12-04 17:00,2.1,44,-8.9,3.1,1.5,200,0.21,0.3,0,3.4
2025-12-04 18:00,1.8,46,-8.6,3.2,1.1,230,0.0,0.0,0,1.8
2025-12-04 19:00,1.7,51,-7.3,3.5,2.2,230,,,3,1.3
2025-12-04 20:00,2.0,55,-6.1,3.9,2.0,200,,,6,2.0
2025-12-04 21:00,-0.2,88,-1.9,5.3,1.3,270,,,10,2.2
2025-12-04 22:00,0.6,86,-1.4,5.5,1.1,270,,,9,2.3
2025-12-04 23:00,1.0,69,-4.0,4.5,2.6,270,,,7,2.2
2025-12-05 00:00,-1.3,52,-9.9,2.9,2.3,270,,,2,2.2
2025-12-05 01:00,-2.1,59,-9.0,3.1,3.1,290,,,0,2.0
2025-12-05 02:00,-3.1,52,-11.5,2.5,2.4,290,,,0,1.7
2025-12-05 03:00,-3.8,53,-12.0,2.4,1.6,270,,,0,1.3
2025-12-05 04:00,-4.2,54,-12.1,2.4,0.7,270,,,0,1.0
2025-12-05 05:00,-4.5,55,-12.1,2.4,1.3,270,,,0,0.8
2025-12-05 06:00,-4.5,57,-11.7,2.5,0.8,200,,,0,0.6
2025-12-05 07:00,-4.4,62,-10.5,2.8,0.5,180,,,0,0.4
2025-12-05 08:00,-4.6,64,-10.3,2.8,0.8,180,0.0,0.0,0,0.3
2025-12-05 09:00,-3.7,62,-9.9,2.9,0.6,340,0.23,0.5,0,0.4
2025-12-05 10:00,-2.6,51,-11.3,2.6,1.2,270,1.12,1.0,0,0.8
2025-12-05 11:00,-1.3,47,-11.1,2.6,1.5,270,1.66,1.0,0,4.5
2025-12-05 12:00,0.4,46,-9.8,2.9,1.5,270,2.02,1.0,0,11.6
2025-12-05 13:00,1.5,36,-11.9,2.5,1.2,290,2.1,1.0,0,14.3
2025-12-05 14:00,2.7,31,-12.7,2.3,2.4,270,1.97,1.0,0,13.7
2025-12-05 15:00,2.7,30,-13.1,2.2,2.2,270,1.67,1.0,0,11.8
2025-12-05 16:00,3.0,31,-12.5,2.3,1.1,290,1.03,1.0,0,6.7
2025-12-05 17:00,1.8,34,-12.4,2.4,1.1,270,0.22,0.2,0,3.0
2025-12-05 18:00,1.2,39,-11.2,2.6,1.3,270,0.0,0.0,0,1.2
2025-12-05 19:00,0.6,42,-10.8,2.7,0.8,270,,,0,0.8
2025-12-05 20:00,0.0,48,-9.7,2.9,0.9,200,,,0,0.5
2025-12-05 21:00,-0.4,50,-9.5,3.0,0.3,0,,,0,0.3
2025-12-05 22:00,-1.0,50,-10.1,2.8,0.7,160,,,0,0.1
2025-12-05 23:00,-2.3,62,-8.6,3.2,0.2,0,,,0,-0.2
2025-12-06 00:00,-3.0,65,-8.6,3.2,0.0,0,,,0,-0.3
2025-12-06 01:00,-2.6,64,-8.4,3.2,0.0,0,,,0,0.0
2025-12-06 02:00,-2.6,59,-9.5,3.0,0.3,0,,,0,-0.4
2025-12-06 03:00,-3.5,68,-8.5,3.2,0.2,0,,,0,-0.4
2025-12-06 04:00,-3.8,70,-8.4,3.2,0.2,0,,,4,-0.5
2025-12-06 05:00,-3.8,70,-8.4,3.2,0.5,290,,,0,-0.7
2025-12-06 06:00,-4.3,72,-8.5,3.2,0.6,290,,,4,-0.8
2025-12-06 07:00,-3.5,69,-8.3,3.3,0.8,160,,,7,-0.5
2025-12-06 08:00,-2.8,68,-7.8,3.4,0.5,160,0.0,0.0,7,-0.3
2025-12-06 09:00,-1.6,66,-7.1,3.6,0.4,0,0.24,0.2,8,0.2
2025-12-06 10:00,0.3,60,-6.5,3.8,0.8,230,0.88,0.8,0,0.4
2025-12-06 11:00,3.6,54,-4.8,4.3,0.8,90,1.57,1.0,1,7.8
2025-12-06 12:00,5.5,52,-3.5,4.7,1.3,270,1.39,0.4,8,9.4
2025-12-06 13:00,7.8,45,-3.4,4.8,1.3,200,1.08,0.2,9,12.1
2025-12-06 14:00,8.0,44,-3.5,4.7,1.3,270,1.29,0.5,9,10.2
2025-12-06 15:00,8.5,45,-2.7,5.0,1.2,270,0.38,0.1,6,8.9
2025-12-06 16:00,9.1,48,-1.3,5.6,1.5,270,0.5,0.3,8,8.0
2025-12-06 17:00,9.1,52,-0.2,6.0,0.4,0,0.04,0.0,9,6.9
2025-12-06 18:00,8.8,55,0.2,6.2,0.5,110,0.0,0.0,8,6.3
2025-12-06 19:00,8.6,56,0.3,6.2,0.1,0,,,9,6.2
2025-12-06 20:00,8.1,58,0.3,6.2,0.0,0,,,2,5.4
2025-12-06 21:00,7.8,61,0.7,6.4,0.3,0,,,8,4.9
2025-12-06 22:00,6.8,67,1.0,6.6,0.6,270,,,9,5.0
2025-12-06 23:00,8.0,69,2.6,7.4,1.6,270,,,2,4.5
2025-12-07 00:00,8.6,71,3.6,7.9,1.7,290,,,7,5.5
2025-12-07 01:00,8.8,73,4.2,8.2,1.5,290,,,5,5.3
2025-12-07 02:00,7.8,77,4.0,8.1,0.0,0,,,0,4.5
2025-12-07 03:00,7.4,79,3.9,8.1,0.6,230,,,2,4.0
2025-12-07 04:00,7.0,82,4.1,8.2,0.1,0,,,0,3.2
2025-12-07 05:00,5.8,85,3.4,7.8,0.8,290,,,0,2.7
2025-12-07 06:00,5.0,87,3.0,7.6,0.3,0,,,0,2.5
2025-12-07 07:00,4.3,88,2.4,7.3,0.3,0,,,0,2.2
2025-12-07 08:00,4.2,89,2.5,7.3,0.0,0,0.0,0.0,0,2.2
2025-12-07 09:00,5.0,88,3.1,7.6,0.1,0,0.21,0.1,0,4.2
2025-12-07 10:00,7.3,79,3.8,8.0,0.1,0,0.82,1.0,0,7.8
2025-12-07 11:00,9.1,72,4.3,8.3,1.0,290,1.17,0.8,8,11.3
2025-12-07 12:00,10.8,70,5.5,9.0,0.6,320,1.15,0.3,4,14.7
2025-12-07 13:00,12.5,64,5.8,9.2,2.2,270,1.53,0.7,6,15.3
2025-12-07 14:00,13.3,56,4.6,8.5,3.3,270,1.52,0.9,3,15.3
2025-12-07 15:00,13.8,54,4.6,8.5,1.8,270,1.15,0.9,2,14.4
2025-12-07 16:00,13.3,55,4.4,8.4,3.5,270,0.59,0.6,2,11.1
2025-12-07 17:00,12.6,59,4.7,8.5,3.0,270,0.11,0.0,1,9.1
2025-12-07 18:00,11.8,63,4.9,8.7,1.4,270,0.0,0.0,3,7.9
2025-12-07 19:00,11.5,67,5.5,9.0,0.5,270,,,6,7.7
2025-12-07 20:00,11.1,70,5.8,9.2,0.5,270,,,6,6.9
2025-12-07 21:00,10.7,75,6.4,9.6,1.4,290,,,5,6.9
2025-12-07 22:00,10.5,77,6.6,9.7,1.9,270,,,6,7.3
2025-12-07 23:00,10.0,73,5.3,8.9,2.0,290,,,6,7.0
2025-12-08 00:00,9.3,58,1.4,6.8,2.1,270,,,6,5.9
2025-12-08 01:00,8.8,59,1.2,6.7,1.2,270,,,6,5.3
2025-12-08 02:00,8.3,56,0.0,6.1,1.8,290,,,4,4.6
2025-12-08 03:00,7.5,37,-6.2,3.8,2.0,270,,,6,4.1
2025-12-08 04:00,6.6,36,-7.4,3.5,1.3,250,,,5,3.2
2025-12-08 05:00,5.8,36,-8.1,3.3,1.0,200,,,3,2.5
2025-12-08 06:00,4.9,38,-8.2,3.3,1.0,270,,,4,1.8
2025-12-08 07:00,4.0,41,-8.0,3.3,1.2,270,,,0,1.3
2025-12-08 08:00,4.0,44,-7.1,3.6,1.1,270,0.0,0.0,0,1.2
2025-12-08 09:00,4.8,39,-8.0,3.3,1.7,270,0.18,0.2,0,1.9
2025-12-08 10:00,5.8,31,-10.0,2.9,2.0,270,1.09,1.0,0,5.4
2025-12-08 11:00,7.3,23,-12.5,2.3,2.0,290,1.67,1.0,0,11.7
2025-12-08 12:00,7.7,20,-13.9,2.1,2.3,270,1.98,1.0,0,14.9
2025-12-08 13:00,8.6,17,-15.1,1.9,2.5,270,2.06,1.0,0,16.2
2025-12-08 14:00,8.5,17,-15.2,1.9,2.6,290,1.91,1.0,0,15.8
2025-12-08 15:00,8.1,16,-16.2,1.7,2.5,290,1.7,1.0,0,14.1
2025-12-08 16:00,7.6,22,-12.8,2.3,2.2,290,1.04,1.0,0,9.0
2025-12-08 17:00,5.9,20,-15.4,1.8,1.6,270,0.22,0.2,0,5.0
2025-12-08 18:00,4.9,24,-14.0,2.1,1.4,270,0.0,0.0,0,3.0
2025-12-08 19:00,3.7,31,-11.9,2.5,1.3,270,,,0,1.8
2025-12-08 20:00,3.2,41,-8.8,3.1,1.7,290,,,0,1.5
2025-12-08 21:00,2.7,43,-8.6,3.2,1.5,270,,,0,1.0
2025-12-08 22:00,2.2,46,-8.2,3.3,0.2,0,,,0,0.6
2025-12-08 23:00,1.6,50,-7.7,3.4,0.8,250,,,0,0.5
2025-12-09 00:00,1.1,50,-8.1,3.3,0.5,180,,,0,0.4
2025-12-09 01:00,0.4,53,-8.0,3.3,0.3,0,,,0,0.2
2025-12-09 02:00,-0.8,62,-7.1,3.6,0.3,0,,,0,0.0
2025-12-09 03:00,-1.3,63,-7.4,3.5,0.3,0,,,0,-0.2
2025-12-09 04:00,-1.3,64,-7.2,3.6,0.4,0,,,0,-0.3
2025-12-09 05:00,-1.7,64,-7.6,3.5,0.9,290,,,0,-0.4
2025-12-09 06:00,-1.8,62,-8.1,3.3,0.8,250,,,0,-0.5
2025-12-09 07:00,-2.0,63,-8.1,3.3,0.5,200,,,0,-0.5
2025-12-09 08:00,-1.7,65,-7.4,3.5,0.4,0,0.0,0.0,0,-0.5
2025-12-09 09:00,-0.5,66,-6.0,3.9,0.2,0,0.15,0.2,0,0.1
2025-12-09 10:00,1.5,59,-5.6,4.0,0.7,290,1.01,1.0,0,0.6
2025-12-09 11:00,3.0,50,-6.4,3.8,1.0,250,1.24,0.5,8,6.3
2025-12-09 12:00,5.3,45,-5.6,4.0,1.2,250,1.51,0.6,1,13.1
2025-12-09 13:00,6.2,45,-4.8,4.3,0.8,250,1.95,1.0,0,16.0
2025-12-09 14:00,7.3,43,-4.4,4.4,1.4,270,1.81,1.0,1,15.8
2025-12-09 15:00,8.4,39,-4.7,4.3,2.0,290,1.58,1.0,1,13.8
2025-12-09 16:00,8.0,36,-6.1,3.9,1.7,270,0.93,1.0,0,8.9
2025-12-09 17:00,7.1,43,-4.6,4.3,1.2,270,0.21,0.2,0,5.5
2025-12-09 18:00,6.7,45,-4.4,4.4,0.6,110,0.0,0.0,0,3.5
2025-12-09 19:00,6.1,48,-4.1,4.5,0.3,0,,,0,2.5
2025-12-09 20:00,5.3,52,-3.7,4.6,0.0,0,,,0,2.0
2025-12-09 21:00,4.1,56,-3.9,4.6,0.6,270,,,0,1.6
2025-12-09 22:00,3.4,59,-3.8,4.6,0.2,0,,,0,1.1
2025-12-09 23:00,2.5,62,-4.0,4.5,0.2,0,,,0,0.8
2025-12-10 00:00,2.1,63,-4.2,4.5,0.2,0,,,0,0.6
2025-12-10 01:00,1.2,70,-3.6,4.7,0.0,0,,,6,0.6
2025-12-10 02:00,0.6,73,-3.6,4.7,0.6,270,,,8,0.6
2025-12-10 03:00,0.5,73,-3.7,4.6,0.4,0,,,0,0.5
2025-12-10 04:00,0.1,75,-3.8,4.6,0.1,0,,,8,0.6
2025-12-10 05:00,0.6,73,-3.6,4.7,0.0,0,,,8,1.0
2025-12-10 06:00,0.6,73,-3.6,4.7,0.1,0,,,3,0.8
2025-12-10 07:00,0.1,75,-3.8,4.6,0.7,290,,,7,0.6
2025-12-10 08:00,0.5,75,-3.4,4.8,0.5,270,0.0,0.0,7,0.8
2025-12-10 09:00,1.8,71,-2.9,4.9,0.5,360,0.14,0.0,7,2.8
2025-12-10 10:00,2.9,68,-2.4,5.1,0.4,0,0.6,0.2,7,5.8
2025-12-10 11:00,6.0,58,-1.6,5.4,0.9,50,1.42,1.0,8,12.0
2025-12-10 12:00,7.5,53,-1.4,5.5,0.7,320,1.51,0.8,9,14.5
2025-12-10 13:00,8.5,52,-0.8,5.8,0.8,50,0.92,0.0,9,13.3
2025-12-10 14:00,10.5,47,-0.3,6.0,0.6,70,1.5,0.6,4,16.3
2025-12-10 15:00,10.8,48,0.2,6.2,1.1,270,1.08,1.0,7,12.8
2025-12-10 16:00,10.8,48,0.2,6.2,1.0,270,0.54,0.3,9,10.6
2025-12-10 17:00,10.1,50,0.1,6.2,0.2,0,0.13,0.0,8,7.6
2025-12-10 18:00,9.6,54,0.7,6.4,0.3,0,0.0,0.0,9,6.0
2025-12-10 19:00,8.8,58,0.9,6.5,0.3,0,,,10,5.6
2025-12-10 20:00,7.9,61,0.8,6.5,0.6,180,,,5,4.4
2025-12-10 21:00,7.4,62,0.5,6.3,0.8,290,,,9,4.6
2025-12-10 22:00,6.3,66,0.4,6.3,0.6,270,,,10,4.1
2025-12-10 23:00,6.0,68,0.5,6.3,0.0,0,,,3,3.2
2025-12-11 00:00,6.0,67,0.3,6.2,0.3,0,,,9,4.0
2025-12-11 01:00,5.3,72,0.6,6.4,0.8,50,,,9,4.6
2025-12-11 02:00,5.8,68,0.3,6.2,0.1,0,,,8,4.6
2025-12-11 03:00,4.9,73,0.4,6.3,1.0,270,,,10,4.8
2025-12-11 04:00,5.0,78,1.4,6.8,0.4,0,,,10,5.4
2025-12-11 05:00,5.1,80,1.9,7.0,0.5,90,,,10,5.6
2025-12-11 06:00,5.4,84,2.9,7.5,0.5,180,,,10,5.5
2025-12-11 07:00,5.4,85,3.0,7.6,0.4,0,,,10,6.0
2025-12-11 08:00,5.4,89,3.7,8.0,2.2,90,0.0,0.0,10,6.0
2025-12-11 09:00,5.5,86,3.3,7.7,0.5,340,0.05,0.0,9,6.8
2025-12-11 10:00,6.4,86,4.2,8.2,0.7,250,0.41,0.0,9,9.1
2025-12-11 11:00,6.9,86,4.7,8.5,0.6,250,0.41,0.0,9,9.4
2025-12-11 12:00,9.1,79,5.6,9.1,1.1,270,1.05,0.2,7,13.7
2025-12-11 13:00,10.3,71,5.2,8.8,1.8,270,1.01,0.2,7,13.3
2025-12-11 14:00,10.6,65,4.2,8.2,1.5,270,1.18,0.5,6,14.5
2025-12-11 15:00,9.4,62,2.4,7.3,2.2,270,1.42,1.0,1,13.4
2025-12-11 16:00,8.6,56,0.3,6.2,2.6,270,0.91,1.0,1,9.6
2025-12-11 17:00,6.9,52,-2.2,5.2,2.6,270,0.19,0.1,0,6.2
2025-12-11 18:00,5.1,46,-5.5,4.1,2.8,290,0.0,0.0,0,4.0
2025-12-11 19:00,3.9,50,-5.5,4.1,1.9,270,,,0,2.7
2025-12-11 20:00,2.9,47,-7.3,3.5,1.4,200,,,0,1.8
2025-12-11 21:00,2.0,46,-8.4,3.2,1.7,250,,,0,1.0
2025-12-11 22:00,1.1,51,-7.9,3.4,1.0,250,,,0,0.6
2025-12-11 23:00,0.5,52,-8.2,3.3,0.7,270,,,3,0.3
2025-12-12 00:00,-0.4,53,-8.8,3.1,0.9,250,,,0,0.8
2025-12-12 01:00,-0.7,49,-10.1,2.8,0.9,270,,,4,0.6
2025-12-12 02:00,-1.2,51,-10.0,2.9,0.7,250,,,8,0.5
2025-12-12 03:00,-1.4,51,-10.2,2.8,0.5,270,,,0,0.4
2025-12-12 04:00,-1.7,54,-9.8,2.9,0.6,50,,,0,0.2
2025-12-12 05:00,-1.8,60,-8.6,3.2,0.5,20,,,1,
2025-12-12 06:00,-2.6,67,-7.9,3.4,1.2,70,,,0,
2025-12-12 07:00,-2.3,66,-7.8,3.4,1.3,50,,,3,
2025-12-12 08:00,-2.3,63,-8.4,3.2,1.6,50,0.0,0.0,0,
2025-12-12 09:00,-1.5,61,-8.1,3.3,3.0,50,0.15,0.2,0,
2025-12-12 10:00,0.4,59,-6.6,3.7,2.2,50,0.94,1.0,0,
2025-12-12 11:00,2.5,56,-5.4,4.1,1.9,50,1.45,1.0,0,
2025-12-12 12:00,4.7,52,-4.3,4.4,2.2,70,1.78,1.0,0,
2025-12-12 13:00,6.0,49,-3.9,4.6,2.1,50,1.91,1.0,0,12.4
2025-12-12 14:00,8.0,45,-3.2,4.8,1.5,70,1.78,1.0,2,7.8
2025-12-12 15:00,8.6,44,-2.9,4.9,2.1,70,1.59,1.0,6,8.8
2025-12-12 16:00,8.6,42,-3.6,4.7,2.1,140,0.97,1.0,1,7.5
2025-12-12 17:00,7.9,46,-3.0,4.9,0.8,140,0.19,0.1,1,5.6
2025-12-12 18:00,7.1,49,-2.9,4.9,1.0,110,0.0,0.0,0,4.1
2025-12-12 19:00,6.5,50,-3.1,4.9,1.6,110,,,0,3.5
2025-12-12 20:00,6.3,52,-2.8,5.0,0.6,140,,,8,3.4
2025-12-12 21:00,6.3,53,-2.5,5.1,1.6,110,,,5,3.5
2025-12-12 22:00,5.9,56,-2.2,5.2,1.3,110,,,6,3.5
2025-12-12 23:00,5.6,56,-2.5,5.1,1.7,90,,,8,3.2
2025-12-13 00:00,5.4,58,-2.2,5.2,1.2,140,,,7,3.5
2025-12-13 01:00,5.3,60,-1.8,5.4,1.0,160,,,10,3.7
2025-12-13 02:00,5.3,60,-1.8,5.4,0.8,180,,,9,4.0
2025-12-13 03:00,5.0,62,-1.6,5.4,0.5,250,,,5,3.9
2025-12-13 04:00,5.0,63,-1.4,5.5,0.5,140,,,6,4.0
2025-12-13 05:00,4.8,65,-1.2,5.6,0.2,0,,,7,3.9
2025-12-13 06:00,4.9,65,-1.1,5.6,0.8,290,,,8,4.0
2025-12-13 07:00,4.7,65,-1.3,5.6,0.6,320,,,8,3.9
2025-12-13 08:00,4.6,67,-1.0,5.7,0.5,140,0.0,0.0,9,4.3
2025-12-13 09:00,5.5,64,-0.7,5.8,0.5,250,0.07,0.0,9,5.0
2025-12-13 10:00,6.0,61,-0.9,5.7,0.5,160,0.13,0.0,10,5.9
2025-12-13 11:00,6.3,64,0.0,6.1,0.9,290,0.41,0.0,10,7.1
2025-12-13 12:00,6.8,61,-0.2,6.0,0.2,0,0.3,0.0,10,7.4
2025-12-13 13:00,7.0,58,-0.7,5.8,0.7,70,0.68,0.0,10,8.8
2025-12-13 14:00,5.6,75,1.5,6.8,1.8,270,0.26,0.0,10,7.5
2025-12-13 15:00,4.8,82,1.9,7.0,0.8,250,0.13,0.0,10,7.0
2025-12-13 16:00,4.3,85,1.9,7.0,1.1,270,0.02,0.0,10,6.3
2025-12-13 17:00,2.9,87,0.9,6.5,1.2,270,0.0,0.0,10,5.4
2025-12-13 18:00,2.2,88,0.4,6.3,1.0,250,0.0,0.0,10,4.8
2025-12-13 19:00,1.8,88,0.0,6.1,1.5,270,,,10,4.1
2025-12-13 20:00,1.1,90,-0.3,6.0,0.8,250,,,10,3.0
2025-12-13 21:00,1.0,90,-0.4,5.9,1.0,290,,,10,3.0
2025-12-13 22:00,1.0,90,-0.4,5.9,1.6,270,,,10,3.2
2025-12-13 23:00,1.5,86,-0.5,5.9,0.5,200,,,10,3.5
2025-12-14 00:00,1.2,84,-1.2,5.6,1.3,270,,,10,3.0
2025-12-14 01:00,0.8,80,-2.2,5.2,1.2,270,,,6,2.2
2025-12-14 02:00,0.2,82,-2.5,5.1,0.5,270,,,1,1.5
2025-12-14 03:00,-0.2,80,-3.2,4.8,0.7,270,,,0,1.0
2025-12-14 04:00,0.3,77,-3.2,4.8,0.6,180,,,8,1.7
2025-12-14 05:00,0.1,81,-2.7,5.0,0.9,270,,,8,1.7
2025-12-14 06:00,0.2,81,-2.6,5.0,1.3,270,,,10,2.0
2025-12-14 07:00,0.2,78,-3.1,4.9,0.3,0,,,9,2.2
2025-12-14 08:00,0.2,78,-3.1,4.9,1.2,270,0.0,0.0,9,2.2
2025-12-14 09:00,0.1,83,-2.4,5.1,1.5,270,0.02,0.0,9,2.5
2025-12-14 10:00,0.8,78,-2.6,5.0,1.4,250,0.38,0.0,8,3.9
2025-12-14 11:00,1.3,76,-2.4,5.1,1.4,270,0.53,0.0,8,5.2
2025-12-14 12:00,1.9,76,-1.8,5.4,2.0,270,1.36,0.2,7,7.5
2025-12-14 13:00,1.8,76,-1.9,5.3,1.6,270,0.79,0.0,9,7.0
2025-12-14 14:00,3.0,64,-3.1,4.9,1.0,270,0.56,0.0,8,6.4
2025-12-14 15:00,3.5,60,-3.5,4.7,2.4,290,0.47,0.0,8,6.5
2025-12-14 16:00,3.9,58,-3.6,4.7,2.3,290,0.44,0.2,7,5.8
2025-12-14 17:00,3.5,56,-4.4,4.4,2.2,270,0.27,0.1,7,4.2
2025-12-14 18:00,2.4,62,-4.1,4.5,1.4,270,0.0,0.0,4,2.2
2025-12-14 19:00,1.8,63,-4.5,4.4,1.3,270,,,2,1.6
2025-12-14 20:00,2.0,63,-4.3,4.4,0.8,270,,,5,1.9
2025-12-14 21:00,1.4,65,-4.4,4.4,0.4,0,,,0,1.3
2025-12-14 22:00,1.8,62,-4.7,4.3,1.1,270,,,9,1.7
2025-12-14 23:00,1.6,68,-3.6,4.7,0.6,290,,,9,2.2
2025-12-15 00:00,1.5,66,-4.1,4.5,0.3,0,,,9,2.2
2025-12-15 01:00,1.7,59,-5.4,4.1,0.7,270,,,8,2.0
2025-12-15 02:00,0.9,68,-4.3,4.4,0.3,0,,,7,1.3
2025-12-15 03:00,0.5,73,-3.7,4.6,0.5,200,,,0,0.8
2025-12-15 04:00,-0.5,80,-3.5,4.7,0.1,0,,,0,0.5
2025-12-15 05:00,-0.6,80,-3.6,4.7,0.1,0,,,5,0.5
2025-12-15 06:00,-1.3,84,-3.6,4.7,0.0,0,,,0,0.4
2025-12-15 07:00,-1.2,81,-4.0,4.5,0.3,0,,,0,0.3
2025-12-15 08:00,-1.4,85,-3.6,4.7,0.0,0,0.0,0.0,4,0.3
2025-12-15 09:00,-0.4,78,-3.7,4.6,0.3,0,0.2,0.1,5,0.5
2025-12-15 10:00,1.5,66,-4.1,4.5,0.5,140,1.06,0.8,0,0.8
2025-12-15 11:00,2.9,55,-5.2,4.2,1.3,270,1.55,0.9,4,2.9
2025-12-15 12:00,4.0,54,-4.4,4.4,1.0,140,1.4,0.5,8,6.4
2025-12-15 13:00,4.2,58,-3.3,4.8,0.5,200,0.63,0.0,9,6.9
2025-12-15 14:00,5.3,57,-2.5,5.1,0.9,180,0.79,0.1,8,8.5
2025-12-15 15:00,4.9,58,-2.6,5.0,0.5,250,0.63,0.1,9,7.0
2025-12-15 16:00,5.3,58,-2.3,5.2,0.1,0,0.22,0.0,9,6.3
2025-12-15 17:00,5.1,59,-2.2,5.2,0.2,0,0.05,0.0,8,5.0
2025-12-15 18:00,5.0,60,-2.1,5.2,0.3,0,0.0,0.0,6,4.0
2025-12-15 19:00,4.6,65,-1.4,5.5,0.5,290,,,7,3.5
2025-12-15 20:00,4.5,67,-1.1,5.6,0.1,0,,,6,3.7
2025-12-15 21:00,3.5,73,-0.8,5.8,0.5,180,,,5,2.5
2025-12-15 22:00,2.9,75,-1.1,5.6,0.3,0,,,6,2.2
2025-12-15 23:00,2.9,76,-0.9,5.7,0.7,200,,,7,2.7
2025-12-16 00:00,3.0,76,-0.8,5.8,0.3,0,,,9,3.2
2025-12-16 01:00,3.2,75,-0.8,5.8,0.5,180,,,9,3.5
2025-12-16 02:00,2.5,78,-0.9,5.7,0.7,290,,,9,2.7
2025-12-16 03:00,2.7,79,-0.5,5.9,0.1,0,,,8,3.0
2025-12-16 04:00,2.5,79,-0.7,5.8,0.2,0,,,6,2.5
2025-12-16 05:00,3.0,79,-0.2,6.0,0.1,0,,,8,3.0
2025-12-16 06:00,3.2,78,-0.2,6.0,0.3,0,,,7,3.2
2025-12-16 07:00,3.2,78,-0.2,6.0,0.4,0,,,6,2.5
2025-12-16 08:00,3.2,79,0.0,6.1,0.3,0,0.0,0.0,8,3.2
2025-12-16 09:00,4.1,76,0.2,6.2,0.7,230,0.01,0.0,9,4.1
2025-12-16 10:00,5.1,72,0.4,6.3,0.8,230,0.27,0.0,9,5.6
2025-12-16 11:00,5.9,69,0.6,6.4,0.6,250,0.36,0.0,9,6.3
2025-12-16 12:00,6.9,67,1.1,6.6,0.5,180,0.27,0.0,9,6.8
2025-12-16 13:00,7.5,68,1.9,7.0,0.9,290,0.44,0.0,9,7.8
2025-12-16 14:00,8.0,65,1.8,7.0,0.7,290,0.45,0.0,9,8.0
2025-12-16 15:00,8.6,65,2.3,7.2,0.5,250,0.35,0.0,9,8.0
2025-12-16 16:00,8.6,66,2.5,7.3,0.4,0,0.12,0.0,9,7.5
2025-12-16 17:00,8.6,66,2.5,7.3,0.1,0,0.0,0.0,10,6.9
2025-12-16 18:00,8.6,67,2.8,7.5,0.1,0,0.0,0.0,9,6.5
2025-12-16 19:00,8.5,70,3.3,7.7,0.4,0,,,9,6.3
2025-12-16 20:00,8.3,69,2.9,7.5,0.5,270,,,9,6.4
2025-12-16 21:00,8.1,72,3.3,7.7,0.3,0,,,10,6.3
2025-12-16 22:00,8.0,73,3.4,7.8,0.4,0,,,10,6.0
2025-12-16 23:00,8.0,74,3.6,7.9,0.4,0,,,10,6.3
2025-12-17 00:00,7.9,75,3.7,8.0,0.2,0,,,10,6.0
2025-12-17 01:00,7.5,78,3.9,8.1,0.5,250,,,10,6.3
2025-12-17 02:00,7.3,79,3.8,8.0,1.2,270,,,7,5.5
2025-12-17 03:00,6.9,83,4.2,8.2,0.1,0,,,9,5.6
2025-12-17 04:00,6.6,83,3.9,8.1,0.0,0,,,9,5.5
2025-12-17 05:00,6.6,79,3.2,7.7,1.1,290,,,9,5.4
2025-12-17 06:00,6.1,77,2.3,7.2,1.3,270,,,9,4.5
2025-12-17 07:00,5.5,80,2.3,7.2,0.8,270,,,8,4.4
2025-12-17 08:00,5.3,74,1.0,6.6,1.8,270,0.0,0.0,7,4.0
2025-12-17 09:00,5.1,73,0.6,6.4,2.1,270,0.1,0.0,7,4.5
2025-12-17 10:00,5.6,64,-0.6,5.8,2.2,290,0.65,0.8,2,5.3
2025-12-17 11:00,6.6,50,-3.1,4.9,2.4,290,1.25,0.9,3,7.3
2025-12-17 12:00,6.8,49,-3.1,4.9,1.8,270,1.34,0.6,3,9.2
2025-12-17 13:00,8.2,44,-3.3,4.8,1.2,200,1.6,0.8,1,13.8
2025-12-17 14:00,8.8,41,-3.7,4.6,1.9,290,1.73,1.0,0,14.3
2025-12-17 15:00,8.3,40,-4.5,4.4,2.1,270,1.54,1.0,0,13.1
2025-12-17 16:00,7.4,41,-5.0,4.2,2.4,270,0.9,1.0,0,8.5
2025-12-17 17:00,6.5,42,-5.5,4.1,1.9,270,0.17,0.2,0,5.3
2025-12-17 18:00,5.2,46,-5.5,4.1,1.0,270,0.0,0.0,0,3.7
2025-12-17 19:00,4.5,52,-4.5,4.4,1.3,270,,,0,3.0
2025-12-17 20:00,4.0,60,-3.0,4.9,0.7,250,,,0,2.6
2025-12-17 21:00,3.7,62,-2.9,4.9,1.3,270,,,0,2.0
2025-12-17 22:00,3.0,65,-2.9,4.9,0.5,250,,,0,1.8
2025-12-17 23:00,2.4,68,-2.9,4.9,0.9,180,,,0,1.6
2025-12-18 00:00,1.8,69,-3.2,4.8,0.3,0,,,0,1.2
2025-12-18 01:00,1.2,71,-3.4,4.8,0.6,200,,,0,0.8
2025-12-18 02:00,0.4,76,-3.3,4.8,0.1,0,,,0,0.6
2025-12-18 03:00,-0.1,80,-3.1,4.9,0.0,0,,,0,0.5
2025-12-18 04:00,-0.7,81,-3.5,4.7,0.1,0,,,0,0.4
2025-12-18 05:00,-0.7,80,-3.7,4.6,0.8,290,,,0,0.2
2025-12-18 06:00,-1.2,82,-3.8,4.6,0.1,0,,,0,0.0
2025-12-18 07:00,-1.0,82,-3.6,4.7,0.2,0,,,0,-0.3
2025-12-18 08:00,-1.5,83,-4.0,4.5,0.1,0,0.0,0.0,0,-0.4
2025-12-18 09:00,-0.4,82,-3.1,4.9,0.4,0,0.15,0.1,0,0.0
2025-12-18 10:00,1.6,71,-3.1,4.9,0.8,200,1.11,1.0,0,0.3
2025-12-18 11:00,3.7,61,-3.1,4.9,0.9,200,1.49,1.0,0,4.6
2025-12-18 12:00,5.3,46,-5.4,4.1,0.8,160,1.82,1.0,0,12.3
2025-12-18 13:00,6.8,48,-3.4,4.8,0.9,250,1.93,1.0,0,15.3
2025-12-18 14:00,7.5,40,-5.2,4.2,0.8,270,1.76,1.0,0,15.9
2025-12-18 15:00,8.1,34,-6.8,3.7,1.5,160,1.62,1.0,0,15.3
2025-12-18 16:00,7.9,32,-7.8,3.4,1.2,50,1.01,1.0,0,10.5
2025-12-18 17:00,7.1,34,-7.7,3.4,1.2,70,0.2,0.2,0,5.8
2025-12-18 18:00,6.5,38,-6.8,3.7,1.3,50,0.0,0.0,0,3.7
2025-12-18 19:00,5.3,46,-5.4,4.1,1.3,50,,,0,2.9
2025-12-18 20:00,4.0,51,-5.2,4.2,1.8,70,,,0,2.2
2025-12-18 21:00,3.2,54,-5.2,4.2,0.2,0,,,0,1.5
2025-12-18 22:00,2.2,59,-4.9,4.2,0.2,0,,,0,1.0
2025-12-18 23:00,1.8,61,-4.9,4.2,0.1,0,,,10,0.8
2025-12-19 00:00,1.5,64,-4.5,4.4,0.3,0,,,1,0.5
2025-12-19 01:00,1.0,65,-4.8,4.3,0.7,140,,,4,0.4
2025-12-19 02:00,0.6,67,-4.8,4.3,1.8,50,,,4,0.3
2025-12-19 03:00,0.4,69,-4.6,4.3,0.1,0,,,0,0.1
2025-12-19 04:00,-0.4,73,-4.6,4.3,1.7,50,,,4,0.0
2025-12-19 05:00,0.1,68,-5.1,4.2,0.8,70,,,3,0.0
2025-12-19 06:00,0.5,68,-4.7,4.3,1.6,70,,,8,0.2
2025-12-19 07:00,0.8,68,-4.4,4.4,1.0,70,,,9,0.6
2025-12-19 08:00,1.2,67,-4.2,4.5,1.2,70,0.0,0.0,9,2.0
2025-12-19 09:00,1.4,66,-4.2,4.5,0.9,70,0.0,0.0,9,2.7
2025-12-19 10:00,2.0,66,-3.6,4.7,1.1,70,0.1,0.0,9,3.7
2025-12-19 11:00,3.4,61,-3.4,4.8,1.3,50,0.27,0.0,9,5.1
2025-12-19 12:00,4.3,59,-3.0,4.9,1.9,50,0.56,0.0,9,6.9
2025-12-19 13:00,6.1,56,-2.0,5.3,2.4,70,1.31,0.4,9,11.1
2025-12-19 14:00,8.1,53,-0.9,5.7,1.6,50,1.19,0.3,8,14.5
2025-12-19 15:00,8.5,53,-0.5,5.9,1.7,70,0.85,0.2,8,10.5
2025-12-19 16:00,9.6,51,0.0,6.1,1.0,160,0.47,0.2,3,9.5
2025-12-19 17:00,8.8,57,0.7,6.4,0.8,360,0.19,0.2,0,6.4
2025-12-19 18:00,8.0,60,0.6,6.4,1.0,140,0.0,0.0,0,4.6
2025-12-19 19:00,7.1,63,0.5,6.3,0.4,0,,,0,3.9
2025-12-19 20:00,6.8,67,1.0,6.6,0.3,0,,,0,3.4
2025-12-19 21:00,5.6,71,0.7,6.4,0.1,0,,,0,3.0
2025-12-19 22:00,5.9,71,1.0,6.6,0.0,0,,,0,3.5
2025-12-19 23:00,6.0,69,0.7,6.4,0.2,0,,,9,4.3
2025-12-20 00:00,5.5,70,0.4,6.3,0.0,0,,,0,3.2
2025-12-20 01:00,5.0,74,0.7,6.4,0.0,0,,,0,2.7
2025-12-20 02:00,4.8,76,0.9,6.5,0.1,0,,,9,3.9
2025-12-20 03:00,5.4,73,0.9,6.5,0.5,290,,,8,4.5
2025-12-20 04:00,5.0,74,0.7,6.4,0.1,0,,,8,4.0
2025-12-20 05:00,5.5,73,1.0,6.6,0.5,250,,,8,4.5
2025-12-20 06:00,4.6,77,0.9,6.5,1.0,270,,,8,3.9
2025-12-20 07:00,5.5,75,1.4,6.8,0.7,20,,,9,4.5
2025-12-20 08:00,6.1,74,1.8,7.0,0.5,200,0.0,0.0,9,5.0
2025-12-20 09:00,6.7,72,1.9,7.0,0.9,290,0.0,0.0,10,5.5
2025-12-20 10:00,7.4,71,2.4,7.3,0.3,0,0.1,0.0,10,6.8
2025-12-20 11:00,8.6,69,3.2,7.7,0.4,0,0.18,0.0,10,7.3
2025-12-20 12:00,10.1,66,4.0,8.1,0.9,160,0.58,0.0,9,11.1
2025-12-20 13:00,12.1,66,5.9,9.3,0.7,160,0.75,0.0,9,12.4
2025-12-20 14:00,12.8,72,7.8,10.6,0.5,290,0.5,0.0,10,11.0
2025-12-20 15:00,12.5,70,7.1,10.1,0.5,50,0.08,0.0,10,9.9
2025-12-20 16:00,10.6,77,6.7,9.8,2.4,290,0.0,0.0,10,9.1
2025-12-20 17:00,10.6,74,6.1,9.4,1.0,270,0.0,0.0,10,8.5
2025-12-20 18:00,10.2,73,5.5,9.0,1.9,270,0.0,0.0,10,8.1
2025-12-20 19:00,9.3,71,4.3,8.3,2.0,270,,,9,7.5
2025-12-20 20:00,8.8,69,3.4,7.8,0.8,200,,,7,7.1
2025-12-20 21:00,8.0,67,2.2,7.2,1.6,270,,,7,6.0
2025-12-20 22:00,7.1,60,-0.1,6.1,1.2,270,,,0,5.1
2025-12-20 23:00,5.6,55,-2.7,5.0,2.8,290,,,6,4.0
2025-12-21 00:00,4.0,57,-3.7,4.6,1.2,270,,,2,3.2
2025-12-21 01:00,3.2,54,-5.2,4.2,2.4,270,,,8,2.4
2025-12-21 02:00,2.5,47,-7.6,3.5,2.5,290,,,8,1.7
2025-12-21 03:00,1.8,44,-9.1,3.1,1.9,270,,,1,0.8
2025-12-21 04:00,1.2,47,-8.8,3.1,1.2,270,,,3,0.6
2025-12-21 05:00,0.5,53,-7.9,3.4,2.4,270,,,1,0.4
2025-12-21 06:00,0.0,51,-8.9,3.1,1.7,270,,,0,-0.3
2025-12-21 07:00,-0.3,42,-11.6,2.5,2.2,270,,,0,-0.9
2025-12-21 08:00,-0.6,36,-13.8,2.1,2.0,290,0.0,0.0,2,-1.0
2025-12-21 09:00,-0.6,38,-13.1,2.2,2.7,270,0.05,0.1,2,-0.9
2025-12-21 10:00,1.0,31,-14.2,2.0,1.9,270,1.0,1.0,6,0.2
2025-12-21 11:00,1.0,30,-14.6,2.0,2.6,270,1.18,0.8,8,1.8
2025-12-21 12:00,1.8,29,-14.3,2.0,2.1,290,1.27,0.5,8,7.3
2025-12-21 13:00,2.6,27,-14.5,2.0,2.1,270,1.57,0.6,7,10.0
2025-12-21 14:00,2.7,27,-14.4,2.0,2.5,290,1.87,1.0,1,12.4
2025-12-21 15:00,3.5,26,-14.2,2.0,1.9,270,1.78,1.0,0,12.4
2025-12-21 16:00,3.0,25,-15.1,1.9,1.5,270,1.09,1.0,0,7.4
2025-12-21 17:00,1.7,29,-14.4,2.0,1.6,270,0.21,0.2,0,2.4
2025-12-21 18:00,0.8,34,-13.3,2.2,1.6,270,0.0,0.0,0,0.6
2025-12-21 19:00,-0.3,41,-11.9,2.5,1.5,270,,,0,-0.2
2025-12-21 20:00,-0.7,41,-12.3,2.4,1.4,270,,,0,-0.5
2025-12-21 21:00,-1.0,41,-12.6,2.3,0.5,270,,,0,-0.9
2025-12-21 22:00,-1.5,42,-12.7,2.3,0.9,70,,,0,-0.9
2025-12-21 23:00,-1.4,43,-12.3,2.4,0.6,180,,,0,-1.0
2025-12-22 00:00,-2.0,42,-13.2,2.2,0.1,0,,,0,-1.2
2025-12-22 01:00,-2.5,50,-11.5,2.5,0.2,0,,,0,-1.3
2025-12-22 02:00,-3.6,57,-10.9,2.7,0.2,0,,,0,-1.3
2025-12-22 03:00,-3.6,54,-11.5,2.5,0.5,320,,,0,-1.4
2025-12-22 04:00,-4.2,62,-10.4,2.8,0.2,0,,,0,-1.5
2025-12-22 05:00,-4.4,64,-10.1,2.8,0.9,290,,,0,-1.7
2025-12-22 06:00,-5.3,67,-10.4,2.8,0.9,20,,,0,-1.7
2025-12-22 07:00,-5.6,67,-10.7,2.7,2.2,50,,,0,-1.8
2025-12-22 08:00,-5.4,63,-11.3,2.6,1.6,50,0.0,0.0,0,-1.8
2025-12-22 09:00,-4.9,60,-11.4,2.6,2.4,50,0.05,0.1,0,-1.5
2025-12-22 10:00,-2.6,52,-11.1,2.6,2.0,50,0.98,1.0,0,-0.5
2025-12-22 11:00,-0.4,45,-10.9,2.7,1.4,50,1.52,1.0,0,0.4
2025-12-22 12:00,1.1,39,-11.3,2.6,1.2,70,1.87,1.0,0,3.2
2025-12-22 13:00,3.1,36,-10.5,2.8,1.0,90,1.96,1.0,0,11.2
2025-12-22 14:00,4.1,33,-10.7,2.7,1.3,50,1.5,1.0,2,12.1
2025-12-22 15:00,5.4,33,-9.6,3.0,1.4,50,1.71,1.0,1,13.0
2025-12-22 16:00,5.6,33,-9.4,3.0,1.3,70,0.97,1.0,5,7.9
2025-12-22 17:00,5.3,35,-8.9,3.1,2.0,70,0.25,0.2,6,4.0
2025-12-22 18:00,4.1,36,-9.6,3.0,2.3,70,0.0,0.0,6,1.8
2025-12-22 19:00,3.2,39,-9.4,3.0,2.3,50,,,3,0.8
2025-12-22 20:00,2.3,43,-9.0,3.1,0.1,0,,,0,0.3
2025-12-22 21:00,1.5,49,-8.0,3.3,0.5,20,,,0,0.0
2025-12-22 22:00,0.8,50,-8.4,3.2,0.5,290,,,0,-0.5
2025-12-22 23:00,0.5,50,-8.7,3.2,0.7,50,,,0,-0.7
2025-12-23 00:00,0.3,52,-8.4,3.2,0.2,0,,,3,-0.9
2025-12-23 01:00,0.2,53,-8.2,3.3,0.0,0,,,9,-0.5
2025-12-23 02:00,-0.5,60,-7.3,3.5,0.7,320,,,4,-1.0
2025-12-23 03:00,-1.2,62,-7.5,3.5,0.4,0,,,0,-1.3
2025-12-23 04:00,-1.2,61,-7.7,3.4,1.0,50,,,5,-1.0
2025-12-23 05:00,-0.9,57,-8.3,3.3,1.8,70,,,1,-1.3
2025-12-23 06:00,-1.7,62,-8.0,3.3,0.9,70,,,0,-1.3
2025-12-23 07:00,-0.9,62,-7.2,3.6,0.3,0,,,3,-1.3
2025-12-23 08:00,-1.3,64,-7.2,3.6,0.2,0,0.0,0.0,8,-0.7
2025-12-23 09:00,0.3,61,-6.3,3.8,0.4,0,0.03,0.0,10,0.0
2025-12-23 10:00,0.7,63,-5.5,4.1,0.1,0,0.12,0.0,10,0.1
2025-12-23 11:00,1.7,60,-5.2,4.2,0.4,0,0.25,0.0,10,1.1
2025-12-23 12:00,3.0,56,-4.9,4.2,0.6,250,0.39,0.0,10,2.7
2025-12-23 13:00,4.0,57,-3.7,4.6,0.4,0,0.49,0.0,10,4.6
2025-12-23 14:00,3.9,56,-4.0,4.5,0.4,0,0.13,0.0,10,4.0
2025-12-23 15:00,4.5,56,-3.5,4.7,0.3,0,0.1,0.0,10,4.0
2025-12-23 16:00,3.8,68,-1.5,5.5,0.0,0,0.06,0.0,10,3.9
2025-12-23 17:00,3.4,77,-0.2,6.0,1.1,70,0.0,0.0,10,3.5
2025-12-23 18:00,2.7,86,0.5,6.3,2.5,50,0.0,0.0,10,3.4
2025-12-23 19:00,2.2,88,0.4,6.3,2.8,70,,,10,3.0
2025-12-23 20:00,2.5,89,0.8,6.5,0.7,20,,,10,3.2
2025-12-23 21:00,2.5,90,1.0,6.6,1.9,50,,,10,3.2
2025-12-23 22:00,2.5,90,1.0,6.6,1.4,50,,,10,3.2
2025-12-23 23:00,2.7,90,1.2,6.7,1.2,70,,,10,3.2
2025-12-24 00:00,2.9,90,1.4,6.8,1.0,70,,,10,3.4
2025-12-24 01:00,3.0,90,1.5,6.8,0.9,50,,,10,3.5
2025-12-24 02:00,3.0,90,1.5,6.8,1.3,70,,,10,3.5
2025-12-24 03:00,2.7,90,1.2,6.7,1.4,70,,,10,3.5
2025-12-24 04:00,3.1,89,1.4,6.8,1.1,50,,,10,3.5
2025-12-24 05:00,3.1,88,1.2,6.7,1.5,70,,,10,3.5
2025-12-24 06:00,3.0,89,1.3,6.7,0.5,70,,,10,3.5
2025-12-24 07:00,3.4,89,1.7,6.9,0.5,200,,,10,3.7
2025-12-24 08:00,3.7,86,1.5,6.8,1.7,50,0.0,0.0,10,3.7
2025-12-24 09:00,4.0,84,1.5,6.8,0.9,200,0.0,0.0,10,4.3
2025-12-24 10:00,4.0,77,0.3,6.2,1.7,70,0.03,0.0,10,4.5
2025-12-24 11:00,4.0,71,-0.7,5.8,2.1,50,0.25,0.0,10,5.3
2025-12-24 12:00,4.0,70,-0.9,5.7,2.9,50,0.36,0.0,10,5.5
2025-12-24 13:00,3.8,73,-0.6,5.8,2.5,50,0.23,0.0,10,5.1
2025-12-24 14:00,4.0,72,-0.6,5.8,1.6,50,0.16,0.0,10,5.1
2025-12-24 15:00,4.0,69,-1.1,5.6,2.2,50,0.19,0.0,10,5.0
2025-12-24 16:00,4.4,66,-1.4,5.5,1.1,180,0.12,0.0,9,4.9
2025-12-24 17:00,4.0,65,-1.9,5.3,2.0,70,0.01,0.0,9,4.0
2025-12-24 18:00,3.7,65,-2.2,5.2,2.0,50,0.0,0.0,8,3.0
2025-12-24 19:00,3.5,61,-3.3,4.8,1.5,70,,,8,2.2
2025-12-24 20:00,3.2,68,-2.1,5.2,1.2,270,,,10,2.5
2025-12-24 21:00,2.7,73,-1.6,5.4,1.6,270,,,9,2.2
2025-12-24 22:00,2.2,75,-1.7,5.4,1.3,270,,,6,1.0
2025-12-24 23:00,1.7,74,-2.4,5.1,1.6,270,,,6,0.6
2025-12-25 00:00,1.0,78,-2.4,5.1,1.0,270,,,6,-0.4
2025-12-25 01:00,0.9,78,-2.5,5.1,1.1,270,,,7,0.5
2025-12-25 02:00,0.2,79,-3.0,4.9,1.3,270,,,6,0.1
2025-12-25 03:00,-0.3,78,-3.6,4.7,1.2,270,,,2,-0.3
2025-12-25 04:00,-0.5,78,-3.8,4.6,1.3,270,,,6,-0.7
2025-12-25 05:00,-0.6,76,-4.3,4.4,1.6,270,,,8,-0.5
2025-12-25 06:00,-0.9,75,-4.7,4.3,1.2,270,,,2,-1.0
2025-12-25 07:00,-1.3,64,-7.2,3.6,0.6,290,,,0,-1.4
2025-12-25 08:00,-1.4,57,-8.8,3.1,1.3,270,0.0,0.0,0,-1.9
2025-12-25 09:00,-0.9,50,-10.0,2.9,1.1,290,0.07,0.2,0,-1.4
2025-12-25 10:00,0.3,40,-11.7,2.5,2.8,290,0.93,1.0,0,0.0
2025-12-25 11:00,1.7,44,-9.2,3.0,3.1,290,1.48,1.0,1,1.7
2025-12-25 12:00,2.2,47,-7.9,3.4,2.7,270,1.65,0.7,8,4.8
2025-12-25 13:00,2.0,41,-9.9,2.9,3.7,290,1.13,0.4,8,6.8
2025-12-25 14:00,1.7,44,-9.2,3.0,3.5,270,1.97,0.9,5,8.1
2025-12-25 15:00,0.1,35,-13.5,2.2,3.4,270,1.15,0.8,6,4.4
2025-12-25 16:00,-0.1,33,-14.4,2.0,3.9,290,1.26,1.0,3,3.6
2025-12-25 17:00,-1.5,46,-11.6,2.5,3.6,290,0.28,0.2,8,0.8
2025-12-25 18:00,-2.5,50,-11.5,2.5,2.9,290,0.0,0.0,9,0.3
2025-12-25 19:00,-3.0,50,-11.9,2.5,3.4,290,,,8,-0.3
2025-12-25 20:00,-4.1,45,-14.2,2.0,3.5,290,,,1,-1.5
2025-12-25 21:00,-4.5,45,-14.6,2.0,2.3,270,,,0,-1.9
2025-12-25 22:00,-5.0,46,-14.8,1.9,2.0,290,,,3,-1.9
2025-12-25 23:00,-5.6,47,-15.1,1.9,2.5,270,,,8,-1.8
2025-12-26 00:00,-6.0,47,-15.5,1.8,3.3,290,,,6,-1.9
2025-12-26 01:00,-7.1,49,-16.0,1.8,3.2,290,,,0,-2.8
2025-12-26 02:00,-8.0,45,-17.8,1.5,1.9,290,,,0,-3.3
2025-12-26 03:00,-8.2,46,-17.7,1.5,2.4,270,,,0,-3.5
2025-12-26 04:00,-8.4,50,-16.9,1.6,1.5,270,,,0,-3.8
2025-12-26 05:00,-8.9,49,-17.6,1.5,1.8,270,,,0,-4.0
2025-12-26 06:00,-9.2,42,-19.7,1.3,2.1,270,,,0,-4.5
2025-12-26 07:00,-9.2,39,-20.6,1.2,1.5,270,,,0,-4.9
2025-12-26 08:00,-9.2,41,-20.0,1.3,1.5,270,0.0,0.0,0,-5.0
2025-12-26 09:00,-8.9,38,-20.6,1.2,0.6,270,0.03,0.1,0,-4.2
2025-12-26 10:00,-7.0,34,-20.2,1.2,1.7,270,0.98,1.0,0,-1.4
2025-12-26 11:00,-6.1,28,-21.6,1.1,2.1,270,1.56,1.0,0,0.3
2025-12-26 12:00,-5.0,25,-22.0,1.1,2.3,290,1.93,1.0,0,1.3
2025-12-26 13:00,-4.3,24,-21.9,1.1,2.1,290,2.05,1.0,0,1.5
2025-12-26 14:00,-3.9,22,-22.5,1.0,2.9,290,1.92,,0,1.1
2025-12-26 15:00,-3.5,25,-20.7,1.2,2.5,290,1.8,,0,0.8
2025-12-26 16:00,-3.3,23,-21.5,1.1,2.5,270,1.12,,0,0.1
2025-12-26 17:00,-4.0,29,-19.4,1.3,2.0,270,0.24,0.5,0,-0.5
2025-12-26 18:00,-4.9,34,-18.3,1.5,1.5,270,0.0,0.0,0,-0.9
2025-12-26 19:00,-5.4,38,-17.5,1.6,1.8,270,,,0,-1.3
2025-12-26 20:00,-5.6,35,-18.6,1.4,1.4,270,,,0,-2.1
2025-12-26 21:00,-6.0,33,-19.7,1.3,0.9,270,,,0,-2.8
2025-12-26 22:00,-6.4,43,-16.9,1.6,1.3,270,,,0,-3.1
2025-12-26 23:00,-6.5,46,-16.2,1.7,1.3,270,,,0,-3.3
2025-12-27 00:00,-6.6,47,-16.0,1.8,1.2,140,,,6,-3.3
2025-12-27 01:00,-6.5,49,-15.4,1.8,0.5,180,,,9,-2.9
2025-12-27 02:00,-6.5,48,-15.7,1.8,0.4,0,,,9,-3.0
2025-12-27 03:00,-6.7,50,-15.4,1.8,0.4,0,,,4,-3.5
2025-12-27 04:00,-6.5,51,-14.9,1.9,0.3,0,,,9,-3.3
2025-12-27 05:00,-6.4,53,-14.4,2.0,0.5,140,,,9,-3.0
2025-12-27 06:00,-6.1,53,-14.1,2.1,1.0,160,,,8,-2.8
2025-12-27 07:00,-6.2,58,-13.1,2.2,0.3,0,,,9,-3.0
2025-12-27 08:00,-6.4,64,-12.1,2.4,0.6,340,0.0,0.0,9,-2.6
2025-12-27 09:00,-5.5,61,-11.8,2.5,0.4,0,0.07,0.0,2,-2.5
2025-12-27 10:00,-3.8,53,-12.0,2.4,0.6,250,0.81,1.0,2,-0.9
2025-12-27 11:00,-2.0,54,-10.0,2.9,0.6,200,1.16,0.7,5,0.3
2025-12-27 12:00,-0.8,50,-9.9,2.9,0.5,20,1.16,0.3,9,0.6
2025-12-27 13:00,-1.0,66,-6.5,3.8,0.8,230,0.55,0.0,9,0.4
2025-12-27 14:00,-1.0,68,-6.1,3.9,1.0,320,0.28,0.0,9,0.4
2025-12-27 15:00,-0.4,65,-6.1,3.9,0.5,230,0.27,0.0,9,0.3
2025-12-27 16:00,-0.4,69,-5.4,4.1,0.2,0,0.06,0.0,9,0.1
2025-12-27 17:00,-0.5,73,-4.7,4.3,0.3,0,0.0,0.0,9,0.1
2025-12-27 18:00,-0.3,76,-4.0,4.5,0.7,110,0.0,0.0,9,0.1
2025-12-27 19:00,-0.3,76,-4.0,4.5,0.5,70,,,9,0.0
2025-12-27 20:00,0.0,76,-3.7,4.6,0.0,0,,,10,0.0
2025-12-27 21:00,0.2,78,-3.1,4.9,0.3,0,,,9,0.0
2025-12-27 22:00,0.4,78,-2.9,4.9,0.4,0,,,9,0.0
2025-12-27 23:00,-0.2,79,-3.4,4.8,0.9,50,,,9,0.0
2025-12-28 00:00,0.1,80,-2.9,4.9,0.3,0,,,9,0.0
2025-12-28 01:00,0.1,80,-2.9,4.9,0.5,50,,,7,0.0
2025-12-28 02:00,0.4,79,-2.8,5.0,0.0,0,,,7,0.0
2025-12-28 03:00,0.8,78,-2.6,5.0,0.0,0,,,9,0.0
2025-12-28 04:00,1.0,79,-2.2,5.2,0.5,270,,,9,0.0
2025-12-28 05:00,1.0,80,-2.0,5.3,0.0,0,,,10,0.0
2025-12-28 06:00,0.6,83,-1.9,5.3,0.0,0,,,10,0.0
2025-12-28 07:00,0.8,83,-1.7,5.4,0.0,0,,,10,0.1
2025-12-28 08:00,0.8,83,-1.7,5.4,0.3,0,0.0,0.0,10,0.1
2025-12-28 09:00,1.2,85,-1.0,5.7,0.2,0,0.0,0.0,10,0.1
2025-12-28 10:00,2.2,84,-0.2,6.0,0.8,140,0.21,0.0,9,0.5
2025-12-28 11:00,3.2,81,0.2,6.2,0.2,0,0.45,0.0,9,1.0
2025-12-28 12:00,4.1,78,0.6,6.4,0.2,0,0.66,0.0,9,2.0
2025-12-28 13:00,4.3,78,0.7,6.4,0.8,70,0.78,0.0,8,2.9
2025-12-28 14:00,6.9,64,0.5,6.3,0.9,230,1.51,0.7,2,5.9
2025-12-28 15:00,7.7,60,0.4,6.3,0.6,290,1.5,0.9,3,5.6
2025-12-28 16:00,7.8,58,0.0,6.1,1.2,250,0.62,0.2,6,5.0
2025-12-28 17:00,7.3,60,0.0,6.1,1.3,290,0.05,0.0,7,3.5
2025-12-28 18:00,7.1,61,0.0,6.1,0.6,250,0.0,0.0,9,3.2
2025-12-28 19:00,6.6,63,0.0,6.1,0.2,0,,,8,2.5
2025-12-28 20:00,6.4,63,-0.1,6.1,0.1,0,,,9,2.5
2025-12-28 21:00,6.1,64,-0.2,6.0,0.3,0,,,9,2.7
2025-12-28 22:00,5.4,67,-0.2,6.0,0.4,0,,,0,1.0
2025-12-28 23:00,4.9,69,-0.3,6.0,0.3,0,,,0,1.2
2025-12-29 00:00,4.6,66,-1.2,5.6,0.5,270,,,2,0.2
2025-12-29 01:00,3.8,72,-0.7,5.8,0.7,270,,,8,1.2
2025-12-29 02:00,3.9,70,-1.0,5.7,0.6,270,,,3,0.2
2025-12-29 03:00,4.0,70,-0.9,5.7,0.4,0,,,8,1.0
2025-12-29 04:00,3.0,76,-0.8,5.8,0.6,230,,,6,-0.2
2025-12-29 05:00,2.9,76,-0.9,5.7,1.4,140,,,1,0.3
2025-12-29 06:00,2.6,78,-0.8,5.8,0.4,0,,,9,0.4
2025-12-29 07:00,3.2,77,-0.4,5.9,0.4,0,,,9,0.6
2025-12-29 08:00,4.0,76,0.1,6.2,0.7,250,0.0,0.0,7,0.6
2025-12-29 09:00,4.8,77,1.1,6.6,0.7,230,0.05,0.0,6,1.6
2025-12-29 10:00,6.3,74,1.9,7.0,0.5,270,0.35,0.1,10,4.9
2025-12-29 11:00,6.8,74,2.4,7.3,0.7,340,0.4,0.0,10,5.7
2025-12-29 12:00,6.9,78,3.3,7.7,1.0,230,0.43,0.0,10,8.3
2025-12-29 13:00,8.6,75,4.4,8.4,1.4,250,0.77,0.1,8,10.2
2025-12-29 14:00,9.6,72,4.7,8.5,1.6,270,1.03,0.4,4,10.8
2025-12-29 15:00,10.5,65,4.1,8.2,2.2,270,0.85,0.4,4,10.3
2025-12-29 16:00,9.8,67,3.9,8.1,1.3,270,0.63,0.2,8,9.6
2025-12-29 17:00,8.6,68,3.0,7.6,1.9,270,0.1,0.0,3,6.6
2025-12-29 18:00,7.2,71,2.2,7.2,1.1,270,0.0,0.0,1,4.3
2025-12-29 19:00,6.5,72,1.8,7.0,1.4,270,,,2,3.3
2025-12-29 20:00,5.4,75,1.3,6.7,0.6,270,,,0,2.0
2025-12-29 21:00,4.5,78,0.9,6.5,0.8,270,,,0,1.0
2025-12-29 22:00,4.0,78,0.5,6.3,0.7,200,,,0,0.4
2025-12-29 23:00,4.0,77,0.3,6.2,0.8,270,,,0,0.5
2025-12-30 00:00,3.0,77,-0.6,5.8,1.1,270,,,0,0.4
2025-12-30 01:00,1.9,64,-4.2,4.5,1.2,270,,,0,0.2
2025-12-30 02:00,0.8,55,-7.2,3.6,0.3,0,,,0,-0.5
2025-12-30 03:00,0.6,48,-9.1,3.1,0.9,270,,,0,-1.2
2025-12-30 04:00,-0.2,54,-8.4,3.2,1.7,270,,,0,-1.5
2025-12-30 05:00,-0.9,53,-9.2,3.0,1.1,270,,,0,-1.8
2025-12-30 06:00,-1.4,53,-9.7,2.9,1.2,250,,,0,-2.0
2025-12-30 07:00,-1.5,53,-9.8,2.9,0.7,290,,,0,-2.3
2025-12-30 08:00,-1.4,50,-10.5,2.8,0.8,270,0.0,0.0,0,-2.3
2025-12-30 09:00,-1.0,50,-10.1,2.8,0.8,250,0.05,0.1,0,-1.7
2025-12-30 10:00,1.0,42,-10.5,2.8,0.8,290,0.92,0.9,0,0.0
2025-12-30 11:00,2.0,39,-10.5,2.8,0.9,110,1.53,1.0,0,1.1
2025-12-30 12:00,3.1,30,-12.8,2.3,2.7,70,1.86,1.0,0,3.3
2025-12-30 13:00,3.4,24,-15.3,1.9,2.1,70,2.0,1.0,0,7.2
2025-12-30 14:00,5.0,24,-13.9,2.1,1.4,270,1.9,1.0,0,9.6
2025-12-30 15:00,4.5,25,-13.8,2.1,1.7,270,1.71,1.0,0,9.1
2025-12-30 16:00,4.4,25,-13.9,2.1,2.0,290,1.09,1.0,0,6.4
2025-12-30 17:00,3.2,26,-14.5,2.0,2.0,270,0.26,0.5,0,2.2
2025-12-30 18:00,2.0,30,-13.8,2.1,1.1,270,0.0,0.0,0,0.5
2025-12-30 19:00,1.5,32,-13.4,2.2,1.6,270,,,0,0.2
2025-12-30 20:00,0.8,35,-12.9,2.3,1.7,270,,,0,-0.6
2025-12-30 21:00,0.3,38,-12.3,2.4,1.3,270,,,0,-1.0
2025-12-30 22:00,0.1,39,-12.2,2.4,0.8,250,,,0,-1.3
2025-12-30 23:00,-0.9,43,-11.9,2.5,0.7,250,,,3,-1.5
2025-12-31 00:00,-0.9,45,-11.3,2.6,0.5,270,,,3,-1.3
2025-12-31 01:00,-1.3,48,-10.9,2.7,0.5,270,,,4,-1.7
2025-12-31 02:00,-1.5,50,-10.5,2.8,0.8,270,,,6,-1.7
2025-12-31 03:00,-1.4,54,-9.5,3.0,1.0,270,,,8,-1.2
2025-12-31 04:00,-1.7,61,-8.2,3.3,1.0,270,,,9,-1.0
2025-12-31 05:00,-2.1,57,-9.4,3.0,1.2,270,,,0,-2.2
2025-12-31 06:00,-2.6,47,-12.3,2.4,1.7,270,,,0,-2.8
2025-12-31 07:00,-3.5,43,-14.3,2.0,1.2,270,,,0,-3.3
2025-12-31 08:00,-4.1,41,-15.4,1.8,2.1,270,0.0,0.0,0,-3.6
2025-12-31 09:00,-4.2,33,-18.1,1.5,2.6,290,0.05,0.1,0,-3.5
2025-12-31 10:00,-3.1,29,-18.6,1.4,2.5,290,0.95,0.9,0,-0.7
2025-12-31 11:00,-2.0,23,-20.4,1.2,1.9,270,1.56,1.0,0,0.6
2025-12-31 12:00,-1.7,24,-19.6,1.3,2.6,290,1.94,1.0,0,0.8
2025-12-31 13:00,-1.7,19,-22.3,1.0,2.9,290,2.05,1.0,0,1.1
2025-12-31 14:00,-1.5,24,-19.5,1.3,2.6,290,1.95,1.0,0,1.6
2025-12-31 15:00,-1.6,25,-19.1,1.4,2.2,250,1.73,1.0,0,1.7
2025-12-31 16:00,-2.5,27,-18.9,1.4,2.5,290,1.24,1.0,2,0.8
2025-12-31 17:00,-3.3,31,-18.0,1.5,2.4,270,0.3,0.5,2,-0.2
2025-12-31 18:00,-4.0,36,-16.9,1.6,1.9,290,0.0,0.0,0,-1.3
2025-12-31 19:00,-4.4,39,-16.3,1.7,1.6,290,,,0,-1.8
2025-12-31 20:00,-4.5,40,-16.0,1.8,1.5,290,,,0,-2.0
2025-12-31 21:00,-5.0,43,-15.6,1.8,1.4,270,,,0,-2.3
2025-12-31 22:00,-5.4,45,-15.4,1.8,0.8,270,,,0,-2.5
2025-12-31 23:00,-5.6,47,-15.1,1.9,1.1,270,,,0,-3.0
2026-01-01 00:00,-6.5,45,-16.4,1.7,1.2,250,,,0,-3.5
2026-01-01 01:00,-7.3,45,-17.2,1.6,1.5,270,,,0,-4.1
2026-01-01 02:00,-7.9,48,-17.0,1.6,1.7,270,,,0,-4.5
2026-01-01 03:00,-8.2,46,-17.7,1.5,1.7,270,,,0,-5.0
2026-01-01 04:00,-8.7,47,-18.0,1.5,1.4,50,,,0,-5.2
2026-01-01 05:00,-9.0,46,-18.5,1.4,0.6,230,,,0,-5.5
2026-01-01 06:00,-9.0,45,-18.7,1.4,1.0,270,,,0,-5.7
2026-01-01 07:00,-9.0,44,-19.0,1.4,1.6,270,,,0,-6.0
2026-01-01 08:00,-9.1,46,-18.6,1.4,0.9,270,0.0,0.0,4,-5.6
2026-01-01 09:00,-8.5,41,-19.4,1.3,1.1,270,0.1,0.0,8,-4.4
2026-01-01 10:00,-8.0,41,-18.9,1.4,1.3,200,0.65,0.5,9,-2.0
2026-01-01 11:00,-5.6,34,-19.0,1.4,0.9,290,1.03,0.8,9,-0.4
2026-01-01 12:00,-4.7,26,-21.3,1.1,1.8,270,1.45,1.0,8,0.3
2026-01-01 13:00,-3.2,25,-20.4,1.2,1.3,290,1.67,1.0,6,0.6
2026-01-01 14:00,-2.9,22,-21.7,1.1,2.1,270,1.73,1.0,6,0.8
2026-01-01 15:00,-2.4,21,-21.8,1.1,2.3,290,1.63,1.0,5,0.8
2026-01-01 16:00,-2.2,21,-21.6,1.1,2.3,270,0.96,1.0,5,-0.2
2026-01-01 17:00,-3.4,27,-19.7,1.3,2.2,270,0.26,0.4,0,-0.3
2026-01-01 18:00,-4.2,31,-18.8,1.4,2.1,270,0.0,0.0,0,-0.9
2026-01-01 19:00,-4.7,38,-16.8,1.6,1.6,270,,,0,-1.5
2026-01-01 20:00,-5.0,41,-16.2,1.7,0.9,270,,,0,-2.5
2026-01-01 21:00,-5.0,43,-15.6,1.8,1.1,270,,,6,-2.9
2026-01-01 22:00,-5.2,53,-13.3,2.2,1.8,270,,,0,-3.3
2026-01-01 23:00,-5.9,51,-14.4,2.0,2.7,290,,,0,-4.0
2026-01-02 00:00,-6.9,45,-16.8,1.6,2.5,270,,,3,-4.5
2026-01-02 01:00,-7.7,39,-19.2,1.3,1.4,270,,,0,-5.0
2026-01-02 02:00,-8.4,38,-20.2,1.2,0.6,270,,,0,-5.3
2026-01-02 03:00,-8.7,38,-20.4,1.2,0.4,0,,,0,-5.6
2026-01-02 04:00,-8.9,40,-20.0,1.3,1.4,90,,,0,-5.9
2026-01-02 05:00,-9.2,40,-20.3,1.2,0.3,0,,,0,-6.0
2026-01-02 06:00,-9.5,42,-20.0,1.3,1.4,250,,,0,-6.2
2026-01-02 07:00,-9.7,42,-20.2,1.2,1.1,270,,,0,-6.5
2026-01-02 08:00,-10.2,46,-19.6,1.3,0.4,0,0.0,0.0,0,-6.5
2026-01-02 09:00,-9.7,43,-19.9,1.3,1.4,270,0.05,0.3,0,-5.9
2026-01-02 10:00,-8.0,40,-19.2,1.3,1.5,250,0.87,0.9,0,-3.2
2026-01-02 11:00,-6.8,33,-20.4,1.2,1.7,270,1.51,1.0,0,-0.7
2026-01-02 12:00,-5.9,31,-20.3,1.2,1.9,320,1.87,1.0,0,0.4
2026-01-02 13:00,-3.7,32,-18.0,1.5,1.8,270,2.02,1.0,0,1.3
2026-01-02 14:00,-2.9,33,-16.9,1.6,1.4,250,1.9,1.0,0,1.8
2026-01-02 15:00,-1.8,36,-14.9,1.9,1.5,270,1.67,1.0,0,1.7
2026-01-02 16:00,-2.3,42,-13.5,2.2,1.3,290,1.08,1.0,1,0.1
2026-01-02 17:00,-3.5,54,-11.4,2.6,1.9,270,0.21,0.2,1,-0.2
2026-01-02 18:00,-4.5,60,-11.1,2.6,1.7,290,0.0,0.0,1,-0.7
2026-01-02 19:00,-5.0,61,-11.3,2.6,1.2,270,,,0,-1.0
2026-01-02 20:00,-5.5,70,-10.1,2.8,1.3,250,,,9,-1.0
2026-01-02 21:00,-5.8,66,-11.1,2.6,1.5,270,,,7,-1.1
2026-01-02 22:00,-6.0,67,-11.1,2.6,1.1,250,,,5,-2.5
2026-01-02 23:00,-6.4,67,-11.5,2.5,1.3,250,,,0,-3.5
2026-01-03 00:00,-6.7,56,-14.0,2.1,1.4,270,,,0,-4.4
2026-01-03 01:00,-7.4,52,-15.5,1.8,1.4,270,,,0,-5.0
2026-01-03 02:00,-7.9,51,-16.2,1.7,1.0,270,,,0,-5.4
2026-01-03 03:00,-8.0,50,-16.6,1.7,0.6,250,,,0,-5.5
2026-01-03 04:00,-8.2,55,-15.6,1.8,0.6,180,,,0,-5.9
2026-01-03 05:00,-8.5,57,-15.5,1.8,0.8,250,,,0,-6.0
2026-01-03 06:00,-8.9,61,-15.0,1.9,0.6,160,,,0,-6.0
2026-01-03 07:00,-9.0,62,-14.9,1.9,0.6,200,,,0,-6.1
2026-01-03 08:00,-9.6,69,-14.2,2.0,0.2,0,0.0,0.0,0,-6.0
2026-01-03 09:00,-8.4,64,-14.0,2.1,0.7,290,0.05,0.1,0,-5.2
2026-01-03 10:00,-6.0,51,-14.5,2.0,1.0,110,0.87,0.9,0,-2.6
2026-01-03 11:00,-4.0,50,-12.9,2.3,0.9,180,1.48,1.0,0,-0.4
2026-01-03 12:00,-2.1,45,-12.4,2.4,1.2,180,1.79,1.0,0,1.0
2026-01-03 13:00,-0.7,43,-11.7,2.5,0.9,50,1.81,0.8,8,1.7
2026-01-03 14:00,0.1,40,-11.9,2.5,0.6,90,1.01,0.1,9,1.2
2026-01-03 15:00,0.5,42,-10.9,2.7,0.4,0,0.47,0.0,9,1.1
2026-01-03 16:00,0.6,44,-10.2,2.8,0.1,0,0.34,0.0,9,0.4
2026-01-03 17:00,0.1,45,-10.4,2.8,1.3,70,0.02,0.0,9,0.1
2026-01-03 18:00,0.1,46,-10.1,2.8,1.0,70,0.0,0.0,9,0.0
2026-01-03 19:00,0.4,46,-9.8,2.9,0.0,0,,,9,0.0
2026-01-03 20:00,0.4,46,-9.8,2.9,0.3,0,,,9,0.0
2026-01-03 21:00,0.3,47,-9.7,2.9,0.4,0,,,9,-0.2
2026-01-03 22:00,0.3,47,-9.7,2.9,0.5,160,,,9,-0.2
2026-01-03 23:00,0.2,49,-9.2,3.0,0.4,0,,,9,-0.2
2026-01-04 00:00,0.0,53,-8.4,3.2,0.4,0,,,9,-0.2
2026-01-04 01:00,0.3,53,-8.1,3.3,0.4,0,,,9,-0.2
2026-01-04 02:00,-0.2,56,-7.9,3.4,0.5,90,,,9,-0.3
2026-01-04 03:00,0.2,57,-7.3,3.5,0.2,0,,,9,-0.3
2026-01-04 04:00,-0.2,60,-7.0,3.6,1.0,50,,,9,-0.3
2026-01-04 05:00,0.2,61,-6.4,3.8,0.3,0,,,9,-0.4
2026-01-04 06:00,0.0,63,-6.2,3.8,0.2,0,,,8,-0.4
2026-01-04 07:00,-0.5,65,-6.2,3.8,0.1,0,,,9,-0.5
2026-01-04 08:00,-0.9,66,-6.4,3.8,0.7,290,0.0,0.0,9,-0.9
2026-01-04 09:00,-0.3,64,-6.2,3.8,0.4,0,0.07,0.0,8,-0.5
2026-01-04 10:00,1.7,59,-5.4,4.1,0.9,250,0.68,0.6,7,0.2
2026-01-04 11:00,3.4,60,-3.6,4.7,1.3,290,1.12,0.7,3,1.2
2026-01-04 12:00,4.4,55,-3.8,4.6,1.4,290,1.37,0.9,8,2.8
2026-01-04 13:00,5.6,46,-5.1,4.2,1.5,270,1.68,1.0,8,5.1
2026-01-04 14:00,5.5,42,-6.4,3.8,1.9,320,1.81,1.0,7,5.6
2026-01-04 15:00,6.2,42,-5.7,4.0,1.5,270,1.36,1.0,4,5.5
2026-01-04 16:00,6.0,44,-5.3,4.1,1.1,270,0.93,1.0,8,3.7
2026-01-04 17:00,4.8,50,-4.7,4.3,1.5,270,0.23,0.3,9,0.6
2026-01-04 18:00,4.0,56,-4.0,4.5,1.0,270,0.0,0.0,9,0.1
2026-01-04 19:00,3.0,61,-3.8,4.6,0.4,0,,,9,0.1
2026-01-04 20:00,2.4,64,-3.7,4.6,0.4,0,,,10,0.0
2026-01-04 21:00,2.0,67,-3.4,4.8,0.7,250,,,10,0.0
2026-01-04 22:00,1.7,68,-3.5,4.7,1.3,270,,,10,0.0
2026-01-04 23:00,1.3,69,-3.7,4.6,0.5,290,,,8,-0.2
2026-01-05 00:00,0.8,72,-3.6,4.7,1.0,270,,,3,-0.2
2026-01-05 01:00,0.8,70,-4.0,4.5,0.6,270,,,7,-0.2
2026-01-05 02:00,0.8,70,-4.0,4.5,1.3,270,,,7,-0.2
2026-01-05 03:00,0.3,70,-4.5,4.4,1.1,270,,,4,-0.3
2026-01-05 04:00,-0.2,66,-5.7,4.0,1.5,270,,,1,-0.5
2026-01-05 05:00,-0.5,60,-7.3,3.5,1.2,270,,,0,-0.7
2026-01-05 06:00,-0.9,65,-6.6,3.7,1.2,270,,,0,-0.9
2026-01-05 07:00,-1.1,60,-7.8,3.4,1.3,270,,,0,-1.2
2026-01-05 08:00,-1.5,61,-8.0,3.3,0.7,270,0.0,0.0,1,-1.3
2026-01-05 09:00,-0.7,54,-8.8,3.1,1.2,270,0.07,0.2,0,-1.1
2026-01-05 10:00,0.6,44,-10.2,2.8,1.5,270,0.86,0.9,0,-0.2
2026-01-05 11:00,1.8,39,-10.7,2.7,2.2,290,1.53,1.0,0,0.6
2026-01-05 12:00,2.8,30,-13.1,2.2,2.4,270,1.92,1.0,0,1.7
2026-01-05 13:00,3.7,28,-13.1,2.2,1.9,270,2.08,1.0,1,3.2
2026-01-05 14:00,3.9,24,-14.8,1.9,2.8,270,1.96,1.0,0,4.8
2026-01-05 15:00,2.9,27,-14.3,2.0,2.5,290,1.77,1.0,0,5.9
2026-01-05 16:00,2.0,30,-13.8,2.1,2.6,270,1.17,1.0,0,3.7
2026-01-05 17:00,0.3,34,-13.7,2.1,2.2,270,0.4,0.6,0,0.5
2026-01-05 18:00,-0.5,36,-13.7,2.1,1.3,270,0.0,0.0,0,-0.4
2026-01-05 19:00,-1.0,36,-14.2,2.0,1.5,270,,,0,-0.9
2026-01-05 20:00,-1.3,38,-13.8,2.1,1.6,270,,,0,-1.2
2026-01-05 21:00,-1.7,40,-13.5,2.2,1.2,250,,,0,-1.3
2026-01-05 22:00,-1.9,42,-13.1,2.2,1.2,270,,,0,-1.5
2026-01-05 23:00,-2.1,42,-13.3,2.2,1.2,270,,,0,-1.8
2026-01-06 00:00,-2.6,44,-13.2,2.2,1.2,270,,,0,-2.1
2026-01-06 01:00,-3.0,43,-13.8,2.1,1.4,270,,,0,-2.3
2026-01-06 02:00,-3.5,43,-14.3,2.0,1.5,270,,,0,-2.8
2026-01-06 03:00,-4.1,44,-14.5,2.0,1.1,270,,,0,-3.1
2026-01-06 04:00,-4.5,47,-14.1,2.1,1.0,270,,,0,-3.5
2026-01-06 05:00,-4.8,49,-13.9,2.1,0.3,0,,,0,-3.6
2026-01-06 06:00,-5.0,55,-12.6,2.3,0.9,160,,,0,-4.0
2026-01-06 07:00,-5.6,56,-13.0,2.3,0.4,0,,,0,-4.1
2026-01-06 08:00,-5.6,57,-12.7,2.3,0.4,0,0.0,0.0,0,-4.2
2026-01-06 09:00,-5.1,53,-13.2,2.2,0.8,140,0.07,0.2,0,-3.5
2026-01-06 10:00,-3.0,46,-13.0,2.3,0.9,140,0.9,0.9,0,-1.0
2026-01-06 11:00,-1.2,40,-13.1,2.2,0.8,270,1.53,1.0,0,0.6
2026-01-06 12:00,0.1,31,-15.0,1.9,1.0,230,1.9,1.0,2,1.5
2026-01-06 13:00,2.0,23,-17.0,1.6,1.2,320,2.04,1.0,3,2.9
2026-01-06 14:00,2.9,25,-15.2,1.9,0.7,200,1.9,1.0,7,3.9
2026-01-06 15:00,4.0,26,-13.8,2.1,1.4,90,1.52,1.0,8,4.0
2026-01-06 16:00,4.2,29,-12.3,2.4,1.1,160,1.16,1.0,1,2.9
2026-01-06 17:00,3.5,32,-11.6,2.5,1.1,180,0.29,0.4,7,0.1
2026-01-06 18:00,2.9,32,-12.2,2.4,0.9,160,0.0,0.0,8,0.0
2026-01-06 19:00,2.2,35,-11.7,2.5,0.8,200,,,6,-0.2
2026-01-06 20:00,1.6,40,-10.5,2.8,0.3,0,,,8,-0.2
2026-01-06 21:00,1.2,42,-10.3,2.8,0.4,0,,,9,-0.2
2026-01-06 22:00,0.8,44,-10.0,2.9,1.0,160,,,8,-0.2
2026-01-06 23:00,1.0,45,-9.6,3.0,1.3,140,,,9,-0.2
2026-01-07 00:00,0.8,47,-9.2,3.0,1.0,160,,,9,-0.2
2026-01-07 01:00,1.1,49,-8.4,3.2,0.1,0,,,9,0.0
2026-01-07 02:00,1.1,53,-7.4,3.5,0.5,290,,,9,-0.2
2026-01-07 03:00,0.8,54,-7.4,3.5,0.6,290,,,6,-0.4
2026-01-07 04:00,1.0,56,-6.8,3.7,0.7,270,,,9,-0.2
2026-01-07 05:00,0.5,57,-7.0,3.6,0.5,250,,,6,-0.5
2026-01-07 06:00,0.3,60,-6.5,3.8,0.5,200,,,4,-0.7
2026-01-07 07:00,0.2,62,-6.2,3.8,0.6,250,,,3,-0.9
2026-01-07 08:00,-0.1,66,-5.7,4.0,0.4,0,0.0,0.0,3,-0.9
2026-01-07 09:00,1.2,66,-4.4,4.4,1.4,290,0.01,0.0,9,-0.3
2026-01-07 10:00,2.1,65,-3.8,4.6,1.3,270,0.27,0.0,6,0.0
2026-01-07 11:00,4.4,46,-6.2,3.8,2.4,290,1.2,0.8,3,0.4
2026-01-07 12:00,3.5,47,-6.7,3.7,3.3,290,1.49,0.8,2,1.2
2026-01-07 13:00,4.2,30,-11.8,2.5,2.7,290,1.97,1.0,2,3.5
2026-01-07 14:00,4.5,29,-12.0,2.4,2.9,290,2.0,1.0,0,6.5
2026-01-07 15:00,3.8,35,-10.2,2.8,2.8,290,1.74,1.0,0,6.8
2026-01-07 16:00,3.6,35,-10.4,2.8,2.8,290,1.14,1.0,0,4.8
2026-01-07 17:00,2.2,40,-10.0,2.9,2.2,290,0.4,0.7,0,1.0
2026-01-07 18:00,1.1,45,-9.5,3.0,1.5,290,0.0,0.0,0,0.1
2026-01-07 19:00,0.3,49,-9.1,3.1,1.7,270,,,0,-0.4
2026-01-07 20:00,-0.4,51,-9.3,3.0,2.4,270,,,0,-0.7
2026-01-07 21:00,-0.9,49,-10.2,2.8,2.5,270,,,3,-0.9
2026-01-07 22:00,-1.8,46,-11.9,2.5,1.9,270,,,0,-1.2
2026-01-07 23:00,-2.6,45,-12.9,2.3,2.0,270,,,0,-1.5
2026-01-08 00:00,-3.3,41,-14.7,2.0,1.5,270,,,0,-1.9
2026-01-08 01:00,-4.0,41,-15.3,1.9,1.2,50,,,0,-2.3
2026-01-08 02:00,-4.6,39,-16.4,1.7,1.2,20,,,0,-2.6
2026-01-08 03:00,-4.5,39,-16.3,1.7,0.8,230,,,0,-3.0
2026-01-08 04:00,-5.1,38,-17.2,1.6,0.9,360,,,0,-3.3
2026-01-08 05:00,-5.4,36,-18.1,1.5,1.2,270,,,0,-3.8
2026-01-08 06:00,-5.5,35,-18.5,1.4,1.2,270,,,0,-4.2
2026-01-08 07:00,-5.9,37,-18.2,1.5,2.3,270,,,0,-4.6
2026-01-08 08:00,-6.2,41,-17.3,1.6,1.0,270,0.0,0.0,0,-4.7
2026-01-08 09:00,-5.8,37,-18.1,1.5,1.8,270,0.1,0.3,0,-4.2
2026-01-08 10:00,-4.5,30,-19.5,1.3,1.8,250,0.92,1.0,0,-1.7
2026-01-08 11:00,-3.7,27,-20.0,1.3,1.9,270,1.58,1.0,0,0.1
2026-01-08 12:00,-2.7,24,-20.5,1.2,2.4,270,1.95,1.0,0,0.8
2026-01-08 13:00,-1.3,21,-20.8,1.2,1.8,270,2.12,1.0,0,1.6
2026-01-08 14:00,-0.8,19,-21.6,1.1,2.0,290,2.02,1.0,0,2.4
2026-01-08 15:00,-0.3,20,-20.6,1.2,2.4,270,1.82,1.0,0,2.5
2026-01-08 16:00,-0.4,23,-19.0,1.4,2.0,270,1.26,1.0,0,1.2
2026-01-08 17:00,-1.6,27,-18.2,1.5,1.2,270,0.46,0.7,0,0.0
2026-01-08 18:00,-2.3,34,-16.0,1.8,0.5,270,0.0,0.0,0,-0.5
2026-01-08 19:00,-2.8,39,-14.8,1.9,1.1,290,,,0,-0.9
2026-01-08 20:00,-3.3,40,-15.0,1.9,0.9,270,,,0,-1.3
2026-01-08 21:00,-3.6,41,-14.9,1.9,0.8,270,,,0,-1.6
2026-01-08 22:00,-3.8,42,-14.8,1.9,0.5,270,,,0,-2.1
2026-01-08 23:00,-4.5,45,-14.6,2.0,0.7,180,,,0,-2.6
2026-01-09 00:00,-5.0,44,-15.3,1.9,0.3,0,,,0,-3.1
2026-01-09 01:00,-5.3,46,-15.1,1.9,0.4,0,,,0,-3.5
2026-01-09 02:00,-6.6,55,-14.1,2.1,0.1,0,,,0,-3.8
2026-01-09 03:00,-6.5,58,-13.4,2.2,0.1,0,,,0,-4.0
2026-01-09 04:00,-7.2,60,-13.6,2.1,0.4,0,,,0,-4.2
2026-01-09 05:00,-7.0,60,-13.4,2.2,0.6,270,,,7,-4.0
2026-01-09 06:00,-6.2,56,-13.5,2.2,0.3,0,,,8,-3.4
2026-01-09 07:00,-5.9,56,-13.2,2.2,0.2,0,,,8,-3.0
2026-01-09 08:00,-6.7,62,-12.7,2.3,0.9,50,0.0,0.0,6,-3.5
2026-01-09 09:00,-5.3,59,-12.0,2.4,0.2,0,0.1,0.3,0,-3.3
2026-01-09 10:00,-2.9,54,-10.9,2.7,0.7,230,0.89,1.0,0,-1.2
2026-01-09 11:00,0.0,47,-9.9,2.9,0.5,250,1.49,1.0,0,0.5
2026-01-09 12:00,2.4,46,-8.0,3.3,1.1,270,1.8,0.9,7,1.7
2026-01-09 13:00,4.4,46,-6.2,3.8,2.2,270,1.37,0.3,9,2.4
2026-01-09 14:00,5.2,46,-5.5,4.1,2.2,250,1.06,0.1,9,3.2
2026-01-09 15:00,6.0,48,-4.2,4.5,2.7,270,1.0,0.2,9,2.8
2026-01-09 16:00,6.1,47,-4.3,4.4,1.8,270,0.6,0.1,9,2.8
2026-01-09 17:00,5.6,50,-4.0,4.5,1.6,250,0.05,0.0,9,1.0
2026-01-09 18:00,5.5,52,-3.5,4.7,1.4,230,0.0,0.0,9,0.5
2026-01-09 19:00,5.1,52,-3.9,4.6,1.8,200,,,7,0.0
2026-01-09 20:00,5.3,52,-3.7,4.6,1.8,230,,,10,0.5
2026-01-09 21:00,5.1,53,-3.7,4.6,1.7,250,,,8,-0.1
2026-01-09 22:00,5.4,53,-3.4,4.8,2.2,200,,,7,0.1
2026-01-09 23:00,5.5,55,-2.8,5.0,1.8,200,,,7,0.3
2026-01-10 00:00,5.6,57,-2.2,5.2,2.1,230,,,8,0.4
2026-01-10 01:00,5.8,58,-1.8,5.4,1.6,250,,,7,0.5
2026-01-10 02:00,6.5,58,-1.1,5.6,2.0,230,,,10,1.1
2026-01-10 03:00,6.6,61,-0.3,6.0,1.2,270,,,10,1.1
2026-01-10 04:00,6.8,62,0.0,6.1,2.1,270,,,10,1.5
2026-01-10 05:00,6.4,67,0.7,6.4,2.3,270,,,10,1.5
2026-01-10 06:00,6.3,70,1.2,6.7,1.4,270,,,10,1.7
2026-01-10 07:00,7.0,70,1.8,7.0,2.5,270,,,7,2.0
2026-01-10 08:00,7.5,67,1.7,6.9,3.5,270,0.0,0.0,9,2.4
2026-01-10 09:00,8.0,52,-1.2,5.6,3.6,270,0.09,0.0,6,3.0
2026-01-10 10:00,7.3,45,-3.8,4.6,4.0,270,0.4,0.2,6,3.9
2026-01-10 11:00,6.6,42,-5.4,4.1,5.0,270,0.88,0.4,6,4.7
2026-01-10 12:00,7.1,37,-6.6,3.7,3.7,270,1.32,0.6,7,7.0
2026-01-10 13:00,4.0,60,-3.0,4.9,4.1,270,0.53,0.1,8,4.1
2026-01-10 14:00,5.5,44,-5.8,4.0,3.1,290,0.87,0.2,8,6.0
2026-01-10 15:00,3.0,63,-3.3,4.8,3.9,270,0.48,0.0,9,4.5
2026-01-10 16:00,0.4,82,-2.3,5.2,3.4,270,0.37,0.1,10,1.7
2026-01-10 17:00,0.2,86,-1.8,5.4,1.7,270,0.0,0.0,9,1.1
2026-01-10 18:00,0.2,64,-5.8,4.0,2.5,270,0.0,0.0,9,0.8
2026-01-10 19:00,-0.9,67,-6.2,3.8,2.9,270,,,6,0.6
2026-01-10 20:00,-1.8,80,-4.8,4.3,2.4,290,,,9,0.6
2026-01-10 21:00,-2.4,81,-5.2,4.2,2.5,270,,,9,0.5
2026-01-10 22:00,-2.3,68,-7.4,3.5,3.1,270,,,9,0.5
2026-01-10 23:00,-2.3,59,-9.2,3.0,3.6,290,,,7,0.5
2026-01-11 00:00,-3.1,65,-8.7,3.2,2.2,270,,,5,0.4
2026-01-11 01:00,-3.3,57,-10.6,2.7,3.2,270,,,0,0.3
2026-01-11 02:00,-3.5,55,-11.2,2.6,1.8,270,,,0,0.2
2026-01-11 03:00,-4.4,54,-12.3,2.4,1.8,270,,,0,0.2
2026-01-11 04:00,-4.9,47,-14.5,2.0,2.1,270,,,0,0.1
2026-01-11 05:00,-5.4,47,-14.9,1.9,2.5,290,,,0,0.0
2026-01-11 06:00,-6.0,43,-16.5,1.7,0.6,230,,,5,-0.2
2026-01-11 07:00,-6.4,39,-18.1,1.5,0.7,140,,,4,-0.3
2026-01-11 08:00,-7.0,41,-18.0,1.5,0.6,90,0.0,0.0,0,-0.3
2026-01-11 09:00,-6.4,36,-19.0,1.4,1.5,70,0.14,0.3,0,-0.3
2026-01-11 10:00,-5.0,34,-18.4,1.4,1.4,290,0.94,1.0,0,0.0
2026-01-11 11:00,-4.2,32,-18.4,1.4,1.6,270,1.55,1.0,0,0.1
2026-01-11 12:00,-3.3,27,-19.6,1.3,2.4,290,1.94,1.0,0,0.2
2026-01-11 13:00,-2.6,28,-18.6,1.4,2.5,270,2.12,1.0,0,0.3
2026-01-11 14:00,-2.3,30,-17.5,1.6,3.0,270,2.0,1.0,0,0.4
2026-01-11 15:00,-2.5,36,-15.5,1.8,3.1,270,1.74,1.0,2,0.6
2026-01-11 16:00,-3.3,39,-15.3,1.9,2.5,290,1.05,0.8,1,0.6
2026-01-11 17:00,-4.4,42,-15.4,1.8,2.7,270,0.44,0.7,0,0.0
2026-01-11 18:00,-5.0,45,-15.1,1.9,2.7,270,0.0,0.0,0,-0.9
2026-01-11 19:00,-5.5,47,-15.0,1.9,1.2,270,,,0,-1.2
2026-01-11 20:00,-5.7,53,-13.7,2.1,1.5,270,,,0,-1.2
2026-01-11 21:00,-6.0,61,-12.3,2.4,1.8,270,,,0,-1.3
2026-01-11 22:00,-6.6,67,-11.7,2.5,1.4,250,,,0,-1.5
2026-01-11 23:00,-6.8,70,-11.3,2.6,1.9,270,,,0,-1.7
2026-01-12 00:00,-6.9,69,-11.6,2.5,1.3,290,,,0,-1.8
2026-01-12 01:00,-7.0,67,-12.1,2.4,1.1,270,,,0,-2.0
2026-01-12 02:00,-7.2,69,-11.9,2.5,0.4,0,,,0,-2.3
2026-01-12 03:00,-7.5,68,-12.3,2.4,1.1,270,,,0,-2.5
2026-01-12 04:00,-7.6,69,-12.3,2.4,0.4,0,,,5,-2.5
2026-01-12 05:00,-7.5,68,-12.3,2.4,1.0,140,,,8,-2.3
2026-01-12 06:00,-7.9,70,-12.4,2.4,0.0,0,,,2,-2.8
2026-01-12 07:00,-7.6,74,-11.4,2.6,0.4,0,,,9,-2.3
2026-01-12 08:00,-7.2,69,-11.9,2.5,0.6,140,0.0,0.0,6,-2.5
2026-01-12 09:00,-6.3,67,-11.4,2.6,0.5,180,0.15,0.3,0,-2.5
2026-01-12 10:00,-4.5,59,-11.3,2.6,0.9,110,0.9,1.0,0,-1.0
2026-01-12 11:00,-2.5,58,-9.6,3.0,0.7,230,1.44,1.0,1,-0.3
2026-01-12 12:00,-1.4,58,-8.6,3.2,0.7,270,1.15,0.2,8,0.2
2026-01-12 13:00,0.2,56,-7.5,3.5,2.0,290,1.55,0.8,8,0.4
2026-01-12 14:00,0.2,61,-6.4,3.8,1.7,270,0.46,0.0,9,0.2
2026-01-12 15:00,1.4,64,-4.6,4.3,0.5,180,0.44,0.0,6,0.6
2026-01-12 16:00,1.7,63,-4.6,4.3,2.1,230,0.33,0.0,9,0.3
2026-01-12 17:00,2.0,61,-4.7,4.3,1.0,250,0.13,0.0,7,0.1
2026-01-12 18:00,2.2,58,-5.2,4.2,0.2,0,0.0,0.0,9,0.1
2026-01-12 19:00,2.2,58,-5.2,4.2,0.3,0,,,10,0.1
2026-01-12 20:00,2.5,58,-4.9,4.2,0.4,0,,,10,0.1
2026-01-12 21:00,2.5,60,-4.4,4.4,0.7,230,,,9,0.1
2026-01-12 22:00,2.9,65,-3.0,4.9,0.6,250,,,9,0.1
2026-01-12 23:00,2.2,77,-1.4,5.5,1.2,290,,,10,0.1
2026-01-13 00:00,1.5,85,-0.7,5.8,0.8,270,,,10,0.1
2026-01-13 01:00,1.5,84,-0.9,5.7,1.5,250,,,10,0.1
2026-01-13 02:00,2.1,83,-0.4,5.9,1.8,270,,,8,0.1
2026-01-13 03:00,2.7,80,-0.4,5.9,1.6,270,,,7,0.1
2026-01-13 04:00,3.0,65,-2.9,4.9,1.4,270,,,3,0.0
2026-01-13 05:00,3.1,63,-3.2,4.8,1.8,270,,,5,0.0
2026-01-13 06:00,2.0,60,-4.9,4.2,1.9,270,,,2,-0.3
2026-01-13 07:00,1.1,66,-4.5,4.4,2.0,290,,,0,-0.5
2026-01-13 08:00,0.3,56,-7.4,3.5,1.9,270,0.0,0.0,0,-0.7
2026-01-13 09:00,0.3,42,-11.1,2.6,2.4,270,0.15,0.5,0,-0.7
2026-01-13 10:00,0.6,36,-12.7,2.3,2.7,290,0.94,1.0,0,-0.3
2026-01-13 11:00,1.4,30,-14.3,2.0,2.1,270,1.51,1.0,0,0.4
2026-01-13 12:00,2.0,31,-13.3,2.2,2.6,270,1.95,1.0,3,1.6
2026-01-13 13:00,1.7,40,-10.4,2.8,3.1,290,2.08,1.0,2,2.9
2026-01-13 14:00,1.6,40,-10.5,2.8,3.7,290,2.15,1.0,4,5.7
2026-01-13 15:00,1.5,38,-11.3,2.6,3.3,270,1.9,1.0,4,7.1
2026-01-13 16:00,0.2,41,-11.5,2.5,2.3,270,1.29,1.0,1,5.0
2026-01-13 17:00,-1.3,45,-11.7,2.5,2.3,290,0.54,0.8,0,0.7
2026-01-13 18:00,-2.1,48,-11.6,2.5,1.6,270,0.0,0.0,0,0.1
2026-01-13 19:00,-2.6,50,-11.6,2.5,1.9,270,,,0,-0.5
2026-01-13 20:00,-2.8,52,-11.3,2.6,2.0,270,,,0,-1.0
2026-01-13 21:00,-3.1,45,-13.3,2.2,2.5,270,,,0,-1.4
2026-01-13 22:00,-3.6,51,-12.2,2.4,0.7,270,,,0,-1.4
2026-01-13 23:00,-4.2,44,-14.6,2.0,2.3,270,,,0,-1.6
2026-01-14 00:00,-4.9,44,-15.3,1.9,0.7,270,,,0,-2.0
2026-01-14 01:00,-5.5,46,-15.3,1.9,0.6,270,,,0,-2.3
2026-01-14 02:00,-5.6,47,-15.1,1.9,1.1,270,,,0,-2.6
2026-01-14 03:00,-5.7,46,-15.5,1.8,1.3,270,,,0,-3.1
2026-01-14 04:00,-6.0,44,-16.3,1.7,0.4,0,,,0,-3.3
2026-01-14 05:00,-6.2,49,-15.1,1.9,0.6,290,,,0,-3.5
2026-01-14 06:00,-6.3,50,-15.0,1.9,0.4,0,,,0,-3.8
2026-01-14 07:00,-7.1,60,-13.5,2.2,0.6,270,,,0,-4.0
2026-01-14 08:00,-7.4,61,-13.6,2.1,1.1,50,0.0,0.0,0,-4.1
2026-01-14 09:00,-6.2,56,-13.5,2.2,0.8,20,0.12,0.5,0,-3.4
2026-01-14 10:00,-4.7,45,-14.8,1.9,1.4,70,0.88,1.0,0,-1.1
2026-01-14 11:00,-2.8,43,-13.6,2.1,0.7,140,1.43,1.0,0,0.2
2026-01-14 12:00,-0.4,26,-17.6,1.5,1.4,140,1.78,1.0,0,0.8
2026-01-14 13:00,1.2,28,-15.3,1.9,1.0,230,1.96,1.0,0,1.7
2026-01-14 14:00,2.1,29,-14.1,2.1,1.3,340,1.75,1.0,2,3.0
2026-01-14 15:00,2.8,32,-12.3,2.4,1.3,290,1.51,1.0,2,3.4
2026-01-14 16:00,2.4,29,-13.8,2.1,1.5,70,0.54,0.4,9,0.8
2026-01-14 17:00,2.2,32,-12.8,2.3,1.9,50,0.04,0.0,9,0.0
2026-01-14 18:00,2.1,33,-12.5,2.3,1.9,70,0.0,0.0,9,0.1
2026-01-14 19:00,2.0,33,-12.6,2.3,1.3,70,,,10,0.1
2026-01-14 20:00,1.7,36,-11.8,2.5,1.5,50,,,8,0.1
2026-01-14 21:00,1.8,37,-11.3,2.6,0.2,0,,,9,0.1
2026-01-14 22:00,1.7,39,-10.8,2.7,1.1,50,,,8,0.1
2026-01-14 23:00,1.7,40,-10.4,2.8,1.3,50,,,9,0.1
2026-01-15 00:00,1.7,42,-9.8,2.9,1.9,50,,,9,0.0
2026-01-15 01:00,2.0,42,-9.5,3.0,1.7,70,,,10,0.1
2026-01-15 02:00,2.2,44,-8.8,3.1,0.6,160,,,8,0.1
2026-01-15 03:00,2.4,44,-8.6,3.2,0.3,0,,,8,0.1
2026-01-15 04:00,2.0,48,-7.8,3.4,0.3,0,,,9,0.1
2026-01-15 05:00,2.2,48,-7.6,3.5,0.3,0,,,8,0.1
2026-01-15 06:00,2.7,48,-7.2,3.6,0.3,0,,,7,0.1
2026-01-15 07:00,3.1,53,-5.5,4.1,0.8,250,,,9,0.1
2026-01-15 08:00,3.5,59,-3.7,4.6,0.0,0,0.0,0.0,5,0.1
2026-01-15 09:00,4.8,58,-2.7,5.0,0.4,0,0.14,0.0,1,0.1
2026-01-15 10:00,6.0,60,-1.1,5.6,1.2,50,0.22,0.0,10,1.1
2026-01-15 11:00,9.3,63,2.6,7.4,0.1,0,0.71,0.5,2,5.9
2026-01-15 12:00,11.0,65,4.6,8.5,0.4,0,0.83,0.3,9,8.0
2026-01-15 13:00,13.0,59,5.1,8.8,2.6,270,1.26,0.5,8,12.3
2026-01-15 14:00,12.3,59,4.5,8.4,2.0,270,0.69,0.0,8,10.6
2026-01-15 15:00,12.3,56,3.7,8.0,2.3,290,0.97,0.3,2,11.0
2026-01-15 16:00,11.3,59,3.5,7.8,1.6,290,0.79,0.7,0,10.1
2026-01-15 17:00,10.5,61,3.2,7.7,0.8,290,0.37,0.5,0,7.5
2026-01-15 18:00,8.8,66,2.7,7.4,0.8,290,0.0,0.0,0,4.8
2026-01-15 19:00,7.8,66,1.8,7.0,1.6,290,,,0,3.4
2026-01-15 20:00,6.5,71,1.6,6.9,1.8,270,,,0,2.5
2026-01-15 21:00,5.3,77,1.5,6.8,0.7,270,,,0,1.3
2026-01-15 22:00,4.4,81,1.4,6.8,0.6,200,,,0,0.6
2026-01-15 23:00,4.0,81,1.0,6.6,1.0,270,,,0,0.2
2026-01-16 00:00,3.6,81,0.6,6.4,0.2,0,,,0,0.4
2026-01-16 01:00,3.5,80,0.3,6.2,0.3,0,,,0,0.8
2026-01-16 02:00,2.9,81,0.0,6.1,0.5,230,,,0,0.2
2026-01-16 03:00,1.7,85,-0.5,5.9,0.7,180,,,0,0.2
2026-01-16 04:00,1.2,86,-0.8,5.8,0.5,160,,,0,0.0
2026-01-16 05:00,-0.5,89,-2.0,5.3,0.4,0,,,0,-0.3
2026-01-16 06:00,-0.7,92,-1.8,5.4,0.3,0,,,10,-0.4
2026-01-16 07:00,-0.2,92,-1.3,5.6,1.6,70,,,10,0.0
2026-01-16 08:00,-0.5,92,-1.6,5.4,2.2,50,0.0,0.0,10,0.0
2026-01-16 09:00,-0.7,93,-1.6,5.4,1.5,70,0.0,0.0,10,0.0
2026-01-16 10:00,-0.7,93,-1.6,5.4,1.9,70,0.14,0.0,10,0.1
2026-01-16 11:00,0.2,92,-0.9,5.7,2.1,50,0.32,0.0,10,1.7
2026-01-16 12:00,0.7,90,-0.7,5.8,1.4,70,0.51,0.0,10,4.0
2026-01-16 13:00,1.6,86,-0.4,5.9,1.7,90,0.74,0.0,10,5.6
2026-01-16 14:00,3.8,74,-0.4,5.9,1.0,270,1.36,0.4,0,10.1
2026-01-16 15:00,6.3,60,-0.9,5.7,0.6,180,1.6,1.0,0,12.2
2026-01-16 16:00,7.4,54,-1.3,5.6,0.5,110,1.15,1.0,0,10.3
2026-01-16 17:00,7.0,59,-0.4,5.9,0.6,290,0.5,0.9,0,6.6
2026-01-16 18:00,5.7,65,-0.3,6.0,0.7,290,0.0,0.0,0,3.2
2026-01-16 19:00,4.8,68,-0.6,5.8,0.2,0,,,0,1.3
2026-01-16 20:00,4.0,71,-0.7,5.8,0.0,0,,,0,0.3
2026-01-16 21:00,3.3,75,-0.7,5.8,0.8,290,,,0,0.3
2026-01-16 22:00,2.5,77,-1.1,5.6,0.2,0,,,0,0.1
2026-01-16 23:00,2.0,79,-1.2,5.6,0.4,0,,,0,-0.2
2026-01-17 00:00,1.7,80,-1.3,5.6,0.3,0,,,0,-0.3
2026-01-17 01:00,1.2,80,-1.8,5.4,0.3,0,,,9,0.0
2026-01-17 02:00,2.3,77,-1.3,5.6,0.6,270,,,9,0.1
2026-01-17 03:00,3.0,78,-0.4,5.9,0.9,250,,,10,0.3
2026-01-17 04:00,2.7,81,-0.2,6.0,1.1,270,,,7,0.4
2026-01-17 05:00,2.2,82,-0.5,5.9,1.3,270,,,8,0.4
2026-01-17 06:00,2.2,80,-0.8,5.8,1.1,270,,,9,0.5
2026-01-17 07:00,1.5,76,-2.2,5.2,1.5,270,,,7,0.3
2026-01-17 08:00,0.5,76,-3.2,4.8,1.1,270,0.0,0.0,9,0.3
2026-01-17 09:00,0.6,73,-3.6,4.7,1.6,270,0.11,0.0,8,0.6
2026-01-17 10:00,0.9,68,-4.3,4.4,1.7,270,0.63,0.2,7,2.7
2026-01-17 11:00,2.4,62,-4.1,4.5,1.4,270,1.21,0.6,1,6.2
2026-01-17 12:00,3.1,52,-5.8,4.0,1.2,320,1.78,1.0,0,9.4
2026-01-17 13:00,4.3,42,-7.5,3.5,0.9,340,2.0,1.0,0,11.8
2026-01-17 14:00,5.0,35,-9.2,3.0,1.2,180,1.96,1.0,0,12.8
2026-01-17 15:00,6.7,30,-9.6,3.0,1.3,180,1.67,1.0,0,12.6
2026-01-17 16:00,6.7,30,-9.6,3.0,1.5,270,1.24,1.0,0,9.8
2026-01-17 17:00,6.0,26,-12.1,2.4,0.8,320,0.54,0.9,0,6.0
2026-01-17 18:00,4.1,36,-9.6,3.0,0.7,270,0.01,0.0,0,2.6
2026-01-17 19:00,3.1,42,-8.5,3.2,1.3,270,,,0,0.8
2026-01-17 20:00,1.7,47,-8.4,3.2,1.1,50,,,0,0.5
2026-01-17 21:00,1.0,51,-8.0,3.3,0.6,270,,,0,0.0
2026-01-17 22:00,0.3,54,-7.9,3.4,0.0,0,,,0,-0.5
2026-01-17 23:00,-0.7,58,-7.9,3.4,0.2,0,,,0,-0.9
2026-01-18 00:00,-0.9,60,-7.7,3.4,0.6,70,,,0,-1.0
2026-01-18 01:00,-1.3,63,-7.4,3.5,0.3,0,,,0,-1.3
2026-01-18 02:00,-1.8,63,-7.9,3.4,1.1,70,,,0,-1.3
2026-01-18 03:00,-1.8,64,-7.7,3.4,0.4,0,,,0,-1.5
2026-01-18 04:00,-2.6,69,-7.5,3.5,0.4,0,,,0,-1.7
2026-01-18 05:00,-3.3,73,-7.4,3.5,0.7,50,,,0,-1.8
2026-01-18 06:00,-2.5,67,-7.7,3.4,0.9,90,,,0,-1.8
2026-01-18 07:00,-2.7,69,-7.6,3.5,1.1,320,,,0,-1.9
2026-01-18 08:00,-3.3,72,-7.6,3.5,0.7,70,0.0,0.0,1,-1.7
2026-01-18 09:00,-1.9,65,-7.6,3.5,1.4,70,0.18,0.2,8,-0.6
2026-01-18 10:00,-0.7,63,-6.8,3.7,0.7,290,0.52,0.3,9,0.1
2026-01-18 11:00,-0.7,60,-7.5,3.5,2.3,50,0.42,0.0,10,0.2
2026-01-18 12:00,0.5,59,-6.6,3.7,2.0,50,0.4,0.0,10,0.3
2026-01-18 13:00,1.4,53,-7.1,3.6,2.7,50,0.65,0.0,9,0.6
2026-01-18 14:00,2.5,49,-7.1,3.6,2.6,50,0.74,0.0,9,1.0
2026-01-18 15:00,4.0,45,-6.8,3.7,2.4,50,1.16,0.7,0,2.4
2026-01-18 16:00,4.4,47,-5.9,3.9,1.4,70,0.87,1.0,0,3.7
2026-01-18 17:00,4.0,47,-6.3,3.8,2.5,90,0.38,0.6,2,2.2
2026-01-18 18:00,3.7,47,-6.5,3.8,1.5,70,0.02,0.0,9,1.6
2026-01-18 19:00,3.3,46,-7.2,3.6,1.7,70,,,9,1.1
2026-01-18 20:00,3.4,47,-6.8,3.7,1.5,50,,,10,1.0
2026-01-18 21:00,3.3,45,-7.5,3.5,1.2,70,,,10,1.1
2026-01-18 22:00,3.5,43,-7.9,3.4,1.4,70,,,10,1.1
2026-01-18 23:00,3.4,43,-8.0,3.3,1.5,50,,,10,1.1
2026-01-19 00:00,3.2,43,-8.2,3.3,1.7,50,,,10,1.1
2026-01-19 01:00,3.0,45,-7.8,3.4,1.1,70,,,10,1.2
2026-01-19 02:00,2.9,46,-7.6,3.5,0.3,0,,,10,1.2
2026-01-19 03:00,2.7,57,-4.9,4.2,0.6,270,,,10,1.2
2026-01-19 04:00,1.7,75,-2.2,5.2,1.1,270,,,10,1.2
2026-01-19 05:00,0.8,82,-1.9,5.3,1.7,270,,,10,1.0
2026-01-19 06:00,0.5,82,-2.2,5.2,1.8,270,,,10,0.6
2026-01-19 07:00,0.1,84,-2.2,5.2,1.3,270,,,10,0.6
2026-01-19 08:00,-0.3,79,-3.5,4.7,2.0,270,0.0,0.0,10,0.6
2026-01-19 09:00,-0.5,74,-4.5,4.4,2.0,270,0.03,0.0,9,0.8
2026-01-19 10:00,-0.3,63,-6.5,3.8,1.9,270,0.53,0.1,7,2.4
2026-01-19 11:00,0.3,59,-6.7,3.7,2.3,270,1.07,0.6,8,4.3
2026-01-19 12:00,0.6,56,-7.1,3.6,3.1,270,1.25,0.4,8,6.5
2026-01-19 13:00,0.3,53,-8.1,3.3,2.8,290,1.69,0.9,7,7.3
2026-01-19 14:00,0.1,49,-9.3,3.0,2.8,290,1.64,0.9,5,7.4
2026-01-19 15:00,-1.0,52,-9.6,3.0,3.4,290,1.32,0.9,5,6.0
2026-01-19 16:00,-1.2,50,-10.3,2.8,2.4,270,0.65,0.5,6,3.5
2026-01-19 17:00,-2.6,44,-13.2,2.2,2.2,270,0.25,0.0,8,0.8
2026-01-19 18:00,-3.5,41,-14.8,1.9,2.2,290,0.0,0.0,9,0.1
2026-01-19 19:00,-4.0,45,-14.2,2.0,2.2,290,,,8,-0.5
2026-01-19 20:00,-4.6,45,-14.7,2.0,2.0,270,,,8,-1.2
2026-01-19 21:00,-5.5,42,-16.4,1.7,1.2,270,,,0,-1.3
2026-01-19 22:00,-6.1,40,-17.5,1.6,1.6,270,,,0,-1.7
2026-01-19 23:00,-6.8,42,-17.5,1.6,2.0,290,,,0,-0.7
2026-01-20 00:00,-7.5,39,-19.1,1.4,2.0,270,,,0,-2.5
2026-01-20 01:00,-7.9,43,-18.3,1.5,1.9,270,,,10,-2.6
2026-01-20 02:00,-8.2,43,-18.5,1.4,2.1,270,,,10,-2.4
2026-01-20 03:00,-8.2,43,-18.5,1.4,1.6,270,,,9,-2.5
2026-01-20 04:00,-8.4,41,-19.3,1.3,1.9,270,,,10,-3.0
2026-01-20 05:00,-8.7,40,-19.8,1.3,1.7,270,,,8,-3.3
2026-01-20 06:00,-8.9,43,-19.2,1.3,1.5,270,,,7,-3.8
2026-01-20 07:00,-9.2,43,-19.5,1.3,1.8,270,,,8,-4.2
2026-01-20 08:00,-9.2,45,-18.9,1.4,0.8,140,0.0,0.0,8,-4.3
2026-01-20 09:00,-8.7,45,-18.5,1.4,0.7,250,0.12,0.0,8,-3.6
2026-01-20 10:00,-7.5,40,-18.8,1.4,1.8,70,0.79,1.0,6,-1.8
2026-01-20 11:00,-6.7,37,-19.0,1.4,1.7,290,1.36,1.0,7,-0.5
2026-01-20 12:00,-5.3,32,-19.4,1.3,1.6,290,1.86,1.0,4,0.4
2026-01-20 13:00,-3.8,30,-18.8,1.4,2.0,290,2.15,1.0,3,1.2
2026-01-20 14:00,-2.9,27,-19.3,1.3,1.9,250,2.14,1.0,0,2.5
2026-01-20 15:00,-2.8,27,-19.2,1.3,1.7,270,1.84,1.0,0,2.9
2026-01-20 16:00,-2.3,29,-17.9,1.5,2.0,270,1.34,1.0,0,1.2
2026-01-20 17:00,-3.6,35,-16.8,1.6,2.4,270,0.7,0.9,0,-0.2
2026-01-20 18:00,-4.9,43,-15.5,1.8,1.2,270,0.01,0.0,0,-0.7
2026-01-20 19:00,-5.9,49,-14.9,1.9,1.0,270,,,0,-1.1
2026-01-20 20:00,-6.5,53,-14.5,2.0,1.2,270,,,0,-1.3
2026-01-20 21:00,-6.9,59,-13.5,2.2,1.6,250,,,0,-2.1
2026-01-20 22:00,-7.0,58,-13.8,2.1,1.4,270,,,0,-2.8
2026-01-20 23:00,-7.1,56,-14.4,2.0,0.9,270,,,0,-3.3
2026-01-21 00:00,-7.2,55,-14.7,2.0,0.8,250,,,0,-3.8
2026-01-21 01:00,-7.4,53,-15.3,1.9,1.4,250,,,0,-3.8
2026-01-21 02:00,-7.8,55,-15.2,1.9,1.3,270,,,0,-4.4
2026-01-21 03:00,-8.0,60,-14.4,2.0,1.7,270,,,2,-4.6
2026-01-21 04:00,-8.4,59,-14.9,1.9,1.5,270,,,1,-5.0
2026-01-21 05:00,-8.9,63,-14.6,2.0,0.8,250,,,1,-5.2
2026-01-21 06:00,-9.0,65,-14.3,2.0,1.3,250,,,6,-5.2
2026-01-21 07:00,-9.3,61,-15.4,1.8,1.3,290,,,3,-5.6
2026-01-21 08:00,-9.4,57,-16.3,1.7,0.9,110,0.0,0.0,0,-5.6
2026-01-21 09:00,-9.0,57,-15.9,1.8,1.7,270,0.18,0.5,0,-5.1
2026-01-21 10:00,-7.5,54,-15.2,1.9,2.3,270,1.05,1.0,0,-2.5
2026-01-21 11:00,-6.0,47,-15.5,1.8,2.4,270,1.71,1.0,2,-0.5
2026-01-21 12:00,-5.0,42,-15.9,1.8,2.4,270,2.07,1.0,2,0.4
2026-01-21 13:00,-4.0,40,-15.6,1.8,2.3,270,2.2,1.0,2,1.6
2026-01-21 14:00,-5.1,46,-14.9,1.9,3.1,290,1.84,0.9,2,1.3
2026-01-21 15:00,-5.1,43,-15.7,1.8,3.2,290,1.79,1.0,2,0.6
2026-01-21 16:00,-5.4,40,-16.9,1.6,3.2,290,1.29,1.0,0,0.1
2026-01-21 17:00,-6.0,49,-15.0,1.9,2.9,290,0.64,0.9,0,-0.5
2026-01-21 18:00,-6.5,54,-14.2,2.0,1.4,270,0.01,0.0,2,-0.9
2026-01-21 19:00,-6.7,51,-15.1,1.9,1.8,270,,,0,-0.7
2026-01-21 20:00,-7.0,50,-15.6,1.8,1.5,290,,,1,-2.1
2026-01-21 21:00,-7.2,51,-15.6,1.8,1.8,270,,,3,-3.3
2026-01-21 22:00,-7.5,59,-14.1,2.1,1.6,270,,,1,-3.9
2026-01-21 23:00,-7.5,66,-12.7,2.3,1.8,270,,,9,-3.5
2026-01-22 00:00,-8.5,72,-12.6,2.3,1.6,270,,,8,-2.6
2026-01-22 01:00,-9.3,61,-15.4,1.8,2.9,290,,,1,-3.1
2026-01-22 02:00,-10.1,51,-18.3,1.5,0.7,200,,,1,-3.8
2026-01-22 03:00,-10.7,46,-20.1,1.2,1.2,160,,,0,-4.4
2026-01-22 04:00,-10.9,47,-20.0,1.3,1.3,290,,,0,-4.9
2026-01-22 05:00,-11.4,50,-19.7,1.3,1.4,270,,,0,-5.4
2026-01-22 06:00,-11.4,53,-19.0,1.4,1.4,270,,,0,-5.7
2026-01-22 07:00,-11.4,54,-18.8,1.4,1.5,270,,,0,-6.0
2026-01-22 08:00,-11.2,52,-19.1,1.4,1.4,270,0.0,0.0,0,-6.2
2026-01-22 09:00,-10.0,50,-18.4,1.4,1.5,270,0.23,0.6,0,-5.5
2026-01-22 10:00,-8.7,40,-19.8,1.3,2.9,290,1.07,1.0,0,-3.1
2026-01-22 11:00,-7.3,37,-19.5,1.3,2.4,270,1.71,1.0,0,-0.9
2026-01-22 12:00,-5.2,32,-19.3,1.3,2.9,270,2.1,1.0,0,0.5
2026-01-22 13:00,-4.4,33,-18.2,1.5,2.6,270,2.27,1.0,0,1.5
2026-01-22 14:00,-3.9,35,-17.1,1.6,2.9,290,2.08,0.9,0,1.7
2026-01-22 15:00,-3.3,39,-15.3,1.9,2.2,290,1.56,0.8,2,2.6
2026-01-22 16:00,-4.5,45,-14.6,2.0,3.3,270,0.8,0.5,3,-0.2
2026-01-22 17:00,-4.9,45,-15.0,1.9,2.3,290,0.28,0.4,1,-0.5
2026-01-22 18:00,-5.5,49,-14.5,2.0,1.7,290,0.0,0.0,0,-1.3
2026-01-22 19:00,-6.0,51,-14.5,2.0,1.2,270,,,0,-1.9
2026-01-22 20:00,-6.4,54,-14.1,2.1,1.3,270,,,0,-3.0
2026-01-22 21:00,-6.4,55,-13.9,2.1,0.3,0,,,0,-3.8
2026-01-22 22:00,-6.7,57,-13.8,2.1,0.8,250,,,0,-4.4
2026-01-22 23:00,-6.5,58,-13.4,2.2,1.1,270,,,0,-4.5
2026-01-23 00:00,-6.9,60,-13.3,2.2,1.0,270,,,0,-5.0
2026-01-23 01:00,-7.4,62,-13.4,2.2,1.0,270,,,0,-5.4
2026-01-23 02:00,-7.7,65,-13.1,2.2,0.3,0,,,0,-5.5
2026-01-23 03:00,-7.5,66,-12.7,2.3,0.1,0,,,2,-5.2
2026-01-23 04:00,-8.2,68,-13.0,2.3,0.2,0,,,0,-5.7
2026-01-23 05:00,-8.9,71,-13.2,2.2,0.2,0,,,0,-6.0
2026-01-23 06:00,-9.4,75,-13.0,2.3,0.2,0,,,0,-6.2
2026-01-23 07:00,-9.7,75,-13.3,2.2,0.5,270,,,0,-6.5
2026-01-23 08:00,-9.0,72,-13.1,2.2,0.7,200,0.0,0.0,0,-6.2
2026-01-23 09:00,-8.2,72,-12.3,2.4,0.3,0,0.25,0.6,0,-4.9
2026-01-23 10:00,-6.5,55,-14.0,2.1,1.0,270,1.03,1.0,0,-2.3
2026-01-23 11:00,-4.6,46,-14.4,2.0,1.2,250,1.51,1.0,0,-0.3
2026-01-23 12:00,-2.6,33,-16.6,1.7,1.4,270,1.88,1.0,0,1.2
2026-01-23 13:00,-1.3,32,-15.9,1.8,1.0,290,2.06,1.0,2,3.2
2026-01-23 14:00,-0.2,33,-14.5,2.0,1.3,250,1.75,0.7,7,3.5
2026-01-23 15:00,1.0,35,-12.7,2.3,1.0,200,1.41,0.8,6,3.2
2026-01-23 16:00,0.4,38,-12.3,2.4,1.6,250,0.83,0.4,7,1.5
2026-01-23 17:00,0.2,41,-11.5,2.5,1.5,290,0.21,0.0,9,-0.3
2026-01-23 18:00,0.1,47,-9.9,2.9,1.1,250,0.0,0.0,9,0.0
2026-01-23 19:00,-1.2,67,-6.5,3.8,2.0,270,,,8,-0.3
2026-01-23 20:00,-1.5,70,-6.2,3.8,1.6,270,,,5,-0.5
2026-01-23 21:00,-1.9,71,-6.4,3.8,1.1,270,,,3,-0.9
2026-01-23 22:00,-2.1,72,-6.4,3.8,0.9,290,,,0,-1.2
2026-01-23 23:00,-2.6,73,-6.7,3.7,0.3,0,,,0,-1.4
2026-01-24 00:00,-2.6,73,-6.7,3.7,1.1,290,,,6,-1.3
2026-01-24 01:00,-2.8,82,-5.4,4.1,0.8,250,,,9,-0.9
2026-01-24 02:00,-2.8,86,-4.8,4.3,1.1,250,,,9,-0.7
2026-01-24 03:00,-2.3,87,-4.1,4.5,1.0,250,,,9,-0.7
2026-01-24 04:00,-2.9,59,-9.8,2.9,2.0,290,,,4,-0.9
2026-01-24 05:00,-4.5,54,-12.4,2.4,2.3,270,,,0,-1.3
2026-01-24 06:00,-5.6,53,-13.6,2.1,1.4,270,,,0,-1.8
2026-01-24 07:00,-6.1,53,-14.1,2.1,1.1,270,,,0,-2.1
2026-01-24 08:00,-6.1,54,-13.9,2.1,1.2,270,0.0,0.0,0,-2.5
2026-01-24 09:00,-5.5,50,-14.3,2.0,1.5,270,0.07,0.3,0,-2.3
2026-01-24 10:00,-4.4,47,-14.0,2.1,1.7,270,0.85,1.0,0,-1.2
2026-01-24 11:00,-3.6,30,-18.7,1.4,2.1,290,1.72,1.0,0,-0.4
2026-01-24 12:00,-2.9,27,-19.3,1.3,2.4,290,2.14,1.0,0,1.2
2026-01-24 13:00,-2.1,29,-17.7,1.5,1.8,290,2.27,1.0,0,3.2
2026-01-24 14:00,-1.3,28,-17.5,1.6,2.3,290,2.18,1.0,0,4.4
2026-01-24 15:00,-0.6,29,-16.4,1.7,2.5,270,1.9,1.0,0,4.0
2026-01-24 16:00,-1.2,32,-15.8,1.8,2.6,290,1.39,1.0,0,2.0
2026-01-24 17:00,-2.0,36,-15.1,1.9,1.7,270,0.71,1.0,0,-0.2
2026-01-24 18:00,-2.8,41,-14.2,2.0,1.1,290,0.02,0.0,0,-0.7
2026-01-24 19:00,-3.1,45,-13.3,2.2,1.5,270,,,0,-1.1
2026-01-24 20:00,-3.7,49,-12.8,2.3,0.8,270,,,0,-1.4
2026-01-24 21:00,-3.8,50,-12.7,2.3,0.8,270,,,2,-1.8
2026-01-24 22:00,-4.1,52,-12.5,2.3,1.2,290,,,0,-2.0
2026-01-24 23:00,-4.0,54,-11.9,2.5,1.1,270,,,8,-2.1
2026-01-25 00:00,-4.4,59,-11.2,2.6,1.0,270,,,0,-2.9
2026-01-25 01:00,-4.2,53,-12.3,2.4,1.6,270,,,0,-3.5
2026-01-25 02:00,-5.1,47,-14.6,2.0,0.8,180,,,0,-4.0
2026-01-25 03:00,-5.6,34,-19.0,1.4,0.9,270,,,0,-4.7
2026-01-25 04:00,-6.0,34,-19.3,1.3,1.0,270,,,0,-5.1
2026-01-25 05:00,-6.7,37,-19.0,1.4,1.5,270,,,0,-5.5
2026-01-25 06:00,-7.0,39,-18.6,1.4,1.0,270,,,0,-5.9
2026-01-25 07:00,-7.4,41,-18.4,1.4,0.9,270,,,0,-6.0
2026-01-25 08:00,-7.5,44,-17.6,1.5,0.5,110,0.0,0.0,0,-6.0
2026-01-25 09:00,-6.0,43,-16.5,1.7,0.5,290,0.3,0.7,0,-4.6
2026-01-25 10:00,-4.3,40,-15.9,1.8,1.0,290,1.07,1.0,0,-1.8
2026-01-25 11:00,-4.1,39,-16.0,1.8,1.8,250,1.68,1.0,0,0.2
2026-01-25 12:00,-2.5,34,-16.2,1.7,1.7,290,2.1,1.0,0,1.7
2026-01-25 13:00,-1.9,31,-16.8,1.6,1.3,270,2.25,1.0,0,3.7
2026-01-25 14:00,-0.1,26,-17.3,1.6,1.9,270,2.2,1.0,0,4.9
2026-01-25 15:00,0.2,22,-19.0,1.4,1.6,270,1.9,1.0,0,5.1
2026-01-25 16:00,-0.5,25,-18.1,1.5,2.4,270,1.43,1.0,2,3.0
2026-01-25 17:00,-1.8,27,-18.3,1.5,1.7,230,0.71,0.9,1,-0.1
2026-01-25 18:00,-3.3,44,-13.8,2.1,1.5,250,0.01,0.1,1,-0.7
2026-01-25 19:00,-4.5,46,-14.3,2.0,2.8,70,,,0,-1.2
2026-01-25 20:00,-4.8,48,-14.1,2.1,2.1,270,,,0,-1.7
2026-01-25 21:00,-4.9,49,-13.9,2.1,1.0,270,,,0,-2.0
2026-01-25 22:00,-5.5,49,-14.5,2.0,1.4,70,,,10,-2.5
2026-01-25 23:00,-5.7,51,-14.2,2.0,1.0,20,,,10,-3.0
2026-01-26 00:00,-6.6,57,-13.7,2.1,0.4,0,,,0,-3.8
2026-01-26 01:00,-6.7,57,-13.8,2.1,0.8,160,,,10,-4.2
2026-01-26 02:00,-8.0,63,-13.8,2.1,0.6,270,,,10,-4.7
2026-01-26 03:00,-8.5,63,-14.2,2.0,0.1,0,,,0,-5.1
2026-01-26 04:00,-7.9,62,-13.9,2.1,0.1,0,,,0,-5.1
2026-01-26 05:00,-7.9,62,-13.9,2.1,1.0,70,,,0,-5.1
2026-01-26 06:00,-9.0,63,-14.7,2.0,0.2,0,,,0,-5.6
2026-01-26 07:00,-9.2,67,-14.2,2.0,0.3,0,,,0,-5.9
2026-01-26 08:00,-8.4,67,-13.4,2.2,0.9,140,0.0,0.0,7,-5.6
2026-01-26 09:00,-7.7,63,-13.5,2.2,1.5,50,0.23,0.5,5,-4.4
2026-01-26 10:00,-6.3,61,-12.6,2.3,0.5,320,0.65,0.4,9,-1.8
2026-01-26 11:00,-4.6,58,-11.6,2.5,0.6,200,1.16,0.6,4,-0.2
2026-01-26 12:00,-2.5,50,-11.5,2.5,0.7,270,1.7,0.9,4,0.8
2026-01-26 13:00,-1.2,45,-11.6,2.5,0.8,140,1.52,0.4,8,2.8
2026-01-26 14:00,0.2,40,-11.8,2.5,1.4,340,1.7,0.8,5,3.6
2026-01-26 15:00,0.8,39,-11.6,2.5,1.5,270,1.1,0.2,2,2.5
2026-01-26 16:00,1.1,34,-13.0,2.3,1.7,270,1.04,1.0,6,2.3
2026-01-26 17:00,0.4,42,-11.0,2.6,1.3,270,0.42,0.2,8,0.0
2026-01-26 18:00,-0.1,42,-11.5,2.5,1.7,270,0.03,0.0,8,-0.3
2026-01-26 19:00,-0.7,49,-10.1,2.8,1.8,290,,,9,-0.5
2026-01-26 20:00,-1.3,37,-14.1,2.1,0.9,290,,,9,-0.7
2026-01-26 21:00,-1.7,43,-12.6,2.3,0.7,270,,,9,-0.8
2026-01-26 22:00,-1.8,54,-9.8,2.9,1.9,320,,,10,-0.7
2026-01-26 23:00,-2.0,57,-9.3,3.0,0.9,270,,,10,-1.2
2026-01-27 00:00,-1.9,57,-9.3,3.0,1.0,270,,,9,-0.9
2026-01-27 01:00,-1.8,58,-8.9,3.1,0.9,270,,,10,-0.9
2026-01-27 02:00,-1.8,63,-7.9,3.4,1.1,270,,,10,-0.9
2026-01-27 03:00,-2.9,78,-6.2,3.8,1.3,270,,,10,-0.9
2026-01-27 04:00,-3.3,81,-6.1,3.9,1.0,270,,,1,-1.4
2026-01-27 05:00,-3.3,66,-8.7,3.2,1.9,270,,,0,-1.5
2026-01-27 06:00,-4.1,65,-9.7,2.9,1.9,270,,,0,-2.6
2026-01-27 07:00,-4.5,60,-11.1,2.6,0.7,290,,,0,-3.3
2026-01-27 08:00,-4.7,59,-11.5,2.5,0.9,270,0.0,0.0,0,-3.6
2026-01-27 09:00,-3.8,52,-12.2,2.4,1.7,290,0.31,0.7,0,-2.9
2026-01-27 10:00,-2.8,48,-12.3,2.4,2.8,270,1.06,1.0,0,-1.2
2026-01-27 11:00,-1.3,38,-13.8,2.1,2.5,270,1.69,1.0,0,0.5
2026-01-27 12:00,-0.6,33,-14.9,1.9,2.6,270,2.11,1.0,0,2.4
2026-01-27 13:00,0.1,33,-14.3,2.0,2.1,290,2.27,1.0,0,4.6
2026-01-27 14:00,0.3,29,-15.7,1.8,2.4,290,2.21,1.0,0,6.1
2026-01-27 15:00,0.6,29,-15.4,1.8,2.7,270,1.94,1.0,0,6.1
2026-01-27 16:00,-0.4,29,-16.3,1.7,3.4,270,1.47,1.0,0,3.6
2026-01-27 17:00,-1.2,32,-15.8,1.8,2.4,270,0.72,0.9,0,-0.3
2026-01-27 18:00,-2.3,37,-15.0,1.9,2.3,290,0.03,0.1,0,-0.7
2026-01-27 19:00,-3.2,41,-14.6,2.0,1.5,270,,,0,-1.2
2026-01-27 20:00,-3.5,46,-13.4,2.2,1.2,270,,,0,-1.6
2026-01-27 21:00,-3.7,46,-13.6,2.1,0.7,250,,,0,-1.8
2026-01-27 22:00,-3.8,46,-13.7,2.1,0.9,250,,,0,-2.3
2026-01-27 23:00,-4.0,46,-13.9,2.1,1.6,270,,,8,-2.8
2026-01-28 00:00,-4.6,49,-13.7,2.1,1.8,290,,,1,-3.3
2026-01-28 01:00,-5.5,47,-15.0,1.9,1.8,270,,,4,-3.6
2026-01-28 02:00,-6.2,44,-16.4,1.7,2.1,290,,,8,-4.0
2026-01-28 03:00,-7.0,45,-16.9,1.6,1.2,270,,,3,-4.5
2026-01-28 04:00,-7.4,43,-17.8,1.5,0.8,270,,,0,-5.0
2026-01-28 05:00,-7.4,40,-18.7,1.4,1.7,270,,,0,-5.5
2026-01-28 06:00,-7.5,41,-18.5,1.4,1.3,270,,,0,-5.7
2026-01-28 07:00,-7.7,44,-17.8,1.5,0.8,270,,,0,-6.0
2026-01-28 08:00,-7.5,42,-18.2,1.5,0.9,250,0.0,0.0,0,-5.9
2026-01-28 09:00,-6.4,38,-18.4,1.4,1.3,250,0.37,0.8,0,-4.5
2026-01-28 10:00,-4.7,34,-18.2,1.5,1.5,270,1.09,1.0,0,-1.8
2026-01-28 11:00,-3.7,29,-19.1,1.4,2.3,270,1.72,1.0,0,0.4
2026-01-28 12:00,-2.1,27,-18.6,1.4,1.9,290,2.12,1.0,0,2.6
2026-01-28 13:00,-1.2,24,-19.2,1.3,2.5,270,2.31,1.0,0,4.3
2026-01-28 14:00,0.6,22,-18.7,1.4,2.4,270,2.27,1.0,0,6.0
2026-01-28 15:00,0.0,21,-19.7,1.3,3.0,290,1.93,1.0,0,5.4
2026-01-28 16:00,0.3,20,-20.1,1.2,2.9,290,1.46,1.0,0,3.5
2026-01-28 17:00,-0.5,24,-18.6,1.4,2.1,270,0.75,0.9,0,0.1
2026-01-28 18:00,-1.7,26,-18.7,1.4,2.1,290,0.04,0.2,0,-0.7
2026-01-28 19:00,-2.8,32,-17.2,1.6,2.1,270,,,0,-1.2
2026-01-28 20:00,-3.5,36,-16.4,1.7,1.8,270,,,0,-1.7
2026-01-28 21:00,-4.1,40,-15.7,1.8,1.9,270,,,0,-2.0
2026-01-28 22:00,-4.4,40,-16.0,1.8,1.6,270,,,0,-2.5
2026-01-28 23:00,-4.4,38,-16.6,1.7,1.4,270,,,0,-3.0
2026-01-29 00:00,-4.9,39,-16.7,1.7,1.4,270,,,0,-3.5
2026-01-29 01:00,-5.2,42,-16.1,1.7,1.2,270,,,0,-3.8
2026-01-29 02:00,-5.4,43,-16.0,1.8,1.4,270,,,0,-4.1
2026-01-29 03:00,-5.5,45,-15.5,1.8,0.5,270,,,0,-4.5
2026-01-29 04:00,-5.8,47,-15.3,1.9,0.7,270,,,0,-4.5
2026-01-29 05:00,-6.0,49,-15.0,1.9,0.7,270,,,1,-4.7
2026-01-29 06:00,-5.5,52,-13.8,2.1,0.3,0,,,5,-4.7
2026-01-29 07:00,-5.5,52,-13.8,2.1,0.5,270,,,8,-3.5
2026-01-29 08:00,-5.2,48,-14.5,2.0,0.7,270,0.0,0.0,9,-3.1
2026-01-29 09:00,-4.7,41,-15.9,1.8,0.8,270,0.12,0.0,9,-2.3
2026-01-29 10:00,-3.6,34,-17.2,1.6,0.9,250,0.76,0.5,3,-1.0
2026-01-29 11:00,-2.7,36,-15.7,1.8,1.1,270,1.41,1.0,0,0.7
2026-01-29 12:00,-0.5,35,-14.1,2.1,2.0,270,2.05,1.0,0,3.3
2026-01-29 13:00,0.9,29,-15.1,1.9,1.9,270,2.27,1.0,0,5.5
2026-01-29 14:00,0.8,30,-14.8,1.9,3.0,290,2.2,1.0,0,6.5
2026-01-29 15:00,1.9,24,-16.5,1.7,2.9,290,1.96,1.0,0,6.4
2026-01-29 16:00,2.0,21,-18.0,1.5,2.5,270,1.54,1.0,0,4.6
2026-01-29 17:00,0.0,26,-17.2,1.6,2.4,290,0.82,1.0,0,0.3
2026-01-29 18:00,-1.4,29,-17.1,1.6,1.7,290,0.05,0.2,0,-0.7
2026-01-29 19:00,-2.5,29,-18.1,1.5,1.5,270,,,0,-1.3
2026-01-29 20:00,-3.0,37,-15.6,1.8,1.7,270,,,0,-1.3
2026-01-29 21:00,-3.5,42,-14.5,2.0,0.9,270,,,0,-2.3
2026-01-29 22:00,-3.8,47,-13.4,2.2,1.1,270,,,0,-2.6
2026-01-29 23:00,-4.0,44,-14.4,2.0,2.9,270,,,0,-3.1
2026-01-30 00:00,-5.4,37,-17.8,1.5,2.5,270,,,0,-3.8
2026-01-30 01:00,-6.2,38,-18.2,1.5,1.9,270,,,0,-4.3
2026-01-30 02:00,-6.9,36,-19.5,1.3,1.9,270,,,0,-4.9
2026-01-30 03:00,-7.1,35,-20.0,1.3,2.0,290,,,0,-5.4
2026-01-30 04:00,-7.4,36,-19.9,1.3,1.6,270,,,0,-5.7
2026-01-30 05:00,-7.5,35,-20.3,1.2,0.5,230,,,0,-6.0
2026-01-30 06:00,-7.9,37,-20.0,1.3,1.6,270,,,0,-6.1
2026-01-30 07:00,-8.1,39,-19.6,1.3,1.3,270,,,2,-6.2
2026-01-30 08:00,-7.9,41,-18.8,1.4,1.0,270,0.0,0.0,8,-6.1
2026-01-30 09:00,-6.2,40,-17.6,1.5,1.2,270,0.4,1.0,4,-4.5
2026-01-30 10:00,-5.6,39,-17.3,1.6,1.8,270,1.05,1.0,2,-1.8
2026-01-30 11:00,-4.0,36,-16.9,1.6,1.3,290,1.63,1.0,1,0.6
2026-01-30 12:00,-2.5,31,-17.3,1.6,1.5,250,2.11,1.0,7,3.1
2026-01-30 13:00,-2.2,32,-16.7,1.7,1.7,250,1.75,1.0,9,3.4
2026-01-30 14:00,-1.7,31,-16.6,1.7,2.2,290,1.52,0.7,9,4.4
2026-01-30 15:00,-0.9,28,-17.1,1.6,2.4,270,1.93,1.0,7,5.8
2026-01-30 16:00,-1.1,29,-16.9,1.6,2.7,290,1.47,1.0,1,3.5
2026-01-30 17:00,-1.9,34,-15.7,1.8,2.0,290,0.78,0.9,2,0.0
2026-01-30 18:00,-3.2,39,-15.2,1.9,2.2,290,0.08,0.2,0,-0.9
2026-01-30 19:00,-4.0,47,-13.6,2.1,1.7,270,,,4,-1.5
2026-01-30 20:00,-4.7,52,-13.0,2.3,1.0,270,,,8,-1.9
2026-01-30 21:00,-5.3,53,-13.4,2.2,1.5,270,,,0,-2.5
2026-01-30 22:00,-5.5,53,-13.5,2.2,1.6,270,,,0,-3.1
2026-01-30 23:00,-5.9,55,-13.5,2.2,1.2,270,,,0,-3.6
2026-01-31 00:00,-6.1,56,-13.4,2.2,1.1,270,,,0,-4.1
2026-01-31 01:00,-6.2,56,-13.5,2.2,1.0,250,,,0,-4.6
2026-01-31 02:00,-6.5,58,-13.4,2.2,0.2,0,,,10,-5.0
2026-01-31 03:00,-7.7,65,-13.1,2.2,0.1,0,,,2,-5.4
2026-01-31 04:00,-8.2,67,-13.2,2.2,0.0,0,,,5,-5.6
2026-01-31 05:00,-8.2,66,-13.4,2.2,0.6,290,,,2,-5.9
2026-01-31 06:00,-8.7,68,-13.5,2.2,0.1,0,,,0,-6.1
2026-01-31 07:00,-9.4,70,-13.8,2.1,0.4,0,,,3,-6.5
2026-01-31 08:00,-8.9,67,-13.9,2.1,0.5,290,0.0,0.0,0,-6.4
2026-01-31 09:00,-7.7,63,-13.5,2.2,0.7,270,0.34,0.8,0,-4.6
2026-01-31 10:00,-6.0,57,-13.1,2.2,0.7,230,1.03,1.0,0,-1.8
2026-01-31 11:00,-4.1,38,-16.3,1.7,1.2,290,1.56,1.0,0,0.6
2026-01-31 12:00,-2.1,31,-17.0,1.6,1.8,270,2.03,1.0,0,3.4
2026-01-31 13:00,-0.4,25,-18.0,1.5,1.1,270,2.27,1.0,0,6.0
2026-01-31 14:00,0.8,24,-17.5,1.6,2.6,290,2.17,1.0,0,7.0
2026-01-31 15:00,1.5,31,-13.8,2.1,3.1,270,1.95,1.0,0,7.0
2026-01-31 16:00,1.3,34,-12.8,2.3,1.4,230,1.47,1.0,0,5.0
2026-01-31 17:00,1.0,38,-11.7,2.5,1.5,290,0.74,0.9,0,1.2
2026-01-31 18:00,-0.3,45,-10.8,2.7,1.7,290,0.07,0.2,0,-0.7
2026-01-31 19:00,-1.2,47,-11.0,2.6,1.3,290,,,0,-1.2
2026-01-31 20:00,-2.3,46,-12.3,2.4,1.0,270,,,0,-1.7
2026-01-31 21:00,-2.7,49,-11.9,2.5,1.4,270,,,0,-2.0
2026-01-31 22:00,-3.0,51,-11.7,2.5,1.2,270,,,0,-2.5
2026-01-31 23:00,-3.3,52,-11.7,2.5,0.6,250,,,0,-3.0
2026-02-01 00:00,-3.3,53,-11.5,2.5,0.4,0,,,8,-3.0
2026-02-01 01:00,-3.1,51,-11.8,2.5,0.5,140,,,9,-2.1
2026-02-01 02:00,-3.0,54,-11.0,2.6,0.8,180,,,10,-1.8
2026-02-01 03:00,-4.1,77,-7.5,3.5,0.5,250,,,10,-1.7
2026-02-01 04:00,-3.6,72,-7.9,3.4,0.5,230,,,10,-1.5
2026-02-01 05:00,-4.0,78,-7.2,3.6,1.1,270,,,10,-1.5
2026-02-01 06:00,-4.0,79,-7.1,3.6,1.0,270,,,6,-2.5
2026-02-01 07:00,-4.1,80,-7.0,3.6,1.6,270,,,2,-3.0
2026-02-01 08:00,-4.4,80,-7.3,3.5,1.3,270,0.0,0.0,2,-3.3
2026-02-01 09:00,-4.0,73,-8.1,3.3,1.3,270,0.34,0.6,0,-2.8
2026-02-01 10:00,-2.2,53,-10.5,2.8,1.4,270,1.17,1.0,0,-0.9
2026-02-01 11:00,-0.9,36,-14.1,2.1,1.6,290,1.74,1.0,0,1.6
2026-02-01 12:00,0.5,30,-15.1,1.9,2.2,270,2.15,1.0,0,4.5
2026-02-01 13:00,1.6,27,-15.4,1.8,2.2,290,2.33,1.0,0,7.2
2026-02-01 14:00,2.1,25,-15.9,1.8,2.2,270,2.27,1.0,0,8.8
2026-02-01 15:00,2.3,29,-13.9,2.1,2.2,270,1.93,1.0,0,8.0
2026-02-01 16:00,2.4,29,-13.8,2.1,2.3,290,1.38,1.0,0,5.4
2026-02-01 17:00,1.5,32,-13.4,2.2,2.3,250,0.66,0.9,0,1.2
2026-02-01 18:00,0.6,36,-12.7,2.3,1.1,250,0.06,0.2,0,-0.6
2026-02-01 19:00,0.2,36,-13.1,2.2,1.3,270,,,0,-1.0
2026-02-01 20:00,-0.7,39,-12.9,2.3,0.5,250,,,0,-1.5
2026-02-01 21:00,-1.2,42,-12.5,2.3,0.3,0,,,0,-1.8
2026-02-01 22:00,-1.8,43,-12.7,2.3,0.6,160,,,0,-2.0
2026-02-01 23:00,-2.1,45,-12.4,2.4,0.6,180,,,0,-2.5
2026-02-02 00:00,-2.3,47,-12.1,2.4,0.1,0,,,3,-2.5
2026-02-02 01:00,-1.9,51,-10.7,2.7,0.5,200,,,9,-1.7
2026-02-02 02:00,-2.5,70,-7.2,3.6,0.6,320,,,10,-1.3
2026-02-02 03:00,-2.9,83,-5.3,4.1,0.2,0,,,10,-1.2
2026-02-02 04:00,-2.5,82,-5.1,4.2,1.5,270,,,10,-0.9
2026-02-02 05:00,-1.8,87,-3.6,4.7,1.5,270,,,10,-0.7
2026-02-02 06:00,-1.9,88,-3.6,4.7,0.7,250,,,9,-0.7
2026-02-02 07:00,-2.0,87,-3.8,4.6,1.1,270,,,9,-0.7
2026-02-02 08:00,-1.9,81,-4.7,4.3,1.0,270,0.0,0.0,6,-0.7
2026-02-02 09:00,-1.8,75,-5.6,4.0,1.8,270,0.21,0.2,5,-0.7
2026-02-02 10:00,-1.6,72,-5.9,3.9,2.0,270,0.67,0.3,8,-0.5
2026-02-02 11:00,-0.7,61,-7.3,3.5,2.7,290,1.52,0.7,5,-0.2
2026-02-02 12:00,0.4,50,-8.8,3.1,2.2,270,2.11,0.9,6,0.1
2026-02-02 13:00,0.1,39,-12.2,2.4,2.9,290,1.85,0.7,7,1.1
2026-02-02 14:00,0.7,33,-13.7,2.1,2.8,290,2.29,0.9,2,5.4
2026-02-02 15:00,0.5,28,-15.9,1.8,2.9,290,2.03,1.0,0,5.1
2026-02-02 16:00,0.5,29,-15.5,1.8,2.3,290,1.59,1.0,0,4.0
2026-02-02 17:00,-0.5,28,-16.8,1.6,3.2,270,0.91,1.0,0,0.3
2026-02-02 18:00,-1.7,38,-14.1,2.1,1.2,270,0.09,0.3,0,-0.7
2026-02-02 19:00,-2.0,43,-12.9,2.3,1.7,290,,,0,-1.3
2026-02-02 20:00,-2.5,47,-12.2,2.4,0.7,250,,,0,-1.7
2026-02-02 21:00,-2.6,49,-11.8,2.5,0.7,270,,,0,-1.9
2026-02-02 22:00,-2.5,49,-11.7,2.5,1.1,270,,,0,-2.3
2026-02-02 23:00,-3.1,54,-11.1,2.6,0.7,200,,,0,-2.8
2026-02-03 00:00,-3.6,56,-11.1,2.6,0.6,250,,,8,-2.8
2026-02-03 01:00,-4.0,58,-11.0,2.6,0.8,180,,,0,-3.1
2026-02-03 02:00,-4.0,61,-10.4,2.8,0.9,270,,,0,-3.1
2026-02-03 03:00,-4.2,63,-10.2,2.8,0.5,270,,,0,-3.8
2026-02-03 04:00,-4.5,67,-9.7,2.9,0.3,0,,,0,-4.2
2026-02-03 05:00,-5.3,68,-10.2,2.8,0.4,0,,,0,-4.6
2026-02-03 06:00,-5.4,70,-10.0,2.9,0.4,0,,,0,-4.9
2026-02-03 07:00,-5.7,72,-9.9,2.9,0.6,160,,,0,-5.0
2026-02-03 08:00,-5.5,72,-9.7,2.9,0.4,0,0.0,0.0,0,-4.9
2026-02-03 09:00,-4.2,68,-9.2,3.0,0.7,230,0.47,1.0,0,-3.3
2026-02-03 10:00,-2.2,60,-8.9,3.1,0.9,180,1.16,1.0,0,-0.7
2026-02-03 11:00,-0.2,50,-9.3,3.0,1.7,270,1.78,1.0,0,1.8
2026-02-03 12:00,1.9,44,-9.0,3.1,1.1,250,2.18,1.0,0,4.9
2026-02-03 13:00,2.7,45,-8.0,3.3,1.8,290,2.39,1.0,0,7.5
2026-02-03 14:00,4.0,44,-7.1,3.6,1.8,270,2.29,1.0,0,9.3
2026-02-03 15:00,5.4,41,-6.8,3.7,1.6,270,2.0,1.0,0,9.3
2026-02-03 16:00,5.8,36,-8.1,3.3,1.3,270,1.5,1.0,0,7.9
2026-02-03 17:00,4.9,40,-7.5,3.5,0.8,270,0.76,1.0,1,3.3
2026-02-03 18:00,4.1,45,-6.7,3.7,0.6,270,0.06,0.3,1,-0.3
2026-02-03 19:00,3.2,49,-6.5,3.8,0.5,290,,,6,-0.5
2026-02-03 20:00,2.5,52,-6.3,3.8,0.5,270,,,6,-0.7
2026-02-03 21:00,1.7,57,-5.9,3.9,0.6,290,,,4,-0.9
2026-02-03 22:00,1.1,61,-5.5,4.1,0.4,0,,,8,-0.9
2026-02-03 23:00,0.6,63,-5.6,4.0,0.6,230,,,8,-0.7
2026-02-04 00:00,0.3,65,-5.5,4.1,0.3,0,,,7,-0.9
2026-02-04 01:00,0.0,66,-5.6,4.0,0.5,160,,,6,-1.2
2026-02-04 02:00,-0.5,69,-5.4,4.1,0.5,200,,,9,-1.5
2026-02-04 03:00,-0.8,70,-5.5,4.1,0.6,180,,,8,-1.3
2026-02-04 04:00,-0.5,70,-5.3,4.1,0.1,0,,,8,-0.9
2026-02-04 05:00,0.0,70,-4.8,4.3,0.0,0,,,9,-0.7
2026-02-04 06:00,0.3,70,-4.5,4.4,0.2,0,,,9,-0.7
2026-02-04 07:00,-0.5,71,-5.1,4.2,0.5,290,,,9,-0.5
2026-02-04 08:00,0.3,71,-4.3,4.4,0.1,0,0.0,0.0,9,-0.5
2026-02-04 09:00,1.2,69,-3.8,4.6,0.2,0,0.1,0.0,9,-0.2
2026-02-04 10:00,1.5,68,-3.7,4.6,0.3,0,0.46,0.0,9,0.5
2026-02-04 11:00,2.9,63,-3.4,4.8,0.5,360,0.91,0.0,9,1.8
2026-02-04 12:00,4.2,59,-3.1,4.9,0.6,270,0.97,0.0,9,3.1
2026-02-04 13:00,6.3,52,-2.8,5.0,1.2,290,1.51,0.2,9,6.5
2026-02-04 14:00,7.1,51,-2.3,5.2,0.9,340,1.72,0.6,7,9.3
2026-02-04 15:00,7.1,50,-2.6,5.0,0.7,140,1.04,0.3,9,6.9
2026-02-04 16:00,7.3,48,-3.0,4.9,0.4,0,0.65,0.0,9,5.8
2026-02-04 17:00,7.1,50,-2.6,5.0,0.4,0,0.33,0.0,8,3.4
2026-02-04 18:00,6.7,50,-3.0,4.9,0.7,270,0.07,0.0,6,0.7
2026-02-04 19:00,5.9,54,-2.7,5.0,0.2,0,,,0,-0.2
2026-02-04 20:00,4.3,60,-2.7,5.0,0.1,0,,,0,-0.3
2026-02-04 21:00,3.5,63,-2.8,5.0,0.5,250,,,0,-0.4
2026-02-04 22:00,2.4,67,-3.1,4.9,0.1,0,,,0,-0.5
2026-02-04 23:00,1.7,68,-3.5,4.7,0.6,180,,,0,-0.7
2026-02-05 00:00,0.5,74,-3.6,4.7,0.3,0,,,6,-0.7
2026-02-05 01:00,0.4,75,-3.5,4.7,0.4,0,,,8,-0.7
2026-02-05 02:00,0.8,71,-3.8,4.6,0.2,0,,,8,-0.4
2026-02-05 03:00,0.3,74,-3.7,4.6,0.0,0,,,7,-0.7
2026-02-05 04:00,0.6,73,-3.6,4.7,0.6,290,,,9,-0.3
2026-02-05 05:00,0.4,75,-3.5,4.7,0.2,0,,,9,-0.3
2026-02-05 06:00,0.6,75,-3.3,4.8,1.0,270,,,9,-0.3
2026-02-05 07:00,1.1,73,-3.2,4.8,0.4,0,,,9,-0.4
2026-02-05 08:00,1.6,71,-3.1,4.9,0.5,270,0.0,0.0,9,-0.2
2026-02-05 09:00,2.0,71,-2.7,5.0,0.4,0,0.15,0.1,6,0.1
2026-02-05 10:00,3.7,65,-2.2,5.2,0.7,270,0.65,0.3,6,1.2
2026-02-05 11:00,4.6,65,-1.4,5.5,0.5,90,0.7,0.0,9,2.0
2026-02-05 12:00,7.2,55,-1.2,5.6,0.3,0,1.55,0.6,6,4.8
2026-02-05 13:00,10.2,50,0.2,6.2,1.5,250,2.08,0.9,3,10.8
2026-02-05 14:00,11.4,47,0.4,6.3,2.1,270,1.98,0.9,3,12.9
2026-02-05 15:00,12.4,38,-1.5,5.5,2.2,270,1.49,0.7,6,12.5
2026-02-05 16:00,12.1,35,-2.9,4.9,2.3,270,1.12,0.9,6,10.4
2026-02-05 17:00,11.1,42,-1.3,5.6,2.3,270,0.54,0.7,1,7.4
2026-02-05 18:00,9.0,58,1.1,6.6,1.8,290,0.04,0.0,0,4.3
2026-02-05 19:00,6.6,70,1.5,6.8,3.0,290,,,3,2.9
2026-02-05 20:00,4.8,74,0.5,6.3,1.4,270,,,6,1.7
2026-02-05 21:00,3.8,71,-0.9,5.7,2.0,270,,,6,2.0
2026-02-05 22:00,2.7,71,-2.0,5.3,1.8,270,,,7,0.2
2026-02-05 23:00,1.7,62,-4.8,4.3,2.2,270,,,9,-0.5
2026-02-06 00:00,0.4,56,-7.3,3.5,2.9,290,,,7,-0.2
2026-02-06 01:00,-0.9,57,-8.3,3.3,1.4,270,,,6,-0.4
2026-02-06 02:00,-1.7,48,-11.2,2.6,2.7,290,,,8,-0.5
2026-02-06 03:00,-2.6,47,-12.3,2.4,2.9,290,,,8,-0.7
2026-02-06 04:00,-3.1,49,-12.3,2.4,2.4,270,,,9,-0.9
2026-02-06 05:00,-4.0,48,-13.4,2.2,1.1,230,,,9,-1.0
2026-02-06 06:00,-4.5,46,-14.3,2.0,1.6,270,,,7,-1.3
2026-02-06 07:00,-5.0,45,-15.1,1.9,2.0,270,,,0,-1.9
2026-02-06 08:00,-5.5,44,-15.8,1.8,1.7,270,0.0,0.0,4,-2.1
2026-02-06 09:00,-4.9,39,-16.7,1.7,1.8,290,0.43,0.8,5,-1.7
2026-02-06 10:00,-3.8,36,-16.7,1.7,2.1,270,1.22,1.0,5,-0.3
2026-02-06 11:00,-2.8,30,-18.0,1.5,2.1,270,1.85,1.0,3,1.0
2026-02-06 12:00,-1.8,26,-18.8,1.4,2.0,290,2.26,1.0,5,2.8
2026-02-06 13:00,-1.5,20,-21.6,1.1,2.3,290,2.5,1.0,1,4.8
2026-02-06 14:00,-1.0,23,-19.5,1.3,2.6,290,2.42,1.0,1,7.3
2026-02-06 15:00,-0.5,24,-18.6,1.4,2.4,290,2.09,1.0,2,8.0
2026-02-06 16:00,-1.3,24,-19.3,1.3,2.3,270,1.5,1.0,6,6.3
2026-02-06 17:00,-2.0,26,-18.9,1.4,2.2,290,0.7,1.0,8,2.4
2026-02-06 18:00,-3.5,31,-18.2,1.5,1.1,250,0.09,0.2,7,-0.2
2026-02-06 19:00,-4.7,38,-16.8,1.6,2.5,290,0.0,0.0,8,-0.6
2026-02-06 20:00,-5.4,39,-17.2,1.6,1.7,290,,,9,-0.9
2026-02-06 21:00,-5.6,42,-16.5,1.7,1.7,270,,,7,-1.2
2026-02-06 22:00,-5.7,44,-16.0,1.8,1.9,270,,,8,-1.4
2026-02-06 23:00,-6.0,44,-16.3,1.7,1.0,270,,,9,-1.6
2026-02-07 00:00,-6.1,46,-15.8,1.8,1.4,270,,,6,-2.0
2026-02-07 01:00,-6.1,46,-15.8,1.8,0.7,270,,,9,-1.9
2026-02-07 02:00,-6.3,42,-17.1,1.6,0.9,250,,,10,-1.9
2026-02-07 03:00,-6.6,39,-18.2,1.5,2.4,270,,,9,-2.3
2026-02-07 04:00,-6.9,37,-19.1,1.4,1.8,270,,,9,-2.5
2026-02-07 05:00,-7.4,36,-19.9,1.3,2.0,270,,,6,-3.1
2026-02-07 06:00,-7.7,41,-18.7,1.4,1.6,270,,,8,-3.3
2026-02-07 07:00,-8.4,45,-18.2,1.5,1.8,270,,,4,-4.0
2026-02-07 08:00,-8.7,47,-18.0,1.5,1.3,270,0.0,0.0,0,-4.2
2026-02-07 09:00,-8.0,37,-20.1,1.2,1.4,270,0.43,0.9,1,-3.3
2026-02-07 10:00,-6.5,37,-18.8,1.4,1.3,290,1.19,1.0,2,-1.0
2026-02-07 11:00,-5.4,27,-21.5,1.1,1.7,270,1.88,1.0,0,0.7
2026-02-07 12:00,-4.6,23,-22.6,1.0,2.5,290,2.36,1.0,0,2.2
2026-02-07 13:00,-3.1,24,-20.8,1.2,2.8,270,2.57,1.0,0,3.9
2026-02-07 14:00,-3.3,26,-20.1,1.2,3.7,290,2.53,1.0,0,4.3
2026-02-07 15:00,-2.9,27,-19.3,1.3,2.4,270,2.19,1.0,0,4.3
2026-02-07 16:00,-2.9,28,-18.9,1.4,2.7,290,1.67,1.0,0,3.2
2026-02-07 17:00,-4.6,20,-24.2,0.9,4.1,270,1.02,1.0,0,-0.3
2026-02-07 18:00,-5.5,31,-19.9,1.3,2.4,270,0.12,0.3,0,-0.9
2026-02-07 19:00,-5.9,35,-18.9,1.4,1.9,270,0.0,0.0,1,-1.4
2026-02-07 20:00,-6.0,40,-17.4,1.6,2.4,270,,,3,-1.8
2026-02-07 21:00,-6.2,46,-15.9,1.8,3.1,290,,,8,-2.1
2026-02-07 22:00,-6.2,41,-17.3,1.6,2.7,290,,,7,-2.5
2026-02-07 23:00,-7.2,47,-16.6,1.7,2.7,270,,,0,-3.3
2026-02-08 00:00,-8.2,53,-16.1,1.7,2.0,290,,,3,-3.8
2026-02-08 01:00,-9.3,48,-18.3,1.5,2.1,290,,,0,-4.5
2026-02-08 02:00,-9.8,46,-19.2,1.3,1.5,270,,,0,-5.0
2026-02-08 03:00,-9.8,42,-20.3,1.2,1.2,270,,,7,-4.7
2026-02-08 04:00,-10.2,42,-20.6,1.2,2.0,270,,,0,-5.5
2026-02-08 05:00,-10.2,43,-20.4,1.2,1.5,270,,,0,-5.9
2026-02-08 06:00,-10.2,46,-19.6,1.3,1.3,270,,,0,-6.0
2026-02-08 07:00,-10.2,46,-19.6,1.3,1.8,270,,,1,-6.1
2026-02-08 08:00,-10.2,45,-19.8,1.3,2.1,290,0.0,0.0,0,-6.2
2026-02-08 09:00,-9.4,45,-19.1,1.4,0.8,250,0.43,0.8,1,-4.9
2026-02-08 10:00,-8.2,39,-19.7,1.3,2.2,290,1.17,1.0,0,-2.0
2026-02-08 11:00,-7.6,35,-20.4,1.2,2.7,270,1.88,1.0,0,0.2
2026-02-08 12:00,-5.8,30,-20.6,1.2,1.2,180,2.3,1.0,0,1.7
2026-02-08 13:00,-5.5,28,-21.1,1.1,2.0,290,2.5,1.0,0,3.2
2026-02-08 14:00,-4.3,28,-20.1,1.2,1.9,270,2.45,1.0,0,4.4
2026-02-08 15:00,-3.5,28,-19.4,1.3,2.5,290,2.15,1.0,0,4.0
2026-02-08 16:00,-3.5,33,-17.4,1.6,2.0,270,1.63,1.0,0,3.2
2026-02-08 17:00,-4.0,33,-17.9,1.5,2.0,270,0.99,1.0,0,-0.2
2026-02-08 18:00,-5.4,42,-16.3,1.7,2.3,270,0.11,0.3,0,-0.9
2026-02-08 19:00,-6.0,45,-16.0,1.8,1.3,270,0.0,0.0,0,-1.4
2026-02-08 20:00,-6.4,46,-16.1,1.7,0.9,270,,,0,-1.9
2026-02-08 21:00,-6.5,46,-16.2,1.7,1.2,270,,,0,-2.5
2026-02-08 22:00,-6.5,46,-16.2,1.7,0.8,270,,,0,-3.0
2026-02-08 23:00,-7.0,48,-16.1,1.7,0.7,250,,,0,-3.6
2026-02-09 00:00,-6.9,50,-15.6,1.8,0.8,230,,,0,-4.1
2026-02-09 01:00,-7.3,53,-15.2,1.9,0.8,250,,,0,-4.6
2026-02-09 02:00,-7.1,54,-14.8,1.9,1.1,160,,,0,-4.9
2026-02-09 03:00,-7.2,56,-14.5,2.0,0.3,0,,,0,-5.1
2026-02-09 04:00,-7.8,57,-14.8,1.9,0.5,180,,,1,-5.4
2026-02-09 05:00,-8.0,59,-14.6,2.0,0.8,180,,,1,-5.5
2026-02-09 06:00,-8.1,60,-14.5,2.0,0.1,0,,,0,-5.7
2026-02-09 07:00,-8.4,62,-14.3,2.0,0.2,0,,,3,-5.8
2026-02-09 08:00,-8.4,66,-13.6,2.1,0.1,0,0.0,0.0,2,-5.6
2026-02-09 09:00,-6.5,59,-13.2,2.2,0.4,0,0.37,0.3,5,-4.0
2026-02-09 10:00,-4.3,55,-12.0,2.4,0.5,20,1.25,1.0,0,-0.9
2026-02-09 11:00,-2.1,44,-12.7,2.3,0.9,200,1.9,1.0,0,1.6
2026-02-09 12:00,0.2,44,-10.6,2.7,2.0,250,2.31,1.0,1,4.1
2026-02-09 13:00,1.1,40,-11.0,2.6,1.2,270,2.47,1.0,0,6.8
2026-02-09 14:00,2.7,38,-10.2,2.8,1.4,290,2.45,1.0,0,8.8
2026-02-09 15:00,3.7,38,-9.3,3.0,1.5,270,2.14,1.0,0,8.8
2026-02-09 16:00,4.1,35,-10.0,2.9,1.2,250,1.78,1.0,0,7.4
2026-02-09 17:00,3.7,35,-10.3,2.8,0.9,270,0.97,1.0,1,3.3
2026-02-09 18:00,2.7,39,-9.9,2.9,0.5,250,0.11,0.3,2,-0.2
2026-02-09 19:00,2.0,40,-10.2,2.8,0.5,110,0.0,0.0,5,-0.5
2026-02-09 20:00,1.1,43,-10.1,2.8,0.7,50,,,8,-0.7
2026-02-09 21:00,0.6,44,-10.2,2.8,0.9,70,,,3,-0.9
2026-02-09 22:00,-0.9,51,-9.7,2.9,0.2,0,,,4,-1.1
2026-02-09 23:00,-1.2,54,-9.3,3.0,0.6,230,,,10,-1.3
2026-02-10 00:00,-1.8,55,-9.6,3.0,0.0,0,,,1,-1.5
2026-02-10 01:00,-2.4,59,-9.3,3.0,0.0,0,,,10,-1.8
2026-02-10 02:00,-2.8,61,-9.2,3.0,0.0,0,,,10,-1.8
2026-02-10 03:00,-2.6,60,-9.3,3.0,0.3,0,,,9,-1.8
2026-02-10 04:00,-3.0,61,-9.4,3.0,0.0,0,,,8,-1.8
2026-02-10 05:00,-3.0,60,-9.6,3.0,0.2,0,,,8,-1.9
2026-02-10 06:00,-2.8,62,-9.0,3.1,0.4,0,,,10,-1.7
2026-02-10 07:00,-2.3,58,-9.4,3.0,0.3,0,,,10,-1.4
2026-02-10 08:00,-1.9,60,-8.6,3.2,0.7,250,0.0,0.0,10,-1.3
2026-02-10 09:00,-1.0,59,-8.0,3.3,0.3,0,0.03,0.0,10,-0.7
2026-02-10 10:00,-0.7,58,-7.9,3.4,0.2,0,0.34,0.0,10,0.0
2026-02-10 11:00,1.3,53,-7.2,3.6,0.5,290,0.76,0.0,9,1.0
2026-02-10 12:00,3.0,48,-6.9,3.6,0.7,270,1.32,0.2,9,2.9
2026-02-10 13:00,4.9,46,-5.7,4.0,1.0,290,1.52,0.2,8,5.9
2026-02-10 14:00,5.8,49,-4.1,4.5,1.8,270,1.41,0.3,10,5.6
2026-02-10 15:00,6.0,55,-2.3,5.2,1.1,200,1.02,0.0,9,5.9
2026-02-10 16:00,5.9,55,-2.4,5.1,1.3,270,0.75,0.0,9,5.4
2026-02-10 17:00,5.6,57,-2.2,5.2,1.5,270,0.33,0.0,9,3.4
2026-02-10 18:00,5.0,61,-1.9,5.3,1.2,270,0.07,0.0,9,1.1
2026-02-10 19:00,4.0,66,-1.7,5.4,0.8,270,0.0,0.0,8,-0.5
2026-02-10 20:00,3.5,72,-1.0,5.7,1.1,270,,,9,0.0
2026-02-10 21:00,3.2,75,-0.8,5.8,1.4,270,,,9,0.2
2026-02-10 22:00,3.1,76,-0.7,5.8,1.4,270,,,10,0.6
2026-02-10 23:00,3.0,77,-0.6,5.8,0.7,250,,,10,0.8
2026-02-11 00:00,2.9,78,-0.5,5.9,1.2,250,,,10,0.8
2026-02-11 01:00,2.9,78,-0.5,5.9,1.2,270,,,9,0.8
2026-02-11 02:00,2.7,79,-0.5,5.9,1.2,270,,,9,0.7
2026-02-11 03:00,2.7,80,-0.4,5.9,0.9,270,,,7,0.4
2026-02-11 04:00,2.2,82,-0.5,5.9,0.1,0,,,6,-0.3
2026-02-11 05:00,2.3,83,-0.2,6.0,0.7,200,,,7,0.2
2026-02-11 06:00,2.2,83,-0.3,6.0,1.0,230,,,9,0.5
2026-02-11 07:00,2.2,84,-0.2,6.0,0.7,250,,,9,0.6
2026-02-11 08:00,2.5,82,-0.2,6.0,1.3,270,0.0,0.0,10,0.8
2026-02-11 09:00,2.5,81,-0.4,5.9,1.4,270,0.0,0.0,10,1.5
2026-02-11 10:00,3.0,80,-0.1,6.1,1.2,250,0.11,0.0,10,2.5
2026-02-11 11:00,3.7,78,0.2,6.2,1.4,250,,0.0,10,4.0
2026-02-11 12:00,5.3,68,-0.1,6.1,1.7,270,,0.0,9,7.0
2026-02-11 13:00,5.4,67,-0.2,6.0,1.5,250,0.94,0.0,10,6.8
2026-02-11 14:00,5.8,60,-1.3,5.6,1.9,270,0.48,0.0,9,6.4
2026-02-11 15:00,6.1,57,-1.7,5.4,1.8,270,0.8,0.1,8,8.0
2026-02-11 16:00,5.7,55,-2.6,5.0,1.8,270,0.81,0.2,6,7.0
2026-02-11 17:00,5.5,52,-3.5,4.7,1.6,290,0.46,0.3,5,5.6
2026-02-11 18:00,4.3,54,-4.2,4.5,0.9,270,0.1,0.0,0,2.4
2026-02-11 19:00,3.5,57,-4.2,4.5,1.5,270,0.0,0.0,0,0.5
2026-02-11 20:00,2.7,61,-4.0,4.5,1.3,290,,,0,-0.2
2026-02-11 21:00,2.2,63,-4.1,4.5,0.9,290,,,0,-0.3
2026-02-11 22:00,1.6,67,-3.8,4.6,1.1,270,,,0,-0.4
2026-02-11 23:00,0.8,70,-4.0,4.5,0.7,270,,,0,-0.5
2026-02-12 00:00,0.2,74,-3.8,4.6,0.7,230,,,0,-0.7
2026-02-12 01:00,-0.7,77,-4.2,4.5,0.6,270,,,0,-0.9
2026-02-12 02:00,-0.9,77,-4.4,4.4,0.7,200,,,0,-0.9
2026-02-12 03:00,-1.4,79,-4.5,4.4,0.7,270,,,0,-1.2
2026-02-12 04:00,-1.8,81,-4.6,4.3,0.8,250,,,0,-1.3
2026-02-12 05:00,-2.3,81,-5.1,4.2,0.5,180,,,0,-1.7
2026-02-12 06:00,-2.3,81,-5.1,4.2,0.7,200,,,0,-1.9
2026-02-12 07:00,-2.5,82,-5.1,4.2,0.3,0,,,0,-2.1
2026-02-12 08:00,-2.5,82,-5.1,4.2,0.7,230,0.0,,0,-2.0
2026-02-12 09:00,-1.5,78,-4.8,4.3,0.7,50,0.5,,0,-0.9
2026-02-12 10:00,0.3,74,-3.7,4.6,0.9,200,1.17,,0,0.4
2026-02-12 11:00,3.0,62,-3.5,4.7,1.2,270,1.96,,0,2.0
2026-02-12 12:00,4.5,53,-4.2,4.5,1.1,250,2.21,,0,5.0
2026-02-12 13:00,6.3,43,-5.3,4.1,1.6,270,2.38,,0,8.8
2026-02-12 14:00,7.2,41,-5.2,4.2,1.6,290,2.34,,0,12.3
2026-02-12 15:00,8.3,40,-4.5,4.4,1.1,270,1.99,,0,13.1
2026-02-12 16:00,8.6,41,-3.9,4.6,1.8,230,1.55,1.0,0,12.3
2026-02-12 17:00,8.4,43,-3.4,4.8,1.8,250,0.86,1.0,0,8.6
2026-02-12 18:00,7.6,45,-3.5,4.7,0.6,250,0.14,0.8,0,4.9
2026-02-12 19:00,6.9,46,-3.9,4.6,1.2,270,0.0,,0,2.5
2026-02-12 20:00,5.8,48,-4.3,4.4,1.3,290,,,0,1.2
2026-02-12 21:00,4.8,52,-4.2,4.5,0.7,270,,,0,-0.2
2026-02-12 22:00,3.9,54,-4.5,4.4,0.2,0,,,0,-0.2
2026-02-12 23:00,2.9,58,-4.5,4.4,0.0,0,,,0,-0.3
2026-02-13 00:00,2.0,58,-5.4,4.1,0.0,0,,,0,-0.4
2026-02-13 01:00,0.4,64,-5.6,4.0,0.5,340,,,0,-0.5
2026-02-13 02:00,0.3,67,-5.1,4.2,0.5,180,,,0,-0.5
2026-02-13 03:00,0.6,62,-5.8,4.0,0.7,250,,,9,-0.5
2026-02-13 04:00,0.4,64,-5.6,4.0,0.6,270,,,9,-0.4
2026-02-13 05:00,0.7,64,-5.3,4.1,0.4,0,,,9,-0.4
2026-02-13 06:00,1.1,65,-4.7,4.3,0.8,270,,,9,-0.4
2026-02-13 07:00,1.3,66,-4.3,4.4,0.2,0,,,9,-0.3
2026-02-13 08:00,0.2,69,-4.8,4.3,0.2,0,0.0,0.0,7,-0.5
2026-02-13 09:00,1.6,65,-4.2,4.5,0.3,0,0.34,0.4,4,0.0
2026-02-13 10:00,3.5,61,-3.3,4.8,0.7,290,0.8,0.5,8,0.8
2026-02-13 11:00,6.3,58,-1.3,5.6,0.7,250,1.44,0.6,4,3.9
2026-02-13 12:00,7.4,52,-1.8,5.4,1.1,160,2.07,1.0,0,10.8
2026-02-13 13:00,10.2,39,-3.1,4.9,1.1,230,2.29,1.0,0,14.8
2026-02-13 14:00,11.6,37,-2.6,5.0,1.5,270,2.2,1.0,0,16.0
2026-02-13 15:00,12.0,39,-1.5,5.5,1.8,250,1.89,1.0,0,15.6
2026-02-13 16:00,11.6,44,-0.2,6.0,2.2,270,1.23,0.8,3,12.7
2026-02-13 17:00,11.5,45,0.0,6.1,1.4,230,0.67,0.7,0,10.3
2026-02-13 18:00,10.6,48,0.0,6.1,1.0,290,0.12,0.1,0,6.9
2026-02-13 19:00,9.6,51,0.0,6.1,0.9,270,0.0,0.0,0,4.6
2026-02-13 20:00,8.6,59,1.0,6.6,1.2,270,,,0,3.5
2026-02-13 21:00,7.5,63,0.8,6.5,1.1,270,,,0,2.7
2026-02-13 22:00,6.5,66,0.5,6.3,0.4,0,,,0,1.7
2026-02-13 23:00,5.5,67,-0.1,6.1,0.5,200,,,0,1.0
2026-02-14 00:00,4.6,69,-0.6,5.8,0.0,0,,,4,0.5
2026-02-14 01:00,4.4,71,-0.4,5.9,0.2,0,,,8,0.2
2026-02-14 02:00,3.1,75,-0.9,5.7,0.6,290,,,8,0.4
2026-02-14 03:00,2.6,77,-1.0,5.7,0.3,0,,,6,-0.1
2026-02-14 04:00,2.0,78,-1.4,5.5,0.2,0,,,7,0.1
2026-02-14 05:00,1.7,78,-1.7,5.4,0.1,0,,,7,0.1
2026-02-14 06:00,2.0,78,-1.4,5.5,0.1,0,,,8,0.1
2026-02-14 07:00,1.6,79,-1.6,5.4,0.2,0,,,8,0.0
2026-02-14 08:00,1.7,79,-1.5,5.5,0.1,0,0.0,0.0,7,0.0
2026-02-14 09:00,2.5,77,-1.1,5.6,0.5,290,0.1,0.0,7,0.6
2026-02-14 10:00,4.5,74,0.2,6.2,0.5,110,,0.0,7,4.4
2026-02-14 11:00,6.6,65,0.4,6.3,0.9,20,,0.7,6,9.1
2026-02-14 12:00,9.5,56,1.1,6.6,1.0,270,,0.9,8,13.1
2026-02-14 13:00,10.3,54,1.3,6.7,0.3,0,,0.0,8,13.5
2026-02-14 14:00,11.5,51,1.6,6.9,0.3,0,1.31,0.0,9,14.3
2026-02-14 15:00,13.2,49,2.7,7.4,0.8,250,1.66,0.5,7,17.6
2026-02-14 16:00,13.5,48,2.6,7.4,1.9,270,1.62,1.0,7,16.3
2026-02-14 17:00,12.8,51,2.8,7.5,0.5,90,0.65,0.4,6,12.7
2026-02-14 18:00,12.0,53,2.7,7.4,1.3,50,0.14,0.0,2,9.3
2026-02-14 19:00,11.3,56,2.8,7.5,0.4,0,0.0,0.0,0,7.0
2026-02-14 20:00,9.8,61,2.6,7.4,0.2,0,,,0,5.0
2026-02-14 21:00,8.8,65,2.5,7.3,0.5,160,,,7,4.4
2026-02-14 22:00,8.0,68,2.4,7.3,0.0,0,,,0,3.4
2026-02-14 23:00,6.9,70,1.7,6.9,0.4,0,,,0,2.5
2026-02-15 00:00,5.6,75,1.5,6.8,0.4,0,,,0,1.8
2026-02-15 01:00,4.8,78,1.2,6.7,0.1,0,,,0,1.2
2026-02-15 02:00,4.8,79,1.4,6.8,0.1,0,,,9,0.8
2026-02-15 03:00,5.0,77,1.2,6.7,0.1,0,,,9,2.5
2026-02-15 04:00,4.8,79,1.4,6.8,0.4,0,,,9,3.4
2026-02-15 05:00,5.0,77,1.2,6.7,0.1,0,,,9,3.2
2026-02-15 06:00,5.3,77,1.5,6.8,0.1,0,,,9,3.5
2026-02-15 07:00,5.1,76,1.2,6.7,0.2,0,,,9,3.5
2026-02-15 08:00,5.1,77,1.3,6.7,0.1,0,0.0,0.0,9,4.0
2026-02-15 09:00,6.0,76,2.0,7.1,0.2,0,0.05,0.0,9,5.2
2026-02-15 10:00,6.5,79,3.1,7.6,1.0,270,0.18,0.0,9,6.0
2026-02-15 11:00,7.6,72,2.8,7.5,1.6,270,0.45,0.0,9,8.1
2026-02-15 12:00,8.4,68,2.8,7.5,1.3,270,0.66,0.0,9,9.6
2026-02-15 13:00,9.5,60,2.1,7.1,1.6,290,1.5,0.4,7,14.0
2026-02-15 14:00,11.5,47,0.5,6.3,2.7,270,2.27,1.0,1,17.0
2026-02-15 15:00,12.2,41,-0.6,5.8,2.2,290,1.92,1.0,0,16.8
2026-02-15 16:00,12.1,31,-4.5,4.4,2.0,290,1.44,1.0,0,14.8
2026-02-15 17:00,10.8,22,-10.1,2.8,2.5,270,0.89,1.0,4,11.4
2026-02-15 18:00,8.3,26,-10.1,2.8,2.3,270,0.2,0.3,5,6.8
2026-02-15 19:00,5.6,33,-9.4,3.0,1.0,290,0.0,0.0,7,4.0
2026-02-15 20:00,4.5,32,-10.8,2.7,2.7,290,,,6,2.3
2026-02-15 21:00,3.7,40,-8.6,3.2,1.8,270,,,0,1.2
2026-02-15 22:00,3.0,45,-7.8,3.4,0.6,250,,,6,0.6
2026-02-15 23:00,2.4,50,-6.9,3.6,1.9,270,,,3,-0.2
2026-02-16 00:00,1.5,55,-6.5,3.8,1.4,270,,,0,-0.2
2026-02-16 01:00,0.6,57,-6.9,3.6,2.3,270,,,3,-0.3
2026-02-16 02:00,0.5,54,-7.7,3.4,1.4,270,,,6,-0.4
2026-02-16 03:00,0.4,53,-8.0,3.3,1.6,290,,,8,-0.3
2026-02-16 04:00,0.2,54,-8.0,3.3,1.1,270,,,8,-0.3
2026-02-16 05:00,0.0,54,-8.2,3.3,1.1,250,,,8,-0.3
2026-02-16 06:00,0.0,52,-8.7,3.2,0.5,250,,,9,-0.3
2026-02-16 07:00,-0.3,50,-9.4,3.0,0.9,270,,,9,-0.4
2026-02-16 08:00,-0.4,49,-9.8,2.9,1.1,250,0.0,0.0,7,-0.5
2026-02-16 09:00,0.6,44,-10.2,2.8,0.6,90,0.54,0.8,4,-0.2
2026-02-16 10:00,1.6,40,-10.5,2.8,1.2,290,1.33,1.0,3,1.5
2026-02-16 11:00,3.2,36,-10.4,2.8,1.3,180,1.88,1.0,3,7.5
2026-02-16 12:00,4.3,35,-9.8,2.9,1.4,270,2.42,1.0,6,12.9
2026-02-16 13:00,5.8,31,-10.0,2.9,1.7,250,2.55,1.0,4,15.3
2026-02-16 14:00,6.8,30,-9.6,3.0,1.7,270,2.38,1.0,4,16.8
2026-02-16 15:00,7.1,30,-9.3,3.0,1.1,320,2.05,1.0,3,15.8
2026-02-16 16:00,7.6,29,-9.3,3.0,1.8,290,1.71,1.0,2,14.7
2026-02-16 17:00,7.4,31,-8.6,3.2,1.7,290,1.08,1.0,1,11.5
2026-02-16 18:00,5.4,37,-8.1,3.3,1.6,290,0.26,0.5,2,6.0
2026-02-16 19:00,3.9,43,-7.5,3.5,1.9,290,0.0,0.0,8,3.3
2026-02-16 20:00,2.9,47,-7.3,3.5,1.3,290,,,8,2.2
2026-02-16 21:00,2.2,49,-7.4,3.5,0.6,160,,,7,0.8
2026-02-16 22:00,1.6,49,-7.9,3.4,0.1,0,,,6,-0.2
2026-02-16 23:00,1.0,52,-7.7,3.4,1.0,270,,,6,-0.3
2026-02-17 00:00,0.5,54,-7.7,3.4,1.0,270,,,2,-0.5
2026-02-17 01:00,0.3,54,-7.9,3.4,0.9,270,,,6,-0.5
2026-02-17 02:00,-0.1,56,-7.8,3.4,0.4,0,,,0,-0.9
2026-02-17 03:00,-0.6,60,-7.4,3.5,0.2,0,,,0,-1.0
2026-02-17 04:00,-1.8,64,-7.7,3.4,0.0,0,,,2,-1.2
2026-02-17 05:00,-2.1,67,-7.4,3.5,0.0,0,,,0,-1.3
2026-02-17 06:00,-3.1,70,-7.8,3.4,0.4,0,,,0,-1.7
2026-02-17 07:00,-2.5,67,-7.7,3.4,0.2,0,,,0,-1.9
2026-02-17 08:00,-2.1,66,-7.6,3.5,0.3,0,0.02,0.1,0,-1.8
2026-02-17 09:00,-0.7,60,-7.5,3.5,1.1,250,0.65,1.0,0,-0.9
2026-02-17 10:00,1.0,57,-6.5,3.8,0.7,230,1.37,1.0,0,1.0
2026-02-17 11:00,2.8,47,-7.4,3.5,1.0,160,2.05,1.0,0,4.3
2026-02-17 12:00,4.9,39,-7.9,3.4,1.2,290,2.48,1.0,0,10.7
2026-02-17 13:00,6.0,34,-8.7,3.2,1.6,290,2.66,1.0,0,15.6
2026-02-17 14:00,7.4,26,-10.8,2.7,1.6,270,2.62,1.0,0,17.2
2026-02-17 15:00,8.2,17,-15.4,1.8,1.8,270,2.34,1.0,0,17.3
2026-02-17 16:00,8.5,18,-14.5,2.0,2.1,290,1.83,1.0,0,15.1
2026-02-17 17:00,7.8,24,-11.5,2.5,2.1,270,1.09,1.0,0,11.1
2026-02-17 18:00,6.5,28,-10.7,2.7,1.6,290,0.25,0.5,0,5.8
2026-02-17 19:00,4.4,39,-8.3,3.3,1.3,290,0.0,0.0,0,2.8
2026-02-17 20:00,3.2,48,-6.7,3.7,1.7,290,,,0,1.3
2026-02-17 21:00,2.5,51,-6.6,3.7,1.4,270,,,0,-0.1
2026-02-17 22:00,1.5,54,-6.8,3.7,1.9,270,,,0,-0.3
2026-02-17 23:00,0.8,62,-5.6,4.0,1.4,270,,,0,-0.5
2026-02-18 00:00,0.5,66,-5.1,4.2,1.1,270,,,0,-0.7
2026-02-18 01:00,0.1,70,-4.7,4.3,0.8,270,,,0,-0.7
2026-02-18 02:00,-0.7,73,-4.9,4.2,1.1,250,,,0,-0.9
2026-02-18 03:00,-0.5,75,-4.3,4.4,1.6,270,,,0,-1.0
2026-02-18 04:00,-0.5,76,-4.2,4.5,1.1,270,,,0,-1.3
2026-02-18 05:00,-0.7,77,-4.2,4.5,1.1,270,,,0,-1.3
2026-02-18 06:00,-0.8,77,-4.3,4.4,0.8,250,,,0,-1.3
2026-02-18 07:00,-1.1,78,-4.4,4.4,0.7,290,,,0,-1.5
2026-02-18 08:00,-0.9,78,-4.2,4.5,1.1,270,0.01,0.0,0,-1.3
2026-02-18 09:00,0.5,74,-3.6,4.7,1.9,270,0.53,1.0,0,-0.5
2026-02-18 10:00,3.2,66,-2.5,5.1,1.7,250,1.26,1.0,0,1.3
2026-02-18 11:00,6.3,46,-4.4,4.4,1.6,270,1.95,1.0,0,5.5
2026-02-18 12:00,8.0,29,-8.9,3.1,2.5,290,2.36,1.0,0,12.4
2026-02-18 13:00,8.7,19,-13.7,2.1,3.4,270,2.65,1.0,0,16.0
2026-02-18 14:00,8.2,20,-13.4,2.2,3.6,290,2.66,1.0,0,16.9
2026-02-18 15:00,7.6,18,-15.2,1.9,3.5,290,2.42,1.0,0,16.1
2026-02-18 16:00,7.0,23,-12.7,2.3,3.6,290,1.83,1.0,0,13.8
2026-02-18 17:00,6.0,34,-8.7,3.2,2.2,270,1.08,1.0,0,10.0
2026-02-18 18:00,3.9,32,-11.3,2.6,2.6,290,0.25,0.6,0,4.6
2026-02-18 19:00,3.0,34,-11.3,2.6,1.7,270,0.0,0.0,0,1.8
2026-02-18 20:00,2.2,40,-10.0,2.9,1.6,270,,,0,0.3
2026-02-18 21:00,1.2,42,-10.3,2.8,1.0,250,,,0,-0.9
2026-02-18 22:00,0.8,47,-9.2,3.0,1.2,270,,,0,-0.5
2026-02-18 23:00,0.6,50,-8.6,3.2,1.0,270,,,0,-0.7
2026-02-19 00:00,-0.3,50,-9.4,3.0,1.4,290,,,0,-0.9
2026-02-19 01:00,-0.9,51,-9.7,2.9,0.6,290,,,0,-1.3
2026-02-19 02:00,-1.2,52,-9.8,2.9,0.5,270,,,0,-1.4
2026-02-19 03:00,-1.4,54,-9.5,3.0,0.5,270,,,0,-1.7
2026-02-19 04:00,-1.9,56,-9.5,3.0,0.5,140,,,0,-1.9
2026-02-19 05:00,-2.3,57,-9.6,3.0,0.6,200,,,0,-2.1
2026-02-19 06:00,-2.5,58,-9.6,3.0,0.7,160,,,0,-2.5
2026-02-19 07:00,-3.2,62,-9.4,3.0,0.3,0,,,0,-2.8
2026-02-19 08:00,-3.2,67,-8.4,3.2,0.2,0,0.05,0.2,0,-2.5
2026-02-19 09:00,-1.1,58,-8.3,3.3,0.2,0,0.72,1.0,0,-1.3
2026-02-19 10:00,1.2,52,-7.5,3.5,1.3,250,1.48,1.0,0,1.2
2026-02-19 11:00,2.9,46,-7.6,3.5,1.5,290,2.11,1.0,0,5.0
2026-02-19 12:00,4.8,37,-8.6,3.2,1.6,200,2.56,1.0,0,10.4
2026-02-19 13:00,6.0,32,-9.4,3.0,2.4,270,2.76,1.0,0,15.4
2026-02-19 14:00,7.3,27,-10.5,2.8,1.5,250,2.68,1.0,0,18.0
2026-02-19 15:00,8.3,26,-10.1,2.8,1.6,180,2.36,1.0,0,18.1
2026-02-19 16:00,9.0,25,-10.0,2.9,1.2,160,1.83,1.0,0,16.4
2026-02-19 17:00,9.1,25,-9.9,2.9,0.7,360,1.09,1.0,0,12.6
2026-02-19 18:00,8.0,26,-10.3,2.8,1.3,270,0.28,0.6,0,6.8
2026-02-19 19:00,7.1,28,-10.2,2.8,0.6,290,0.0,0.0,0,3.5
2026-02-19 20:00,5.5,37,-8.0,3.3,1.0,250,,,0,1.7
2026-02-19 21:00,5.0,41,-7.1,3.6,1.2,270,,,0,0.6
2026-02-19 22:00,4.0,46,-6.5,3.8,0.7,270,,,0,-0.4
2026-02-19 23:00,3.4,49,-6.3,3.8,0.6,290,,,5,-0.4
2026-02-20 00:00,2.4,51,-6.7,3.7,0.7,200,,,6,-0.5
2026-02-20 01:00,0.6,59,-6.5,3.8,0.0,0,,,0,-0.7
2026-02-20 02:00,0.0,58,-7.2,3.6,0.4,0,,,0,-1.0
2026-02-20 03:00,-0.2,59,-7.2,3.6,0.3,0,,,0,-1.3
2026-02-20 04:00,-0.3,58,-7.5,3.5,0.1,0,,,0,-1.3
2026-02-20 05:00,-1.5,66,-7.0,3.6,0.7,50,,,0,-1.4
2026-02-20 06:00,-1.8,66,-7.3,3.5,0.0,0,,,0,-1.7
2026-02-20 07:00,-2.0,68,-7.1,3.6,0.1,0,,,0,-1.8
2026-02-20 08:00,-1.5,66,-7.0,3.6,0.2,0,0.03,0.1,0,-1.5
2026-02-20 09:00,0.8,58,-6.5,3.8,0.0,0,0.6,1.0,0,-0.7
2026-02-20 10:00,3.6,45,-7.2,3.6,0.3,0,1.35,1.0,0,1.7
2026-02-20 11:00,7.0,43,-4.7,4.3,0.5,160,1.97,1.0,0,6.2
2026-02-20 12:00,9.7,42,-2.6,5.0,2.0,270,2.37,1.0,0,13.6
2026-02-20 13:00,11.7,37,-2.5,5.1,1.9,250,2.57,1.0,0,17.6
2026-02-20 14:00,13.1,28,-5.0,4.2,1.8,250,2.5,1.0,0,19.2
2026-02-20 15:00,13.3,29,-4.3,4.4,2.9,270,2.18,1.0,0,18.6
2026-02-20 16:00,13.4,31,-3.4,4.8,2.3,270,1.62,1.0,0,16.5
2026-02-20 17:00,13.1,32,-3.2,4.8,1.9,230,0.92,1.0,0,13.0
2026-02-20 18:00,12.0,29,-5.5,4.1,2.4,270,0.23,0.6,0,8.7
2026-02-20 19:00,10.6,30,-6.2,3.8,1.6,290,0.0,0.0,0,6.0
2026-02-20 20:00,9.4,34,-5.7,4.0,0.8,270,,,0,4.0
2026-02-20 21:00,8.6,37,-5.2,4.2,0.6,290,,,0,2.7
2026-02-20 22:00,7.6,41,-4.8,4.3,0.3,0,,,0,1.7
2026-02-20 23:00,7.1,44,-4.3,4.4,0.6,160,,,0,1.1
2026-02-21 00:00,6.5,47,-4.0,4.5,0.2,0,,,0,0.5
2026-02-21 01:00,5.1,51,-4.2,4.5,0.6,270,,,0,0.1
2026-02-21 02:00,4.0,55,-4.2,4.5,0.7,270,,,0,-0.4
2026-02-21 03:00,3.2,59,-4.0,4.5,0.1,0,,,0,-0.4
2026-02-21 04:00,2.8,61,-3.9,4.6,0.0,0,,,0,-0.5
2026-02-21 05:00,2.2,63,-4.1,4.5,0.0,0,,,0,-0.5
2026-02-21 06:00,2.0,65,-3.9,4.6,0.4,0,,,0,-0.7
2026-02-21 07:00,2.2,64,-3.9,4.6,0.6,270,,,0,-0.7
2026-02-21 08:00,1.6,67,-3.8,4.6,0.1,0,0.05,0.2,0,-0.5
2026-02-21 09:00,4.2,59,-3.1,4.9,0.6,290,0.58,1.0,0,0.2
2026-02-21 10:00,8.4,47,-2.2,5.2,0.6,320,1.28,1.0,0,6.5
2026-02-21 11:00,13.2,36,-1.5,5.5,1.6,270,1.91,1.0,0,13.1
2026-02-21 12:00,14.6,33,-1.5,5.5,3.1,270,2.37,1.0,0,17.3
2026-02-21 13:00,17.3,27,-1.9,5.3,2.3,270,2.56,1.0,0,21.0
2026-02-21 14:00,17.7,27,-1.5,5.5,3.2,270,2.52,1.0,0,21.9
2026-02-21 15:00,18.7,24,-2.3,5.2,3.0,270,2.2,1.0,0,21.7
2026-02-21 16:00,18.8,25,-1.6,5.4,2.4,270,1.71,1.0,0,19.8
2026-02-21 17:00,18.6,24,-2.3,5.2,2.9,270,1.01,1.0,0,16.3
2026-02-21 18:00,17.7,24,-3.1,4.9,1.7,270,0.28,0.6,0,12.0
2026-02-21 19:00,15.8,28,-2.7,5.0,1.1,290,0.0,0.0,0,8.7
2026-02-21 20:00,14.8,31,-2.1,5.2,2.7,270,,,0,7.9
2026-02-21 21:00,13.8,32,-2.6,5.0,2.0,270,,,0,7.0
2026-02-21 22:00,13.3,35,-1.8,5.4,1.7,200,,,0,6.1
2026-02-21 23:00,12.3,38,-1.6,5.4,0.4,0,,,0,5.1
2026-02-22 00:00,12.6,36,-2.1,5.2,2.0,200,,,0,5.3
2026-02-22 01:00,12.3,38,-1.6,5.4,1.1,230,,,0,4.9
2026-02-22 02:00,11.6,41,-1.2,5.6,0.7,230,,,0,4.0
2026-02-22 03:00,11.2,44,-0.6,5.8,0.8,230,,,2,3.7
2026-02-22 04:00,11.8,43,-0.3,6.0,1.6,230,,,2,4.4
2026-02-22 05:00,12.0,44,0.1,6.2,1.5,200,,,4,4.6
2026-02-22 06:00,12.6,52,2.9,7.5,2.5,230,,,1,5.1
2026-02-22 07:00,12.7,55,3.8,8.0,2.4,200,,,6,5.6
2026-02-22 08:00,12.3,51,2.4,7.3,0.6,140,0.1,0.0,7,6.5
2026-02-22 09:00,13.0,52,3.3,7.7,0.5,230,0.3,0.1,9,8.3
2026-02-22 10:00,13.6,62,6.4,9.6,4.1,270,0.04,0.0,10,9.1
2026-02-22 11:00,12.6,70,7.2,10.2,5.1,270,0.02,0.0,10,9.3
2026-02-22 12:00,12.6,67,6.6,9.7,4.0,270,0.27,0.0,9,11.0
2026-02-22 13:00,13.7,53,4.2,8.2,4.4,270,1.47,0.5,0,15.5
2026-02-22 14:00,14.6,45,2.7,7.4,4.0,270,1.78,1.0,0,17.1
2026-02-22 15:00,15.6,14,-11.8,2.5,3.9,270,1.65,1.0,0,17.1
2026-02-22 16:00,12.8,32,-3.5,4.7,3.4,270,1.29,1.0,0,15.1
2026-02-22 17:00,8.3,29,-8.7,3.2,3.3,290,0.75,0.8,0,11.3
2026-02-22 18:00,6.4,28,-10.8,2.7,2.8,270,0.27,0.6,0,6.8
2026-02-22 19:00,4.9,28,-12.1,2.4,2.5,290,0.0,0.0,0,3.7
2026-02-22 20:00,4.0,26,-13.8,2.1,1.2,290,,,0,1.7
2026-02-22 21:00,3.4,25,-14.8,1.9,2.6,290,,,0,0.8
2026-02-22 22:00,2.9,26,-14.7,2.0,2.4,270,,,0,0.2
2026-02-22 23:00,2.2,33,-12.4,2.4,1.5,270,,,0,-0.5
2026-02-23 00:00,2.0,35,-11.8,2.5,1.0,270,,,0,-1.2
2026-02-23 01:00,1.7,39,-10.8,2.7,1.6,270,,,0,-0.9
2026-02-23 02:00,1.2,41,-10.6,2.7,1.6,270,,,0,-1.0
2026-02-23 03:00,1.0,40,-11.1,2.6,0.9,270,,,0,-1.3
2026-02-23 04:00,0.4,41,-11.3,2.6,1.0,250,,,0,-1.7
2026-02-23 05:00,-0.1,42,-11.5,2.5,1.3,270,,,0,-1.8
2026-02-23 06:00,-0.7,46,-10.9,2.7,0.9,270,,,0,-1.9
2026-02-23 07:00,-0.9,48,-10.5,2.8,0.9,290,,,0,-2.2
2026-02-23 08:00,-0.4,47,-10.3,2.8,0.9,270,0.07,0.3,0,-1.8
2026-02-23 09:00,1.1,41,-10.7,2.7,1.2,200,0.75,1.0,0,-0.7
2026-02-23 10:00,3.2,33,-11.5,2.5,1.1,180,1.48,1.0,0,2.6
2026-02-23 11:00,4.7,27,-12.7,2.3,1.7,270,2.1,1.0,0,9.8
2026-02-23 12:00,7.1,23,-12.6,2.3,2.4,290,2.54,1.0,5,15.3
2026-02-23 13:00,7.7,21,-13.3,2.2,2.0,270,2.65,1.0,8,18.2
2026-02-23 14:00,7.9,21,-13.1,2.2,2.2,250,2.27,1.0,9,17.3
2026-02-23 15:00,7.4,16,-16.8,1.6,2.1,250,1.56,0.5,10,15.3
2026-02-23 16:00,6.6,19,-15.4,1.8,1.4,250,0.89,0.0,10,11.8
2026-02-23 17:00,5.1,21,-15.4,1.8,2.1,290,0.54,0.0,10,8.8
2026-02-23 18:00,4.3,20,-16.7,1.7,2.1,270,0.08,0.0,9,6.0
2026-02-23 19:00,3.6,21,-16.7,1.7,1.2,290,0.0,0.0,8,3.7
2026-02-23 20:00,2.9,22,-16.7,1.7,1.5,270,,,9,2.5
2026-02-23 21:00,2.2,22,-17.3,1.6,1.4,270,,,6,1.7
2026-02-23 22:00,2.0,24,-16.5,1.7,0.9,270,,,9,1.0
2026-02-23 23:00,1.6,28,-14.9,1.9,0.6,270,,,9,0.6
2026-02-24 00:00,1.7,29,-14.4,2.0,1.2,290,,,8,1.3
2026-02-24 01:00,1.7,29,-14.4,2.0,0.7,290,,,9,1.2
2026-02-24 02:00,1.3,34,-12.8,2.3,1.7,50,,,10,1.1
2026-02-24 03:00,0.8,32,-14.0,2.1,1.5,70,,,10,0.8
2026-02-24 04:00,1.1,33,-13.4,2.2,1.4,50,,,10,0.6
2026-02-24 05:00,1.0,32,-13.8,2.1,1.8,50,,,8,1.1
2026-02-24 06:00,1.2,35,-12.6,2.3,2.1,50,,,10,1.1
2026-02-24 07:00,1.8,34,-12.4,2.4,0.8,70,,,10,1.6
2026-02-24 08:00,1.7,36,-11.8,2.5,2.5,70,0.0,0.0,10,1.8
2026-02-24 09:00,2.2,33,-12.4,2.4,1.2,70,0.0,0.0,10,2.2
2026-02-24 10:00,0.5,64,-5.5,4.1,1.2,20,0.0,0.0,10,1.8
2026-02-24 11:00,-1.2,86,-3.2,4.8,1.3,50,0.02,0.0,10,1.2
2026-02-24 12:00,-0.4,87,-2.3,5.2,1.5,50,0.1,0.0,10,1.1
2026-02-24 13:00,0.1,88,-1.6,5.4,1.3,70,0.15,0.0,10,1.0
2026-02-24 14:00,0.6,87,-1.3,5.6,1.9,70,0.07,0.0,10,0.8
2026-02-24 15:00,1.2,86,-0.8,5.8,2.3,70,0.2,0.0,10,0.8
2026-02-24 16:00,1.7,84,-0.7,5.8,1.4,50,0.33,0.0,10,0.8
2026-02-24 17:00,2.2,82,-0.5,5.9,1.1,50,0.21,0.0,10,0.8
2026-02-24 18:00,2.2,81,-0.7,5.8,2.2,50,0.14,0.0,10,0.8
2026-02-24 19:00,2.0,82,-0.7,5.8,2.6,50,0.0,0.0,9,0.8
2026-02-24 20:00,1.8,84,-0.6,5.8,2.8,50,,,7,1.0
2026-02-24 21:00,1.5,85,-0.7,5.8,2.1,70,,,0,0.8
2026-02-24 22:00,1.2,83,-1.3,5.6,2.2,50,,,0,0.6
2026-02-24 23:00,1.1,84,-1.3,5.6,1.4,70,,,0,0.5
2026-02-25 00:00,0.6,86,-1.4,5.5,2.4,50,,,0,0.3
2026-02-25 01:00,0.2,86,-1.8,5.4,2.1,70,,,0,0.2
2026-02-25 02:00,0.0,87,-1.9,5.3,1.3,20,,,0,0.0
2026-02-25 03:00,-0.5,88,-2.2,5.2,1.5,70,,,0,-0.3
2026-02-25 04:00,-0.7,87,-2.5,5.1,1.8,50,,,0,-0.3
2026-02-25 05:00,-1.2,87,-3.0,4.9,0.4,0,,,0,-0.5
2026-02-25 06:00,-1.4,86,-3.4,4.8,2.3,50,,,0,-0.5
2026-02-25 07:00,-1.9,86,-3.9,4.6,2.2,50,,,0,-0.5
2026-02-25 08:00,-1.3,85,-3.5,4.7,2.2,50,0.17,0.4,0,-0.5
2026-02-25 09:00,-0.5,81,-3.3,4.8,1.8,50,1.04,1.0,0,-0.2
2026-02-25 10:00,2.2,73,-2.1,5.2,1.9,70,1.83,1.0,0,0.2
2026-02-25 11:00,5.2,67,-0.4,5.9,1.3,360,2.21,1.0,0,8.6
2026-02-25 12:00,7.0,58,-0.7,5.8,1.6,50,2.63,1.0,0,15.1
2026-02-25 13:00,9.3,52,0.0,6.1,1.9,50,2.83,1.0,0,18.3
2026-02-25 14:00,11.9,38,-1.9,5.3,1.9,160,2.76,1.0,0,20.1
2026-02-25 15:00,12.6,33,-3.2,4.8,3.0,110,2.49,1.0,0,19.2
2026-02-25 16:00,12.9,32,-3.4,4.8,3.5,90,1.94,1.0,0,17.1
2026-02-25 17:00,12.8,34,-2.6,5.0,2.9,110,1.23,1.0,0,13.8
2026-02-25 18:00,11.6,39,-1.9,5.3,3.2,90,0.33,0.6,0,9.0
2026-02-25 19:00,10.6,45,-0.8,5.8,2.4,90,0.0,0.0,0,6.5
2026-02-25 20:00,9.8,49,-0.4,5.9,1.0,110,,,0,4.5
2026-02-25 21:00,9.0,49,-1.1,5.6,2.3,140,,,0,4.0
2026-02-25 22:00,7.9,50,-1.9,5.3,1.9,140,,,0,3.3
2026-02-25 23:00,7.0,52,-2.2,5.2,2.1,140,,,0,2.6
2026-02-26 00:00,6.5,54,-2.1,5.2,1.9,110,,,0,2.0
2026-02-26 01:00,6.3,56,-1.8,5.4,1.2,90,,,0,1.6
2026-02-26 02:00,5.3,60,-1.8,5.4,0.9,20,,,0,0.8
2026-02-26 03:00,3.8,66,-1.9,5.3,0.6,320,,,0,0.0
2026-02-26 04:00,2.9,71,-1.8,5.4,0.8,20,,,0,0.1
2026-02-26 05:00,3.5,67,-2.0,5.3,1.5,20,,,0,0.0
2026-02-26 06:00,2.6,71,-2.1,5.2,1.5,20,,,0,-0.2
2026-02-26 07:00,2.0,71,-2.7,5.0,1.8,50,,,0,-0.3
2026-02-26 08:00,2.9,69,-2.2,5.2,2.0,50,0.1,0.3,0,0.0
2026-02-26 09:00,4.8,63,-1.6,5.4,2.1,50,0.87,1.0,0,1.4
2026-02-26 10:00,7.5,54,-1.2,5.6,1.2,70,1.6,1.0,6,9.1
2026-02-26 11:00,8.9,52,-0.4,5.9,0.9,320,1.89,1.0,6,12.9
2026-02-26 12:00,11.3,45,-0.2,6.0,2.0,140,2.23,1.0,7,16.6
2026-02-26 13:00,11.8,44,0.0,6.1,1.7,160,1.98,0.9,8,17.4
2026-02-26 14:00,12.1,44,0.1,6.2,1.8,200,1.6,0.3,9,16.2
2026-02-26 15:00,12.0,44,0.1,6.2,1.9,140,1.25,0.0,8,14.7
2026-02-26 16:00,11.1,47,0.1,6.2,1.3,140,0.54,0.0,10,11.8
2026-02-26 17:00,11.3,48,0.6,6.4,2.6,110,0.5,0.0,9,11.0
2026-02-26 18:00,10.8,49,0.4,6.3,2.7,90,0.16,0.0,7,8.8
2026-02-26 19:00,10.3,51,0.5,6.3,2.1,90,0.0,0.0,10,7.4
2026-02-26 20:00,9.8,53,0.6,6.4,0.8,140,,,9,6.5
2026-02-26 21:00,9.6,54,0.7,6.4,1.1,90,,,8,6.3
2026-02-26 22:00,9.5,55,0.8,6.5,2.5,90,,,10,6.3
2026-02-26 23:00,9.1,57,1.0,6.6,2.4,110,,,10,6.3
2026-02-27 00:00,8.8,58,0.9,6.5,2.0,90,,,9,6.0
2026-02-27 01:00,8.6,60,1.2,6.7,1.3,110,,,9,5.9
2026-02-27 02:00,8.5,61,1.3,6.7,2.3,90,,,10,5.9
2026-02-27 03:00,8.3,63,1.6,6.9,2.1,50,,,10,6.0
2026-02-27 04:00,8.0,65,1.8,7.0,2.6,70,,,10,5.9
2026-02-27 05:00,7.9,66,1.9,7.0,2.0,70,,,10,5.8
2026-02-27 06:00,7.9,66,1.9,7.0,1.6,70,,,10,5.8
2026-02-27 07:00,8.0,65,1.8,7.0,1.2,70,,,9,5.6
2026-02-27 08:00,8.1,64,1.6,6.9,1.2,110,0.0,0.0,9,6.1
2026-02-27 09:00,8.6,62,1.7,6.9,2.0,90,0.23,0.0,9,8.0
2026-02-27 10:00,9.6,57,1.4,6.8,1.3,140,0.65,0.0,10,10.5
2026-02-27 11:00,10.3,54,1.3,6.7,1.6,70,0.83,0.0,10,11.6
2026-02-27 12:00,10.8,53,1.5,6.8,1.1,140,0.79,0.0,10,12.3
2026-02-27 13:00,11.3,50,1.2,6.7,1.7,90,1.0,0.0,10,14.3
2026-02-27 14:00,11.1,51,1.3,6.7,2.9,50,0.53,0.0,10,12.0
2026-02-27 15:00,11.0,51,1.2,6.7,3.1,50,0.43,0.0,10,11.5
2026-02-27 16:00,11.8,48,1.1,6.6,2.8,70,1.15,0.2,4,14.6
2026-02-27 17:00,11.9,48,1.2,6.7,1.9,90,1.1,1.0,0,13.3
2026-02-27 18:00,10.8,50,0.7,6.4,2.7,50,0.36,0.6,0,9.5
2026-02-27 19:00,10.1,52,0.6,6.4,2.5,70,0.0,0.0,0,7.0
2026-02-27 20:00,9.4,54,0.5,6.3,1.6,70,,,0,5.7
2026-02-27 21:00,8.9,56,0.5,6.3,0.6,20,,,0,4.5
2026-02-27 22:00,7.1,63,0.5,6.3,0.4,0,,,0,3.5
2026-02-27 23:00,6.5,63,0.0,6.1,1.5,70,,,0,3.0
2026-02-28 00:00,6.1,63,-0.4,5.9,2.4,50,,,0,2.5
2026-02-28 01:00,5.1,66,-0.7,5.8,1.6,70,,,0,2.0
2026-02-28 02:00,4.5,68,-0.9,5.7,1.1,50,,,0,1.6
2026-02-28 03:00,4.1,68,-1.2,5.6,1.4,70,,,0,1.2
2026-02-28 04:00,3.4,70,-1.5,5.5,2.4,50,,,0,0.8
2026-02-28 05:00,3.2,71,-1.5,5.5,1.4,70,,,0,0.6
2026-02-28 06:00,2.7,73,-1.6,5.4,0.3,0,,,0,0.0
2026-02-28 07:00,2.7,74,-1.4,5.5,1.1,90,,,0,0.0
2026-02-28 08:00,2.7,72,-1.8,5.4,1.7,50,0.1,0.3,0,0.3
2026-02-28 09:00,3.9,68,-1.4,5.5,1.6,50,0.77,1.0,0,3.6
2026-02-28 10:00,6.3,59,-1.1,5.6,2.2,70,1.53,1.0,0,9.0
2026-02-28 11:00,8.4,51,-1.1,5.6,2.1,70,2.15,1.0,0,14.3
2026-02-28 12:00,10.3,44,-1.4,5.5,2.1,90,2.56,1.0,0,18.7
2026-02-28 13:00,12.9,37,-1.4,5.5,1.1,110,2.71,1.0,0,22.3
2026-02-28 14:00,13.9,36,-0.9,5.7,1.0,110,2.69,1.0,0,24.0
2026-02-28 15:00,15.0,33,-1.1,5.6,1.0,270,2.38,1.0,0,23.7
2026-02-28 16:00,16.1,29,-1.9,5.3,1.7,250,1.87,1.0,0,21.6
2026-02-28 17:00,14.8,31,-2.1,5.2,2.1,140,1.16,1.0,1,17.3
2026-02-28 18:00,13.5,35,-1.6,5.4,2.5,140,0.36,0.7,1,12.2
2026-02-28 19:00,12.5,38,-1.4,5.5,2.9,110,0.0,0.0,0,9.1
2026-02-28 20:00,11.1,44,-0.7,5.8,2.5,110,,,0,7.6
2026-02-28 21:00,9.5,51,-0.1,6.1,2.5,110,,,0,6.5
2026-02-28 22:00,8.3,54,-0.4,5.9,2.0,140,,,0,5.6
2026-02-28 23:00,7.6,57,-0.3,6.0,2.0,140,,,4,4.8
2026-03-01 00:00,7.1,59,-0.3,6.0,1.8,110,,,0,4.4
2026-03-01 01:00,7.0,60,-0.2,6.0,1.6,110,,,4,4.0
2026-03-01 02:00,7.0,59,-0.4,5.9,1.7,110,,,5,3.7
2026-03-01 03:00,6.9,59,-0.5,5.9,1.7,110,,,7,3.7
2026-03-01 04:00,6.8,57,-1.1,5.6,1.4,90,,,3,3.4
2026-03-01 05:00,7.0,56,-1.1,5.6,1.5,90,,,3,3.4
2026-03-01 06:00,7.0,56,-1.1,5.6,1.6,90,,,2,3.0
2026-03-01 07:00,5.8,62,-0.9,5.7,0.8,340,,,6,3.0
2026-03-01 08:00,6.0,61,-0.9,5.7,1.0,20,0.05,0.0,6,3.7
2026-03-01 09:00,7.5,56,-0.7,5.8,1.4,50,0.62,0.7,4,6.4
2026-03-01 10:00,9.3,52,0.0,6.1,2.0,70,1.49,1.0,6,12.4
2026-03-01 11:00,11.1,46,-0.1,6.1,2.3,140,1.72,0.5,5,14.6
2026-03-01 12:00,11.8,44,0.0,6.1,3.5,110,2.63,0.9,4,18.8
2026-03-01 13:00,12.5,43,0.2,6.2,3.3,110,2.55,0.7,7,20.7
2026-03-01 14:00,12.3,44,0.3,6.2,3.0,90,1.72,0.1,9,19.2
2026-03-01 15:00,12.1,44,0.1,6.2,2.7,110,1.36,0.1,9,17.0
2026-03-01 16:00,11.6,44,-0.2,6.0,4.7,90,1.33,0.5,7,15.7
2026-03-01 17:00,11.1,46,-0.1,6.1,3.6,110,0.55,0.0,9,12.7
2026-03-01 18:00,9.8,50,-0.1,6.1,4.5,90,0.2,0.0,9,10.0
2026-03-01 19:00,9.0,53,0.0,6.1,3.2,90,0.0,0.0,10,8.3
2026-03-01 20:00,8.3,54,-0.4,5.9,4.2,90,,,10,7.5
2026-03-01 21:00,8.1,53,-0.9,5.7,3.4,90,,,10,7.1
2026-03-01 22:00,7.9,53,-1.1,5.6,2.9,90,,,9,6.5
2026-03-01 23:00,7.8,54,-0.9,5.7,2.6,90,,,9,6.5
2026-03-02 00:00,7.9,54,-0.8,5.8,2.9,110,,,10,6.5
2026-03-02 01:00,8.0,55,-0.5,5.9,2.2,90,,,10,6.4
2026-03-02 02:00,8.1,55,-0.4,5.9,3.9,90,,,10,6.5
2026-03-02 03:00,8.0,56,-0.2,6.0,2.5,70,,,10,6.4
2026-03-02 04:00,8.1,54,-0.6,5.8,2.1,90,,,10,6.4
2026-03-02 05:00,8.1,54,-0.6,5.8,2.7,90,,,9,6.4
2026-03-02 06:00,8.2,54,-0.5,5.9,3.4,90,,,10,6.5
2026-03-02 07:00,8.1,57,0.0,6.1,4.6,90,,,10,6.3
2026-03-02 08:00,7.3,65,1.1,6.6,4.0,90,0.0,0.0,10,5.9
2026-03-02 09:00,6.6,69,1.3,6.7,3.8,90,0.0,0.0,10,6.0
2026-03-02 10:00,6.3,74,1.9,7.0,2.8,90,0.05,0.0,10,6.5
2026-03-02 11:00,6.1,75,1.9,7.0,2.8,70,0.15,0.0,10,6.9
2026-03-02 12:00,6.5,72,1.8,7.0,3.2,90,0.23,0.0,10,7.2
2026-03-02 13:00,6.6,72,1.9,7.0,3.9,90,0.36,0.0,10,8.0
2026-03-02 14:00,6.6,73,2.0,7.1,3.6,90,0.44,0.0,10,8.1
2026-03-02 15:00,6.5,72,1.8,7.0,4.1,90,0.22,0.0,10,6.9
2026-03-02 16:00,6.0,76,2.0,7.1,3.7,70,0.13,0.0,10,6.5
2026-03-02 17:00,6.4,73,1.9,7.0,4.0,70,0.11,0.0,10,6.4
2026-03-02 18:00,6.5,72,1.8,7.0,3.8,70,0.01,0.0,10,5.8
2026-03-02 19:00,5.9,79,2.5,7.3,2.9,50,0.0,0.0,10,5.5
2026-03-02 20:00,5.8,77,2.0,7.1,3.2,70,,,10,5.3
2026-03-02 21:00,5.5,79,2.1,7.1,3.0,70,,,10,5.1
2026-03-02 22:00,4.2,84,1.7,6.9,4.6,50,,,10,4.7
2026-03-02 23:00,4.0,84,1.5,6.8,3.6,50,,,10,4.5
2026-03-03 00:00,4.0,83,1.3,6.7,3.3,50,,,10,4.4
2026-03-03 01:00,4.0,83,1.3,6.7,2.7,70,,,10,4.3
2026-03-03 02:00,4.0,84,1.5,6.8,2.3,70,,,10,4.3
2026-03-03 03:00,3.4,85,1.1,6.6,2.3,50,,,10,4.0
2026-03-03 04:00,2.9,86,0.7,6.4,2.8,70,,,10,3.7
2026-03-03 05:00,2.9,84,0.4,6.3,4.3,50,,,9,3.5
2026-03-03 06:00,3.0,84,0.5,6.3,2.2,50,,,9,3.5
2026-03-03 07:00,3.2,82,0.4,6.3,1.6,50,0.0,0.0,9,3.5
2026-03-03 08:00,3.4,79,0.0,6.1,3.0,50,0.0,0.0,9,4.0
2026-03-03 09:00,3.7,77,0.0,6.1,3.8,50,0.28,0.0,6,5.2
2026-03-03 10:00,6.1,72,1.4,6.8,2.7,70,1.57,0.9,2,10.4
2026-03-03 11:00,8.1,61,1.0,6.6,3.4,50,2.38,1.0,6,14.8
2026-03-03 12:00,9.5,54,0.6,6.4,3.3,70,2.53,0.8,6,18.0
2026-03-03 13:00,11.0,47,0.1,6.2,3.5,70,2.93,1.0,4,19.0
2026-03-03 14:00,11.5,45,0.0,6.1,3.5,70,2.9,1.0,3,20.3
2026-03-03 15:00,11.9,43,-0.3,6.0,3.6,50,2.51,1.0,2,19.5
2026-03-03 16:00,12.2,41,-0.6,5.8,4.0,70,1.99,1.0,2,17.3
2026-03-03 17:00,11.8,42,-0.7,5.8,2.6,50,0.89,0.8,3,13.8
2026-03-03 18:00,11.3,43,-0.8,5.8,2.6,50,0.31,0.4,1,9.8
2026-03-03 19:00,10.1,46,-1.0,5.7,2.5,50,0.0,0.0,0,7.0
2026-03-03 20:00,8.8,51,-0.8,5.8,2.9,50,,,0,5.7
2026-03-03 21:00,7.6,53,-1.3,5.6,3.2,50,,,3,4.8
2026-03-03 22:00,6.8,55,-1.6,5.4,2.2,50,,,2,4.0
2026-03-03 23:00,6.0,57,-1.8,5.4,1.8,50,,,0,3.2
2026-03-04 00:00,5.3,60,-1.8,5.4,1.4,50,,,0,2.7
2026-03-04 01:00,4.5,62,-2.1,5.2,2.0,50,,,0,2.1
2026-03-04 02:00,4.1,63,-2.3,5.2,1.5,70,,,7,2.4
2026-03-04 03:00,3.7,64,-2.4,5.1,1.6,50,,,4,2.0
2026-03-04 04:00,3.7,65,-2.2,5.2,1.5,70,,,8,2.5
2026-03-04 05:00,3.4,66,-2.3,5.2,1.0,70,,,6,1.9
2026-03-04 06:00,3.2,66,-2.5,5.1,1.2,50,,,0,0.9
2026-03-04 07:00,2.5,69,-2.6,5.0,1.3,70,0.0,0.0,0,0.5
2026-03-04 08:00,3.0,68,-2.3,5.2,1.5,50,0.14,0.3,0,1.2
2026-03-04 09:00,4.6,61,-2.2,5.2,1.8,50,0.9,1.0,0,4.9
2026-03-04 10:00,7.0,53,-1.9,5.3,1.7,110,1.66,1.0,0,11.1
2026-03-04 11:00,8.0,45,-3.2,4.8,2.7,70,2.24,1.0,0,15.4
2026-03-04 12:00,9.3,40,-3.6,4.7,3.3,70,2.65,1.0,0,18.5
2026-03-04 13:00,10.1,38,-3.6,4.7,0.9,200,2.18,0.7,4,17.2
2026-03-04 14:00,10.8,37,-3.3,4.8,2.8,270,2.32,0.9,5,20.1
2026-03-04 15:00,11.3,35,-3.6,4.7,1.9,290,2.43,1.0,0,20.6
2026-03-04 16:00,12.1,33,-3.7,4.6,2.2,270,1.87,1.0,0,18.1
2026-03-04 17:00,11.6,36,-2.9,4.9,2.2,270,1.14,1.0,0,14.2
2026-03-04 18:00,10.5,36,-3.9,4.6,1.4,270,0.35,0.6,0,9.6
2026-03-04 19:00,8.9,45,-2.4,5.1,1.7,290,0.0,0.0,0,6.5
2026-03-04 20:00,7.8,50,-1.9,5.3,0.9,270,,,0,4.9
2026-03-04 21:00,6.7,55,-1.7,5.4,0.9,270,,,0,3.7
2026-03-04 22:00,6.2,59,-1.2,5.6,0.8,250,,,0,3.0
2026-03-04 23:00,5.7,62,-1.0,5.7,0.9,70,,,0,2.7
2026-03-05 00:00,5.1,62,-1.5,5.5,0.5,270,,,0,2.0
2026-03-05 01:00,4.5,65,-1.5,5.5,0.2,0,,,0,1.5
2026-03-05 02:00,4.0,67,-1.5,5.5,0.4,0,,,0,1.0
2026-03-05 03:00,3.5,70,-1.4,5.5,0.4,0,,,0,0.6
2026-03-05 04:00,2.7,73,-1.6,5.4,0.0,0,,,0,0.1
2026-03-05 05:00,2.1,77,-1.5,5.5,0.1,0,,,0,0.2
2026-03-05 06:00,2.2,74,-1.9,5.3,0.3,0,,,0,-0.2
2026-03-05 07:00,1.5,78,-1.9,5.3,0.1,0,0.0,0.0,0,-0.3
2026-03-05 08:00,2.0,77,-1.6,5.4,0.5,50,0.12,0.3,7,0.1
2026-03-05 09:00,4.3,68,-1.0,5.7,0.9,90,0.8,1.0,7,5.1
2026-03-05 10:00,6.5,58,-1.1,5.6,0.7,140,1.47,1.0,2,11.3
2026-03-05 11:00,10.6,47,-0.2,6.0,1.6,160,2.16,1.0,2,17.2
2026-03-05 12:00,12.9,42,0.2,6.2,1.8,230,2.56,1.0,7,21.4
2026-03-05 13:00,13.3,40,0.0,6.1,2.4,270,2.4,1.0,8,21.0
2026-03-05 14:00,14.8,39,0.9,6.5,1.9,270,2.3,0.7,8,23.3
2026-03-05 15:00,14.0,43,1.5,6.8,2.7,250,1.65,0.5,10,19.1
2026-03-05 16:00,13.6,44,1.5,6.8,2.6,270,0.92,0.0,10,15.4
2026-03-05 17:00,13.5,46,2.0,7.1,1.5,270,0.47,0.0,10,13.3
2026-03-05 18:00,12.9,49,2.4,7.3,1.1,270,0.08,0.0,10,11.3
2026-03-05 19:00,9.8,80,6.5,9.7,2.0,270,0.0,0.0,10,9.8
2026-03-05 20:00,9.1,87,7.0,10.0,0.4,0,,,10,9.3
2026-03-05 21:00,5.1,87,3.1,7.6,1.7,290,,,10,7.5
2026-03-05 22:00,4.8,88,2.9,7.5,0.3,0,,,10,7.0
2026-03-05 23:00,4.3,88,2.4,7.3,2.0,290,,,10,6.4
2026-03-06 00:00,1.7,87,-0.2,6.0,1.3,250,,,10,4.6
2026-03-06 01:00,0.8,90,-0.6,5.8,0.8,270,,,10,2.2
2026-03-06 02:00,1.0,91,-0.3,6.0,0.6,250,,,10,2.5
2026-03-06 03:00,1.2,91,-0.1,6.1,1.1,290,,,10,2.9
2026-03-06 04:00,1.2,90,-0.2,6.0,1.4,250,,,10,3.2
2026-03-06 05:00,1.5,89,-0.1,6.1,0.8,250,,,9,3.5
2026-03-06 06:00,1.7,85,-0.5,5.9,1.6,270,,,9,3.2
2026-03-06 07:00,1.5,87,-0.4,5.9,1.3,250,0.0,0.0,8,2.7
2026-03-06 08:00,1.5,86,-0.5,5.9,1.6,270,0.01,0.0,9,3.5
2026-03-06 09:00,1.5,84,-0.9,5.7,2.1,270,0.22,0.0,10,4.6
2026-03-06 10:00,1.9,82,-0.8,5.8,2.3,250,0.39,0.0,10,5.7
2026-03-06 11:00,2.8,78,-0.6,5.8,1.6,230,0.64,0.0,10,6.8
2026-03-06 12:00,3.2,78,-0.2,6.0,1.3,270,0.44,0.0,10,6.8
2026-03-06 13:00,3.9,74,-0.3,6.0,2.4,270,0.33,0.0,10,7.5
2026-03-06 14:00,4.8,69,-0.4,5.9,2.1,290,0.89,0.0,9,9.5
2026-03-06 15:00,4.8,70,-0.2,6.0,2.8,270,0.88,0.0,9,9.5
2026-03-06 16:00,4.6,73,0.1,6.2,2.9,270,0.62,0.1,8,9.2
2026-03-06 17:00,3.9,60,-3.1,4.9,2.9,290,0.5,0.0,9,6.6
2026-03-06 18:00,2.4,61,-4.3,4.4,2.6,290,0.13,0.1,9,4.3
2026-03-06 19:00,1.8,60,-5.1,4.2,2.5,270,0.0,0.0,8,2.7
2026-03-06 20:00,1.5,61,-5.2,4.2,2.0,270,,,5,2.2
2026-03-06 21:00,1.1,60,-5.8,4.0,2.4,270,,,8,1.8
2026-03-06 22:00,1.1,61,-5.5,4.1,1.5,270,,,9,1.8
2026-03-06 23:00,0.8,61,-5.8,4.0,1.4,270,,,9,1.8
2026-03-07 00:00,0.8,61,-5.8,4.0,1.5,270,,,9,1.7
2026-03-07 01:00,0.5,62,-5.9,3.9,1.8,270,,,8,1.0
2026-03-07 02:00,0.1,61,-6.5,3.8,1.6,270,,,5,0.0
2026-03-07 03:00,-0.5,66,-6.0,3.9,1.3,270,,,3,0.2
2026-03-07 04:00,-0.9,68,-6.0,3.9,1.2,270,,,0,0.2
2026-03-07 05:00,-1.1,68,-6.2,3.8,1.2,270,,,0,0.1
2026-03-07 06:00,-1.3,68,-6.4,3.8,1.2,270,,,0,0.0
2026-03-07 07:00,-1.7,69,-6.6,3.7,1.4,290,0.0,0.0,0,-0.4
2026-03-07 08:00,-1.2,67,-6.5,3.8,1.3,270,0.11,0.3,0,-0.3
2026-03-07 09:00,0.3,59,-6.7,3.7,1.7,250,0.96,1.0,1,0.1
2026-03-07 10:00,1.9,54,-6.4,3.8,1.3,270,1.58,0.9,6,3.0
2026-03-07 11:00,3.3,41,-8.7,3.2,1.9,290,2.19,0.9,1,10.0
2026-03-07 12:00,4.1,39,-8.6,3.2,2.0,290,2.83,1.0,0,14.2
2026-03-07 13:00,5.4,32,-10.0,2.9,2.6,290,3.04,1.0,0,16.4
2026-03-07 14:00,6.0,26,-12.1,2.4,3.1,270,3.0,1.0,0,16.8
2026-03-07 15:00,5.6,29,-11.0,2.6,3.7,270,2.66,1.0,0,15.1
2026-03-07 16:00,5.5,25,-13.0,2.3,2.7,270,2.07,1.0,0,13.5
2026-03-07 17:00,4.7,29,-11.8,2.5,1.9,290,1.35,1.0,0,10.5
2026-03-07 18:00,2.9,30,-13.0,2.3,1.9,270,0.48,0.8,0,4.8
2026-03-07 19:00,1.9,36,-11.6,2.5,2.0,290,0.0,0.0,0,1.9
2026-03-07 20:00,1.1,42,-10.4,2.8,1.0,270,,,0,0.6
2026-03-07 21:00,0.8,45,-9.8,2.9,1.1,250,,,0,0.1
2026-03-07 22:00,0.6,49,-8.9,3.1,0.8,270,,,0,0.5
2026-03-07 23:00,0.1,52,-8.6,3.2,0.5,270,,,0,0.3
2026-03-08 00:00,0.0,53,-8.4,3.2,0.6,230,,,0,0.0
2026-03-08 01:00,0.0,53,-8.4,3.2,0.2,0,,,0,-0.4
2026-03-08 02:00,-0.9,59,-7.9,3.4,0.6,140,,,0,-0.7
2026-03-08 03:00,-1.2,60,-7.9,3.4,1.1,270,,,0,-0.9
2026-03-08 04:00,-2.1,64,-8.0,3.3,0.8,140,,,0,-1.3
2026-03-08 05:00,-2.3,65,-7.9,3.4,0.0,0,,,0,-1.4
2026-03-08 06:00,-2.5,66,-7.9,3.4,0.6,140,,,0,-1.7
2026-03-08 07:00,-3.1,70,-7.8,3.4,0.0,0,0.0,0.0,0,-1.8
2026-03-08 08:00,-2.8,75,-6.6,3.7,0.4,0,0.12,0.2,0,-1.3
2026-03-08 09:00,-0.6,65,-6.3,3.8,0.3,0,1.0,1.0,0,0.0
2026-03-08 10:00,1.1,56,-6.7,3.7,0.8,270,1.77,1.0,0,0.8
2026-03-08 11:00,2.7,48,-7.2,3.6,1.2,320,2.36,1.0,0,8.0
2026-03-08 12:00,4.4,34,-10.1,2.8,1.4,90,2.84,1.0,0,14.0
2026-03-08 13:00,6.5,30,-9.8,2.9,1.2,160,2.97,1.0,4,17.1
2026-03-08 14:00,7.0,30,-9.4,3.0,1.2,270,2.82,1.0,6,18.6
2026-03-08 15:00,7.7,25,-11.1,2.6,1.3,270,2.21,0.9,8,16.3
2026-03-08 16:00,7.0,27,-10.7,2.7,1.9,290,0.98,0.1,9,11.0
2026-03-08 17:00,6.6,25,-12.0,2.4,1.9,270,0.69,0.0,7,8.7
2026-03-08 18:00,5.5,25,-13.0,2.3,2.5,290,0.3,0.1,7,5.6
2026-03-08 19:00,4.9,28,-12.1,2.4,1.5,290,0.01,0.0,5,3.2
2026-03-08 20:00,3.7,34,-10.7,2.7,1.6,270,,,2,1.8
2026-03-08 21:00,2.5,37,-10.7,2.7,1.8,290,,,2,0.8
2026-03-08 22:00,1.8,50,-7.5,3.5,1.9,290,,,0,0.1
2026-03-08 23:00,1.7,57,-5.9,3.9,1.2,290,,,0,-0.2
2026-03-09 00:00,1.2,57,-6.3,3.8,0.3,0,,,0,0.3
2026-03-09 01:00,1.1,59,-6.0,3.9,0.2,0,,,0,0.3
2026-03-09 02:00,0.8,59,-6.3,3.8,0.2,0,,,7,0.2
2026-03-09 03:00,1.1,60,-5.8,4.0,0.2,0,,,9,0.3
2026-03-09 04:00,1.2,59,-5.9,3.9,0.1,0,,,9,0.4
2026-03-09 05:00,1.2,60,-5.7,4.0,0.9,200,,,9,0.6
2026-03-09 06:00,1.2,62,-5.2,4.2,0.7,200,,,10,0.8
2026-03-09 07:00,1.2,64,-4.8,4.3,0.6,200,0.0,0.0,10,1.2
2026-03-09 08:00,1.3,66,-4.3,4.4,0.8,180,0.0,0.0,10,1.7
2026-03-09 09:00,1.6,66,-4.0,4.5,0.9,200,0.01,0.0,10,2.5
2026-03-09 10:00,1.8,67,-3.6,4.7,1.1,250,0.27,0.0,10,4.0
2026-03-09 11:00,1.4,76,-2.3,5.2,1.8,270,0.35,0.0,10,4.8
2026-03-09 12:00,2.4,82,-0.3,6.0,1.1,200,0.83,0.0,10,8.8
2026-03-09 13:00,5.8,65,-0.2,6.0,1.6,270,2.23,0.6,7,12.8
2026-03-09 14:00,7.4,34,-7.4,3.5,2.4,290,1.57,0.4,6,12.2
2026-03-09 15:00,8.2,29,-8.8,3.1,2.8,290,1.87,0.6,4,14.0
2026-03-09 16:00,8.2,30,-8.3,3.3,2.4,290,1.67,0.8,5,12.5
2026-03-09 17:00,7.1,38,-6.2,3.8,3.2,270,1.18,1.0,4,9.6
2026-03-09 18:00,5.9,48,-4.2,4.5,1.9,270,0.4,0.7,2,6.0
2026-03-09 19:00,5.0,50,-4.5,4.4,1.7,270,0.0,0.0,0,3.5
2026-03-09 20:00,4.2,52,-4.8,4.3,1.5,270,,,0,2.2
2026-03-09 21:00,3.7,54,-4.7,4.3,1.0,290,,,0,1.2
2026-03-09 22:00,3.2,55,-4.9,4.2,0.4,0,,,0,0.6
2026-03-09 23:00,2.7,58,-4.7,4.3,0.5,250,,,0,0.1
2026-03-10 00:00,2.2,61,-4.5,4.4,0.8,250,,,0,0.4
2026-03-10 01:00,1.5,63,-4.7,4.3,0.5,270,,,0,0.3
2026-03-10 02:00,0.8,67,-4.6,4.3,0.5,200,,,0,0.1
2026-03-10 03:00,0.5,69,-4.5,4.4,0.9,200,,,0,-0.2
2026-03-10 04:00,0.1,70,-4.7,4.3,0.6,180,,,0,-0.4
2026-03-10 05:00,-0.6,72,-5.0,4.2,0.4,0,,,0,-0.7
2026-03-10 06:00,-0.9,74,-4.9,4.2,0.1,0,,,0,-0.9
2026-03-10 07:00,-0.7,75,-4.5,4.4,0.4,0,0.0,0.0,1,-0.9
2026-03-10 08:00,0.1,72,-4.3,4.4,0.8,270,0.21,0.2,7,-0.2
2026-03-10 09:00,1.6,66,-4.0,4.5,1.0,270,0.74,0.7,7,0.1
2026-03-10 10:00,3.5,59,-3.7,4.6,1.1,290,1.53,1.0,0,4.7
2026-03-10 11:00,5.6,52,-3.5,4.7,0.7,140,2.23,1.0,0,11.6
2026-03-10 12:00,6.7,38,-6.6,3.7,1.3,360,2.79,1.0,3,16.6
2026-03-10 13:00,7.6,33,-7.6,3.5,1.6,200,2.94,1.0,0,18.2
2026-03-10 14:00,8.9,32,-6.9,3.6,1.9,250,2.87,1.0,0,18.9
2026-03-10 15:00,9.0,31,-7.2,3.6,1.4,70,2.46,1.0,0,18.2
2026-03-10 16:00,9.4,32,-6.4,3.8,1.5,110,1.82,1.0,0,15.8
2026-03-10 17:00,9.5,33,-6.0,3.9,1.1,270,1.11,1.0,0,12.6
2026-03-10 18:00,9.0,34,-6.0,3.9,0.7,270,0.34,0.5,3,8.6
2026-03-10 19:00,7.1,43,-4.6,4.3,1.5,270,0.0,0.0,4,5.4
2026-03-10 20:00,5.5,46,-5.2,4.2,1.3,270,,,4,3.5
2026-03-10 21:00,4.5,47,-5.8,4.0,0.2,0,,,2,2.5
2026-03-10 22:00,3.9,46,-6.6,3.7,0.2,0,,,4,1.6
2026-03-10 23:00,3.2,47,-7.0,3.6,0.1,0,,,4,0.8
2026-03-11 00:00,2.9,47,-7.3,3.5,0.4,0,,,0,0.2
2026-03-11 01:00,1.8,52,-7.0,3.6,0.1,0,,,0,0.5
2026-03-11 02:00,1.2,57,-6.3,3.8,0.0,0,,,0,0.3
2026-03-11 03:00,0.8,60,-6.0,3.9,0.7,250,,,0,0.1
2026-03-11 04:00,0.2,62,-6.2,3.8,0.6,290,,,0,-0.3
2026-03-11 05:00,-0.7,68,-5.8,4.0,0.2,0,,,0,-0.5
2026-03-11 06:00,0.0,66,-5.6,4.0,0.3,0,,,3,-0.5
2026-03-11 07:00,0.3,66,-5.3,4.1,0.1,0,0.0,0.0,9,-0.2
2026-03-11 08:00,0.1,70,-4.7,4.3,0.7,320,0.14,0.0,8,0.0
2026-03-11 09:00,1.7,65,-4.1,4.5,0.5,160,0.77,0.9,2,0.5
2026-03-11 10:00,4.1,54,-4.3,4.4,0.4,0,1.58,1.0,0,7.8
2026-03-11 11:00,6.5,41,-5.8,4.0,1.7,90,2.24,1.0,0,13.1
2026-03-11 12:00,8.2,36,-6.0,3.9,0.9,160,2.67,1.0,0,17.2
2026-03-11 13:00,9.7,30,-7.0,3.6,1.8,50,2.87,1.0,1,19.5
2026-03-11 14:00,11.2,24,-8.6,3.2,2.1,230,2.67,1.0,0,19.2
2026-03-11 15:00,11.8,27,-6.6,3.7,1.8,270,2.28,1.0,2,17.8
2026-03-11 16:00,10.8,22,-10.1,2.8,2.3,270,1.4,0.5,6,13.8
2026-03-11 17:00,10.1,30,-6.7,3.7,2.1,270,1.1,1.0,3,11.6
2026-03-11 18:00,8.8,36,-5.4,4.1,2.4,290,0.45,0.4,4,8.7
2026-03-11 19:00,7.5,44,-3.9,4.6,1.8,270,0.01,0.0,0,5.5
2026-03-11 20:00,6.5,52,-2.6,5.0,1.3,290,,,0,4.2
2026-03-11 21:00,5.4,57,-2.4,5.1,1.4,290,,,0,3.2
2026-03-11 22:00,4.8,59,-2.5,5.1,0.3,0,,,0,2.5
2026-03-11 23:00,4.5,59,-2.8,5.0,0.9,250,,,0,2.0
2026-03-12 00:00,3.9,61,-2.9,4.9,0.6,270,,,0,1.3
2026-03-12 01:00,3.4,65,-2.5,5.1,0.0,0,,,0,1.0
2026-03-12 02:00,3.0,68,-2.3,5.2,0.0,0,,,0,0.6
2026-03-12 03:00,2.2,71,-2.5,5.1,0.0,0,,,0,0.3
2026-03-12 04:00,2.1,71,-2.6,5.0,0.4,0,,,0,0.5
2026-03-12 05:00,1.4,75,-2.5,5.1,0.4,0,,,0,0.3
2026-03-12 06:00,1.0,77,-2.5,5.1,0.1,0,,,0,0.1
2026-03-12 07:00,0.6,77,-2.9,4.9,1.4,50,0.0,0.0,0,0.0
2026-03-12 08:00,1.0,76,-2.7,5.0,0.6,360,0.12,0.1,0,0.1
2026-03-12 09:00,2.5,71,-2.2,5.2,1.8,50,0.81,1.0,0,3.0
2026-03-12 10:00,4.6,63,-1.8,5.4,1.8,70,1.54,1.0,0,9.2
2026-03-12 11:00,7.3,55,-1.1,5.6,1.4,50,2.16,1.0,0,13.6
2026-03-12 12:00,9.6,44,-2.0,5.3,3.1,70,2.6,1.0,0,17.0
2026-03-12 13:00,11.6,40,-1.5,5.5,2.3,50,2.83,1.0,0,19.7
2026-03-12 14:00,12.3,30,-4.8,4.3,2.3,50,2.86,1.0,2,20.6
2026-03-12 15:00,13.3,29,-4.3,4.4,2.8,70,2.19,0.8,4,18.1
2026-03-12 16:00,13.5,26,-5.6,4.0,2.8,70,1.62,0.7,6,16.8
2026-03-12 17:00,12.1,35,-2.9,4.9,4.6,50,0.97,0.5,3,11.6
2026-03-12 18:00,11.6,33,-4.1,4.5,3.2,70,0.44,0.6,5,9.1
2026-03-12 19:00,10.7,39,-2.7,5.0,3.5,50,0.0,0.0,5,7.5
2026-03-12 20:00,9.8,41,-2.8,5.0,3.0,50,,,7,6.1
2026-03-12 21:00,8.8,46,-2.2,5.2,2.1,50,,,7,5.6
2026-03-12 22:00,8.1,44,-3.4,4.8,2.7,50,,,5,4.5
2026-03-12 23:00,7.4,44,-4.0,4.5,3.3,50,,,0,3.5
2026-03-13 00:00,6.3,49,-3.6,4.7,3.8,70,,,0,3.0
2026-03-13 01:00,5.6,51,-3.7,4.6,2.5,50,,,0,2.5
2026-03-13 02:00,5.4,52,-3.6,4.7,1.7,70,,,0,2.0
2026-03-13 03:00,5.0,53,-3.8,4.6,1.8,50,,,0,1.7
2026-03-13 04:00,4.3,57,-3.4,4.8,2.4,20,,,0,1.2
2026-03-13 05:00,3.2,62,-3.3,4.8,1.9,50,,,0,0.8
2026-03-13 06:00,2.5,64,-3.6,4.7,2.4,50,,,0,0.5
2026-03-13 07:00,2.4,64,-3.7,4.6,2.0,50,0.0,0.0,0,0.4
2026-03-13 08:00,3.0,63,-3.3,4.8,1.5,50,0.15,0.2,0,1.4
2026-03-13 09:00,4.9,56,-3.1,4.9,1.6,50,0.99,1.0,0,5.3
2026-03-13 10:00,7.0,39,-6.0,3.9,3.9,70,1.76,1.0,0,10.1
2026-03-13 11:00,8.7,32,-7.1,3.6,4.2,50,2.44,1.0,0,14.1
2026-03-13 12:00,9.7,31,-6.6,3.7,4.1,50,2.88,1.0,0,17.7
2026-03-13 13:00,10.8,29,-6.5,3.8,2.9,50,3.09,1.0,1,20.2
2026-03-13 14:00,11.3,27,-7.0,3.6,4.0,50,3.03,1.0,1,20.4
2026-03-13 15:00,11.8,25,-7.6,3.5,3.6,50,2.68,1.0,1,20.1
2026-03-13 16:00,12.8,24,-7.3,3.5,2.2,320,2.12,1.0,1,18.3
2026-03-13 17:00,11.8,24,-8.1,3.3,3.1,50,1.42,1.0,1,15.0
2026-03-13 18:00,11.3,26,-7.5,3.5,1.7,70,0.56,0.9,0,10.4
2026-03-13 19:00,10.1,30,-6.7,3.7,1.0,140,0.0,0.0,0,7.1
2026-03-13 20:00,9.2,33,-6.2,3.8,1.7,140,,,0,5.5
2026-03-13 21:00,8.3,38,-5.2,4.2,1.5,140,,,2,4.5
2026-03-13 22:00,7.6,41,-4.8,4.3,1.9,110,,,8,4.4
2026-03-13 23:00,6.9,43,-4.8,4.3,1.6,110,,,0,3.4
2026-03-14 00:00,6.0,45,-5.0,4.2,1.2,160,,,0,2.7
2026-03-14 01:00,5.3,47,-5.1,4.2,0.7,200,,,0,1.8
2026-03-14 02:00,4.8,48,-5.3,4.1,0.3,0,,,0,1.2
2026-03-14 03:00,4.4,50,-5.1,4.2,0.2,0,,,0,0.8
2026-03-14 04:00,3.5,56,-4.4,4.4,0.2,0,,,5,1.3
2026-03-14 05:00,3.7,56,-4.2,4.5,0.5,270,,,6,1.7
2026-03-14 06:00,3.0,58,-4.4,4.4,0.5,290,,,2,1.0
2026-03-14 07:00,2.5,61,-4.2,4.5,0.1,0,0.0,0.0,0,0.5
2026-03-14 08:00,3.6,59,-3.6,4.7,0.2,0,0.12,0.0,8,3.0
2026-03-14 09:00,5.3,50,-4.3,4.4,0.1,0,0.69,0.4,7,6.1
2026-03-14 10:00,6.0,48,-4.2,4.5,0.8,250,0.73,0.0,9,8.5
2026-03-14 11:00,9.1,43,-2.8,5.0,0.8,110,1.96,0.7,4,16.3
2026-03-14 12:00,10.5,39,-2.8,5.0,0.9,270,2.19,0.5,9,17.5
2026-03-14 13:00,11.3,35,-3.6,4.7,1.8,270,1.69,0.1,9,17.1
2026-03-14 14:00,12.0,32,-4.2,4.5,1.9,270,1.76,0.0,9,18.0
2026-03-14 15:00,12.6,26,-6.4,3.8,1.5,290,1.66,0.3,4,18.0
2026-03-14 16:00,13.6,25,-6.0,3.9,1.9,270,1.76,0.8,5,17.3
2026-03-14 17:00,12.6,25,-6.9,3.6,2.5,270,1.21,0.6,7,15.0
2026-03-14 18:00,11.3,23,-9.1,3.1,2.3,270,0.45,0.3,4,10.5
2026-03-14 19:00,10.3,30,-6.5,3.8,1.4,290,0.0,0.0,7,8.3
2026-03-14 20:00,9.3,34,-5.7,4.0,2.0,290,,,8,7.4
2026-03-14 21:00,8.5,33,-6.8,3.7,1.7,270,,,8,6.6
2026-03-14 22:00,8.0,35,-6.5,3.8,0.9,50,,,8,6.1
2026-03-14 23:00,7.5,36,-6.6,3.7,0.5,230,,,8,5.1
2026-03-15 00:00,7.0,35,-7.4,3.5,1.1,270,,,9,4.0
2026-03-15 01:00,6.6,37,-7.0,3.6,0.2,0,,,8,4.2
2026-03-15 02:00,6.5,39,-6.4,3.8,0.6,250,,,9,4.5
2026-03-15 03:00,6.3,45,-4.7,4.3,1.5,270,,,8,4.3
2026-03-15 04:00,6.3,50,-3.3,4.8,0.6,270,,,9,4.9
2026-03-15 05:00,6.0,50,-3.6,4.7,0.9,270,,,9,5.0
2026-03-15 06:00,6.1,54,-2.5,5.1,0.3,0,,,9,5.0
2026-03-15 07:00,6.0,56,-2.1,5.2,1.2,270,0.0,0.0,10,5.0
2026-03-15 08:00,6.0,52,-3.1,4.9,1.7,270,0.0,0.0,10,5.5
2026-03-15 09:00,6.4,60,-0.8,5.8,1.4,270,0.34,0.0,10,7.0
2026-03-15 10:00,5.9,65,-0.1,6.1,1.2,290,0.34,0.0,10,8.1
2026-03-15 11:00,6.4,63,-0.1,6.1,0.7,200,0.59,0.0,10,9.8
2026-03-15 12:00,7.1,61,0.0,6.1,0.9,200,0.95,0.0,10,11.8
2026-03-15 13:00,7.3,62,0.4,6.3,1.6,250,0.77,0.0,10,12.7
2026-03-15 14:00,8.2,56,0.0,6.1,0.9,290,0.95,0.0,10,12.6
2026-03-15 15:00,8.1,60,0.7,6.4,1.3,270,0.42,0.0,10,10.5
2026-03-15 16:00,8.4,61,1.3,6.7,1.3,290,0.44,0.0,10,11.0
2026-03-15 17:00,8.3,63,1.6,6.9,1.7,290,0.27,0.0,10,9.5
2026-03-15 18:00,8.1,64,1.6,6.9,0.9,270,0.23,0.1,5,8.5
2026-03-15 19:00,7.9,65,1.7,6.9,0.5,230,0.02,0.0,0,6.9
2026-03-15 20:00,7.5,66,1.5,6.8,0.0,0,,,0,5.9
2026-03-15 21:00,6.6,69,1.3,6.7,1.0,270,,,0,4.3
2026-03-15 22:00,5.8,68,0.3,6.2,1.0,270,,,0,3.2
2026-03-15 23:00,5.2,69,0.0,6.1,0.8,270,,,0,2.5
2026-03-16 00:00,4.9,71,0.0,6.1,0.3,0,,,4,1.9
2026-03-16 01:00,4.1,78,0.6,6.4,0.0,0,,,3,1.5
2026-03-16 02:00,3.5,78,0.0,6.1,0.0,0,,,9,1.5
2026-03-16 03:00,3.2,77,-0.4,5.9,0.7,20,,,9,1.6
2026-03-16 04:00,2.2,81,-0.7,5.8,0.2,0,,,9,1.5
2026-03-16 05:00,2.2,81,-0.7,5.8,0.4,0,,,9,0.8
2026-03-16 06:00,2.0,81,-0.9,5.7,0.1,0,,,8,0.4
2026-03-16 07:00,1.4,84,-1.0,5.7,0.7,270,0.0,0.0,8,0.3
2026-03-16 08:00,2.4,80,-0.7,5.8,1.3,50,0.23,0.2,1,1.6
2026-03-16 09:00,4.0,70,-0.9,5.7,1.8,50,1.02,1.0,0,6.0
2026-03-16 10:00,6.4,61,-0.5,5.9,2.0,50,1.83,1.0,1,11.9
2026-03-16 11:00,9.7,50,-0.2,6.0,1.3,340,2.47,1.0,0,17.3
2026-03-16 12:00,11.8,42,-0.7,5.8,1.7,270,2.85,1.0,1,21.1
2026-03-16 13:00,13.1,38,-0.9,5.7,1.8,290,2.95,1.0,6,23.4
2026-03-16 14:00,13.3,34,-2.2,5.2,1.4,70,2.65,1.0,8,23.2
2026-03-16 15:00,13.9,32,-2.5,5.1,0.9,320,2.01,0.8,8,20.9
2026-03-16 16:00,14.2,25,-5.5,4.1,1.6,270,1.41,0.4,9,18.3
2026-03-16 17:00,14.5,25,-5.3,4.1,1.4,270,0.93,0.3,9,16.0
2026-03-16 18:00,13.1,32,-3.2,4.8,1.1,290,0.38,,7,12.1
2026-03-16 19:00,11.5,39,-1.9,5.3,1.9,290,0.03,,6,8.8
2026-03-16 20:00,9.8,42,-2.5,5.1,1.7,290,,,0,7.0
2026-03-16 21:00,8.1,40,-4.7,4.3,1.2,270,,,0,5.4
2026-03-16 22:00,7.5,41,-4.9,4.2,0.7,270,,,0,4.2
2026-03-16 23:00,7.1,41,-5.2,4.2,0.8,270,,,0,3.5
2026-03-17 00:00,6.4,46,-4.4,4.4,0.7,270,,,0,2.7
2026-03-17 01:00,5.9,48,-4.2,4.5,0.7,270,,,0,2.2
2026-03-17 02:00,5.3,52,-3.7,4.6,0.5,270,,,0,1.8
2026-03-17 03:00,4.0,57,-3.7,4.6,0.1,0,,,0,1.2
2026-03-17 04:00,3.2,62,-3.3,4.8,0.7,270,,,0,0.8
2026-03-17 05:00,2.6,64,-3.5,4.7,0.1,0,,,0,0.4
2026-03-17 06:00,2.5,62,-4.0,4.5,0.2,0,,,0,0.2
2026-03-17 07:00,1.8,67,-3.6,4.7,0.6,290,0.0,0.0,0,0.2
2026-03-17 08:00,3.0,63,-3.3,4.8,0.7,290,0.2,0.2,0,1.1
2026-03-17 09:00,5.3,56,-2.7,5.0,0.6,340,1.04,1.0,0,6.2
2026-03-17 10:00,7.9,50,-1.9,5.3,0.6,180,1.78,1.0,0,12.7
2026-03-17 11:00,11.0,38,-2.7,5.0,0.7,160,2.44,1.0,0,18.1
2026-03-17 12:00,13.3,35,-1.8,5.4,1.2,270,2.89,1.0,0,22.2
2026-03-17 13:00,13.9,30,-3.4,4.8,1.1,250,3.05,1.0,0,25.2
2026-03-17 14:00,14.8,22,-6.7,3.7,1.2,230,3.07,1.0,0,26.5
2026-03-17 15:00,16.6,21,-5.8,4.0,1.3,290,2.73,1.0,0,25.6
2026-03-17 16:00,16.2,17,-8.9,3.1,1.4,230,2.11,1.0,0,23.2
2026-03-17 17:00,16.6,18,-7.8,3.4,1.7,250,1.39,1.0,0,19.3
2026-03-17 18:00,15.9,20,-7.0,3.6,1.8,270,0.56,1.0,0,14.1
2026-03-17 19:00,13.8,22,-7.5,3.5,1.6,290,0.02,0.0,0,10.1
2026-03-17 20:00,12.2,27,-6.2,3.8,0.2,0,,,0,7.9
2026-03-17 21:00,11.0,29,-6.3,3.8,0.8,270,,,1,6.5
2026-03-17 22:00,10.2,29,-7.0,3.6,0.5,270,,,5,5.5
2026-03-17 23:00,10.0,32,-5.9,3.9,0.4,0,,,9,5.8
2026-03-18 00:00,9.5,34,-5.6,4.0,0.5,200,,,8,5.7
2026-03-18 01:00,8.3,41,-4.2,4.5,0.5,290,,,10,5.9
2026-03-18 02:00,8.3,38,-5.2,4.2,0.3,0,,,10,6.1
2026-03-18 03:00,8.6,37,-5.2,4.2,0.1,0,,,10,6.5
2026-03-18 04:00,7.0,59,-0.4,5.9,0.7,270,,,10,6.5
2026-03-18 05:00,6.1,78,2.5,7.3,0.4,0,,,10,6.5
2026-03-18 06:00,5.0,80,1.8,7.0,1.3,50,,,10,6.3
2026-03-18 07:00,4.9,82,2.0,7.1,1.7,50,0.0,0.0,10,6.0
2026-03-18 08:00,5.0,83,2.3,7.2,2.5,50,0.0,0.0,10,6.3
2026-03-18 09:00,6.0,85,3.6,7.9,2.0,70,0.23,0.0,10,8.0
2026-03-18 10:00,6.3,85,3.9,8.1,2.2,50,0.35,0.0,10,8.6
2026-03-18 11:00,6.8,86,4.6,8.5,1.5,70,0.43,0.0,10,9.5
2026-03-18 12:00,7.0,88,5.1,8.8,1.6,70,0.34,0.0,10,9.5
2026-03-18 13:00,7.0,87,4.9,8.7,2.5,50,0.31,0.0,10,9.8
2026-03-18 14:00,6.6,89,4.9,8.7,2.5,50,0.18,0.0,10,9.0
2026-03-18 15:00,6.5,89,4.8,8.6,3.1,50,0.1,0.0,10,8.4
2026-03-18 16:00,6.5,88,4.6,8.5,2.0,50,0.01,0.0,10,8.3
2026-03-18 17:00,6.8,85,4.4,8.4,1.2,270,0.01,0.0,10,8.1
2026-03-18 18:00,6.9,86,4.7,8.5,0.9,250,0.0,0.0,9,8.0
2026-03-18 19:00,7.0,82,4.1,8.2,1.8,270,0.0,0.0,10,7.3
2026-03-18 20:00,6.6,78,3.0,7.6,1.9,270,,,10,6.8
2026-03-18 21:00,6.3,77,2.5,7.3,1.6,270,,,9,5.9
2026-03-18 22:00,5.5,78,1.9,7.0,2.1,270,,,2,4.5
2026-03-18 23:00,5.0,76,1.1,6.6,1.0,270,,,0,3.5
2026-03-19 00:00,4.9,68,-0.5,5.9,0.8,270,,,0,2.7
2026-03-19 01:00,4.3,69,-0.8,5.8,1.1,270,,,0,2.1
2026-03-19 02:00,3.7,73,-0.7,5.8,0.7,250,,,0,1.6
2026-03-19 03:00,3.2,74,-0.9,5.7,0.8,270,,,3,1.1
2026-03-19 04:00,3.2,70,-1.7,5.4,0.8,270,,,4,0.8
2026-03-19 05:00,2.6,69,-2.5,5.1,1.6,270,,,2,0.6
2026-03-19 06:00,1.7,79,-1.5,5.5,0.6,270,,,0,0.5
2026-03-19 07:00,1.7,79,-1.5,5.5,0.4,0,0.0,0.0,0,0.5
2026-03-19 08:00,2.9,70,-2.0,5.3,0.4,0,0.25,0.3,0,0.8
2026-03-19 09:00,4.9,58,-2.6,5.0,1.2,290,1.22,1.0,0,5.4
2026-03-19 10:00,5.9,49,-4.0,4.5,2.6,70,2.03,1.0,0,11.8
2026-03-19 11:00,7.6,45,-3.5,4.7,1.7,70,2.65,1.0,0,16.5
2026-03-19 12:00,8.6,44,-2.9,4.9,1.8,90,3.03,1.0,0,19.6
2026-03-19 13:00,10.9,37,-3.2,4.8,1.5,230,3.18,1.0,0,21.7
2026-03-19 14:00,11.5,32,-4.6,4.3,0.9,230,3.11,1.0,0,22.7
2026-03-19 15:00,12.8,25,-6.7,3.7,2.8,270,2.82,1.0,3,20.8
2026-03-19 16:00,12.8,20,-9.6,3.0,3.2,290,2.22,1.0,5,17.7
2026-03-19 17:00,11.8,16,-13.2,2.2,3.0,270,1.46,1.0,7,13.9
2026-03-19 18:00,10.3,18,-13.0,2.3,2.3,290,0.7,1.0,0,9.4
2026-03-19 19:00,8.0,25,-10.8,2.7,1.8,270,0.02,0.0,0,5.9
2026-03-19 20:00,7.0,27,-10.7,2.7,1.8,290,,,0,4.0
2026-03-19 21:00,6.0,30,-10.3,2.8,1.0,270,,,0,3.0
2026-03-19 22:00,5.3,33,-9.7,2.9,0.8,250,,,0,2.2
2026-03-19 23:00,4.9,34,-9.6,3.0,1.0,270,,,3,1.6
2026-03-20 00:00,4.7,34,-9.8,2.9,0.8,270,,,3,1.2
2026-03-20 01:00,3.9,42,-7.8,3.4,0.6,180,,,0,0.8
2026-03-20 02:00,3.0,46,-7.5,3.5,0.4,0,,,6,0.5
2026-03-20 03:00,2.6,48,-7.3,3.5,0.7,180,,,2,0.1
2026-03-20 04:00,1.8,51,-7.2,3.6,0.7,160,,,0,0.4
2026-03-20 05:00,1.6,50,-7.7,3.4,0.6,160,,,0,0.1
2026-03-20 06:00,1.2,53,-7.3,3.5,0.4,0,,,0,-0.3
2026-03-20 07:00,0.9,57,-6.6,3.7,0.5,250,0.0,0.0,1,-0.4
2026-03-20 08:00,2.0,57,-5.6,4.0,0.7,270,0.28,0.4,0,0.0
2026-03-20 09:00,4.2,50,-5.3,4.1,1.7,270,1.22,1.0,0,3.7
2026-03-20 10:00,6.5,45,-4.6,4.3,2.5,250,2.0,1.0,0,10.8
2026-03-20 11:00,8.5,46,-2.4,5.1,2.1,290,2.57,1.0,0,15.8
2026-03-20 12:00,10.6,42,-1.8,5.4,1.4,320,2.96,1.0,0,20.3
2026-03-20 13:00,12.6,38,-1.3,5.6,1.6,270,2.83,0.9,1,21.8
2026-03-20 14:00,14.3,35,-0.9,5.7,2.0,270,2.94,1.0,2,22.5
2026-03-20 15:00,14.9,32,-1.6,5.4,2.1,320,2.72,1.0,0,21.7
2026-03-20 16:00,14.9,31,-2.1,5.2,2.0,270,2.12,1.0,0,20.0
2026-03-20 17:00,14.3,31,-2.6,5.0,2.0,270,1.4,1.0,0,16.3
2026-03-20 18:00,12.8,34,-2.6,5.0,2.5,270,0.59,0.9,0,11.5
2026-03-20 19:00,11.6,45,0.0,6.1,2.1,270,0.02,0.0,0,8.6
2026-03-20 20:00,10.3,52,0.8,6.5,2.6,270,,,0,7.3
2026-03-20 21:00,9.1,55,0.5,6.3,0.2,0,,,0,6.0
2026-03-20 22:00,8.6,59,1.0,6.6,1.0,290,,,0,5.0
2026-03-20 23:00,8.0,63,1.3,6.7,0.5,290,,,0,4.1
2026-03-21 00:00,6.9,69,1.5,6.8,0.9,250,,,0,3.5
2026-03-21 01:00,6.0,72,1.3,6.7,0.7,270,,,0,2.9
2026-03-21 02:00,5.3,74,1.0,6.6,0.9,270,,,0,2.4
2026-03-21 03:00,4.0,79,0.6,6.4,0.0,0,,,0,1.7
2026-03-21 04:00,3.2,80,0.0,6.1,0.3,0,,,0,1.2
2026-03-21 05:00,2.6,82,-0.1,6.1,0.2,0,,,0,0.8
2026-03-21 06:00,2.2,83,-0.3,6.0,0.3,0,,,0,0.8
2026-03-21 07:00,1.6,80,-1.4,5.5,0.2,0,0.0,0.0,0,0.6
2026-03-21 08:00,2.4,78,-1.0,5.7,0.4,0,0.3,0.4,0,2.0
2026-03-21 09:00,3.9,78,0.4,6.3,0.8,270,1.12,1.0,0,7.1
2026-03-21 10:00,6.3,72,1.6,6.9,0.6,290,1.89,1.0,0,13.3
2026-03-21 11:00,9.1,61,1.9,7.0,1.1,290,2.55,1.0,0,18.2
2026-03-21 12:00,11.3,48,0.6,6.4,1.4,290,3.02,1.0,0,22.0
2026-03-21 13:00,13.9,26,-5.3,4.1,1.1,320,3.21,1.0,0,24.1
2026-03-21 14:00,15.7,15,-10.9,2.7,1.7,230,3.22,1.0,0,24.7
2026-03-21 15:00,15.9,21,-6.4,3.8,1.3,270,2.8,1.0,0,24.2
2026-03-21 16:00,16.7,21,-5.7,4.0,1.3,270,2.14,1.0,0,22.2
2026-03-21 17:00,16.5,20,-6.5,3.8,1.0,270,1.42,1.0,0,18.6
2026-03-21 18:00,14.8,20,-7.9,3.4,2.0,270,0.62,0.9,0,13.3
2026-03-21 19:00,13.3,24,-6.8,3.7,0.9,250,0.02,0.0,0,9.6
2026-03-21 20:00,12.0,24,-7.9,3.4,0.3,0,,,0,7.5
2026-03-21 21:00,10.5,31,-5.9,3.9,0.3,0,,,0,6.1
2026-03-21 22:00,9.3,32,-6.5,3.8,0.7,50,,,0,5.0
2026-03-21 23:00,8.3,35,-6.2,3.8,0.3,0,,,0,4.2
2026-03-22 00:00,8.1,38,-5.3,4.1,0.7,200,,,6,3.9
2026-03-22 01:00,6.5,45,-4.6,4.3,0.8,290,,,8,3.5
2026-03-22 02:00,6.2,45,-4.8,4.3,0.0,0,,,9,3.9
2026-03-22 03:00,6.3,46,-4.4,4.4,0.2,0,,,9,4.0
2026-03-22 04:00,6.1,48,-4.1,4.5,0.2,0,,,9,4.1
2026-03-22 05:00,5.0,53,-3.8,4.6,0.3,0,,,9,4.0
2026-03-22 06:00,4.6,50,-4.9,4.2,0.2,0,,,9,3.9
2026-03-22 07:00,5.4,50,-4.2,4.5,0.7,270,0.0,0.0,9,4.1
2026-03-22 08:00,6.0,49,-3.9,4.6,0.5,290,0.07,0.0,9,5.5
2026-03-22 09:00,6.6,44,-4.8,4.3,1.1,50,0.36,0.0,9,7.2
2026-03-22 10:00,8.3,34,-6.6,3.7,0.7,290,0.8,0.0,8,10.5
2026-03-22 11:00,10.5,30,-6.3,3.8,1.2,140,1.3,0.0,8,13.7
2026-03-22 12:00,13.4,24,-6.8,3.7,1.5,70,2.23,0.9,8,19.0
2026-03-22 13:00,15.5,20,-7.4,3.5,0.8,230,3.08,1.0,3,24.6
2026-03-22 14:00,16.8,18,-7.6,3.5,1.5,290,3.22,1.0,5,26.2
2026-03-22 15:00,17.5,10,-14.5,2.0,2.1,270,2.37,1.0,2,24.7
2026-03-22 16:00,18.1,14,-9.8,2.9,1.5,290,2.22,1.0,0,23.0
2026-03-22 17:00,18.2,14,-9.7,2.9,1.9,270,1.42,1.0,0,19.4
2026-03-22 18:00,17.3,16,-8.8,3.1,1.7,270,0.62,0.9,0,14.7
2026-03-22 19:00,15.0,16,-10.6,2.7,2.5,270,0.03,0.0,0,10.6
2026-03-22 20:00,13.0,18,-10.8,2.7,2.4,290,,,0,8.3
2026-03-22 21:00,12.0,23,-8.5,3.2,1.1,270,,,0,6.9
2026-03-22 22:00,10.7,24,-9.0,3.1,0.5,270,,,0,5.8
2026-03-22 23:00,10.1,25,-9.0,3.1,0.6,270,,,6,5.0
2026-03-23 00:00,9.0,27,-9.0,3.1,0.5,270,,,0,4.3
2026-03-23 01:00,8.3,29,-8.7,3.2,0.5,270,,,0,3.5
2026-03-23 02:00,7.3,32,-8.3,3.3,0.3,0,,,0,2.7
2026-03-23 03:00,7.0,32,-8.6,3.2,0.8,270,,,0,2.2
2026-03-23 04:00,6.2,41,-6.1,3.9,0.2,0,,,0,1.7
2026-03-23 05:00,5.5,43,-6.1,3.9,0.3,0,,,0,1.5
2026-03-23 06:00,4.6,42,-7.2,3.6,0.6,290,,,0,1.0
2026-03-23 07:00,4.3,47,-6.0,3.9,0.0,0,0.0,0.0,0,1.1
2026-03-23 08:00,5.9,40,-6.6,3.7,0.3,0,0.38,0.7,0,3.0
2026-03-23 09:00,8.5,38,-5.0,4.2,0.6,320,1.24,1.0,0,8.6
2026-03-23 10:00,11.1,29,-6.3,3.8,0.9,320,1.97,1.0,0,14.9
2026-03-23 11:00,13.1,22,-8.1,3.3,0.9,290,2.58,1.0,0,19.8
2026-03-23 12:00,15.6,20,-7.3,3.5,1.6,70,3.06,1.0,4,24.5
2026-03-23 13:00,17.4,17,-7.9,3.4,1.0,270,3.23,1.0,2,27.5
2026-03-23 14:00,18.2,17,-7.2,3.6,1.8,110,3.11,1.0,1,28.2
2026-03-23 15:00,19.2,19,-5.0,4.2,1.2,340,2.78,1.0,1,27.7
2026-03-23 16:00,19.1,18,-5.8,4.0,1.0,50,2.19,1.0,1,25.3
2026-03-23 17:00,19.2,18,-5.7,4.0,2.3,70,1.46,1.0,2,21.4
2026-03-23 18:00,18.3,18,-6.4,3.8,1.4,70,0.52,0.7,2,16.0
2026-03-23 19:00,17.1,25,-3.1,4.9,1.1,250,0.04,0.0,4,12.8
2026-03-23 20:00,15.7,32,-0.9,5.7,0.6,270,,,0,10.5
2026-03-23 21:00,14.3,37,-0.2,6.0,0.4,0,,,0,9.1
2026-03-23 22:00,13.4,38,-0.6,5.8,0.6,270,,,0,8.0
2026-03-23 23:00,12.8,41,-0.1,6.1,0.4,0,,,0,7.1
2026-03-24 00:00,12.5,41,-0.4,5.9,1.3,140,,,0,6.8
2026-03-24 01:00,11.8,38,-2.0,5.3,1.4,140,,,6,6.5
2026-03-24 02:00,11.0,42,-1.4,5.5,1.2,140,,,6,6.1
2026-03-24 03:00,10.0,47,-0.8,5.8,0.0,0,,,0,5.3
2026-03-24 04:00,9.5,48,-0.9,5.7,0.7,160,,,0,4.9
2026-03-24 05:00,9.0,48,-1.4,5.5,0.4,0,,,0,4.4
2026-03-24 06:00,8.8,49,-1.3,5.6,0.5,180,,,2,4.0
2026-03-24 07:00,9.0,50,-0.8,5.8,0.1,0,0.0,0.0,5,4.5
2026-03-24 08:00,9.7,48,-0.8,5.8,0.4,0,0.43,0.4,8,7.8
2026-03-24 09:00,11.3,44,-0.5,5.9,0.3,0,0.89,0.5,4,11.2
2026-03-24 10:00,13.3,37,-1.1,5.6,0.8,340,1.71,0.8,2,16.8
2026-03-24 11:00,15.4,33,-0.8,5.8,1.0,250,2.56,1.0,2,22.2
2026-03-24 12:00,16.8,25,-3.3,4.8,1.1,250,2.81,1.0,5,26.4
2026-03-24 13:00,18.6,24,-2.3,5.2,1.2,50,3.17,1.0,3,29.2
2026-03-24 14:00,18.6,24,-2.3,5.2,2.0,290,2.94,1.0,3,28.8
2026-03-24 15:00,18.7,23,-2.8,5.0,1.1,50,1.89,0.5,8,25.8
2026-03-24 16:00,19.1,21,-3.7,4.6,1.8,270,1.32,0.2,8,22.6
2026-03-24 17:00,18.7,22,-3.4,4.8,1.2,270,0.9,0.3,6,19.2
2026-03-24 18:00,17.2,37,2.3,7.2,2.6,270,0.31,0.0,9,16.3
2026-03-24 19:00,15.6,41,2.3,7.2,1.5,290,0.01,0.0,10,13.9
2026-03-24 20:00,14.6,47,3.3,7.7,1.4,290,,,8,12.3
2026-03-24 21:00,13.7,50,3.4,7.8,0.5,250,,,8,11.0
2026-03-24 22:00,13.3,50,3.0,7.6,1.2,290,,,10,11.0
2026-03-24 23:00,13.0,52,3.3,7.7,0.0,0,,,10,10.6
2026-03-25 00:00,12.8,52,3.1,7.6,0.3,0,,,10,10.3
2026-03-25 01:00,12.3,54,3.2,7.7,0.6,270,,,10,10.1
2026-03-25 02:00,12.0,55,3.2,7.7,0.8,270,,,10,9.6
2026-03-25 03:00,11.5,56,3.0,7.6,1.0,270,,,9,9.3
2026-03-25 04:00,10.8,58,2.8,7.5,0.3,0,,,9,8.6
2026-03-25 05:00,10.8,59,3.0,7.6,0.3,0,,,9,8.6
2026-03-25 06:00,10.6,60,3.1,7.6,0.5,270,,,10,8.6
2026-03-25 07:00,10.5,61,3.2,7.7,0.5,270,0.0,0.0,10,8.6
2026-03-25 08:00,11.3,59,3.5,7.8,0.5,250,0.15,0.0,10,10.1
2026-03-25 09:00,11.8,59,4.0,8.1,1.2,290,0.52,0.0,10,12.7
2026-03-25 10:00,13.3,54,4.1,8.2,1.4,270,0.97,0.0,9,15.1
2026-03-25 11:00,14.8,50,4.4,8.4,1.8,270,1.43,0.3,7,19.0
2026-03-25 12:00,16.1,49,5.3,8.9,0.9,270,1.89,0.4,7,23.6
2026-03-25 13:00,17.3,42,4.2,8.2,1.5,270,2.94,1.0,6,26.8
2026-03-25 14:00,18.9,32,1.8,7.0,1.8,290,2.85,0.9,1,29.7
2026-03-25 15:00,18.7,28,-0.2,6.0,1.8,270,2.68,1.0,1,28.7
2026-03-25 16:00,19.2,28,0.2,6.2,2.2,290,2.28,1.0,0,26.8
2026-03-25 17:00,19.0,24,-2.0,5.3,2.0,270,1.5,1.0,0,22.7
2026-03-25 18:00,17.2,23,-4.1,4.5,2.0,270,0.72,1.0,0,17.4
2026-03-25 19:00,14.6,26,-4.7,4.3,2.3,270,0.05,0.2,0,13.1
2026-03-25 20:00,13.3,34,-2.2,5.2,1.1,270,,,0,10.8
2026-03-25 21:00,12.3,40,-0.9,5.7,0.7,270,,,0,9.4
2026-03-25 22:00,11.5,51,1.6,6.9,2.0,290,,,0,8.6
2026-03-25 23:00,10.6,61,3.3,7.7,1.7,290,,,0,7.9
2026-03-26 00:00,10.0,65,3.7,8.0,0.7,290,,,0,7.1
2026-03-26 01:00,9.6,63,2.8,7.5,0.9,270,,,0,6.5
2026-03-26 02:00,9.0,68,3.3,7.7,0.8,250,,,0,6.0
2026-03-26 03:00,8.5,72,3.7,8.0,0.7,270,,,0,5.9
2026-03-26 04:00,8.1,74,3.7,8.0,1.0,270,,,0,5.5
2026-03-26 05:00,7.5,77,3.7,8.0,1.2,250,,,0,5.3
2026-03-26 06:00,7.0,80,3.7,8.0,0.8,270,,,0,5.0
2026-03-26 07:00,7.0,82,4.1,8.2,1.1,270,0.0,0.0,0,5.1
2026-03-26 08:00,8.0,77,4.2,8.2,0.6,270,0.4,0.6,0,7.3
2026-03-26 09:00,9.6,68,3.9,8.1,1.0,110,1.17,1.0,0,12.1
2026-03-26 10:00,11.9,55,3.1,7.6,1.2,160,1.92,1.0,0,17.8
2026-03-26 11:00,14.4,42,1.6,6.9,1.1,180,2.52,1.0,0,23.0
2026-03-26 12:00,17.5,40,3.7,8.0,1.1,250,2.93,1.0,0,27.7
2026-03-26 13:00,18.7,32,1.6,6.9,1.7,270,3.13,1.0,0,30.3
2026-03-26 14:00,20.7,27,1.0,6.6,1.8,250,3.07,1.0,0,31.5
2026-03-26 15:00,21.7,21,-1.6,5.4,2.1,270,2.73,1.0,0,30.6
2026-03-26 16:00,21.5,20,-2.4,5.1,2.1,270,2.17,1.0,0,27.6
2026-03-26 17:00,20.9,19,-3.6,4.7,2.7,290,1.41,1.0,0,23.5
2026-03-26 18:00,19.8,19,-4.5,4.4,2.1,290,0.67,1.0,1,18.3
2026-03-26 19:00,18.2,30,0.3,6.2,1.8,290,0.06,0.2,0,14.3
2026-03-26 20:00,16.8,43,4.1,8.2,2.3,270,,,0,12.6
2026-03-26 21:00,15.2,49,4.5,8.4,1.9,290,,,0,11.6
2026-03-26 22:00,13.6,53,4.1,8.2,1.2,270,,,0,10.0
2026-03-26 23:00,12.5,44,0.5,6.3,1.8,270,,,0,9.0
2026-03-27 00:00,11.3,45,-0.2,6.0,1.5,270,,,0,8.1
2026-03-27 01:00,10.5,47,-0.3,6.0,1.1,270,,,0,7.5
2026-03-27 02:00,9.8,51,0.1,6.2,1.0,290,,,0,7.0
2026-03-27 03:00,9.0,54,0.1,6.2,1.5,290,,,0,6.6
2026-03-27 04:00,8.3,62,1.4,6.8,1.3,270,,,0,6.3
2026-03-27 05:00,8.1,63,1.4,6.8,1.0,270,,,0,6.0
2026-03-27 06:00,8.0,63,1.3,6.7,1.2,270,,,0,5.8
2026-03-27 07:00,7.6,66,1.6,6.9,1.1,270,0.0,0.0,0,6.0
2026-03-27 08:00,8.7,63,2.0,7.1,0.8,290,0.33,0.0,0,8.2
2026-03-27 09:00,10.8,53,1.5,6.8,0.6,250,0.94,0.6,0,12.2
2026-03-27 10:00,13.3,49,2.7,7.4,1.6,270,1.67,1.0,0,17.5
2026-03-27 11:00,15.7,37,1.0,6.6,1.7,250,2.27,1.0,0,22.6
2026-03-27 12:00,17.8,33,1.2,6.7,1.8,250,2.65,1.0,0,26.5
2026-03-27 13:00,19.7,28,0.6,6.4,2.2,270,2.83,1.0,0,28.9
2026-03-27 14:00,20.4,28,1.2,6.7,2.4,270,2.78,1.0,1,29.9
2026-03-27 15:00,21.1,27,1.3,6.7,2.6,270,2.42,1.0,0,28.8
2026-03-27 16:00,21.7,25,0.7,6.4,3.2,270,1.89,1.0,1,25.9
2026-03-27 17:00,20.9,27,1.1,6.6,3.3,270,1.06,0.7,2,21.6
2026-03-27 18:00,19.6,29,1.0,6.6,2.5,270,0.47,0.3,1,18.0
2026-03-27 19:00,16.7,35,1.1,6.6,3.1,270,0.05,0.0,2,14.6
2026-03-27 20:00,15.3,40,1.7,6.9,1.5,270,,,1,12.5
2026-03-27 21:00,13.8,46,2.3,7.2,2.2,290,,,3,11.1
2026-03-27 22:00,12.5,52,2.8,7.5,2.2,270,,,4,10.1
2026-03-27 23:00,11.6,58,3.6,7.9,2.6,270,,,5,9.3
2026-03-28 00:00,10.6,65,4.2,8.2,1.5,270,,,1,8.3
2026-03-28 01:00,9.8,72,4.9,8.7,1.4,270,,,5,7.8
2026-03-28 02:00,9.3,76,5.2,8.8,1.9,270,,,0,7.5
2026-03-28 03:00,8.8,78,5.1,8.8,1.1,270,,,5,7.0
2026-03-28 04:00,8.1,83,5.3,8.9,1.6,270,,,0,6.6
2026-03-28 05:00,7.5,86,5.3,8.9,0.8,270,,,7,6.0
2026-03-28 06:00,6.5,89,4.8,8.6,1.5,250,,,10,7.0
2026-03-28 07:00,6.5,89,4.8,8.6,2.0,250,0.0,0.0,10,8.1
2026-03-28 08:00,7.0,86,4.8,8.6,1.1,230,0.07,0.0,10,9.3
2026-03-28 09:00,8.0,81,4.9,8.7,1.3,290,0.49,0.0,9,11.6
2026-03-28 10:00,10.2,69,4.7,8.5,0.4,0,1.73,0.7,0,18.0
2026-03-28 11:00,13.0,53,3.6,7.9,1.4,200,2.63,1.0,0,23.8
2026-03-28 12:00,16.2,29,-1.8,5.4,1.2,270,3.0,1.0,0,28.7
2026-03-28 13:00,17.4,31,0.0,6.1,1.6,230,3.26,1.0,0,31.7
2026-03-28 14:00,18.8,25,-1.6,5.4,1.7,250,3.17,1.0,0,32.5
2026-03-28 15:00,20.2,17,-5.6,4.0,2.3,270,2.85,1.0,0,31.7
2026-03-28 16:00,20.9,18,-4.3,4.4,1.5,250,2.28,1.0,0,29.2
2026-03-28 17:00,20.9,18,-4.3,4.4,1.6,270,1.5,1.0,0,25.0
2026-03-28 18:00,19.5,21,-3.4,4.8,1.5,290,0.74,1.0,0,19.5
2026-03-28 19:00,17.7,23,-3.7,4.6,1.4,270,0.07,0.3,0,14.8
2026-03-28 20:00,16.4,22,-5.4,4.1,1.3,290,,,0,12.6
2026-03-28 21:00,15.6,20,-7.3,3.5,0.8,290,,,0,10.6
2026-03-28 22:00,14.1,26,-5.1,4.2,1.0,270,,,0,9.3
2026-03-28 23:00,12.8,29,-4.8,4.3,0.1,0,,,0,8.1
2026-03-29 00:00,11.8,32,-4.3,4.4,0.5,20,,,0,7.0
2026-03-29 01:00,11.0,34,-4.2,4.5,0.7,270,,,0,6.3
2026-03-29 02:00,9.9,40,-3.0,4.9,0.5,290,,,2,5.8
2026-03-29 03:00,8.3,48,-2.0,5.3,0.1,0,,,3,5.5
2026-03-29 04:00,7.8,50,-1.9,5.3,0.0,0,,,6,5.3
2026-03-29 05:00,7.3,52,-1.9,5.3,0.3,0,,,6,4.9
2026-03-29 06:00,6.6,53,-2.3,5.2,0.0,0,,,4,4.8
2026-03-29 07:00,7.0,52,-2.2,5.2,0.8,290,0.01,0.0,6,5.3
2026-03-29 08:00,7.6,50,-2.1,5.2,1.2,50,0.35,0.0,10,8.0
2026-03-29 09:00,10.1,45,-1.3,5.6,0.2,0,0.85,0.3,10,12.2
2026-03-29 10:00,12.8,39,-0.8,5.8,0.9,270,1.59,1.0,10,17.6
2026-03-29 11:00,15.4,41,2.1,7.1,0.6,270,1.87,0.8,10,21.7
2026-03-29 12:00,17.6,38,3.0,7.6,1.2,270,2.58,1.0,9,27.5
2026-03-29 13:00,19.2,31,1.6,6.9,1.5,320,2.53,1.0,9,28.2
2026-03-29 14:00,20.5,23,-1.3,5.6,2.0,250,2.79,0.9,2,32.2
2026-03-29 15:00,21.4,19,-3.2,4.8,1.9,250,2.82,1.0,9,31.3
2026-03-29 16:00,21.6,13,-8.0,3.3,2.4,270,1.65,0.5,10,26.5
2026-03-29 17:00,21.4,23,-0.6,5.8,1.9,270,0.78,0.1,9,23.2
2026-03-29 18:00,20.5,19,-3.9,4.6,1.5,290,0.68,0.6,7,19.6
2026-03-29 19:00,18.5,29,0.1,6.2,2.0,270,0.11,0.0,0,15.5
2026-03-29 20:00,16.5,29,-1.6,5.4,1.7,290,,,0,12.8
2026-03-29 21:00,15.1,31,-1.9,5.3,0.2,0,,,0,11.1
2026-03-29 22:00,14.6,31,-2.3,5.2,0.7,270,,,0,9.8
2026-03-29 23:00,14.0,33,-2.0,5.3,0.0,0,,,0,9.0
2026-03-30 00:00,12.6,37,-1.7,5.4,0.4,0,,,0,8.1
2026-03-30 01:00,12.0,40,-1.2,5.6,0.6,290,,,3,7.5
2026-03-30 02:00,11.0,44,-0.8,5.8,0.5,290,,,6,7.1
2026-03-30 03:00,10.6,47,-0.2,6.0,0.3,0,,,7,7.5
2026-03-30 04:00,10.3,51,0.5,6.3,0.3,0,,,9,8.3
2026-03-30 05:00,10.1,52,0.6,6.4,0.0,0,,,10,8.8
2026-03-30 06:00,10.3,49,0.0,6.1,0.3,0,,,10,8.6
2026-03-30 07:00,10.8,50,0.7,6.4,0.5,290,0.0,0.0,10,9.0
2026-03-30 08:00,11.1,51,1.3,6.7,0.1,0,0.2,0.0,10,10.8
2026-03-30 09:00,12.5,42,0.0,6.1,1.1,70,0.55,0.0,10,13.1
2026-03-30 10:00,14.1,38,0.0,6.1,0.2,0,0.87,0.0,10,16.0
2026-03-30 11:00,15.9,36,0.8,6.5,1.1,70,1.19,0.0,10,19.2
2026-03-30 12:00,17.7,32,0.7,6.4,0.6,250,1.51,0.1,10,21.6
2026-03-30 13:00,18.7,30,0.7,6.4,0.5,290,0.94,0.0,10,21.0
2026-03-30 14:00,18.8,31,1.2,6.7,0.5,140,0.64,0.0,10,19.6
2026-03-30 15:00,19.5,31,1.9,7.0,0.2,0,0.69,0.0,10,20.0
2026-03-30 16:00,19.2,32,2.0,7.1,0.5,90,0.46,0.0,10,18.2
2026-03-30 17:00,18.8,37,3.7,8.0,0.6,180,0.23,0.0,10,16.8
2026-03-30 18:00,17.2,47,5.7,9.2,2.3,110,0.08,0.0,10,15.0
2026-03-30 19:00,15.3,59,7.3,10.2,1.3,140,0.0,0.0,10,13.5
2026-03-30 20:00,14.0,70,8.6,11.2,0.8,110,,,10,13.0
2026-03-30 21:00,13.1,75,8.7,11.2,1.9,70,,,10,12.3
2026-03-30 22:00,12.3,81,9.1,11.6,1.9,50,,,10,11.8
2026-03-30 23:00,11.3,86,9.0,11.5,4.1,50,,,10,11.5
2026-03-31 00:00,11.1,87,9.0,11.5,3.6,50,,,10,11.3
2026-03-31 01:00,11.1,88,9.1,11.6,3.9,50,,,10,11.1
2026-03-31 02:00,11.1,88,9.1,11.6,3.6,50,,,10,11.1
2026-03-31 03:00,11.1,87,9.0,11.5,3.4,50,,,10,11.0
2026-03-31 04:00,10.8,88,8.8,11.3,3.5,50,,,10,10.8
2026-03-31 05:00,11.1,88,9.1,11.6,1.5,70,,,10,10.8
2026-03-31 06:00,11.1,84,8.4,11.0,3.6,50,,,7,10.1
2026-03-31 07:00,11.1,82,8.1,10.8,4.0,50,0.0,0.0,8,10.6
2026-03-31 08:00,11.3,82,8.3,10.9,3.8,50,0.17,0.0,8,11.8
2026-03-31 09:00,12.5,79,8.9,11.4,2.3,50,0.76,0.1,9,14.8
2026-03-31 10:00,13.8,69,8.2,10.9,1.2,320,1.62,0.5,7,17.5
2026-03-31 11:00,16.3,58,8.0,10.7,2.1,70,2.14,0.5,7,22.8
2026-03-31 12:00,15.5,58,7.2,10.2,2.5,90,1.34,0.1,9,19.2
2026-03-31 13:00,16.3,53,6.6,9.7,2.6,50,1.6,0.0,9,21.3
2026-03-31 14:00,16.9,50,6.3,9.5,3.1,70,1.85,0.2,9,20.0
2026-03-31 15:00,17.5,50,6.9,9.9,2.6,70,1.36,0.1,9,20.8
2026-03-31 16:00,18.0,47,6.5,9.7,1.9,90,1.43,0.4,9,20.9
2026-03-31 17:00,17.7,48,6.5,9.7,2.2,70,0.84,0.1,9,18.1
2026-03-31 18:00,17.3,50,6.7,9.8,1.3,70,0.33,0.0,10,16.0
2026-03-31 19:00,17.0,48,5.8,9.2,1.9,70,0.03,0.0,8,14.1
2026-03-31 20:00,16.6,54,7.2,10.2,1.1,160,,,6,13.5
2026-03-31 21:00,15.6,57,7.1,10.1,1.7,140,,,4,12.3
2026-03-31 22:00,15.0,60,7.2,10.2,2.2,90,,,6,11.5
2026-03-31 23:00,14.6,60,6.9,9.9,1.2,90,,,8,11.1
2026-04-01 00:00,14.2,61,6.7,9.8,0.9,160,,,9,11.0
2026-04-01 01:00,13.8,63,6.8,9.9,0.7,200,,,9,11.3
2026-04-01 02:00,13.3,64,6.6,9.7,0.7,160,,,9,11.0
2026-04-01 03:00,13.3,64,6.6,9.7,0.2,0,,,9,11.0
2026-04-01 04:00,13.1,65,6.6,9.7,0.8,160,,,8,10.8
2026-04-01 05:00,13.1,66,6.8,9.9,0.5,270,,,9,11.3
2026-04-01 06:00,12.8,70,7.4,10.3,0.8,270,,,8,11.5
2026-04-01 07:00,12.8,70,7.4,10.3,0.4,0,0.0,0.0,9,11.8
2026-04-01 08:00,13.5,66,7.2,10.2,0.9,270,0.2,0.0,9,13.0
2026-04-01 09:00,14.1,67,8.0,10.7,0.6,270,0.54,0.0,8,14.7
2026-04-01 10:00,14.9,62,7.6,10.4,1.2,250,1.18,0.3,7,17.9
2026-04-01 11:00,15.4,62,8.1,10.8,1.1,160,1.53,0.2,8,19.5
2026-04-01 12:00,16.2,57,7.6,10.4,1.8,230,1.81,0.2,9,20.8
2026-04-01 13:00,16.7,55,7.6,10.4,1.8,270,1.18,0.0,9,19.2
2026-04-01 14:00,17.3,53,7.6,10.4,1.7,270,1.06,0.0,9,19.5
2026-04-01 15:00,14.9,70,9.4,11.8,2.6,290,0.73,0.0,10,16.5
2026-04-01 16:00,14.5,70,9.0,11.5,1.9,290,0.58,0.0,10,16.7
2026-04-01 17:00,14.1,68,8.2,10.9,2.1,290,0.3,0.0,10,15.3
2026-04-01 18:00,14.1,65,7.6,10.4,1.4,290,0.19,0.0,9,14.3
2026-04-01 19:00,13.6,56,4.9,8.7,0.6,270,0.05,0.0,7,12.8
2026-04-01 20:00,13.3,38,-0.7,5.8,1.6,290,,,6,10.8
2026-04-01 21:00,12.0,38,-1.9,5.3,1.4,270,,,8,9.1
2026-04-01 22:00,11.1,41,-1.6,5.4,1.5,290,,,6,8.5
2026-04-01 23:00,10.1,45,-1.3,5.6,0.9,250,,,4,7.5
2026-04-02 00:00,9.9,43,-2.1,5.2,0.7,230,,,1,6.9
2026-04-02 01:00,9.2,45,-2.1,5.2,0.6,270,,,0,6.4
2026-04-02 02:00,8.4,50,-1.4,5.5,0.3,0,,,0,5.9
2026-04-02 03:00,7.7,55,-0.7,5.8,0.8,270,,,0,5.5
2026-04-02 04:00,7.4,58,-0.3,6.0,0.3,0,,,2,5.1
2026-04-02 05:00,7.0,59,-0.4,5.9,0.4,0,,,0,4.8
2026-04-02 06:00,6.5,63,0.0,6.1,0.5,250,,,0,4.5
2026-04-02 07:00,6.8,63,0.2,6.2,0.9,270,0.03,0.1,0,5.0
2026-04-02 08:00,7.8,59,0.2,6.2,0.9,230,0.59,1.0,0,6.8
2026-04-02 09:00,9.8,53,0.6,6.4,1.5,270,1.36,1.0,0,11.8
2026-04-02 10:00,11.8,45,0.2,6.2,1.8,200,2.15,1.0,0,17.1
2026-04-02 11:00,13.7,41,0.6,6.4,2.7,270,2.77,1.0,0,21.0
2026-04-02 12:00,16.2,40,2.5,7.3,1.6,270,3.17,1.0,0,24.7
2026-04-02 13:00,17.3,35,1.6,6.9,1.4,320,3.31,1.0,0,26.7
2026-04-02 14:00,18.9,27,-0.5,5.9,2.4,290,3.24,1.0,0,26.4
2026-04-02 15:00,19.8,25,-0.8,5.8,2.7,270,2.93,1.0,0,25.0
2026-04-02 16:00,19.4,24,-1.7,5.4,1.4,290,2.34,1.0,0,23.2
2026-04-02 17:00,19.4,20,-4.1,4.5,2.2,270,1.61,1.0,0,20.0
2026-04-02 18:00,17.7,28,-1.0,5.7,1.8,270,0.85,1.0,0,15.6
2026-04-02 19:00,16.3,29,-1.7,5.4,1.5,270,0.08,0.3,0,12.1
2026-04-02 20:00,14.8,29,-3.0,4.9,1.5,290,,,0,10.0
2026-04-02 21:00,13.8,33,-2.2,5.2,0.3,0,,,0,9.1
2026-04-02 22:00,12.1,46,0.8,6.5,1.8,270,,,0,8.3
2026-04-02 23:00,11.5,46,0.2,6.2,1.5,250,,,0,7.8
2026-04-03 00:00,10.7,49,0.4,6.3,1.0,270,,,0,7.4
2026-04-03 01:00,10.3,52,0.8,6.5,0.7,230,,,5,7.2
2026-04-03 02:00,9.4,57,1.2,6.7,1.1,270,,,0,6.8
2026-04-03 03:00,7.5,77,3.7,8.0,1.5,270,,,0,6.6
2026-04-03 04:00,6.9,85,4.5,8.4,1.4,250,,,8,6.6
2026-04-03 05:00,6.9,85,4.5,8.4,1.1,270,,,8,6.7
2026-04-03 06:00,6.9,86,4.7,8.5,0.8,270,,,4,6.3
2026-04-03 07:00,6.9,86,4.7,8.5,0.7,270,0.03,0.0,6,7.1
2026-04-03 08:00,8.3,82,5.4,9.0,0.3,0,0.37,0.0,7,9.5
2026-04-03 09:00,10.1,75,5.8,9.2,1.0,290,1.1,0.8,5,13.5
2026-04-03 10:00,13.5,60,5.8,9.2,0.9,270,1.97,1.0,7,18.8
2026-04-03 11:00,16.2,50,5.7,9.2,0.7,70,2.41,1.0,7,23.6
2026-04-03 12:00,18.8,44,6.2,9.5,1.1,180,2.98,1.0,6,26.5
2026-04-03 13:00,19.7,40,5.7,9.2,1.3,290,2.78,0.9,8,26.2
2026-04-03 14:00,21.2,38,6.3,9.5,1.3,360,2.0,0.3,8,25.0
2026-04-03 15:00,22.2,34,5.5,9.0,1.1,270,2.13,0.7,7,25.4
2026-04-03 16:00,22.0,32,4.5,8.4,2.1,270,1.71,0.7,8,22.4
2026-04-03 17:00,21.8,30,3.4,7.8,1.4,250,0.97,0.2,9,19.8
2026-04-03 18:00,21.2,32,3.8,8.0,1.7,270,0.37,0.0,9,17.2
2026-04-03 19:00,20.0,35,4.0,8.1,1.6,270,0.03,0.0,10,15.1
2026-04-03 20:00,19.3,35,3.4,7.8,2.3,270,,,10,14.0
2026-04-03 21:00,18.1,37,3.1,7.6,2.0,270,,,10,13.3
2026-04-03 22:00,17.4,42,4.3,8.3,1.3,270,,,10,13.1
2026-04-03 23:00,16.0,47,4.6,8.5,1.1,270,,,10,12.6
2026-04-04 00:00,15.0,49,4.3,8.3,0.9,140,,,10,12.3
2026-04-04 01:00,13.6,62,6.4,9.6,0.9,140,,,10,12.1
2026-04-04 02:00,12.2,73,7.4,10.3,1.4,110,,,10,11.9
2026-04-04 03:00,10.8,84,8.1,10.8,0.6,140,,,10,11.6
2026-04-04 04:00,10.3,86,8.0,10.7,2.2,50,,,10,11.3
2026-04-04 05:00,10.3,89,8.5,11.1,1.5,70,,,10,11.1
2026-04-04 06:00,10.3,90,8.7,11.2,1.7,50,,,10,11.3
2026-04-04 07:00,10.6,90,9.0,11.5,2.5,70,0.0,0.0,10,11.3
2026-04-04 08:00,10.5,89,8.7,11.2,3.4,50,0.0,0.0,10,11.3
2026-04-04 09:00,10.6,89,8.8,11.3,2.7,50,0.09,0.0,10,12.3
2026-04-04 10:00,11.6,88,9.6,11.9,2.5,70,0.63,0.0,10,14.1
2026-04-04 11:00,12.2,86,9.9,12.2,1.7,90,0.65,0.0,10,14.6
2026-04-04 12:00,14.1,76,9.9,12.2,2.2,70,1.16,0.0,10,19.7
2026-04-04 13:00,15.6,70,10.1,12.4,1.7,50,1.52,0.0,8,19.8
2026-04-04 14:00,16.2,69,10.4,12.6,1.4,270,0.98,0.1,10,18.1
2026-04-04 15:00,16.2,66,9.8,12.1,2.5,270,0.77,0.0,8,19.3
2026-04-04 16:00,16.4,59,8.3,10.9,2.2,270,1.04,0.1,8,17.6
2026-04-04 17:00,16.0,57,7.4,10.3,1.9,270,0.41,0.0,8,16.2
2026-04-04 18:00,15.0,63,8.0,10.7,2.2,270,0.36,0.0,7,14.6
2026-04-04 19:00,13.1,69,7.5,10.4,1.7,270,0.1,0.2,2,12.8
2026-04-04 20:00,12.0,74,7.5,10.4,1.1,270,,,7,12.6
2026-04-04 21:00,11.3,76,7.2,10.2,1.2,270,,,8,12.1
2026-04-04 22:00,10.8,75,6.5,9.7,2.5,270,,,9,11.5
2026-04-04 23:00,10.0,76,5.9,9.3,2.6,270,,,9,10.9
2026-04-05 00:00,9.0,77,5.1,8.8,2.4,270,,,8,10.3
2026-04-05 01:00,8.1,77,4.3,8.3,2.4,270,,,9,9.6
2026-04-05 02:00,7.8,74,3.4,7.8,2.1,270,,,9,9.1
2026-04-05 03:00,7.4,71,2.4,7.3,1.5,270,,,9,8.9
2026-04-05 04:00,7.3,70,2.1,7.1,1.5,250,,,9,8.6
2026-04-05 05:00,7.4,66,1.4,6.8,1.6,270,,,9,8.3
2026-04-05 06:00,7.3,67,1.5,6.8,0.9,250,,,8,8.3
2026-04-05 07:00,7.4,65,1.2,6.7,1.4,70,0.0,0.0,8,8.4
2026-04-05 08:00,8.6,63,1.9,7.0,1.2,110,0.41,0.2,8,10.5
2026-04-05 09:00,8.4,63,1.7,6.9,1.6,110,0.63,0.0,9,11.8
2026-04-05 10:00,9.7,57,1.5,6.8,1.3,140,1.65,0.2,7,17.4
2026-04-05 11:00,11.7,52,2.1,7.1,1.2,250,2.88,1.0,8,22.1
2026-04-05 12:00,12.8,48,2.0,7.1,1.5,250,2.68,0.9,4,22.9
2026-04-05 13:00,14.8,40,1.3,6.7,2.1,270,3.38,1.0,3,26.0
2026-04-05 14:00,17.1,31,-0.1,6.1,2.3,290,3.19,1.0,3,25.7
2026-04-05 15:00,17.2,33,0.7,6.4,1.6,250,3.05,1.0,1,26.0
2026-04-05 16:00,18.5,27,-0.8,5.8,2.3,270,2.48,1.0,0,23.8
2026-04-05 17:00,18.7,25,-1.7,5.4,2.3,270,1.74,1.0,0,20.2
2026-04-05 18:00,17.3,24,-3.4,4.8,2.9,270,0.86,1.0,0,15.3
2026-04-05 19:00,16.1,26,-3.4,4.8,2.7,270,0.1,0.3,0,11.6
2026-04-05 20:00,15.1,32,-1.5,5.5,1.1,270,,,0,10.6
2026-04-05 21:00,14.5,36,-0.4,5.9,1.4,270,,,0,10.0
2026-04-05 22:00,13.6,39,-0.1,6.1,0.9,270,,,0,9.8
2026-04-05 23:00,12.8,42,0.1,6.2,0.7,200,,,2,9.9
2026-04-06 00:00,13.1,50,2.8,7.5,1.9,290,,,10,10.4
2026-04-06 01:00,10.1,70,4.8,8.6,1.2,70,,,10,10.6
2026-04-06 02:00,10.3,72,5.4,9.0,1.2,90,,,10,10.6
2026-04-06 03:00,10.6,78,6.9,9.9,0.4,0,,,10,11.1
2026-04-06 04:00,10.1,86,7.8,10.6,0.7,290,,,10,11.1
2026-04-06 05:00,10.3,86,8.0,10.7,0.6,140,,,10,11.3
2026-04-06 06:00,10.1,89,8.3,10.9,0.7,270,,,10,11.3
2026-04-06 07:00,10.1,90,8.5,11.1,2.5,90,0.0,0.0,10,10.8
2026-04-06 08:00,10.1,86,7.8,10.6,2.6,50,0.05,0.0,10,11.3
2026-04-06 09:00,10.0,85,7.5,10.4,2.8,70,0.02,0.0,10,11.3
2026-04-06 10:00,10.8,78,7.1,10.1,1.3,290,0.2,0.0,10,12.2
2026-04-06 11:00,11.1,78,7.4,10.3,1.3,270,0.48,0.0,10,13.3
2026-04-06 12:00,11.5,76,7.4,10.3,0.8,250,0.5,0.0,10,14.0
2026-04-06 13:00,12.1,70,6.7,9.8,0.9,180,0.66,0.0,10,15.6
2026-04-06 14:00,12.6,69,7.0,10.0,1.2,180,0.6,0.0,10,15.0
2026-04-06 15:00,13.5,67,7.4,10.3,0.5,180,0.72,0.0,10,17.0
2026-04-06 16:00,15.3,49,4.6,8.5,2.6,270,1.77,0.5,7,20.0
2026-04-06 17:00,14.8,41,1.6,6.9,2.4,290,1.44,0.8,2,16.9
2026-04-06 18:00,13.8,47,2.6,7.4,2.0,290,0.63,0.7,7,14.1
2026-04-06 19:00,11.8,52,2.2,7.2,2.8,270,0.12,0.2,0,10.6
2026-04-06 20:00,11.0,55,2.2,7.2,1.1,270,,,0,9.1
2026-04-06 21:00,10.3,45,-1.1,5.6,1.3,270,,,0,8.0
2026-04-06 22:00,9.3,48,-1.1,5.6,1.1,270,,,0,7.0
2026-04-06 23:00,8.6,43,-3.2,4.8,1.0,270,,,0,6.0
2026-04-07 00:00,7.5,48,-2.8,5.0,1.1,270,,,0,5.3
2026-04-07 01:00,6.6,49,-3.3,4.8,1.4,270,,,0,4.6
2026-04-07 02:00,6.2,49,-3.7,4.6,1.1,250,,,0,4.1
2026-04-07 03:00,5.5,50,-4.1,4.5,1.3,270,,,0,3.6
2026-04-07 04:00,5.2,48,-4.9,4.2,1.9,270,,,0,3.1
2026-04-07 05:00,4.5,50,-5.0,4.2,1.4,250,,,0,2.7
2026-04-07 06:00,4.2,54,-4.3,4.4,1.0,250,,,0,2.5
2026-04-07 07:00,5.4,52,-3.6,4.7,1.1,250,0.1,0.3,0,3.1
2026-04-07 08:00,6.8,50,-2.9,4.9,2.1,270,0.82,1.0,0,5.0
2026-04-07 09:00,8.8,43,-3.1,4.9,1.9,270,1.63,1.0,0,10.9
2026-04-07 10:00,10.0,32,-5.9,3.9,2.1,270,2.37,1.0,1,16.4
2026-04-07 11:00,11.6,25,-7.8,3.4,2.2,200,3.04,1.0,0,20.1
2026-04-07 12:00,12.5,20,-9.9,2.9,2.6,290,3.39,1.0,0,22.6
2026-04-07 13:00,12.5,18,-11.2,2.6,3.2,290,3.55,1.0,0,23.5
2026-04-07 14:00,12.6,17,-11.8,2.5,3.7,290,3.47,1.0,0,22.5
2026-04-07 15:00,13.5,19,-9.7,2.9,2.0,250,3.11,1.0,0,22.7
2026-04-07 16:00,12.7,20,-9.7,2.9,2.9,290,2.54,1.0,0,20.3
2026-04-07 17:00,13.0,21,-8.8,3.1,2.6,290,1.75,1.0,0,17.3
2026-04-07 18:00,11.4,24,-8.4,3.2,2.6,290,0.85,1.0,0,12.3
2026-04-07 19:00,10.3,29,-6.9,3.6,2.3,290,0.13,0.3,0,8.6
2026-04-07 20:00,9.3,32,-6.5,3.8,1.8,290,,,0,7.0
2026-04-07 21:00,7.9,40,-4.8,4.3,2.1,290,,,0,5.9
2026-04-07 22:00,7.0,44,-4.4,4.4,1.2,270,,,0,5.3
2026-04-07 23:00,6.5,46,-4.3,4.4,1.3,270,,,0,4.8
2026-04-08 00:00,5.9,52,-3.2,4.8,1.0,270,,,0,4.3
2026-04-08 01:00,5.1,57,-2.7,5.0,1.4,270,,,0,3.9
2026-04-08 02:00,4.8,58,-2.7,5.0,0.4,0,,,0,3.5
2026-04-08 03:00,4.5,59,-2.8,5.0,0.3,0,,,0,3.2
2026-04-08 04:00,4.0,63,-2.4,5.1,0.7,270,,,0,2.9
2026-04-08 05:00,3.0,67,-2.5,5.1,0.6,270,,,0,2.5
2026-04-08 06:00,2.9,68,-2.4,5.1,0.3,0,,,0,2.2
2026-04-08 07:00,3.4,65,-2.5,5.1,0.8,90,0.1,0.3,0,2.9
2026-04-08 08:00,5.0,58,-2.5,5.1,1.0,230,0.82,1.0,0,4.7
2026-04-08 09:00,6.8,54,-1.8,5.4,1.6,290,1.61,1.0,0,10.8
2026-04-08 10:00,8.8,43,-3.1,4.9,0.9,110,2.41,1.0,0,17.4
2026-04-08 11:00,10.8,36,-3.7,4.6,1.6,270,3.04,1.0,0,21.5
2026-04-08 12:00,12.2,36,-2.4,5.1,1.0,320,3.4,1.0,0,25.0
2026-04-08 13:00,14.2,26,-5.0,4.2,2.0,270,3.55,1.0,0,26.1
2026-04-08 14:00,16.0,26,-3.5,4.7,1.6,200,3.46,1.0,0,27.0
2026-04-08 15:00,16.7,24,-4.0,4.5,1.8,270,3.12,1.0,0,25.7
2026-04-08 16:00,17.9,17,-7.5,3.5,2.5,270,2.53,1.0,0,23.2
2026-04-08 17:00,18.6,16,-7.7,3.4,2.0,270,1.81,1.0,0,20.2
2026-04-08 18:00,17.8,17,-7.6,3.5,1.8,270,0.9,1.0,0,15.3
2026-04-08 19:00,16.7,19,-7.0,3.6,1.3,270,0.12,0.3,0,11.6
2026-04-08 20:00,15.3,25,-4.6,4.3,1.2,290,,,3,10.0
2026-04-08 21:00,14.3,28,-3.9,4.6,1.1,270,,,0,9.1
2026-04-08 22:00,13.1,35,-2.0,5.3,0.6,230,,,6,8.6
2026-04-08 23:00,12.4,30,-4.7,4.3,0.4,0,,,10,8.1
2026-04-09 00:00,11.6,34,-3.7,4.6,0.5,270,,,9,7.9
2026-04-09 01:00,11.1,31,-5.4,4.1,0.4,0,,,9,7.6
2026-04-09 02:00,10.8,33,-4.8,4.3,0.4,0,,,10,7.8
2026-04-09 03:00,9.7,52,0.3,6.2,0.5,320,,,9,7.9
2026-04-09 04:00,10.0,40,-3.0,4.9,0.7,140,,,9,8.1
2026-04-09 05:00,9.5,56,1.1,6.6,0.5,20,,,9,8.5
2026-04-09 06:00,9.3,58,1.4,6.8,0.2,0,,,10,8.8
2026-04-09 07:00,9.1,59,1.4,6.8,0.3,0,0.0,0.0,10,9.0
2026-04-09 08:00,9.8,55,1.1,6.6,1.8,50,0.05,0.0,10,9.9
2026-04-09 09:00,11.3,50,1.2,6.7,0.8,340,0.32,0.0,10,11.3
2026-04-09 10:00,9.8,66,3.7,8.0,2.1,70,0.2,0.0,10,11.3
2026-04-09 11:00,9.3,77,5.4,9.0,2.9,50,0.31,0.0,10,11.6
2026-04-09 12:00,9.3,84,6.7,9.8,2.4,50,0.26,0.0,10,12.1
2026-04-09 13:00,9.8,84,7.2,10.2,2.4,50,0.43,0.0,10,12.6
2026-04-09 14:00,10.3,86,8.0,10.7,2.2,50,0.18,0.0,10,12.1
2026-04-09 15:00,11.0,86,8.7,11.2,0.7,20,0.13,0.0,10,12.5
2026-04-09 16:00,11.8,87,9.6,11.9,0.4,0,0.16,0.0,10,12.9
2026-04-09 17:00,12.0,91,10.5,12.7,0.5,140,0.07,0.0,10,12.8
2026-04-09 18:00,13.1,88,11.1,13.2,1.1,290,0.03,0.0,10,12.8
2026-04-09 19:00,12.8,89,11.0,13.1,1.0,70,0.0,0.0,10,12.6
2026-04-09 20:00,13.1,90,11.4,13.5,0.6,290,,,10,12.6
2026-04-09 21:00,13.6,90,11.9,13.9,0.3,0,,,10,12.8
2026-04-09 22:00,14.2,89,12.4,14.4,0.7,290,,,10,13.1
2026-04-09 23:00,14.3,91,12.8,14.8,0.9,270,,,10,13.3
2026-04-10 00:00,14.3,92,13.0,15.0,1.1,270,,,10,13.5
2026-04-10 01:00,14.6,91,13.1,15.1,2.4,270,,,10,13.6
2026-04-10 02:00,14.5,90,12.8,14.8,2.9,270,,,10,13.6
2026-04-10 03:00,14.3,86,11.9,13.9,3.9,270,,,10,13.3
2026-04-10 04:00,13.3,90,11.6,13.7,2.3,270,,,10,13.1
2026-04-10 05:00,12.6,90,10.9,13.0,2.1,270,,,10,12.6
2026-04-10 06:00,12.1,89,10.3,12.5,2.0,250,,,10,12.3
2026-04-10 07:00,11.8,87,9.6,11.9,2.7,270,0.0,0.0,10,12.1
2026-04-10 08:00,11.5,87,9.4,11.8,2.8,270,0.0,0.0,10,12.0
2026-04-10 09:00,11.1,86,8.8,11.3,2.9,270,0.0,0.0,10,11.8
2026-04-10 10:00,11.0,86,8.7,11.2,2.9,270,0.2,0.0,10,12.6
2026-04-10 11:00,11.1,85,8.6,11.2,2.8,270,0.41,0.0,10,13.1
2026-04-10 12:00,11.3,82,8.3,10.9,2.7,270,0.39,0.0,10,13.1
2026-04-10 13:00,11.1,83,8.3,10.9,3.1,270,0.28,0.0,10,12.8
2026-04-10 14:00,11.3,82,8.3,10.9,3.1,270,0.29,0.0,10,12.8
2026-04-10 15:00,11.3,79,7.7,10.5,2.5,270,0.2,0.0,10,12.5
2026-04-10 16:00,11.6,77,7.6,10.4,2.0,270,0.25,0.0,10,12.8
2026-04-10 17:00,11.8,72,6.9,9.9,1.8,270,0.19,0.0,10,12.6
2026-04-10 18:00,11.6,71,6.5,9.7,2.0,270,0.06,0.0,9,11.6
2026-04-10 19:00,11.3,72,6.4,9.6,2.0,270,0.0,0.0,9,11.1
2026-04-10 20:00,11.0,74,6.5,9.7,1.8,270,,,9,10.8
2026-04-10 21:00,10.3,77,6.4,9.6,1.8,250,,,10,10.5
2026-04-10 22:00,10.1,78,6.4,9.6,1.1,250,,,9,10.3
2026-04-10 23:00,9.8,78,6.1,9.4,2.2,270,,,9,10.0
2026-04-11 00:00,9.8,79,6.3,9.5,2.0,270,,,9,9.8
2026-04-11 01:00,9.6,79,6.1,9.4,2.2,270,,,9,9.6
2026-04-11 02:00,9.5,79,6.0,9.3,1.4,270,,,9,9.8
2026-04-11 03:00,9.3,79,5.8,9.2,1.7,250,,,9,9.6
2026-04-11 04:00,9.5,79,6.0,9.3,2.1,270,,,9,9.6
2026-04-11 05:00,9.3,78,5.6,9.1,1.7,270,,,8,8.7
2026-04-11 06:00,8.8,78,5.1,8.8,1.6,270,,,3,7.5
2026-04-11 07:00,9.1,77,5.2,8.8,1.0,230,0.05,0.0,1,8.6
2026-04-11 08:00,10.1,72,5.2,8.8,1.5,250,0.63,0.7,1,10.3
2026-04-11 09:00,11.5,68,5.7,9.2,2.4,270,1.42,0.9,8,14.3
2026-04-11 10:00,12.0,69,6.4,9.6,2.2,270,1.22,0.1,9,15.3
2026-04-11 11:00,14.0,64,7.2,10.2,1.8,270,2.29,0.5,2,21.8
2026-04-11 12:00,15.9,58,7.6,10.4,2.5,270,2.95,0.8,6,23.7
2026-04-11 13:00,17.7,56,8.8,11.3,2.3,290,2.41,0.4,9,24.0
2026-04-11 14:00,18.1,56,9.1,11.6,1.3,250,2.59,0.6,3,26.8
2026-04-11 15:00,19.8,51,9.3,11.7,2.2,250,2.57,0.9,1,26.8
2026-04-11 16:00,21.4,29,2.6,7.4,2.3,290,2.37,1.0,5,25.0
2026-04-11 17:00,20.2,28,1.0,6.6,2.4,290,1.67,1.0,8,20.7
2026-04-11 18:00,18.6,32,1.5,6.8,1.9,290,0.84,1.0,8,17.0
2026-04-11 19:00,16.7,37,1.9,7.0,1.7,290,0.13,0.2,3,13.8
2026-04-11 20:00,15.3,50,4.9,8.7,2.0,290,0.0,0.0,4,11.9
2026-04-11 21:00,14.4,57,5.9,9.3,1.8,270,,,5,11.3
2026-04-11 22:00,13.6,62,6.4,9.6,1.4,270,,,8,10.8
2026-04-11 23:00,12.7,64,6.0,9.3,1.3,270,,,6,10.1
2026-04-12 00:00,12.0,69,6.4,9.6,0.4,0,,,8,9.8
2026-04-12 01:00,11.1,74,6.6,9.7,0.4,0,,,6,9.1
2026-04-12 02:00,10.5,76,6.4,9.6,0.5,270,,,6,8.6
2026-04-12 03:00,9.6,80,6.3,9.5,0.4,0,,,5,8.1
2026-04-12 04:00,8.8,82,5.8,9.2,0.4,0,,,5,7.6
2026-04-12 05:00,8.1,82,5.2,8.8,0.3,0,,,4,7.1
2026-04-12 06:00,7.1,85,4.7,8.5,0.4,0,,,0,6.5
2026-04-12 07:00,7.3,83,4.5,8.4,0.7,360,0.15,0.4,2,7.4
2026-04-12 08:00,8.9,76,4.8,8.6,1.9,90,0.84,1.0,5,9.3
2026-04-12 09:00,11.2,64,4.6,8.5,0.9,90,1.68,1.0,2,14.6
2026-04-12 10:00,14.4,51,4.3,8.3,0.7,340,2.38,1.0,8,20.1
2026-04-12 11:00,17.0,41,3.6,7.9,1.2,290,2.89,1.0,8,25.2
2026-04-12 12:00,19.5,44,6.9,9.9,1.4,270,3.36,1.0,8,28.1
2026-04-12 13:00,20.3,31,2.5,7.3,1.4,290,3.02,1.0,8,27.6
2026-04-12 14:00,22.7,20,-1.4,5.5,1.1,290,3.46,1.0,7,30.5
2026-04-12 15:00,23.8,13,-6.3,3.8,0.7,230,2.84,1.0,9,27.1
2026-04-12 16:00,23.8,16,-3.5,4.7,0.9,230,1.58,0.6,9,24.6
2026-04-12 17:00,23.7,18,-2.0,5.3,1.0,270,0.8,0.0,9,21.1
2026-04-12 18:00,23.5,20,-0.7,5.8,1.1,270,0.55,0.2,9,19.2
2026-04-12 19:00,22.0,19,-2.7,5.0,0.9,270,0.09,0.0,8,16.5
2026-04-12 20:00,20.3,24,-0.9,5.7,0.6,270,0.0,0.0,8,14.8
2026-04-12 21:00,19.1,28,0.1,6.2,0.8,270,,,7,13.6
2026-04-12 22:00,18.2,29,-0.1,6.1,0.6,270,,,8,12.8
2026-04-12 23:00,16.7,33,0.3,6.2,0.6,250,,,7,11.8
2026-04-13 00:00,15.3,40,1.7,6.9,0.5,180,,,4,10.8
2026-04-13 01:00,14.6,40,1.1,6.6,0.5,230,,,6,10.1
2026-04-13 02:00,13.8,43,1.4,6.8,1.1,290,,,6,9.8
2026-04-13 03:00,12.9,51,2.9,7.5,0.7,250,,,5,9.1
2026-04-13 04:00,12.5,50,2.3,7.2,0.6,270,,,3,8.6
2026-04-13 05:00,11.6,53,2.3,7.2,0.2,0,,,1,8.0
2026-04-13 06:00,10.8,61,3.5,7.8,0.1,0,,,0,7.5
2026-04-13 07:00,10.8,63,4.0,8.1,0.6,360,0.15,0.4,0,8.3
2026-04-13 08:00,12.8,51,2.8,7.5,0.5,250,0.84,1.0,0,10.3
2026-04-13 09:00,14.8,42,1.9,7.0,1.1,320,1.61,1.0,0,15.4
2026-04-13 10:00,17.3,36,2.0,7.1,0.6,90,2.36,1.0,0,21.3
2026-04-13 11:00,20.1,27,0.4,6.3,1.4,270,2.9,1.0,0,25.6
2026-04-13 12:00,21.9,23,-0.1,6.1,1.0,340,3.32,1.0,0,29.4
2026-04-13 13:00,24.2,23,1.7,6.9,1.3,360,3.46,1.0,0,31.5
2026-04-13 14:00,25.6,23,2.9,7.5,1.2,50,3.38,1.0,0,32.6
2026-04-13 15:00,27.3,22,3.7,8.0,1.5,70,3.02,1.0,0,31.6
2026-04-13 16:00,27.7,18,1.2,6.7,2.0,50,2.44,1.0,0,29.4
2026-04-13 17:00,27.3,18,0.8,6.5,0.3,0,1.46,0.9,6,25.5
2026-04-13 18:00,27.3,17,0.0,6.1,2.3,90,0.91,0.9,4,21.5
2026-04-13 19:00,25.9,20,1.2,6.7,0.9,140,0.16,0.2,6,18.7
2026-04-13 20:00,23.3,30,4.7,8.5,1.0,290,0.0,0.0,0,16.4
2026-04-13 21:00,22.3,26,1.8,7.0,0.8,160,,,2,15.1
2026-04-13 22:00,21.2,27,1.4,6.8,1.3,160,,,0,13.8
2026-04-13 23:00,19.9,29,1.3,6.7,1.0,110,,,0,13.1
2026-04-14 00:00,19.3,25,-1.2,5.6,1.5,90,,,0,12.3
2026-04-14 01:00,18.2,29,-0.1,6.1,0.5,270,,,5,11.6
2026-04-14 02:00,17.7,29,-0.5,5.9,0.3,0,,,8,11.6
2026-04-14 03:00,16.1,37,1.3,6.7,0.3,0,,,9,11.3
2026-04-14 04:00,15.6,39,1.6,6.9,0.2,0,,,9,11.0
2026-04-14 05:00,14.8,44,2.6,7.4,0.3,0,,,9,10.8
2026-04-14 06:00,14.0,48,3.1,7.6,0.5,360,0.0,0.0,9,10.3
2026-04-14 07:00,14.6,48,3.6,7.9,0.1,0,0.11,0.2,9,11.1
2026-04-14 08:00,16.4,42,3.4,7.8,0.0,0,0.74,0.8,7,13.8
2026-04-14 09:00,18.1,31,0.6,6.4,0.7,200,1.4,1.0,5,16.9
2026-04-14 10:00,20.4,26,0.2,6.2,1.2,160,2.11,1.0,7,21.7
2026-04-14 11:00,21.9,26,1.5,6.8,2.2,90,2.73,0.9,7,25.9
2026-04-14 12:00,23.8,21,0.1,6.2,2.9,90,3.55,1.0,7,28.6
2026-04-14 13:00,24.8,20,0.2,6.2,1.7,180,3.13,0.8,7,28.3
2026-04-14 14:00,24.5,20,0.0,6.1,2.0,200,1.58,0.0,8,25.7
2026-04-14 15:00,24.6,21,0.8,6.5,2.5,140,1.79,0.2,8,26.0
2026-04-14 16:00,24.5,21,0.7,6.4,2.1,140,1.48,0.2,8,24.2
2026-04-14 17:00,24.1,22,1.0,6.6,2.2,140,1.25,0.4,7,22.7
2026-04-14 18:00,23.7,25,2.4,7.3,1.3,160,0.67,0.9,2,19.7
2026-04-14 19:00,22.3,28,2.8,7.5,1.1,140,0.08,0.2,0,16.5
2026-04-14 20:00,21.2,33,4.2,8.2,1.2,160,0.0,0.0,0,15.0
2026-04-14 21:00,20.2,38,5.4,9.0,1.2,140,,,1,14.1
2026-04-14 22:00,19.2,41,5.6,9.1,1.0,160,,,7,13.6
2026-04-14 23:00,18.7,42,5.5,9.0,1.0,160,,,8,13.1
2026-04-15 00:00,17.7,45,5.6,9.1,0.5,160,,,8,12.8
2026-04-15 01:00,17.0,48,5.8,9.2,0.6,180,,,8,12.6
2026-04-15 02:00,16.6,47,5.2,8.8,0.6,160,,,8,12.1
2026-04-15 03:00,15.5,49,4.8,8.6,0.9,200,,,7,11.3
2026-04-15 04:00,15.0,46,3.4,7.8,0.2,0,,,5,10.8
2026-04-15 05:00,13.5,58,5.3,8.9,0.3,0,,,6,10.3
2026-04-15 06:00,13.1,62,5.9,9.3,0.2,0,0.0,0.0,8,10.3
2026-04-15 07:00,13.5,58,5.3,8.9,0.0,0,0.11,0.0,9,11.8
2026-04-15 08:00,15.3,51,5.2,8.8,0.8,160,0.64,0.5,5,13.5
2026-04-15 09:00,16.9,41,3.5,7.8,0.9,290,1.46,1.0,3,17.1
2026-04-15 10:00,18.5,45,6.3,9.5,0.7,230,2.11,1.0,4,20.7
2026-04-15 11:00,21.2,33,4.2,8.2,0.8,200,2.85,1.0,0,25.7
2026-04-15 12:00,23.1,26,2.5,7.3,1.2,90,3.26,1.0,0,30.5
2026-04-15 13:00,24.6,26,3.8,8.0,1.3,320,3.46,1.0,0,32.6
2026-04-15 14:00,26.3,22,2.8,7.5,1.6,290,3.31,1.0,0,34.0
2026-04-15 15:00,27.0,18,0.6,6.4,2.5,270,3.07,1.0,0,33.9
2026-04-15 16:00,26.5,18,0.2,6.2,2.8,270,2.41,1.0,0,31.3
2026-04-15 17:00,25.7,20,1.0,6.6,2.7,270,1.67,1.0,0,27.4
2026-04-15 18:00,23.9,30,5.2,8.8,2.2,270,0.68,1.0,0,22.5
2026-04-15 19:00,22.2,37,6.8,9.9,1.4,290,0.11,0.2,0,18.8
2026-04-15 20:00,20.8,38,5.9,9.3,1.4,270,0.0,0.0,0,16.5
2026-04-15 21:00,19.8,41,6.1,9.4,0.5,270,,,0,15.3
2026-04-15 22:00,19.2,43,6.3,9.5,0.5,290,,,0,14.5
2026-04-15 23:00,18.1,49,7.2,10.2,0.2,0,,,0,13.8
2026-04-16 00:00,17.5,50,6.9,9.9,0.0,0,,,0,13.2
2026-04-16 01:00,16.6,56,7.7,10.5,0.8,50,,,0,12.6
2026-04-16 02:00,15.8,59,7.7,10.5,0.7,270,,,0,11.8
2026-04-16 03:00,16.5,50,6.0,9.3,1.3,90,,,0,11.3
2026-04-16 04:00,14.8,58,6.6,9.7,0.5,20,,,0,11.0
2026-04-16 05:00,13.6,61,6.2,9.5,0.2,0,,,0,10.1
2026-04-16 06:00,13.1,61,5.7,9.2,0.1,0,0.0,0.0,0,9.6
2026-04-16 07:00,13.8,58,5.6,9.1,0.1,0,0.2,0.5,4,10.8
2026-04-16 08:00,15.7,47,4.4,8.4,1.5,140,0.96,1.0,2,12.9
2026-04-16 09:00,17.7,38,3.1,7.6,2.2,90,1.77,1.0,5,17.8
2026-04-16 10:00,19.4,36,3.9,8.1,1.1,140,2.33,1.0,3,21.7
2026-04-16 11:00,21.5,27,1.6,6.9,1.7,110,3.14,1.0,2,26.8
2026-04-16 12:00,23.5,22,0.5,6.3,1.5,160,3.5,1.0,0,33.3
2026-04-16 13:00,25.1,15,-3.3,4.8,1.7,200,3.56,1.0,1,36.2
2026-04-16 14:00,25.7,14,-3.8,4.6,2.3,200,3.59,1.0,1,37.9
2026-04-16 15:00,25.5,13,-4.9,4.2,3.1,140,3.24,1.0,1,36.7
2026-04-16 16:00,25.5,14,-3.9,4.6,1.9,160,2.66,1.0,2,34.4
2026-04-16 17:00,25.5,16,-2.1,5.2,2.7,110,1.92,1.0,1,30.1
2026-04-16 18:00,24.6,19,-0.5,5.9,2.9,140,0.7,1.0,1,23.8
2026-04-16 19:00,23.1,19,-1.8,5.4,2.5,140,0.1,0.2,0,19.3
2026-04-16 20:00,22.3,21,-1.1,5.6,2.2,110,0.0,0.0,7,17.1
2026-04-16 21:00,21.2,26,0.9,6.5,2.5,140,,,6,16.6
2026-04-16 22:00,20.1,29,1.4,6.8,2.9,110,,,8,15.6
2026-04-16 23:00,19.0,30,1.0,6.6,1.8,110,,,9,14.8
2026-04-17 00:00,18.1,26,-1.7,5.4,0.9,140,,,9,14.3
2026-04-17 01:00,17.0,26,-2.6,5.0,2.8,140,,,10,13.8
2026-04-17 02:00,15.9,26,-3.6,4.7,1.7,140,,,10,13.3
2026-04-17 03:00,15.5,27,-3.4,4.8,1.3,250,,,8,13.1
2026-04-17 04:00,14.8,30,-2.6,5.0,1.0,160,,,9,12.6
2026-04-17 05:00,14.3,32,-2.2,5.2,1.9,140,,,9,12.3
2026-04-17 06:00,14.3,33,-1.7,5.4,1.4,140,0.0,0.0,9,12.3
2026-04-17 07:00,14.1,35,-1.1,5.6,0.5,200,0.0,0.0,9,12.8
2026-04-17 08:00,14.3,36,-0.5,5.9,1.0,200,0.2,0.0,9,14.1
2026-04-17 09:00,15.2,35,-0.1,6.1,1.1,200,0.73,0.0,9,17.1
2026-04-17 10:00,16.2,36,1.0,6.6,0.8,110,1.03,0.0,10,20.3
2026-04-17 11:00,16.7,39,2.6,7.4,1.2,200,1.04,0.0,10,20.6
2026-04-17 12:00,18.0,37,3.0,7.6,2.3,140,1.55,0.1,10,25.5
2026-04-17 13:00,18.7,38,4.0,8.1,1.6,160,1.27,0.0,10,24.1
2026-04-17 14:00,19.1,36,3.6,7.9,1.6,200,1.75,0.0,9,26.0
2026-04-17 15:00,19.8,37,4.6,8.5,1.1,20,1.65,0.1,9,26.7
2026-04-17 16:00,19.9,40,5.8,9.2,2.6,140,1.71,0.3,6,27.9
2026-04-17 17:00,18.2,46,6.3,9.5,2.2,160,1.14,0.3,9,22.7
2026-04-17 18:00,17.0,58,8.6,11.2,1.7,140,0.18,0.0,9,19.6
2026-04-17 19:00,16.5,63,9.4,11.8,1.3,160,0.03,0.0,8,17.5
2026-04-17 20:00,15.8,66,9.4,11.8,1.2,140,0.0,0.0,1,15.3
2026-04-17 21:00,15.1,69,9.4,11.8,0.9,140,,,0,14.0
2026-04-17 22:00,15.1,69,9.4,11.8,0.7,270,,,1,13.1
2026-04-17 23:00,14.6,62,7.3,10.2,1.2,50,,,0,12.3
2026-04-18 00:00,14.3,68,8.4,11.0,0.8,70,,,0,11.8
2026-04-18 01:00,13.5,69,7.9,10.6,0.1,0,,,0,11.1
2026-04-18 02:00,12.8,72,7.8,10.6,0.6,290,,,0,10.6
2026-04-18 03:00,12.3,76,8.2,10.9,1.0,50,,,0,10.1
2026-04-18 04:00,11.3,81,8.1,10.8,0.4,0,,,0,9.6
2026-04-18 05:00,10.8,83,8.0,10.7,0.3,0,,,0,9.0
2026-04-18 06:00,10.1,82,7.1,10.1,0.8,290,0.0,0.0,0,8.6
2026-04-18 07:00,11.0,77,7.1,10.1,0.5,50,0.18,0.5,0,10.0
2026-04-18 08:00,12.3,71,7.1,10.1,1.8,90,0.92,1.0,0,12.3
2026-04-18 09:00,14.7,65,8.1,10.8,1.8,70,1.71,1.0,0,17.1
2026-04-18 10:00,17.7,56,8.8,11.3,2.4,70,2.45,1.0,0,23.3
2026-04-18 11:00,20.2,42,6.8,9.9,3.3,70,3.06,1.0,0,28.9
2026-04-18 12:00,22.5,32,4.9,8.7,2.8,70,3.45,1.0,0,33.5
2026-04-18 13:00,23.7,32,6.0,9.3,1.3,70,3.55,1.0,0,38.0
2026-04-18 14:00,25.2,28,5.3,8.9,2.8,50,3.46,1.0,0,39.5
2026-04-18 15:00,26.2,25,4.6,8.5,2.4,70,2.99,1.0,1,38.9
2026-04-18 16:00,27.0,21,2.7,7.4,2.2,70,2.45,1.0,3,35.3
2026-04-18 17:00,27.0,19,1.3,6.7,1.4,70,1.25,0.6,7,29.3
2026-04-18 18:00,26.7,18,0.3,6.2,1.3,70,0.63,0.0,9,24.8
2026-04-18 19:00,24.7,30,5.9,9.3,1.2,270,0.09,0.0,9,21.4
2026-04-18 20:00,23.5,37,7.9,10.6,0.7,250,0.0,0.0,9,19.5
2026-04-18 21:00,22.2,41,8.3,10.9,0.1,0,,,8,18.0
2026-04-18 22:00,21.1,45,8.6,11.2,0.7,270,,,8,16.6
2026-04-18 23:00,20.2,47,8.5,11.1,0.7,270,,,5,15.6
2026-04-19 00:00,18.7,52,8.6,11.2,0.3,0,,,8,14.8
2026-04-19 01:00,18.2,52,8.1,10.8,1.2,230,,,8,14.6
2026-04-19 02:00,17.6,55,8.4,11.0,0.3,0,,,6,13.8
2026-04-19 03:00,16.7,58,8.3,10.9,0.1,0,,,2,13.0
2026-04-19 04:00,15.3,66,8.9,11.4,0.2,0,,,5,12.3
2026-04-19 05:00,15.3,64,8.5,11.1,0.3,0,,,7,12.1
2026-04-19 06:00,14.6,67,8.5,11.1,0.6,270,0.0,0.0,8,12.1
2026-04-19 07:00,14.1,69,8.4,11.0,1.2,50,0.07,0.0,9,13.5
2026-04-19 08:00,16.7,55,7.6,10.4,0.7,140,0.61,0.2,8,16.5
2026-04-19 09:00,19.7,45,7.4,10.3,0.9,230,2.05,1.0,8,22.2
2026-04-19 10:00,22.1,42,8.5,11.1,1.5,200,2.42,1.0,7,28.2
2026-04-19 11:00,24.1,38,8.8,11.3,1.6,160,2.95,1.0,7,30.5
2026-04-19 12:00,24.8,36,8.7,11.2,1.2,200,2.29,1.0,8,32.1
2026-04-19 13:00,25.6,34,8.5,11.1,2.1,140,2.5,1.0,8,34.0
2026-04-19 14:00,27.0,27,6.3,9.5,2.5,90,3.0,0.9,8,36.2
2026-04-19 15:00,27.5,21,3.2,7.7,1.6,160,2.28,1.0,7,35.6
2026-04-19 16:00,28.2,16,0.0,6.1,2.2,140,2.42,1.0,6,36.9
2026-04-19 17:00,28.7,13,-2.4,5.1,2.7,90,2.12,1.0,4,33.4
2026-04-19 18:00,28.2,15,-0.9,5.7,2.1,50,1.17,1.0,3,27.1
2026-04-19 19:00,26.5,20,1.6,6.9,2.0,110,0.22,0.2,2,22.2
2026-04-19 20:00,23.2,36,7.2,10.2,1.7,270,0.0,0.0,0,19.7
2026-04-19 21:00,22.0,39,7.3,10.2,1.5,290,,,0,18.2
2026-04-19 22:00,20.9,40,6.7,9.8,0.6,180,,,0,16.7
2026-04-19 23:00,20.0,47,8.3,10.9,0.8,250,,,0,15.8
2026-04-20 00:00,18.7,52,8.6,11.2,1.6,270,,,0,15.3
2026-04-20 01:00,17.7,58,9.3,11.7,0.9,250,,,0,14.6
2026-04-20 02:00,17.1,60,9.2,11.6,0.9,290,,,0,13.8
2026-04-20 03:00,16.5,61,8.9,11.4,0.9,270,,,0,13.3
2026-04-20 04:00,15.8,61,8.2,10.9,1.2,250,,,4,13.6
2026-04-20 05:00,15.6,64,8.8,11.3,0.6,180,,,7,14.2
2026-04-20 06:00,15.3,63,8.2,10.9,0.9,180,0.0,0.0,4,13.4
2026-04-20 07:00,16.0,60,8.2,10.9,0.9,200,0.2,0.4,4,14.5
2026-04-20 08:00,17.0,54,7.6,10.4,1.6,250,0.74,0.7,9,17.3
2026-04-20 09:00,16.6,60,8.7,11.2,1.3,270,0.31,0.0,10,17.6
2026-04-20 10:00,18.2,51,7.8,10.6,0.9,200,1.3,0.2,10,22.4
2026-04-20 11:00,19.2,50,8.5,11.1,1.5,250,0.95,0.0,10,23.3
2026-04-20 12:00,18.7,56,9.7,12.0,2.6,270,0.69,0.0,10,21.7
2026-04-20 13:00,18.1,62,10.6,12.8,3.2,270,0.75,0.0,10,22.2
2026-04-20 14:00,17.6,68,11.6,13.7,2.4,270,0.42,0.0,10,19.7
2026-04-20 15:00,16.5,72,11.4,13.5,2.5,270,0.04,0.0,10,17.6
2026-04-20 16:00,14.8,73,9.9,12.2,2.4,270,0.31,0.0,10,16.6
2026-04-20 17:00,14.3,69,8.6,11.2,1.8,270,0.09,0.0,9,15.8
2026-04-20 18:00,14.1,56,5.4,9.0,3.4,270,0.73,0.6,3,14.6
2026-04-20 19:00,11.6,53,2.3,7.2,1.9,290,0.16,0.3,0,11.1
2026-04-20 20:00,10.1,49,-0.1,6.1,2.0,290,0.0,0.0,0,9.1
2026-04-20 21:00,9.0,44,-2.6,5.0,1.9,290,,,0,8.0
2026-04-20 22:00,8.5,44,-3.0,4.9,2.1,270,,,0,7.0
2026-04-20 23:00,7.9,48,-2.4,5.1,1.3,270,,,0,6.5
2026-04-21 00:00,7.4,52,-1.8,5.4,1.4,270,,,0,6.1
2026-04-21 01:00,6.6,53,-2.3,5.2,1.5,270,,,0,5.8
2026-04-21 02:00,6.4,55,-2.0,5.3,1.1,270,,,0,5.5
2026-04-21 03:00,6.1,57,-1.7,5.4,0.8,200,,,0,5.3
2026-04-21 04:00,5.8,61,-1.1,5.6,0.8,180,,,0,5.0
2026-04-21 05:00,5.1,66,-0.7,5.8,0.8,180,,,0,4.8
2026-04-21 06:00,5.1,66,-0.7,5.8,1.0,200,0.0,0.0,0,4.6
2026-04-21 07:00,5.9,63,-0.6,5.8,0.4,0,0.18,0.4,0,6.1
2026-04-21 08:00,7.3,58,-0.4,5.9,1.1,290,0.9,1.0,0,8.3
2026-04-21 09:00,9.4,51,-0.2,6.0,1.0,290,1.71,1.0,0,13.6
2026-04-21 10:00,12.7,39,-0.9,5.7,1.1,90,2.49,1.0,6,20.5
2026-04-21 11:00,15.2,25,-4.7,4.3,1.5,230,2.52,1.0,8,24.3
2026-04-21 12:00,17.6,22,-4.4,4.4,1.2,270,3.08,1.0,7,31.8
2026-04-21 13:00,18.1,26,-1.7,5.4,1.3,290,3.52,1.0,8,35.5
2026-04-21 14:00,20.1,23,-1.7,5.4,1.6,20,3.37,1.0,8,36.7
2026-04-21 15:00,20.2,20,-3.5,4.7,1.2,160,2.98,1.0,7,35.5
2026-04-21 16:00,21.7,21,-1.6,5.4,1.3,290,2.45,1.0,5,34.0
2026-04-21 17:00,20.5,24,-0.7,5.8,2.2,290,1.68,1.0,7,27.4
2026-04-21 18:00,18.7,23,-2.8,5.0,2.6,270,0.65,0.5,6,21.0
2026-04-21 19:00,17.3,22,-4.6,4.3,2.1,290,0.1,0.0,3,16.9
2026-04-21 20:00,16.5,26,-3.0,4.9,2.0,270,0.0,0.0,7,15.5
2026-04-21 21:00,15.8,26,-3.6,4.7,0.8,230,,,6,14.4
2026-04-21 22:00,14.8,27,-4.0,4.5,1.5,270,,,10,13.6
2026-04-21 23:00,13.8,27,-4.9,4.2,0.9,360,,,10,12.8
2026-04-22 00:00,13.5,27,-5.1,4.2,0.9,270,,,8,12.5
2026-04-22 01:00,13.3,27,-5.3,4.1,0.4,0,,,10,12.3
2026-04-22 02:00,12.3,36,-2.3,5.2,2.2,50,,,10,12.0
2026-04-22 03:00,11.5,43,-0.6,5.8,1.4,50,,,9,11.8
2026-04-22 04:00,11.3,42,-1.1,5.6,2.2,50,,,10,11.8
2026-04-22 05:00,11.0,43,-1.1,5.6,1.8,50,,,10,11.6
2026-04-22 06:00,11.6,42,-0.8,5.8,0.3,0,0.0,0.0,10,11.6
2026-04-22 07:00,11.6,45,0.0,6.1,1.1,270,0.0,0.0,10,12.1
2026-04-22 08:00,12.0,44,0.1,6.2,0.5,290,0.18,0.0,10,13.5
2026-04-22 09:00,13.6,37,-0.8,5.8,0.9,90,0.58,0.0,10,16.3
2026-04-22 10:00,13.6,44,1.5,6.8,2.8,50,0.76,0.0,10,17.8
2026-04-22 11:00,15.0,40,1.4,6.8,0.4,0,0.72,0.0,10,18.8
2026-04-22 12:00,16.5,28,-2.0,5.3,1.0,270,1.21,0.0,10,22.6
2026-04-22 13:00,18.3,23,-3.2,4.8,0.6,200,1.87,0.1,10,26.4
2026-04-22 14:00,19.5,24,-1.6,5.4,1.2,320,2.29,0.4,9,32.4
2026-04-22 15:00,20.1,26,0.0,6.1,1.3,270,2.74,0.9,7,35.2
2026-04-22 16:00,20.2,27,0.5,6.3,1.2,230,2.29,0.8,9,31.0
2026-04-22 17:00,20.5,28,1.3,6.7,1.7,250,1.66,0.8,7,27.8
2026-04-22 18:00,19.3,20,-4.2,4.5,2.6,70,0.85,0.8,8,21.4
2026-04-22 19:00,17.9,20,-5.4,4.1,1.0,140,0.15,0.0,6,17.2
2026-04-22 20:00,16.7,24,-4.0,4.5,1.6,270,0.0,0.0,8,14.8
2026-04-22 21:00,15.6,27,-3.3,4.8,1.1,250,,,6,13.3
2026-04-22 22:00,14.6,28,-3.7,4.6,1.8,50,,,4,12.1
2026-04-22 23:00,14.1,31,-2.8,5.0,1.4,70,,,6,11.5
2026-04-23 00:00,13.5,33,-2.4,5.1,0.8,70,,,6,10.8
2026-04-23 01:00,13.1,37,-1.2,5.6,1.6,50,,,9,10.6
2026-04-23 02:00,12.2,39,-1.3,5.6,0.9,20,,,8,10.0
2026-04-23 03:00,11.8,42,-0.7,5.8,1.3,50,,,7,9.6
2026-04-23 04:00,11.1,47,0.1,6.2,0.9,70,,,8,9.3
2026-04-23 05:00,11.1,46,-0.1,6.1,1.3,70,,,9,9.5
2026-04-23 06:00,10.3,50,0.3,6.2,2.3,50,0.0,0.0,9,9.5
2026-04-23 07:00,10.9,50,0.8,6.5,2.9,50,0.18,0.3,6,10.1
2026-04-23 08:00,12.5,45,0.8,6.5,3.6,50,0.93,1.0,7,12.7
2026-04-23 09:00,15.2,41,2.0,7.1,3.0,50,1.46,0.9,8,17.9
2026-04-23 10:00,18.2,35,2.4,7.3,6.5,70,2.44,1.0,9,25.0
2026-04-23 11:00,19.6,32,2.4,7.3,4.7,70,2.77,1.0,10,29.7
2026-04-23 12:00,21.1,28,1.8,7.0,4.6,70,3.22,1.0,9,34.3
2026-04-23 13:00,22.4,24,0.8,6.5,4.4,70,3.22,1.0,10,36.5
2026-04-23 14:00,23.1,23,0.8,6.5,3.5,70,3.23,1.0,9,38.2
2026-04-23 15:00,23.0,22,0.1,6.2,4.1,50,2.31,1.0,10,34.5
2026-04-23 16:00,22.8,21,-0.6,5.8,3.7,70,2.03,0.9,10,31.1
2026-04-23 17:00,22.7,19,-2.1,5.2,4.1,50,1.16,0.4,10,27.0
2026-04-23 18:00,22.2,19,-2.5,5.1,3.3,70,0.68,0.1,10,22.9
2026-04-23 19:00,20.7,25,0.0,6.1,1.9,140,0.14,0.0,9,19.5
2026-04-23 20:00,19.3,26,-0.7,5.8,2.0,140,0.0,0.0,8,17.2
2026-04-23 21:00,18.0,27,-1.3,5.6,3.0,140,,,8,16.0
2026-04-23 22:00,17.0,24,-3.7,4.6,3.3,110,,,8,14.9
2026-04-23 23:00,16.2,23,-4.9,4.2,3.4,90,,,4,13.5
2026-04-24 00:00,15.3,24,-5.1,4.2,1.0,140,,,0,11.8
2026-04-24 01:00,13.8,27,-4.9,4.2,0.5,180,,,0,10.5
2026-04-24 02:00,13.1,28,-5.0,4.2,0.5,160,,,0,9.6
2026-04-24 03:00,13.0,29,-4.6,4.3,1.5,90,,,0,8.8
2026-04-24 04:00,10.8,43,-1.3,5.6,0.1,0,,,0,7.9
2026-04-24 05:00,9.3,51,-0.3,6.0,0.0,0,,,0,7.0
2026-04-24 06:00,9.1,50,-0.7,5.8,0.3,0,0.0,0.0,0,6.6
2026-04-24 07:00,9.9,48,-0.6,5.8,0.3,0,0.25,0.7,0,8.3
2026-04-24 08:00,11.9,38,-1.9,5.3,1.7,90,1.08,1.0,1,10.6
2026-04-24 09:00,14.8,31,-2.1,5.2,0.6,230,1.92,1.0,4,17.5
2026-04-24 10:00,17.2,25,-3.0,4.9,1.4,50,2.59,1.0,3,26.4
2026-04-24 11:00,18.4,26,-1.4,5.5,1.8,70,3.23,1.0,3,30.8
2026-04-24 12:00,20.8,20,-3.0,4.9,1.5,90,3.46,1.0,1,37.8
2026-04-24 13:00,22.4,16,-4.6,4.3,1.7,70,3.75,1.0,5,41.9
2026-04-24 14:00,23.5,15,-4.6,4.3,1.7,250,3.51,1.0,6,42.9
2026-04-24 15:00,24.5,14,-4.7,4.3,1.7,90,2.68,0.9,7,39.1
2026-04-24 16:00,24.8,14,-4.5,4.4,1.3,290,1.82,0.8,7,34.7
2026-04-24 17:00,25.2,16,-2.4,5.1,1.3,270,1.69,1.0,8,30.9
2026-04-24 18:00,24.3,13,-5.9,3.9,1.4,230,0.77,0.7,4,24.4
2026-04-24 19:00,22.8,13,-7.0,3.6,1.1,140,0.23,0.3,0,19.3
2026-04-24 20:00,21.3,17,-4.7,4.3,0.7,140,0.0,0.0,0,16.3
2026-04-24 21:00,20.3,20,-3.4,4.8,0.8,140,,,0,14.5
2026-04-24 22:00,18.9,24,-2.1,5.2,0.5,270,,,0,13.3
2026-04-24 23:00,17.3,28,-1.4,5.5,0.6,250,,,0,12.3
2026-04-25 00:00,16.2,30,-1.4,5.5,1.3,270,,,0,11.6
2026-04-25 01:00,14.8,41,1.6,6.9,1.4,270,,,0,11.1
2026-04-25 02:00,13.8,48,2.9,7.5,1.6,270,,,0,10.6
2026-04-25 03:00,13.2,52,3.5,7.8,0.7,290,,,0,10.0
2026-04-25 04:00,12.5,54,3.4,7.8,0.9,290,,,0,9.3
2026-04-25 05:00,11.8,59,4.0,8.1,0.9,250,,,0,9.0
2026-04-25 06:00,11.3,61,4.0,8.1,0.0,0,0.0,0.0,0,8.6
2026-04-25 07:00,11.8,60,4.2,8.2,0.1,0,0.25,0.6,0,10.3
2026-04-25 08:00,13.8,53,4.3,8.3,0.4,0,1.01,1.0,0,13.2
2026-04-25 09:00,15.8,46,4.1,8.2,0.8,110,1.82,1.0,0,19.7
2026-04-25 10:00,18.7,37,3.6,7.9,0.8,290,2.59,1.0,0,28.1
2026-04-25 11:00,22.1,27,2.2,7.2,1.3,320,3.18,1.0,0,33.4
2026-04-25 12:00,23.6,21,0.0,6.1,0.8,290,3.54,1.0,0,39.2
2026-04-25 13:00,25.0,18,-0.9,5.7,1.2,250,3.71,1.0,0,43.7
2026-04-25 14:00,26.2,19,0.7,6.4,1.4,290,3.44,1.0,0,44.8
2026-04-25 15:00,26.1,19,0.6,6.4,1.2,270,2.93,1.0,0,43.4
2026-04-25 16:00,27.1,10,-7.1,3.6,2.0,270,2.64,1.0,0,40.0
2026-04-25 17:00,26.7,9,-8.8,3.1,1.0,250,1.93,1.0,0,33.7
2026-04-25 18:00,24.1,20,-0.2,6.0,3.2,290,1.08,1.0,0,25.9
2026-04-25 19:00,22.1,16,-4.9,4.2,2.4,270,0.24,0.3,0,20.6
2026-04-25 20:00,20.5,19,-3.9,4.6,1.4,70,0.0,0.0,0,17.7
2026-04-25 21:00,19.7,23,-2.0,5.3,0.9,50,,,0,16.0
2026-04-25 22:00,18.4,27,-0.9,5.7,1.0,270,,,0,14.3
2026-04-25 23:00,17.3,28,-1.4,5.5,0.8,270,,,0,13.1
2026-04-26 00:00,16.2,31,-0.9,5.7,1.0,290,,,0,12.3
2026-04-26 01:00,15.4,33,-0.8,5.8,0.9,290,,,0,11.5
2026-04-26 02:00,14.3,40,0.8,6.5,0.0,0,,,0,10.7
2026-04-26 03:00,13.3,45,1.5,6.8,0.1,0,,,0,10.1
2026-04-26 04:00,11.6,52,2.0,7.1,0.0,0,,,0,9.5
2026-04-26 05:00,11.6,50,1.5,6.8,1.0,290,,,0,9.0
2026-04-26 06:00,10.3,54,1.3,6.7,0.0,0,0.0,0.0,0,8.6
2026-04-26 07:00,12.1,49,1.6,6.9,0.1,0,0.25,0.7,0,10.3
2026-04-26 08:00,14.3,44,2.1,7.1,0.2,0,1.0,1.0,0,13.4
2026-04-26 09:00,16.6,40,2.9,7.5,0.8,200,1.8,1.0,0,20.4
2026-04-26 10:00,19.0,36,3.5,7.8,1.0,320,2.56,1.0,0,29.3
2026-04-26 11:00,20.7,27,1.0,6.6,1.5,270,3.12,1.0,0,34.8
2026-04-26 12:00,23.1,21,-0.4,5.9,1.5,290,3.49,1.0,0,39.8
2026-04-26 13:00,23.9,24,2.0,7.1,1.8,290,3.6,1.0,0,44.0
2026-04-26 14:00,25.2,19,0.0,6.1,1.4,320,3.47,1.0,0,44.7
2026-04-26 15:00,25.8,18,-0.3,6.0,2.1,270,3.13,1.0,0,43.5
2026-04-26 16:00,25.8,16,-1.9,5.3,3.0,290,2.56,1.0,0,39.7
2026-04-26 17:00,24.7,19,-0.4,5.9,2.5,270,1.83,1.0,0,32.6
2026-04-26 18:00,23.2,20,-1.0,5.7,3.1,270,1.06,1.0,0,25.4
2026-04-26 19:00,21.2,24,-0.1,6.1,2.2,290,0.23,0.4,0,20.3
2026-04-26 20:00,19.7,24,-1.4,5.5,1.8,290,0.0,0.0,0,17.2
2026-04-26 21:00,18.7,25,-1.7,5.4,0.9,290,,,0,15.4
2026-04-26 22:00,17.6,26,-2.1,5.2,0.9,290,,,6,14.5
2026-04-26 23:00,16.8,28,-1.8,5.4,1.3,270,,,7,13.6
2026-04-27 00:00,16.3,29,-1.7,5.4,1.1,270,,,9,13.6
2026-04-27 01:00,15.8,29,-2.2,5.2,1.3,270,,,6,12.5
2026-04-27 02:00,15.1,32,-1.5,5.5,0.3,0,,,8,12.0
2026-04-27 03:00,14.3,36,-0.5,5.9,0.2,0,,,7,11.6
2026-04-27 04:00,13.6,41,0.5,6.3,0.3,0,,,7,10.8
2026-04-27 05:00,13.0,43,0.6,6.4,0.8,270,,,4,10.5
2026-04-27 06:00,12.8,42,0.1,6.2,0.0,0,0.0,0.0,4,10.8
2026-04-27 07:00,12.8,50,2.6,7.4,0.3,0,0.17,0.1,5,12.7
2026-04-27 08:00,14.8,41,1.6,6.9,0.6,270,0.8,0.6,4,16.1
2026-04-27 09:00,16.8,34,0.8,6.5,0.7,180,1.58,0.8,7,21.9
2026-04-27 10:00,17.4,33,0.9,6.5,0.3,0,0.99,0.0,6,22.2
2026-04-27 11:00,19.7,34,3.3,7.7,1.1,270,2.76,0.8,4,33.3
2026-04-27 12:00,21.4,28,2.1,7.1,1.3,340,2.88,0.7,8,34.0
2026-04-27 13:00,22.7,25,1.6,6.9,1.4,320,2.96,1.0,7,39.4
2026-04-27 14:00,23.5,26,2.8,7.5,0.7,360,2.95,0.9,9,38.5
2026-04-27 15:00,23.6,25,2.4,7.3,1.5,270,1.79,0.0,9,33.8
2026-04-27 16:00,22.7,24,1.0,6.6,2.4,290,1.07,0.0,9,28.3
2026-04-27 17:00,20.6,29,1.9,7.0,1.9,290,0.25,0.0,10,21.7
2026-04-27 18:00,20.0,28,0.9,6.5,1.4,270,0.34,0.0,7,21.2
2026-04-27 19:00,19.6,31,1.9,7.0,1.1,290,0.06,0.0,9,19.3
2026-04-27 20:00,18.6,35,2.8,7.5,0.7,270,0.0,0.0,10,17.7
2026-04-27 21:00,17.4,42,4.3,8.3,2.1,290,,,10,17.2
2026-04-27 22:00,17.2,42,4.1,8.2,2.2,270,,,10,16.7
2026-04-27 23:00,15.6,47,4.3,8.3,0.7,180,,,10,14.8
2026-04-28 00:00,13.8,65,7.3,10.2,0.3,0,,,8,14.5
2026-04-28 01:00,14.3,61,6.8,9.9,0.8,290,,,9,14.3
2026-04-28 02:00,14.8,43,2.3,7.2,1.9,290,,,9,13.0
2026-04-28 03:00,15.0,46,3.4,7.8,1.5,270,,,10,13.3
2026-04-28 04:00,14.8,54,5.5,9.0,1.9,270,,,10,13.1
2026-04-28 05:00,13.7,72,8.7,11.2,2.4,270,,,10,12.3
2026-04-28 06:00,12.8,72,7.8,10.6,2.5,270,0.0,0.0,10,12.4
2026-04-28 07:00,12.5,71,7.3,10.2,1.8,270,0.18,0.0,10,13.3
2026-04-28 08:00,13.3,65,6.8,9.9,2.0,270,0.67,0.2,9,15.6
2026-04-28 09:00,13.6,59,5.7,9.2,2.5,250,1.67,0.7,9,20.5
2026-04-28 10:00,15.2,53,5.6,9.1,2.7,270,1.55,0.4,7,24.2
2026-04-28 11:00,15.4,49,4.7,8.5,2.2,250,2.39,0.5,6,26.9
2026-04-28 12:00,17.2,44,4.8,8.6,2.3,270,2.81,0.6,6,32.0
2026-04-28 13:00,17.3,44,4.9,8.7,1.4,270,2.33,0.4,5,31.2
2026-04-28 14:00,18.2,43,5.4,9.0,2.8,290,3.33,0.9,3,38.6
2026-04-28 15:00,18.4,42,5.2,8.8,2.3,250,2.86,1.0,7,36.2
2026-04-28 16:00,17.2,43,4.4,8.4,2.6,290,2.14,1.0,7,31.8
2026-04-28 17:00,16.2,39,2.2,7.2,3.8,290,1.52,1.0,7,26.5
2026-04-28 18:00,15.6,45,3.6,7.9,2.5,290,0.92,0.9,8,21.8
2026-04-28 19:00,14.5,48,3.6,7.9,1.5,290,0.18,0.2,8,17.5
2026-04-28 20:00,14.1,49,3.5,7.8,2.4,270,0.0,0.0,7,14.8
2026-04-28 21:00,13.5,48,2.6,7.4,0.8,270,,,6,13.8
2026-04-28 22:00,13.0,49,2.5,7.3,1.0,270,,,5,12.5
2026-04-28 23:00,11.8,52,2.2,7.2,1.6,270,,,2,11.3
2026-04-29 00:00,11.3,54,2.3,7.2,1.9,270,,,6,11.3
2026-04-29 01:00,11.1,57,2.8,7.5,1.6,270,,,10,11.6
2026-04-29 02:00,10.8,58,2.8,7.5,1.7,270,,,10,11.5
2026-04-29 03:00,10.3,60,2.8,7.5,1.5,270,,,8,11.0
2026-04-29 04:00,10.0,61,2.8,7.5,1.3,270,,,4,9.8
2026-04-29 05:00,9.6,64,3.1,7.6,1.1,250,,,6,9.3
2026-04-29 06:00,9.5,66,3.4,7.8,0.8,290,0.0,0.0,9,9.8
2026-04-29 07:00,9.8,66,3.7,8.0,1.6,250,0.2,0.4,7,10.8
2026-04-29 08:00,11.7,60,4.1,8.2,1.3,180,1.02,1.0,2,13.5
2026-04-29 09:00,13.7,57,5.3,8.9,1.0,230,1.88,1.0,3,20.5
2026-04-29 10:00,14.4,49,3.8,8.0,1.7,90,2.11,0.9,7,26.7
2026-04-29 11:00,15.8,48,4.7,8.5,1.7,90,2.71,1.0,6,31.9
2026-04-29 12:00,17.1,44,4.7,8.5,2.6,90,2.83,0.9,7,33.7
2026-04-29 13:00,17.6,42,4.5,8.4,1.6,320,2.26,0.4,6,35.0
2026-04-29 14:00,18.9,39,4.6,8.5,1.3,290,2.72,0.9,6,36.0
2026-04-29 15:00,18.8,36,3.3,7.7,1.5,290,1.72,0.4,9,30.8
2026-04-29 16:00,19.1,34,2.8,7.5,1.1,320,1.33,0.3,9,28.9
2026-04-29 17:00,19.0,35,3.1,7.6,1.1,290,0.62,0.0,9,24.0
2026-04-29 18:00,18.8,35,2.9,7.5,0.7,290,0.39,0.0,10,21.7
2026-04-29 19:00,18.0,39,3.8,8.0,2.5,290,0.06,0.0,9,19.0
2026-04-29 20:00,16.9,36,1.7,6.9,2.1,270,0.0,0.0,10,17.1
2026-04-29 21:00,16.2,34,0.2,6.2,1.0,270,,,10,15.5
2026-04-29 22:00,15.5,32,-1.1,5.6,1.1,50,,,10,14.5
2026-04-29 23:00,15.1,33,-1.0,5.7,0.5,250,,,9,13.8
2026-04-30 00:00,14.9,32,-1.6,5.4,0.7,290,,,10,13.5
2026-04-30 01:00,14.6,35,-0.7,5.8,0.1,0,,,10,13.1
2026-04-30 02:00,13.8,40,0.4,6.3,0.5,250,,,10,12.8
2026-04-30 03:00,13.1,44,1.1,6.6,0.3,0,,,9,12.1
2026-04-30 04:00,12.6,47,1.5,6.8,0.6,270,,,7,11.6
2026-04-30 05:00,12.1,53,2.7,7.4,0.3,0,,,7,11.3
2026-04-30 06:00,11.3,58,3.3,7.7,0.5,20,0.0,0.0,6,10.6
2026-04-30 07:00,11.8,58,3.7,8.0,0.3,0,0.2,0.5,1,11.1
2026-04-30 08:00,14.1,51,4.0,8.1,0.8,270,1.07,1.0,0,14.3
2026-04-30 09:00,16.2,45,4.2,8.2,1.3,200,1.86,1.0,3,21.2
2026-04-30 10:00,18.7,42,5.5,9.0,0.8,360,2.5,1.0,1,30.2
2026-04-30 11:00,20.5,29,1.8,7.0,1.3,50,3.1,1.0,1,36.4
2026-04-30 12:00,21.2,28,1.9,7.0,2.3,70,3.58,1.0,1,42.2
2026-04-30 13:00,21.8,27,1.9,7.0,2.0,110,3.33,0.9,3,42.1
2026-04-30 14:00,21.7,27,1.8,7.0,1.8,160,2.9,0.7,9,37.7
2026-04-30 15:00,21.8,27,1.9,7.0,1.6,270,1.02,0.0,9,30.2
2026-04-30 16:00,21.7,28,2.3,7.2,1.6,270,1.12,0.0,10,29.0
2026-04-30 17:00,21.1,29,2.3,7.2,1.6,290,0.44,0.0,10,24.7
2026-04-30 18:00,19.4,29,0.8,6.5,2.8,290,0.42,0.2,9,22.4
2026-04-30 19:00,18.5,27,-0.8,5.8,1.8,290,0.09,0.0,10,19.8
2026-04-30 20:00,17.7,26,-2.0,5.3,0.9,270,0.0,0.0,10,18.2
2026-04-30 21:00,17.2,26,-2.5,5.1,1.0,270,,,9,17.3
2026-04-30 22:00,16.7,28,-1.9,5.3,2.0,270,,,10,16.7
2026-04-30 23:00,16.1,29,-1.9,5.3,1.5,290,,,10,16.2
2026-05-01 00:00,15.6,31,-1.4,5.5,1.2,270,,,10,15.5
2026-05-01 01:00,14.8,35,-0.5,5.9,1.3,270,,,10,13.8
2026-05-01 02:00,12.6,54,3.5,7.8,1.1,250,,,10,12.7
2026-05-01 03:00,11.8,59,4.0,8.1,1.5,270,,,10,12.1
2026-05-01 04:00,11.1,71,6.0,9.3,1.0,230,,,10,12.3
2026-05-01 05:00,11.5,69,6.0,9.3,0.8,140,,,10,12.3
2026-05-01 06:00,11.6,69,6.0,9.3,0.4,0,0.0,0.0,10,12.1
2026-05-01 07:00,11.5,65,5.1,8.8,1.4,270,0.09,0.0,9,12.6
2026-05-01 08:00,12.5,63,5.6,9.1,1.4,270,0.46,0.0,8,13.7
2026-05-01 09:00,13.8,59,5.9,9.3,2.0,250,1.09,0.3,8,17.3
2026-05-01 10:00,17.2,41,3.8,8.0,2.2,290,2.37,0.9,4,23.8
2026-05-01 11:00,19.1,29,0.6,6.4,3.3,290,3.12,1.0,0,29.6
2026-05-01 12:00,21.0,24,-0.3,6.0,3.7,290,3.48,1.0,0,35.8
2026-05-01 13:00,22.7,24,1.0,6.6,3.4,270,3.62,1.0,0,39.5
2026-05-01 14:00,23.1,25,1.9,7.0,3.0,270,3.4,1.0,0,40.4
2026-05-01 15:00,23.1,25,1.9,7.0,3.3,270,3.12,1.0,0,39.5
2026-05-01 16:00,23.0,24,1.3,6.7,3.1,290,2.54,1.0,0,36.4
2026-05-01 17:00,22.7,25,1.6,6.9,2.7,290,1.83,1.0,0,30.6
2026-05-01 18:00,22.5,26,2.0,7.1,1.9,270,1.07,1.0,0,24.5
2026-05-01 19:00,20.2,31,2.5,7.3,2.3,270,0.26,0.4,0,19.9
2026-05-01 20:00,18.3,33,1.7,6.9,3.1,270,0.0,0.0,0,16.8
2026-05-01 21:00,17.1,35,1.4,6.8,2.5,270,,,3,15.3
2026-05-01 22:00,16.7,36,1.5,6.8,1.7,270,,,3,14.3
2026-05-01 23:00,15.5,42,2.6,7.4,1.6,270,,,4,13.5
2026-05-02 00:00,14.4,52,4.6,8.5,0.9,250,,,4,12.8
2026-05-02 01:00,13.8,55,4.9,8.7,1.4,200,,,4,12.3
2026-05-02 02:00,13.6,54,4.4,8.4,0.9,180,,,8,12.0
2026-05-02 03:00,13.4,53,4.0,8.1,1.1,140,,,6,11.3
2026-05-02 04:00,13.1,53,3.7,8.0,0.7,230,,,8,11.5
2026-05-02 05:00,13.1,53,3.7,8.0,0.7,200,,,8,11.4
2026-05-02 06:00,12.6,56,4.0,8.1,0.4,0,0.0,0.0,7,10.8
2026-05-02 07:00,13.8,54,4.6,8.5,0.1,0,0.25,0.3,7,13.1
2026-05-02 08:00,15.6,47,4.3,8.3,0.6,230,0.9,0.7,7,17.0
2026-05-02 09:00,16.5,48,5.4,9.0,1.4,180,1.25,0.4,8,21.4
2026-05-02 10:00,18.0,48,6.8,9.9,2.3,270,1.46,0.3,10,23.0
2026-05-02 11:00,18.7,49,7.7,10.5,2.0,270,1.08,0.0,10,24.5
2026-05-02 12:00,20.3,50,9.5,11.9,1.0,290,1.57,0.1,10,30.1
2026-05-02 13:00,21.1,50,10.2,12.4,2.7,270,2.08,0.2,10,30.6
2026-05-02 14:00,22.7,47,10.7,12.9,2.5,250,2.59,0.6,6,36.4
2026-05-02 15:00,23.9,44,10.8,12.9,3.1,250,2.58,0.7,6,37.2
2026-05-02 16:00,23.3,47,11.3,13.4,1.9,230,1.42,0.0,9,31.9
2026-05-02 17:00,22.5,50,11.5,13.6,1.8,270,0.93,0.1,10,27.3
2026-05-02 18:00,21.6,49,10.4,12.6,3.1,270,0.43,0.0,10,23.9
2026-05-02 19:00,20.7,53,10.7,12.9,2.5,270,0.06,0.0,10,21.1
2026-05-02 20:00,20.0,54,10.3,12.5,0.8,180,0.0,0.0,10,19.5
2026-05-02 21:00,18.7,58,10.2,12.4,2.0,360,,,10,18.6
2026-05-02 22:00,18.2,56,9.2,11.6,1.2,290,,,10,17.8
2026-05-02 23:00,17.7,57,9.0,11.5,1.1,270,,,10,17.2
2026-05-03 00:00,17.2,58,8.8,11.3,0.9,270,,,10,16.8
2026-05-03 01:00,16.2,66,9.8,12.1,1.1,270,,,10,15.8
2026-05-03 02:00,14.3,82,11.2,13.3,0.9,250,,,10,15.3
2026-05-03 03:00,14.1,85,11.6,13.7,1.0,50,,,10,15.1
2026-05-03 04:00,13.8,87,11.6,13.7,0.3,0,,,10,15.3
2026-05-03 05:00,13.6,87,11.4,13.5,0.9,110,,,10,15.1
2026-05-03 06:00,13.4,88,11.4,13.5,2.2,50,0.0,0.0,10,14.8
2026-05-03 07:00,13.4,87,11.2,13.3,2.2,70,0.0,0.0,10,15.1
2026-05-03 08:00,13.3,88,11.3,13.4,2.2,70,0.07,0.0,10,15.6
2026-05-03 09:00,13.4,90,11.7,13.7,1.7,70,0.05,0.0,10,15.6
2026-05-03 10:00,13.7,85,11.2,13.3,0.7,140,0.45,0.0,10,17.7
2026-05-03 11:00,13.8,86,11.4,13.5,0.6,200,0.43,0.0,10,17.8
2026-05-03 12:00,13.8,87,11.6,13.7,0.9,230,0.32,0.0,10,17.5
2026-05-03 13:00,14.2,83,11.3,13.4,0.2,0,0.52,0.0,10,18.7
2026-05-03 14:00,14.4,83,11.5,13.6,1.4,270,0.35,0.0,10,17.7
2026-05-03 15:00,14.1,88,12.1,14.1,1.2,270,0.22,0.0,10,17.2
2026-05-03 16:00,14.1,86,11.7,13.7,1.6,270,0.32,0.0,10,17.2
2026-05-03 17:00,14.1,84,11.4,13.5,1.3,270,0.15,0.0,10,16.5
2026-05-03 18:00,13.3,80,9.9,12.2,2.1,270,0.01,0.0,10,15.1
2026-05-03 19:00,13.3,78,9.5,11.9,1.7,270,0.01,0.0,10,14.6
2026-05-03 20:00,13.1,74,8.5,11.1,1.3,270,0.0,0.0,7,14.1
2026-05-03 21:00,12.8,74,8.2,10.9,1.2,270,,,9,13.6
2026-05-03 22:00,12.6,79,9.0,11.5,2.3,270,,,9,13.5
2026-05-03 23:00,11.7,85,9.2,11.6,2.4,270,,,10,13.1
2026-05-04 00:00,11.6,87,9.5,11.9,3.0,250,,,7,12.6
2026-05-04 01:00,10.8,80,7.4,10.3,2.5,270,,,9,12.3
2026-05-04 02:00,10.0,84,7.4,10.3,2.5,270,,,9,11.8
2026-05-04 03:00,10.6,74,6.1,9.4,2.2,290,,,9,11.6
2026-05-04 04:00,10.6,71,5.5,9.0,2.2,270,,,7,11.3
2026-05-04 05:00,10.0,69,4.5,8.4,1.2,270,,,2,9.8
2026-05-04 06:00,10.4,66,4.3,8.3,0.6,290,0.0,0.0,4,10.3
2026-05-04 07:00,10.1,71,5.0,8.7,1.9,270,0.14,0.0,6,11.1
2026-05-04 08:00,11.4,70,6.1,9.4,1.6,250,0.77,0.4,3,12.6
2026-05-04 09:00,13.3,64,6.6,9.7,1.9,290,1.92,1.0,1,17.6
2026-05-04 10:00,16.0,51,5.8,9.2,2.1,290,2.61,1.0,0,22.4
2026-05-04 11:00,17.5,43,4.7,8.5,2.5,270,3.23,1.0,0,26.3
2026-05-04 12:00,19.1,29,0.6,6.4,3.3,270,3.4,1.0,5,28.5
2026-05-04 13:00,19.7,23,-2.0,5.3,3.2,290,3.77,1.0,1,29.9
2026-05-04 14:00,19.3,20,-4.2,4.5,3.9,290,3.64,1.0,0,29.5
2026-05-04 15:00,19.9,21,-3.1,4.9,3.2,270,3.28,1.0,0,28.4
2026-05-04 16:00,20.3,18,-4.8,4.3,3.0,270,2.7,1.0,0,26.6
2026-05-04 17:00,19.1,21,-3.7,4.6,3.5,290,2.0,1.0,0,22.8
2026-05-04 18:00,18.9,26,-1.0,5.7,2.7,270,1.16,1.0,0,18.3
2026-05-04 19:00,17.6,25,-2.6,5.0,2.0,290,0.33,0.6,0,14.9
2026-05-04 20:00,16.0,30,-1.5,5.5,1.1,270,0.0,0.0,0,13.1
2026-05-04 21:00,15.1,35,-0.2,6.0,1.1,290,,,0,12.0
2026-05-04 22:00,13.8,43,1.4,6.8,1.4,270,,,0,11.1
2026-05-04 23:00,13.1,45,1.4,6.8,1.0,160,,,0,10.3
2026-05-05 00:00,12.3,48,1.5,6.8,0.8,200,,,0,9.8
2026-05-05 01:00,11.0,56,2.5,7.3,1.4,270,,,0,9.1
2026-05-05 02:00,10.5,64,3.9,8.1,0.7,180,,,0,8.8
2026-05-05 03:00,9.8,67,3.9,8.1,0.7,180,,,0,8.3
2026-05-05 04:00,9.5,69,4.0,8.1,0.2,0,,,0,7.9
2026-05-05 05:00,8.6,77,4.7,8.5,1.0,270,,,0,7.5
2026-05-05 06:00,7.9,89,6.1,9.4,0.7,270,0.0,0.0,1,8.1
2026-05-05 07:00,9.0,86,6.7,9.8,0.4,0,0.33,0.3,3,10.1
2026-05-05 08:00,11.0,72,6.1,9.4,0.6,160,1.21,1.0,0,12.2
2026-05-05 09:00,13.3,60,5.6,9.1,1.1,180,2.04,1.0,0,17.4
2026-05-05 10:00,15.5,49,4.8,8.6,1.0,230,2.76,1.0,0,22.5
2026-05-05 11:00,17.4,39,3.2,7.7,1.5,180,3.31,1.0,0,28.8
2026-05-05 12:00,18.9,30,0.9,6.5,2.0,270,3.67,1.0,0,32.1
2026-05-05 13:00,20.6,33,3.7,8.0,2.9,230,3.79,1.0,0,35.7
2026-05-05 14:00,21.3,23,-0.6,5.8,3.2,270,3.64,1.0,0,37.5
2026-05-05 15:00,22.1,22,-0.6,5.8,2.8,250,3.31,1.0,0,37.0
2026-05-05 16:00,22.7,23,0.4,6.3,2.6,270,2.75,1.0,0,34.6
2026-05-05 17:00,22.8,23,0.5,6.3,2.5,270,2.03,1.0,0,29.8
2026-05-05 18:00,22.0,19,-2.7,5.0,2.4,270,1.19,1.0,0,23.6
2026-05-05 19:00,20.1,18,-4.9,4.2,2.2,270,0.36,0.7,0,18.7
2026-05-05 20:00,18.5,29,0.1,6.2,2.0,270,0.0,0.0,0,16.2
2026-05-05 21:00,17.1,31,-0.1,6.1,2.3,270,,,0,14.5
2026-05-05 22:00,15.8,33,-0.4,5.9,1.9,270,,,0,13.3
2026-05-05 23:00,14.9,36,0.0,6.1,1.0,270,,,0,12.2
2026-05-06 00:00,14.1,40,0.6,6.4,0.7,290,,,0,11.3
2026-05-06 01:00,13.3,44,1.2,6.7,0.5,180,,,0,10.6
2026-05-06 02:00,12.6,45,0.9,6.5,0.7,160,,,0,10.0
2026-05-06 03:00,11.4,52,1.8,7.0,0.2,0,,,0,9.3
2026-05-06 04:00,10.3,62,3.3,7.7,0.1,0,,,0,8.8
2026-05-06 05:00,9.1,67,3.2,7.7,0.3,0,,,0,8.3
2026-05-06 06:00,9.7,66,3.6,7.9,0.2,0,0.0,0.0,0,8.5
2026-05-06 07:00,11.3,61,4.0,8.1,0.3,0,0.4,0.9,0,10.3
2026-05-06 08:00,12.6,58,4.5,8.4,1.8,50,1.17,1.0,0,12.8
2026-05-06 09:00,16.0,46,4.3,8.3,1.2,50,1.96,1.0,0,18.5
2026-05-06 10:00,18.7,43,5.8,9.2,0.9,180,2.64,1.0,0,25.1
2026-05-06 11:00,20.2,45,7.8,10.6,1.9,200,3.21,1.0,0,32.2
2026-05-06 12:00,22.0,41,8.1,10.8,2.3,200,3.54,1.0,0,37.0
2026-05-06 13:00,23.9,38,8.7,11.2,2.2,270,3.62,1.0,0,40.2
2026-05-06 14:00,24.3,36,8.2,10.9,1.6,270,3.5,1.0,1,41.7
2026-05-06 15:00,25.0,38,9.6,11.9,2.0,250,3.16,1.0,4,40.9
2026-05-06 16:00,25.4,37,9.6,11.9,2.8,250,2.42,0.8,8,37.4
2026-05-06 17:00,26.1,36,9.8,12.1,1.9,270,1.5,0.6,7,32.7
2026-05-06 18:00,24.6,36,8.5,11.1,2.6,270,1.13,1.0,1,26.8
2026-05-06 19:00,22.7,38,7.6,10.4,1.7,270,0.35,0.7,0,22.2
2026-05-06 20:00,21.2,41,7.4,10.3,1.1,290,0.0,0.0,0,19.3
2026-05-06 21:00,19.7,46,7.7,10.5,0.8,250,,,0,17.6
2026-05-06 22:00,18.7,47,7.1,10.1,1.0,250,,,0,16.2
2026-05-06 23:00,17.4,49,6.5,9.7,1.1,290,,,0,15.1
2026-05-07 00:00,16.4,52,6.5,9.7,0.5,230,,,4,14.1
2026-05-07 01:00,15.7,56,6.9,9.9,0.8,270,,,4,13.6
2026-05-07 02:00,15.6,52,5.7,9.2,0.7,200,,,0,13.1
2026-05-07 03:00,15.1,56,6.3,9.5,0.7,140,,,9,13.3
2026-05-07 04:00,14.8,58,6.6,9.7,0.7,160,,,7,13.0
2026-05-07 05:00,13.1,71,7.9,10.6,0.5,50,,,7,12.3
2026-05-07 06:00,13.6,68,7.7,10.5,0.1,0,0.0,0.0,6,12.0
2026-05-07 07:00,14.1,65,7.6,10.4,0.9,290,0.31,0.4,6,13.1
2026-05-07 08:00,16.2,57,7.6,10.4,0.9,110,1.13,1.0,6,15.9
2026-05-07 09:00,18.4,49,7.4,10.3,1.2,160,1.74,0.8,7,22.7
2026-05-07 10:00,18.7,48,7.4,10.3,1.8,250,1.85,0.4,8,24.6
2026-05-07 11:00,20.7,43,7.6,10.4,2.0,270,2.97,0.9,4,33.9
2026-05-07 12:00,22.2,36,6.4,9.6,2.7,270,3.11,1.0,6,35.7
2026-05-07 13:00,23.2,38,8.0,10.7,2.1,270,3.57,1.0,4,41.0
2026-05-07 14:00,23.0,44,10.0,12.3,1.9,270,2.55,0.7,4,35.4
2026-05-07 15:00,22.7,42,9.1,11.6,3.2,270,1.94,0.4,9,34.9
2026-05-07 16:00,21.6,45,9.1,11.6,2.9,270,1.29,0.1,10,28.8
2026-05-07 17:00,20.7,48,9.2,11.6,2.7,270,0.68,0.0,10,25.1
2026-05-07 18:00,19.6,56,10.5,12.7,2.4,270,0.08,0.0,10,22.1
2026-05-07 19:00,18.2,60,10.2,12.4,2.3,270,0.0,0.0,10,20.2
2026-05-07 20:00,16.7,70,11.1,13.2,2.2,270,0.0,0.0,10,18.0
2026-05-07 21:00,15.8,80,12.3,14.3,2.0,270,,,10,17.0
2026-05-07 22:00,15.5,82,12.4,14.4,1.8,290,,,9,16.7
2026-05-07 23:00,14.8,76,10.6,12.8,2.5,290,,,7,16.0
2026-05-08 00:00,14.3,76,10.1,12.4,1.6,290,,,9,15.5
2026-05-08 01:00,13.8,72,8.8,11.3,1.6,290,,,4,14.6
2026-05-08 02:00,13.5,74,8.9,11.4,1.8,270,,,9,14.2
2026-05-08 03:00,13.0,75,8.6,11.2,1.8,270,,,8,13.0
2026-05-08 04:00,12.0,75,7.6,10.4,1.4,270,,,3,12.0
2026-05-08 05:00,11.8,73,7.1,10.1,1.7,270,,,0,11.1
2026-05-08 06:00,11.8,70,6.4,9.6,1.5,270,0.0,0.0,0,10.6
2026-05-08 07:00,12.8,65,6.3,9.5,1.7,270,0.46,0.9,0,11.8
2026-05-08 08:00,14.3,57,5.8,9.2,2.1,290,1.27,1.0,0,13.6
2026-05-08 09:00,15.6,44,3.3,7.7,2.3,270,2.06,1.0,0,18.9
2026-05-08 10:00,17.6,34,1.5,6.8,2.9,270,2.76,1.0,0,26.7
2026-05-08 11:00,19.5,27,0.0,6.1,3.1,270,3.26,1.0,0,33.3
2026-05-08 12:00,20.1,21,-2.9,4.9,3.4,270,3.72,1.0,2,38.2
2026-05-08 13:00,20.4,19,-4.0,4.5,4.6,270,3.84,1.0,1,40.8
2026-05-08 14:00,20.4,18,-4.7,4.3,4.7,290,3.7,1.0,1,40.6
2026-05-08 15:00,20.4,18,-4.7,4.3,3.6,290,3.39,1.0,0,39.9
2026-05-08 16:00,20.3,18,-4.8,4.3,4.1,290,2.81,1.0,0,36.1
2026-05-08 17:00,20.2,20,-3.5,4.7,2.6,270,2.07,1.0,0,30.8
2026-05-08 18:00,19.2,21,-3.6,4.7,2.7,290,1.25,1.0,0,23.5
2026-05-08 19:00,18.0,23,-3.4,4.8,2.1,290,0.38,0.7,0,18.8
2026-05-08 20:00,16.8,28,-1.8,5.4,1.6,270,0.0,0.0,0,16.0
2026-05-08 21:00,15.8,32,-0.8,5.8,1.5,270,,,0,14.5
2026-05-08 22:00,15.0,34,-0.7,5.8,1.5,270,,,0,13.3
2026-05-08 23:00,14.3,39,0.5,6.3,1.1,250,,,0,12.5
2026-05-09 00:00,13.6,44,1.5,6.8,1.1,230,,,0,11.8
2026-05-09 01:00,12.6,49,2.1,7.1,0.7,270,,,0,11.1
2026-05-09 02:00,12.0,51,2.1,7.1,0.9,200,,,0,10.6
2026-05-09 03:00,11.3,55,2.5,7.3,0.8,250,,,0,10.0
2026-05-09 04:00,10.3,59,2.6,7.4,1.2,290,,,0,9.5
2026-05-09 05:00,10.0,61,2.8,7.5,1.0,270,,,0,9.0
2026-05-09 06:00,9.8,64,3.3,7.7,0.5,270,0.0,0.0,0,9.1
2026-05-09 07:00,11.1,61,3.8,8.0,1.1,230,0.47,1.0,0,10.8
2026-05-09 08:00,12.8,58,4.7,8.5,0.7,230,1.25,1.0,0,13.3
2026-05-09 09:00,15.1,50,4.7,8.5,1.0,200,2.05,1.0,0,19.9
2026-05-09 10:00,17.1,40,3.3,7.7,1.3,320,2.78,1.0,0,28.5
2026-05-09 11:00,19.5,32,2.3,7.2,1.9,250,3.33,1.0,0,36.4
2026-05-09 12:00,20.1,29,1.4,6.8,1.6,290,3.68,1.0,0,41.4
2026-05-09 13:00,21.7,23,-0.3,6.0,2.1,250,3.76,1.0,0,44.5
2026-05-09 14:00,22.6,24,0.9,6.5,1.5,320,3.64,1.0,0,45.5
2026-05-09 15:00,23.4,20,-0.8,5.8,2.5,290,3.26,1.0,0,43.9
2026-05-09 16:00,23.8,19,-1.2,5.6,1.9,290,2.67,1.0,0,40.0
2026-05-09 17:00,23.1,20,-1.1,5.6,2.4,270,1.93,1.0,0,33.3
2026-05-09 18:00,22.3,25,1.3,6.7,2.3,250,1.13,1.0,0,26.2
2026-05-09 19:00,19.8,30,1.7,6.9,1.6,270,0.34,0.7,0,21.0
2026-05-09 20:00,18.7,30,0.7,6.4,0.8,230,0.0,0.0,0,17.8
2026-05-09 21:00,18.1,29,-0.2,6.0,1.0,270,,,0,15.9
2026-05-09 22:00,17.1,33,0.6,6.4,0.8,250,,,0,14.5
2026-05-09 23:00,16.1,40,2.4,7.3,1.0,270,,,0,13.5
2026-05-10 00:00,15.3,43,2.7,7.4,0.5,200,,,0,12.6
2026-05-10 01:00,14.3,47,3.1,7.6,0.5,250,,,0,11.8
2026-05-10 02:00,12.7,55,3.8,8.0,0.1,0,,,0,11.1
2026-05-10 03:00,12.3,57,4.0,8.1,1.2,50,,,5,10.8
2026-05-10 04:00,11.5,60,3.9,8.1,0.2,0,,,2,10.3
2026-05-10 05:00,11.0,64,4.4,8.4,0.4,0,,,0,9.6
2026-05-10 06:00,11.0,63,4.2,8.2,0.4,0,0.0,0.0,6,10.0
2026-05-10 07:00,11.8,61,4.5,8.4,0.9,320,0.43,0.9,0,11.8
2026-05-10 08:00,14.4,50,4.0,8.1,0.8,290,1.18,1.0,0,15.2
2026-05-10 09:00,17.3,39,3.1,7.6,1.5,110,1.99,1.0,2,25.1
2026-05-10 10:00,19.7,38,5.0,8.7,1.7,140,2.59,1.0,1,33.0
2026-05-10 11:00,23.2,29,4.1,8.2,2.0,230,3.23,1.0,0,39.2
2026-05-10 12:00,23.8,30,5.1,8.8,2.6,270,3.58,1.0,0,42.7
2026-05-10 13:00,24.3,28,4.6,8.5,1.8,250,3.68,1.0,0,45.5
2026-05-10 14:00,25.8,24,3.6,7.9,2.8,250,3.54,1.0,0,46.0
2026-05-10 15:00,26.2,22,2.7,7.4,2.3,290,3.2,1.0,0,44.9
2026-05-10 16:00,26.3,20,1.5,6.8,2.2,290,2.64,1.0,0,41.8
2026-05-10 17:00,26.2,18,0.0,6.1,1.7,250,1.95,1.0,0,36.8
2026-05-10 18:00,25.2,23,2.5,7.3,2.0,290,1.17,1.0,0,29.0
2026-05-10 19:00,22.6,28,3.1,7.6,2.0,290,0.36,0.7,0,22.8
2026-05-10 20:00,21.0,31,3.2,7.7,1.4,290,0.0,0.0,0,19.5
2026-05-10 21:00,19.9,34,3.5,7.8,1.3,270,,,1,17.8
2026-05-10 22:00,18.2,40,4.3,8.3,1.9,270,,,0,16.8
2026-05-10 23:00,17.4,45,5.3,8.9,1.0,270,,,6,15.6
2026-05-11 00:00,16.6,51,6.4,9.6,1.3,270,,,1,14.5
2026-05-11 01:00,16.0,54,6.6,9.7,0.9,270,,,0,13.5
2026-05-11 02:00,15.1,57,6.6,9.7,1.0,270,,,0,12.6
2026-05-11 03:00,14.1,60,6.4,9.6,1.2,140,,,0,12.1
2026-05-11 04:00,14.1,63,7.1,10.1,0.7,140,,,0,11.8
2026-05-11 05:00,14.2,64,7.4,10.3,0.5,270,,,7,12.5
2026-05-11 06:00,13.3,66,7.0,10.0,0.7,50,0.0,0.0,5,12.9
2026-05-11 07:00,14.3,63,7.3,10.2,2.2,70,0.34,0.4,2,14.3
2026-05-11 08:00,17.9,57,9.2,11.6,1.0,110,1.19,1.0,0,18.1
2026-05-11 09:00,20.7,53,10.7,12.9,2.0,250,1.99,1.0,0,27.0
2026-05-11 10:00,21.1,52,10.8,12.9,1.8,270,1.99,0.6,7,28.7
2026-05-11 11:00,22.2,50,11.2,13.3,2.2,230,1.85,0.3,8,29.9
2026-05-11 12:00,24.6,44,11.5,13.6,2.3,250,3.24,0.8,6,43.7
2026-05-11 13:00,23.9,42,10.1,12.4,2.4,250,1.8,0.2,9,34.4
2026-05-11 14:00,24.0,45,11.3,13.4,2.5,270,2.24,0.4,9,35.5
2026-05-11 15:00,24.0,48,12.3,14.3,2.4,270,1.56,0.0,9,33.4
2026-05-11 16:00,23.1,50,12.1,14.1,2.4,270,0.84,0.0,10,28.1
2026-05-11 17:00,22.6,53,12.5,14.5,2.5,270,0.67,0.0,10,26.7
2026-05-11 18:00,21.8,56,12.6,14.6,1.7,270,0.33,0.0,10,24.1
2026-05-11 19:00,21.0,60,12.9,14.9,2.2,270,0.06,0.0,10,21.8
2026-05-11 20:00,20.5,63,13.2,15.2,1.0,290,0.0,0.0,10,20.7
2026-05-11 21:00,20.2,65,13.4,15.4,0.6,270,,,10,19.8
2026-05-11 22:00,19.7,67,13.3,15.3,1.7,270,,,10,19.6
2026-05-11 23:00,17.7,83,14.7,16.7,0.0,0,,,10,18.2
2026-05-12 00:00,17.5,86,15.1,17.2,0.8,270,,,10,17.7
2026-05-12 01:00,17.7,86,15.3,17.4,0.6,180,,,9,17.4
2026-05-12 02:00,17.6,87,15.4,17.5,0.4,0,,,8,17.7
2026-05-12 03:00,17.7,87,15.5,17.6,0.6,160,,,10,17.7
2026-05-12 04:00,17.0,85,14.4,16.4,0.3,0,,,10,17.1
2026-05-12 05:00,17.0,88,14.9,16.9,0.3,0,,,10,17.1
2026-05-12 06:00,16.6,91,15.1,17.2,0.6,250,0.0,0.0,10,17.2
2026-05-12 07:00,16.5,91,15.0,17.0,0.2,0,0.0,0.0,10,17.2
2026-05-12 08:00,16.1,89,14.2,16.2,1.3,70,0.0,0.0,10,17.4
2026-05-12 09:00,16.7,89,14.8,16.8,0.8,140,0.15,0.0,10,18.3
2026-05-12 10:00,17.2,87,15.0,17.0,3.1,70,0.6,0.0,10,21.1
2026-05-12 11:00,19.2,77,15.0,17.0,2.9,70,1.46,0.0,10,25.1
2026-05-12 12:00,19.8,73,14.8,16.8,2.7,50,1.84,0.0,10,26.4
2026-05-12 13:00,21.8,62,14.1,16.1,3.5,70,2.25,0.2,9,29.2
2026-05-12 14:00,22.2,58,13.5,15.5,1.1,270,1.68,0.1,9,26.4
2026-05-12 15:00,20.3,60,12.2,14.2,3.5,270,1.82,0.4,9,27.9
2026-05-12 16:00,20.6,59,12.2,14.2,1.3,200,1.2,0.2,8,24.5
2026-05-12 17:00,20.8,63,13.4,15.4,1.3,140,1.72,0.8,4,26.1
2026-05-12 18:00,20.9,67,14.5,16.5,1.5,160,1.09,0.9,1,23.4
2026-05-12 19:00,20.0,71,14.5,16.5,1.3,140,0.37,0.7,1,20.5
2026-05-12 20:00,19.3,72,14.1,16.1,1.3,230,0.0,0.0,3,18.7
2026-05-12 21:00,18.8,73,13.8,15.8,0.8,180,,,0,17.7
2026-05-12 22:00,18.1,75,13.5,15.5,0.7,200,,,0,17.1
2026-05-12 23:00,17.5,79,13.8,15.8,0.8,230,,,0,16.3
2026-05-13 00:00,16.8,83,13.8,15.8,0.7,250,,,2,16.1
2026-05-13 01:00,16.3,83,13.4,15.4,0.6,180,,,0,15.3
2026-05-13 02:00,16.0,85,13.4,15.4,0.4,0,,,0,14.8
2026-05-13 03:00,15.6,86,13.2,15.2,1.0,270,,,0,14.5
2026-05-13 04:00,14.4,90,12.7,14.7,0.9,270,,,0,14.1
2026-05-13 05:00,13.9,92,12.6,14.6,0.6,270,,,0,14.9
2026-05-13 06:00,14.4,91,12.9,14.9,1.2,200,0.0,0.0,7,15.6
2026-05-13 07:00,15.1,86,12.7,14.7,0.9,200,0.2,0.0,6,16.8
2026-05-13 08:00,16.2,82,13.1,15.1,0.5,230,0.6,0.1,8,19.1
2026-05-13 09:00,17.7,70,12.1,14.1,1.2,200,2.18,0.9,1,24.4
2026-05-13 10:00,20.2,64,13.1,15.1,1.1,270,2.67,1.0,0,29.4
2026-05-13 11:00,23.0,55,13.4,15.4,1.8,270,3.2,1.0,0,32.4
2026-05-13 12:00,23.6,41,9.5,11.9,2.0,70,3.62,1.0,0,36.4
2026-05-13 13:00,25.4,44,12.2,14.2,2.1,270,3.73,1.0,0,35.3
2026-05-13 14:00,27.0,39,11.8,13.8,1.8,230,3.58,1.0,0,36.0
2026-05-13 15:00,26.8,39,11.6,13.7,1.8,70,3.17,1.0,0,36.2
2026-05-13 16:00,27.9,35,11.0,13.1,2.0,270,2.67,1.0,0,33.7
2026-05-13 17:00,26.9,41,12.5,14.5,2.5,290,1.91,1.0,0,30.2
2026-05-13 18:00,25.1,46,12.6,14.6,1.8,290,1.09,1.0,1,25.4
2026-05-13 19:00,23.5,49,12.1,14.1,1.8,290,0.39,0.7,0,21.8
2026-05-13 20:00,22.0,55,12.5,14.5,1.4,270,0.01,0.0,0,19.7
2026-05-13 21:00,21.0,58,12.4,14.4,0.7,250,,,3,18.7
2026-05-13 22:00,20.6,58,12.0,14.0,1.0,270,,,5,18.1
2026-05-13 23:00,19.6,62,12.1,14.1,1.1,270,,,7,18.0
2026-05-14 00:00,19.0,65,12.2,14.2,1.1,270,,,2,17.5
2026-05-14 01:00,18.6,67,12.3,14.3,0.8,270,,,8,17.5
2026-05-14 02:00,18.1,69,12.3,14.3,1.1,270,,,7,17.1
2026-05-14 03:00,17.9,69,12.1,14.1,1.4,270,,,4,16.7
2026-05-14 04:00,17.3,71,11.9,13.9,0.8,270,,,1,15.8
2026-05-14 05:00,17.5,72,12.3,14.3,0.1,0,,,8,16.7
2026-05-14 06:00,16.8,76,12.5,14.5,0.4,0,0.0,0.0,1,16.1
2026-05-14 07:00,17.2,76,12.9,14.9,0.5,250,0.2,0.1,3,17.2
2026-05-14 08:00,19.5,68,13.4,15.4,0.9,230,1.04,0.5,4,20.7
2026-05-14 09:00,21.7,60,13.5,15.5,1.3,320,1.89,1.0,0,25.2
2026-05-14 10:00,24.1,54,14.2,16.2,1.0,320,2.6,1.0,0,30.8
2026-05-14 11:00,27.2,45,14.2,16.2,1.2,270,3.16,1.0,0,35.3
2026-05-14 12:00,28.5,33,10.6,12.8,1.7,110,3.51,1.0,0,39.7
2026-05-14 13:00,29.8,27,8.7,11.2,1.9,200,3.7,1.0,0,42.3
2026-05-14 14:00,30.4,23,6.9,9.9,2.4,140,3.6,1.0,0,43.7
2026-05-14 15:00,30.8,25,8.4,11.0,2.2,200,3.24,1.0,0,43.4
2026-05-14 16:00,30.7,28,10.0,12.3,2.4,180,2.71,1.0,0,41.2
2026-05-14 17:00,30.1,27,9.0,11.5,2.9,110,1.36,0.6,1,35.2
2026-05-14 18:00,29.3,27,8.3,10.9,2.5,140,0.91,0.8,0,29.6
2026-05-14 19:00,28.0,30,8.7,11.2,2.0,140,0.4,0.7,0,25.7
2026-05-14 20:00,26.6,33,8.9,11.4,1.9,140,0.03,0.0,0,23.0
2026-05-14 21:00,25.3,41,11.0,13.1,2.4,140,,,0,21.6
2026-05-14 22:00,23.7,47,11.7,13.7,1.5,160,,,0,20.6
2026-05-14 23:00,22.8,48,11.2,13.3,1.1,200,,,0,19.5
2026-05-15 00:00,21.8,49,10.6,12.8,0.8,180,,,0,18.5
2026-05-15 01:00,20.7,51,10.1,12.4,1.1,140,,,0,17.6
2026-05-15 02:00,20.2,53,10.3,12.5,1.5,140,,,0,16.8
2026-05-15 03:00,19.5,56,10.4,12.6,1.2,160,,,0,16.2
2026-05-15 04:00,19.0,57,10.2,12.4,1.2,110,,,0,15.8
2026-05-15 05:00,18.0,62,10.6,12.8,0.5,320,,,0,15.0
2026-05-15 06:00,17.0,68,11.0,13.1,0.4,0,0.02,0.0,0,15.0
2026-05-15 07:00,18.6,63,11.4,13.5,0.7,270,0.49,1.0,0,16.5
2026-05-15 08:00,20.1,59,11.8,13.8,0.7,320,1.23,1.0,0,19.4
2026-05-15 09:00,22.0,46,9.8,12.1,1.3,160,2.04,1.0,0,25.4
2026-05-15 10:00,23.5,47,11.5,13.6,1.2,290,2.74,1.0,0,32.8
2026-05-15 11:00,25.6,39,10.6,12.8,1.3,250,3.2,1.0,0,38.7
2026-05-15 12:00,27.5,36,11.0,13.1,1.2,290,3.56,1.0,0,43.5
2026-05-15 13:00,28.5,32,10.1,12.4,1.8,160,3.71,1.0,0,46.5
2026-05-15 14:00,30.0,28,9.4,11.8,2.0,270,3.61,1.0,0,47.1
2026-05-15 15:00,30.7,26,8.9,11.4,1.7,230,3.22,1.0,0,46.2
2026-05-15 16:00,31.3,23,7.6,10.4,1.4,180,2.67,1.0,0,43.6
2026-05-15 17:00,31.2,21,6.2,9.5,1.2,250,2.02,1.0,0,39.4
2026-05-15 18:00,30.5,20,4.9,8.7,1.6,180,1.21,1.0,0,31.9
2026-05-15 19:00,29.1,24,6.4,9.6,1.4,200,0.44,0.7,0,26.8
2026-05-15 20:00,26.1,44,12.8,14.8,1.0,290,0.02,0.0,0,23.7
2026-05-15 21:00,23.9,51,13.1,15.1,1.3,270,,,0,21.8
2026-05-15 22:00,22.7,52,12.3,14.3,1.8,270,,,0,20.5
2026-05-15 23:00,21.6,54,11.8,13.8,1.3,250,,,0,19.5
2026-05-16 00:00,20.6,55,11.2,13.3,1.2,250,,,0,18.7
2026-05-16 01:00,20.6,53,10.6,12.8,0.9,270,,,0,17.8
2026-05-16 02:00,19.7,62,12.2,14.2,0.9,290,,,0,17.3
2026-05-16 03:00,19.4,63,12.1,14.1,0.2,0,,,0,16.7
2026-05-16 04:00,18.8,65,12.0,14.0,0.8,200,,,0,16.2
2026-05-16 05:00,17.8,70,12.2,14.2,1.1,270,,,0,16.0
2026-05-16 06:00,17.7,73,12.7,14.7,0.6,270,0.01,0.0,0,16.1
2026-05-16 07:00,18.7,71,13.3,15.3,0.3,0,0.45,0.9,0,17.7
2026-05-16 08:00,20.5,65,13.6,15.6,0.7,290,1.18,1.0,0,20.7
2026-05-16 09:00,22.6,55,13.0,15.0,1.1,230,1.94,1.0,0,27.2
2026-05-16 10:00,24.5,53,14.2,16.2,1.4,270,2.63,1.0,0,34.7
2026-05-16 11:00,26.5,46,13.9,15.9,1.7,290,3.14,1.0,0,41.0
2026-05-16 12:00,28.0,39,12.7,14.7,1.3,270,3.54,1.0,0,45.5
2026-05-16 13:00,29.2,37,13.0,15.0,2.2,270,3.63,1.0,0,48.2
2026-05-16 14:00,30.8,30,11.2,13.3,2.4,270,3.55,1.0,0,48.8
2026-05-16 15:00,30.2,28,9.6,11.9,2.0,290,3.22,1.0,0,47.4
2026-05-16 16:00,31.2,27,9.9,12.2,2.3,270,2.68,1.0,0,44.2
2026-05-16 17:00,30.8,26,9.0,11.5,1.3,290,1.98,1.0,1,39.8
2026-05-16 18:00,29.3,28,8.8,11.3,2.3,270,1.22,1.0,1,32.2
2026-05-16 19:00,25.7,36,9.4,11.8,2.8,290,0.46,0.8,0,26.5
2026-05-16 20:00,23.7,39,8.9,11.4,1.2,290,0.02,0.0,0,22.9
2026-05-16 21:00,23.0,42,9.3,11.7,0.4,0,,,0,21.1
2026-05-16 22:00,22.5,42,8.9,11.4,0.9,270,,,0,19.7
2026-05-16 23:00,21.2,45,8.7,11.2,1.3,270,,,0,18.7
2026-05-17 00:00,20.7,48,9.2,11.6,0.4,0,,,0,17.9
2026-05-17 01:00,20.3,50,9.5,11.9,0.5,270,,,0,17.2
2026-05-17 02:00,19.3,55,10.0,12.3,0.5,270,,,0,16.6
2026-05-17 03:00,18.5,58,10.0,12.3,0.5,290,,,0,16.0
2026-05-17 04:00,18.0,61,10.3,12.5,0.0,0,,,0,15.3
2026-05-17 05:00,17.2,64,10.3,12.5,0.3,0,,,1,14.9
2026-05-17 06:00,16.3,71,11.0,13.1,0.2,0,0.01,0.1,0,15.2
2026-05-17 07:00,17.7,66,11.2,13.3,0.4,0,0.49,1.0,1,17.1
2026-05-17 08:00,19.7,59,11.4,13.5,1.0,250,1.22,1.0,6,20.6
2026-05-17 09:00,21.7,51,11.1,13.2,1.0,230,2.02,1.0,6,27.5
2026-05-17 10:00,24.2,39,9.3,11.7,1.0,360,2.56,1.0,4,35.8
2026-05-17 11:00,26.4,33,8.8,11.3,1.9,50,3.22,1.0,6,43.0
2026-05-17 12:00,27.0,35,10.2,12.4,2.0,70,3.62,1.0,8,47.5
2026-05-17 13:00,28.5,32,10.1,12.4,1.8,250,3.64,1.0,8,49.2
2026-05-17 14:00,29.3,32,10.8,12.9,2.1,250,3.31,1.0,8,48.4
2026-05-17 15:00,29.5,29,9.5,11.9,1.7,250,3.1,1.0,9,46.3
2026-05-17 16:00,30.2,28,9.6,11.9,1.8,70,2.53,1.0,8,45.2
2026-05-17 17:00,29.7,28,9.2,11.6,1.6,270,2.01,1.0,6,39.7
2026-05-17 18:00,29.1,31,10.2,12.4,1.7,290,1.27,1.0,2,32.8
2026-05-17 19:00,27.6,30,8.4,11.0,1.5,290,0.45,0.8,0,27.0
2026-05-17 20:00,26.1,34,9.0,11.5,2.0,270,0.0,0.0,0,23.7
2026-05-17 21:00,24.7,38,9.4,11.8,0.3,0,,,0,21.8
2026-05-17 22:00,23.8,40,9.3,11.7,0.6,230,,,0,20.7
2026-05-17 23:00,22.6,42,9.0,11.5,0.7,250,,,0,19.7
2026-05-18 00:00,21.7,43,8.5,11.1,1.0,270,,,0,18.7
2026-05-18 01:00,21.0,45,8.6,11.2,0.7,290,,,0,17.7
2026-05-18 02:00,20.0,51,9.5,11.9,0.2,0,,,0,16.8
2026-05-18 03:00,19.5,57,10.7,12.9,0.1,0,,,0,16.2
2026-05-18 04:00,17.8,64,10.8,12.9,0.4,0,,,0,15.6
2026-05-18 05:00,17.3,68,11.3,13.4,0.4,0,,,0,15.1
2026-05-18 06:00,17.2,69,11.4,13.5,0.6,290,0.01,0.1,0,15.3
2026-05-18 07:00,18.4,64,11.4,13.5,0.5,320,0.54,1.0,0,17.2
2026-05-18 08:00,20.4,59,12.1,14.1,1.0,270,1.28,1.0,0,21.0
2026-05-18 09:00,23.0,49,11.7,13.7,0.6,250,2.03,1.0,0,28.5
2026-05-18 10:00,25.6,42,11.7,13.7,1.2,250,2.73,1.0,0,
2026-05-18 11:00,28.0,34,10.6,12.8,1.0,250,3.26,1.0,0,44.2
2026-05-18 12:00,29.1,31,10.2,12.4,2.0,250,3.62,1.0,4,47.7
2026-05-18 13:00,29.8,32,11.3,13.4,1.7,320,3.73,1.0,5,49.9
2026-05-18 14:00,31.0,28,10.3,12.5,2.6,270,3.58,1.0,8,49.8
2026-05-18 15:00,30.8,22,6.6,9.7,2.1,250,3.2,1.0,8,46.2
2026-05-18 16:00,30.7,21,5.8,9.2,1.8,290,2.31,1.0,9,42.9
2026-05-18 17:00,30.3,25,8.0,10.7,1.9,270,1.89,0.8,9,37.4
2026-05-18 18:00,29.4,28,8.9,11.4,1.3,270,1.09,0.8,8,31.3
2026-05-18 19:00,27.7,31,9.0,11.5,1.7,290,0.44,0.6,7,25.8
2026-05-18 20:00,26.2,35,9.5,11.9,1.0,270,0.02,0.0,7,22.0
2026-05-18 21:00,24.8,37,9.1,11.6,1.2,270,,,5,20.2
2026-05-18 22:00,23.7,41,9.6,11.9,2.1,290,,,8,20.0
2026-05-18 23:00,23.2,42,9.5,11.9,0.6,270,,,9,19.2
2026-05-19 00:00,22.7,44,9.8,12.1,0.1,0,,,9,18.7
2026-05-19 01:00,22.1,49,10.8,12.9,0.5,270,,,9,18.5
2026-05-19 02:00,21.5,49,10.3,12.5,1.0,270,,,9,18.2
2026-05-19 03:00,20.7,53,10.7,12.9,0.4,0,,,9,17.2
2026-05-19 04:00,19.9,56,10.8,12.9,0.4,0,,,7,15.8
2026-05-19 05:00,18.7,65,11.9,13.9,0.4,0,,,6,15.3
2026-05-19 06:00,19.2,60,11.2,13.3,0.3,0,0.0,0.0,4,15.3
2026-05-19 07:00,20.0,60,11.9,13.9,0.3,0,0.47,0.5,6,23.0
2026-05-19 08:00,21.0,57,12.1,14.1,0.3,0,0.97,0.6,6,25.6
2026-05-19 09:00,22.7,52,12.3,14.3,0.8,290,1.5,0.5,8,30.6
2026-05-19 10:00,23.8,47,11.8,13.8,0.9,290,1.81,0.4,8,36.2
2026-05-19 11:00,26.3,30,7.3,10.2,1.1,290,2.34,0.7,7,43.2
2026-05-19 12:00,26.9,26,5.7,9.2,1.8,290,3.62,1.0,7,48.0
2026-05-19 13:00,27.7,26,6.4,9.6,1.6,250,3.21,1.0,7,49.4
2026-05-19 14:00,28.4,27,7.5,10.4,0.8,290,2.61,0.6,8,47.5
2026-05-19 15:00,27.5,30,8.3,10.9,1.6,290,1.67,0.3,10,35.8
2026-05-19 16:00,27.0,30,7.9,10.6,1.7,290,1.07,0.0,10,32.7
2026-05-19 17:00,26.3,35,9.6,11.9,1.4,270,0.52,0.0,10,29.5
2026-05-19 18:00,25.7,36,9.4,11.8,1.2,70,0.28,0.0,10,26.2
2026-05-19 19:00,24.8,39,9.8,12.1,2.1,50,0.11,0.0,10,24.1
2026-05-19 20:00,24.3,42,10.5,12.7,2.6,50,0.0,0.0,10,22.7
2026-05-19 21:00,24.2,43,10.8,12.9,1.4,290,,,10,22.1
2026-05-19 22:00,23.7,44,10.7,12.9,2.0,50,,,10,21.7
2026-05-19 23:00,23.7,43,10.3,12.5,0.9,50,,,10,21.2
2026-05-20 00:00,24.3,38,9.0,11.5,1.2,140,,,10,21.2
2026-05-20 01:00,24.0,34,7.1,10.1,2.2,70,,,10,21.2
2026-05-20 02:00,23.3,38,8.1,10.8,0.9,140,,,10,20.7
2026-05-20 03:00,22.4,45,9.8,12.1,2.3,140,,,10,20.8
2026-05-20 04:00,21.0,53,11.0,13.1,1.5,140,,,10,20.1
2026-05-20 05:00,19.3,66,12.7,14.7,1.8,140,,,10,17.5
2026-05-20 06:00,17.7,75,13.2,15.2,1.7,140,0.0,0.0,10,17.2
2026-05-20 07:00,17.2,81,13.9,15.9,0.4,0,0.0,0.0,10,17.6
2026-05-20 08:00,16.7,86,14.3,16.3,2.7,50,0.03,0.0,10,17.6
2026-05-20 09:00,16.4,86,14.0,16.0,2.3,50,0.12,0.0,10,17.6
2026-05-20 10:00,16.7,84,13.9,15.9,3.8,90,0.23,0.0,10,17.7
2026-05-20 11:00,16.7,84,13.9,15.9,2.2,90,0.34,0.0,10,18.1
2026-05-20 12:00,16.7,84,13.9,15.9,2.2,50,0.48,0.0,10,18.7
2026-05-20 13:00,16.6,86,14.2,16.2,2.3,70,0.39,0.0,10,18.8
2026-05-20 14:00,16.6,87,14.4,16.4,2.4,70,0.44,0.0,10,18.3
2026-05-20 15:00,16.5,88,14.4,16.4,2.1,90,0.21,0.0,10,18.0
2026-05-20 16:00,16.7,84,13.9,15.9,1.7,90,0.25,0.0,10,18.0
2026-05-20 17:00,16.6,84,13.8,15.8,1.4,90,0.05,0.0,10,17.4
2026-05-20 18:00,16.5,86,14.1,16.1,0.9,50,0.01,0.0,10,17.3
2026-05-20 19:00,16.3,86,13.9,15.9,0.9,110,0.0,0.0,10,17.2
2026-05-20 20:00,16.2,86,13.8,15.8,0.5,160,0.0,0.0,10,17.2
2026-05-20 21:00,16.1,85,13.5,15.5,1.5,140,,,10,16.7
2026-05-20 22:00,16.4,82,13.3,15.3,1.5,160,,,10,16.7
2026-05-20 23:00,16.0,87,13.8,15.8,1.2,110,,,10,16.5
2026-05-21 00:00,15.9,88,13.9,15.9,0.6,140,,,10,16.6
2026-05-21 01:00,16.0,89,14.1,16.1,0.2,0,,,10,16.8
2026-05-21 02:00,16.1,89,14.2,16.2,1.0,50,,,10,16.8
2026-05-21 03:00,15.8,89,13.9,15.9,1.1,50,,,10,16.7
2026-05-21 04:00,16.0,90,14.3,16.3,0.8,20,,,10,16.7
2026-05-21 05:00,16.1,90,14.4,16.4,0.8,340,,,9,16.8
2026-05-21 06:00,16.0,90,14.3,16.3,0.4,0,0.0,0.0,9,17.0
2026-05-21 07:00,16.5,90,14.8,16.8,0.5,140,0.01,0.0,10,17.6
2026-05-21 08:00,16.7,88,14.6,16.6,1.1,140,0.06,0.0,10,17.9
2026-05-21 09:00,17.1,89,15.2,17.3,1.0,140,0.26,0.0,9,18.8
2026-05-21 10:00,17.6,89,15.7,17.8,1.0,160,0.4,0.0,10,19.7
2026-05-21 11:00,17.7,90,16.0,18.2,1.6,270,0.35,0.0,10,20.2
2026-05-21 12:00,18.0,88,15.9,18.1,1.6,270,0.79,0.0,10,22.3
2026-05-21 13:00,19.1,81,15.7,17.8,0.7,250,1.11,0.0,10,24.8
2026-05-21 14:00,19.6,79,15.8,17.9,1.1,270,0.94,0.0,10,22.6
2026-05-21 15:00,19.1,80,15.5,17.6,0.6,250,0.48,0.0,10,22.3
2026-05-21 16:00,19.5,78,15.5,17.6,1.6,70,0.5,0.0,10,21.3
2026-05-21 17:00,18.6,86,16.2,18.4,3.3,70,0.23,0.0,10,20.2
2026-05-21 18:00,19.3,80,15.7,17.8,2.3,70,0.44,0.0,9,20.5
2026-05-21 19:00,19.7,80,16.1,18.3,2.8,50,0.37,0.1,9,20.1
2026-05-21 20:00,19.4,81,16.0,18.2,2.0,70,0.02,0.0,10,19.0
2026-05-21 21:00,19.3,80,15.7,17.8,2.3,70,,,10,18.7
2026-05-21 22:00,19.2,74,14.4,16.4,2.6,50,,,10,18.2
2026-05-21 23:00,18.7,76,14.3,16.3,1.9,70,,,9,17.6
2026-05-22 00:00,18.5,76,14.1,16.1,2.4,70,,,9,17.5
2026-05-22 01:00,18.6,76,14.2,16.2,1.4,70,,,10,17.7
2026-05-22 02:00,18.2,77,14.0,16.0,1.8,50,,,10,17.7
2026-05-22 03:00,17.2,79,13.5,15.5,1.8,50,,,9,16.8
2026-05-22 04:00,16.8,80,13.3,15.3,1.5,50,,,8,16.8
2026-05-22 05:00,16.5,80,13.0,15.0,2.2,70,,,9,16.3
2026-05-22 06:00,16.3,81,13.0,15.0,2.0,50,0.02,0.1,1,16.1
2026-05-22 07:00,17.3,77,13.2,15.2,1.6,70,0.59,1.0,1,19.2
2026-05-22 08:00,18.9,72,13.7,15.7,0.8,270,1.19,0.9,5,22.2
2026-05-22 09:00,19.9,66,13.3,15.3,0.9,250,1.33,0.4,4,23.6
2026-05-22 10:00,22.2,55,12.7,14.7,1.8,110,2.94,1.0,6,31.0
2026-05-22 11:00,22.7,56,13.4,15.4,1.3,70,2.39,0.5,7,29.4
2026-05-22 12:00,23.9,51,13.1,15.1,2.3,90,2.05,0.4,3,30.5
2026-05-22 13:00,25.0,43,11.5,13.6,2.2,90,2.63,0.6,3,30.4
2026-05-22 14:00,25.2,39,10.2,12.4,2.6,70,2.57,0.6,3,28.3
2026-05-22 15:00,26.8,31,8.2,10.9,3.5,90,2.73,0.8,1,30.2
2026-05-22 16:00,27.2,31,8.5,11.1,3.1,90,2.65,1.0,1,27.6
2026-05-22 17:00,26.2,31,7.7,10.5,2.1,140,1.98,1.0,2,25.6
2026-05-22 18:00,25.8,34,8.7,11.2,2.4,110,1.23,1.0,2,23.0
2026-05-22 19:00,24.9,39,9.9,12.2,0.7,140,0.45,0.9,4,21.2
2026-05-22 20:00,24.0,38,8.7,11.2,1.7,160,0.02,0.0,1,19.1
2026-05-22 21:00,22.7,41,8.7,11.2,2.2,110,,,0,17.8
2026-05-22 22:00,21.5,40,7.3,10.2,2.3,140,,,0,16.7
2026-05-22 23:00,20.0,51,9.5,11.9,2.0,140,,,0,16.1
2026-05-23 00:00,18.8,54,9.2,11.6,3.6,110,,,6,15.6
2026-05-23 01:00,17.7,59,9.5,11.9,2.5,110,,,6,15.1
2026-05-23 02:00,17.2,61,9.6,11.9,3.0,110,,,8,14.8
2026-05-23 03:00,16.8,63,9.7,12.0,1.0,160,,,2,14.6
2026-05-23 04:00,16.7,64,9.8,12.1,1.5,90,,,5,14.3
2026-05-23 05:00,16.2,66,9.8,12.1,1.3,70,,,8,14.1
2026-05-23 06:00,16.5,65,9.8,12.1,2.5,90,0.0,0.0,9,14.6
2026-05-23 07:00,16.1,70,10.6,12.8,1.0,50,0.2,0.0,9,16.0
2026-05-23 08:00,17.3,67,11.1,13.2,0.8,290,0.62,0.1,8,19.6
2026-05-23 09:00,17.9,61,10.2,12.4,1.2,250,0.81,0.1,9,19.2
2026-05-23 10:00,18.8,57,10.0,12.3,1.6,110,0.62,0.0,10,20.4
2026-05-23 11:00,19.9,55,10.5,12.7,0.9,180,1.61,0.0,9,24.3
2026-05-23 12:00,22.4,50,11.4,13.5,1.3,230,3.04,0.6,6,32.5
2026-05-23 13:00,22.7,46,10.4,12.6,1.3,250,3.7,0.9,6,34.0
2026-05-23 14:00,23.2,46,10.9,13.0,2.4,70,2.66,0.6,6,32.5
2026-05-23 15:00,24.6,41,10.4,12.6,1.4,20,3.61,1.0,4,33.1
2026-05-23 16:00,24.6,42,10.8,12.9,1.4,290,2.25,0.7,2,30.5
2026-05-23 17:00,24.5,42,10.7,12.9,2.5,70,2.2,1.0,4,27.2
2026-05-23 18:00,25.0,42,11.1,13.2,1.1,270,1.39,1.0,7,25.3
2026-05-23 19:00,24.0,44,10.9,13.0,1.0,230,0.44,0.5,6,23.2
2026-05-23 20:00,23.2,44,10.2,12.4,1.6,70,0.02,0.0,2,20.5
2026-05-23 21:00,21.8,55,12.3,14.3,1.3,160,,,0,19.1
2026-05-23 22:00,20.2,63,12.9,14.9,0.9,270,,,0,18.2
2026-05-23 23:00,19.3,68,13.2,15.2,1.2,50,,,2,17.5
2026-05-24 00:00,18.7,72,13.5,15.5,0.6,270,,,0,17.0
2026-05-24 01:00,18.0,75,13.4,15.4,0.5,270,,,2,16.5
2026-05-24 02:00,17.7,74,12.9,14.9,0.0,0,,,2,16.0
2026-05-24 03:00,16.9,78,13.0,15.0,0.9,360,,,0,15.6
2026-05-24 04:00,16.8,78,12.9,14.9,0.6,50,,,0,15.3
2026-05-24 05:00,16.5,78,12.6,14.6,0.1,0,,,1,14.8
2026-05-24 06:00,16.5,76,12.2,14.2,0.5,180,0.03,0.1,2,15.3
2026-05-24 07:00,17.7,71,12.3,14.3,0.8,200,0.59,1.0,4,19.3
2026-05-24 08:00,19.2,67,12.9,14.9,0.7,270,1.37,1.0,3,23.5
2026-05-24 09:00,21.0,60,12.9,14.9,1.2,110,1.8,1.0,2,26.8
2026-05-24 10:00,22.5,55,13.0,15.0,1.5,70,2.69,1.0,2,30.4
2026-05-24 11:00,24.1,52,13.6,15.6,2.0,70,3.27,1.0,1,33.7
2026-05-24 12:00,25.4,46,12.9,14.9,3.1,50,3.63,1.0,3,34.5
2026-05-24 13:00,26.3,44,13.0,15.0,2.6,70,3.72,1.0,3,35.2
2026-05-24 14:00,27.7,44,14.3,16.3,2.3,20,3.52,1.0,5,35.4
2026-05-24 15:00,27.7,41,13.2,15.2,2.0,70,3.0,1.0,6,33.3
2026-05-24 16:00,28.4,39,13.1,15.1,1.0,70,2.5,1.0,7,31.5
2026-05-24 17:00,28.7,39,13.3,15.3,1.3,270,1.76,1.0,7,29.0
2026-05-24 18:00,28.5,41,13.9,15.9,1.7,290,1.27,1.0,2,26.2
2026-05-24 19:00,27.6,43,13.8,15.8,1.3,270,0.61,1.0,4,24.2
2026-05-24 20:00,26.5,45,13.5,15.5,1.1,160,0.02,0.0,0,22.1
2026-05-24 21:00,25.2,48,13.4,15.4,0.6,160,,,0,20.7
2026-05-24 22:00,23.7,58,14.9,16.9,1.0,250,,,0,20.0
2026-05-24 23:00,22.8,63,15.3,17.4,1.1,270,,,0,19.3
2026-05-25 00:00,21.8,67,15.3,17.4,0.5,270,,,0,18.7
2026-05-25 01:00,20.9,68,14.7,16.7,0.4,0,,,0,18.2
2026-05-25 02:00,20.5,65,13.6,15.6,0.4,0,,,0,17.6
2026-05-25 03:00,19.6,77,15.4,17.5,0.5,270,,,0,17.2
2026-05-25 04:00,19.1,76,14.7,16.7,0.0,0,,,0,16.7
2026-05-25 05:00,18.7,81,15.3,17.4,0.2,0,,,0,16.6
2026-05-25 06:00,19.1,76,14.7,16.7,0.5,70,0.01,0.0,0,17.1
2026-05-25 07:00,20.2,73,15.1,17.2,0.5,50,0.56,1.0,0,21.0
2026-05-25 08:00,22.2,66,15.5,17.6,0.9,70,1.28,1.0,1,24.9
2026-05-25 09:00,24.4,58,15.5,17.6,1.4,70,2.05,1.0,3,29.7
2026-05-25 10:00,25.9,56,16.4,18.6,1.3,160,2.46,0.7,6,31.3
2026-05-25 11:00,28.0,49,16.2,18.4,1.2,250,3.17,0.8,5,36.8
2026-05-25 12:00,28.6,52,17.7,20.2,1.1,250,2.91,0.7,7,36.0
2026-05-25 13:00,28.4,53,17.8,20.4,1.0,270,2.87,0.7,8,36.0
2026-05-25 14:00,28.9,49,17.1,19.5,1.1,180,2.38,0.4,7,34.3
2026-05-25 15:00,29.6,47,17.0,19.4,1.4,250,2.74,0.8,7,35.9
2026-05-25 16:00,30.7,44,17.0,19.4,1.4,290,2.64,1.0,7,35.1
2026-05-25 17:00,30.6,44,16.9,19.2,1.4,50,2.16,1.0,4,32.5
2026-05-25 18:00,29.8,47,17.2,19.6,1.7,70,1.49,1.0,3,30.3
2026-05-25 19:00,29.2,48,17.0,19.4,1.4,270,0.32,0.2,7,27.0
2026-05-25 20:00,28.6,50,17.1,19.5,0.6,290,0.03,0.0,8,25.1
2026-05-25 21:00,28.1,55,18.2,20.9,0.7,290,,,8,24.6
2026-05-25 22:00,27.6,57,18.3,21.0,0.3,0,,,10,24.3
2026-05-25 23:00,26.9,62,18.9,21.8,0.8,230,,,6,24.1
2026-05-26 00:00,25.5,67,18.9,21.8,1.0,270,,,6,23.0
2026-05-26 01:00,24.7,71,19.0,22.0,1.1,270,,,6,22.1
2026-05-26 02:00,24.3,72,18.9,21.8,0.8,250,,,8,21.7
2026-05-26 03:00,24.0,74,19.0,22.0,0.6,290,,,8,21.3
2026-05-26 04:00,23.7,75,18.9,21.8,0.3,0,,,8,21.0
2026-05-26 05:00,22.7,79,18.8,21.7,1.5,70,,,9,21.0
2026-05-26 06:00,23.7,75,18.9,21.8,1.2,110,0.0,0.0,9,21.7
2026-05-26 07:00,24.0,71,18.4,21.2,0.8,140,0.09,0.0,9,22.5
2026-05-26 08:00,24.5,71,18.8,21.7,0.3,0,0.34,0.0,10,23.7
2026-05-26 09:00,25.2,65,18.1,20.8,2.1,70,0.72,0.0,9,25.9
2026-05-26 10:00,26.4,58,17.4,19.9,1.9,110,1.13,0.0,9,27.9
2026-05-26 11:00,28.0,53,17.5,20.0,2.0,160,2.25,0.2,8,33.8
2026-05-26 12:00,30.1,46,17.2,19.6,2.5,140,3.72,1.0,8,39.6
2026-05-26 13:00,30.5,46,17.5,20.0,1.6,180,2.34,0.1,9,36.8
2026-05-26 14:00,30.4,46,17.4,19.9,2.1,160,1.73,0.0,9,34.9
2026-05-26 15:00,30.0,49,18.1,20.8,2.8,110,1.37,0.0,10,32.3
2026-05-26 16:00,29.7,50,18.1,20.8,3.1,90,0.95,0.0,10,30.4
2026-05-26 17:00,28.2,56,18.5,21.3,2.1,180,0.3,0.0,10,28.2
2026-05-26 18:00,28.0,55,18.1,20.8,1.2,140,0.29,0.0,10,26.7
2026-05-26 19:00,26.6,57,17.3,19.7,1.7,140,0.04,0.0,9,25.1
2026-05-26 20:00,26.5,57,17.2,19.6,3.1,70,0.0,0.0,9,24.2
2026-05-26 21:00,24.6,72,19.2,22.2,3.5,70,,,10,23.6
2026-05-26 22:00,24.8,69,18.7,21.6,2.0,70,,,10,23.2
2026-05-26 23:00,25.5,64,18.1,20.8,1.6,90,,,10,22.9
2026-05-27 00:00,24.8,66,18.0,20.6,1.9,110,,,10,22.5
2026-05-27 01:00,24.7,64,17.4,19.9,1.6,140,,,10,22.3
2026-05-27 02:00,24.6,60,16.3,18.5,2.8,110,,,10,22.1
2026-05-27 03:00,23.3,68,17.0,19.4,2.0,140,,,10,21.7
2026-05-27 04:00,23.5,67,17.0,19.4,2.1,110,,,10,21.3
2026-05-27 05:00,21.4,83,18.3,21.0,0.4,0,,,10,21.3
2026-05-27 06:00,21.0,86,18.5,21.3,0.5,140,0.0,0.0,10,21.3
2026-05-27 07:00,20.9,87,18.6,21.4,1.0,90,0.03,0.0,10,21.6
2026-05-27 08:00,21.6,84,18.7,21.6,0.8,90,0.28,0.0,10,22.7
2026-05-27 09:00,21.7,79,17.8,20.4,2.1,90,0.52,0.0,10,23.7
2026-05-27 10:00,22.9,74,18.0,20.6,1.4,110,1.35,0.1,10,26.1
2026-05-27 11:00,24.1,67,17.5,20.0,3.4,90,1.11,0.0,10,27.4
2026-05-27 12:00,24.6,66,17.8,20.4,2.3,140,1.84,0.0,10,28.7
2026-05-27 13:00,24.6,66,17.8,20.4,1.4,200,1.27,0.0,10,27.8
2026-05-27 14:00,25.1,65,18.0,20.6,1.2,180,1.06,0.0,10,28.0
2026-05-27 15:00,24.8,66,18.0,20.6,2.0,140,1.06,0.0,10,27.7
2026-05-27 16:00,24.7,65,17.6,20.1,2.3,110,0.69,0.0,10,25.8
2026-05-27 17:00,24.7,66,17.9,20.5,2.5,140,0.82,0.0,9,26.7
2026-05-27 18:00,24.0,69,17.9,20.5,1.3,160,0.57,0.0,10,25.2
2026-05-27 19:00,23.6,71,18.0,20.6,1.3,160,0.12,0.0,10,23.6
2026-05-27 20:00,23.2,72,17.8,20.4,1.1,230,0.0,0.0,10,22.8
2026-05-27 21:00,23.0,73,17.8,20.4,1.0,140,,,10,22.5
2026-05-27 22:00,22.9,73,17.7,20.2,0.8,180,,,10,22.2
2026-05-27 23:00,22.6,75,17.9,20.5,0.6,180,,,10,22.1
2026-05-28 00:00,22.6,75,17.9,20.5,0.5,160,,,10,22.0
2026-05-28 01:00,22.1,79,18.2,20.9,0.6,200,,,10,21.7
2026-05-28 02:00,21.0,87,18.7,21.6,1.2,140,,,10,21.5
2026-05-28 03:00,20.6,90,18.8,21.7,0.5,200,,,10,21.3
2026-05-28 04:00,20.7,91,19.1,22.1,0.8,200,,,10,21.3
2026-05-28 05:00,20.7,91,19.1,22.1,0.8,290,,,10,21.3
2026-05-28 06:00,20.8,92,19.4,22.5,1.1,270,0.0,0.0,10,21.5
2026-05-28 07:00,20.8,91,19.2,22.2,1.4,250,0.0,0.0,10,21.6
2026-05-28 08:00,21.0,91,19.4,22.5,1.1,270,0.02,0.0,10,21.8
2026-05-28 09:00,21.1,89,19.2,22.2,1.5,270,0.21,0.0,10,22.5
2026-05-28 10:00,21.2,88,19.1,22.1,1.3,290,0.14,0.0,10,22.3
2026-05-28 11:00,21.2,85,18.5,21.3,1.7,270,0.4,0.0,10,23.2
2026-05-28 12:00,22.0,81,18.5,21.3,1.5,270,0.63,0.0,10,25.3
2026-05-28 13:00,23.0,76,18.5,21.3,1.7,270,1.67,0.1,10,27.3
2026-05-28 14:00,22.2,78,18.1,20.8,2.3,270,0.69,0.0,10,25.7
2026-05-28 15:00,22.9,76,18.4,21.2,1.6,270,0.79,0.0,9,26.2
2026-05-28 16:00,24.1,71,18.5,21.3,1.0,270,0.98,0.1,8,26.6
2026-05-28 17:00,25.8,60,17.4,19.9,1.7,270,1.52,0.4,7,27.4
2026-05-28 18:00,25.8,60,17.4,19.9,2.2,270,1.18,0.7,4,25.3
2026-05-28 19:00,24.6,68,18.2,20.9,1.7,270,0.54,1.0,1,23.3
2026-05-28 20:00,23.3,71,17.7,20.2,1.5,270,0.03,0.0,1,21.7
2026-05-28 21:00,22.2,72,16.9,19.2,1.2,270,,,2,20.8
2026-05-28 22:00,20.6,72,15.3,17.4,1.1,270,,,3,19.6
2026-05-28 23:00,20.0,75,15.4,17.5,1.6,270,,,8,19.2
2026-05-29 00:00,19.1,78,15.1,17.2,1.9,270,,,5,18.6
2026-05-29 01:00,18.1,80,14.5,16.5,1.7,270,,,9,18.6
2026-05-29 02:00,17.8,79,14.1,16.1,1.6,250,,,9,18.5
2026-05-29 03:00,17.8,79,14.1,16.1,1.3,290,,,9,18.3
2026-05-29 04:00,17.9,80,14.3,16.3,1.2,290,,,9,18.5
2026-05-29 05:00,18.0,80,14.4,16.4,0.4,0,,,10,18.7
2026-05-29 06:00,18.1,81,14.7,16.7,0.9,270,0.0,0.0,9,18.7
2026-05-29 07:00,18.7,79,14.9,16.9,0.9,250,0.25,0.0,9,19.8
2026-05-29 08:00,19.3,73,14.3,16.3,1.8,70,0.33,0.0,10,20.6
2026-05-29 09:00,20.0,71,14.5,16.5,2.3,70,0.93,0.0,9,23.1
2026-05-29 10:00,21.3,65,14.4,16.4,2.1,70,1.51,0.0,9,25.9
2026-05-29 11:00,22.4,60,14.2,16.2,1.2,290,1.65,0.1,7,28.4
2026-05-29 12:00,23.9,57,14.8,16.8,1.3,230,3.08,0.7,6,32.5
2026-05-29 13:00,24.9,53,14.6,16.6,1.6,200,3.43,0.9,5,35.7
2026-05-29 14:00,27.0,43,13.3,15.3,2.4,270,3.51,0.9,3,35.7
2026-05-29 15:00,27.2,42,13.1,15.1,2.2,290,3.21,1.0,2,34.4
2026-05-29 16:00,27.5,40,12.6,14.6,2.6,290,2.63,1.0,0,31.7
2026-05-29 17:00,27.4,27,6.7,9.8,2.8,290,2.11,1.0,0,26.8
2026-05-29 18:00,26.6,29,7.0,10.0,2.2,270,1.39,1.0,0,24.1
2026-05-29 19:00,25.7,28,5.8,9.2,1.7,290,0.6,1.0,0,21.9
2026-05-29 20:00,24.3,34,7.4,10.3,1.6,270,0.04,0.1,0,20.0
2026-05-29 21:00,23.3,36,7.3,10.2,1.1,290,,,0,18.7
2026-05-29 22:00,22.0,44,9.1,11.6,1.4,270,,,0,17.8
2026-05-29 23:00,20.5,50,9.7,12.0,1.4,270,,,0,17.2
2026-05-30 00:00,19.5,52,9.3,11.7,0.6,270,,,0,16.6
2026-05-30 01:00,19.3,52,9.1,11.6,0.9,180,,,0,16.1
2026-05-30 02:00,18.5,58,10.0,12.3,1.1,200,,,0,15.6
2026-05-30 03:00,17.6,61,9.9,12.2,0.9,180,,,0,15.1
2026-05-30 04:00,17.0,63,9.8,12.1,0.7,160,,,0,14.8
2026-05-30 05:00,16.2,68,10.2,12.4,0.7,270,,,0,14.3
2026-05-30 06:00,16.3,68,10.3,12.5,0.6,290,0.05,0.2,0,14.9
2026-05-30 07:00,17.6,64,10.7,12.9,0.9,290,0.63,1.0,0,19.3
2026-05-30 08:00,19.2,60,11.2,13.3,1.0,250,1.36,1.0,0,23.4
2026-05-30 09:00,21.1,58,12.5,14.5,1.9,270,2.13,1.0,0,28.6
2026-05-30 10:00,22.9,53,12.8,14.8,2.3,270,2.81,1.0,0,32.2
2026-05-30 11:00,25.2,49,13.7,15.7,1.2,250,3.34,1.0,0,35.5
2026-05-30 12:00,27.2,44,13.8,15.8,1.6,250,3.66,1.0,0,37.7
2026-05-30 13:00,29.0,36,12.4,14.4,2.2,250,4.16,1.0,0,38.4
2026-05-30 14:00,30.1,37,13.8,15.8,1.6,250,3.62,1.0,0,38.4
2026-05-30 15:00,31.1,29,10.9,13.0,2.5,270,3.28,1.0,0,36.7
2026-05-30 16:00,30.8,24,7.8,10.6,2.4,290,2.77,1.0,0,33.7
2026-05-30 17:00,30.8,27,9.6,11.9,1.3,250,2.09,1.0,0,30.0
2026-05-30 18:00,30.0,29,10.0,12.3,2.4,270,1.38,1.0,0,26.7
2026-05-30 19:00,28.7,30,9.4,11.8,1.7,270,0.61,1.0,0,24.2
2026-05-30 20:00,27.1,34,9.8,12.1,1.0,290,0.04,0.1,0,21.7
2026-05-30 21:00,25.7,38,10.3,12.5,1.5,270,,,0,20.3
2026-05-30 22:00,24.5,41,10.3,12.5,1.2,290,,,0,19.3
2026-05-30 23:00,23.1,53,12.9,14.9,1.0,270,,,0,18.8
2026-05-31 00:00,21.7,59,13.3,15.3,1.5,270,,,0,18.2
2026-05-31 01:00,21.2,59,12.8,14.8,0.6,180,,,0,17.7
2026-05-31 02:00,20.6,61,12.8,14.8,0.1,0,,,0,17.1
2026-05-31 03:00,20.0,63,12.7,14.7,0.5,140,,,0,16.7
2026-05-31 04:00,19.2,69,13.3,15.3,0.1,0,,,0,16.3
2026-05-31 05:00,18.3,73,13.3,15.3,0.4,0,,,0,16.0
2026-05-31 06:00,18.2,76,13.8,15.8,0.0,0,0.05,0.2,0,16.6
2026-05-31 07:00,19.7,68,13.6,15.6,0.2,0,0.59,1.0,0,21.2
2026-05-31 08:00,21.8,63,14.4,16.4,0.8,270,1.36,1.0,0,25.7
2026-05-31 09:00,23.8,57,14.7,16.7,1.2,270,2.11,1.0,0,30.6
2026-05-31 10:00,26.1,50,14.8,16.8,1.0,250,2.75,1.0,0,34.5
2026-05-31 11:00,28.3,39,13.0,15.0,1.0,320,3.27,1.0,0,37.9
2026-05-31 12:00,29.0,30,9.6,11.9,1.5,70,3.63,1.0,0,40.8
2026-05-31 13:00,29.8,24,7.0,10.0,1.9,250,3.8,1.0,0,43.1
2026-05-31 14:00,31.1,25,8.7,11.2,2.3,360,3.71,1.0,0,43.1
2026-05-31 15:00,32.0,23,8.2,10.9,0.9,250,3.35,1.0,0,42.0
2026-05-31 16:00,32.2,23,8.4,11.0,1.5,290,2.84,1.0,0,38.5
2026-05-31 17:00,31.8,24,8.7,11.2,2.1,270,2.15,1.0,0,33.5
2026-05-31 18:00,31.4,26,9.5,11.9,1.5,290,1.35,1.0,2,30.0
2026-05-31 19:00,29.6,30,10.1,12.4,2.0,290,0.6,1.0,0,27.0
2026-05-31 20:00,27.6,33,9.8,12.1,1.5,290,0.05,0.1,0,24.1
2026-05-31 21:00,26.6,33,8.9,11.4,0.6,270,,,1,22.2
2026-05-31 22:00,25.6,33,8.1,10.8,0.1,0,,,0,21.0
2026-05-31 23:00,24.7,35,8.1,10.8,0.7,270,,,4,20.1
2026-06-01 00:00,23.0,42,9.3,11.7,0.5,290,,,8,19.5
2026-06-01 01:00,22.5,51,11.8,13.8,1.0,160,,,3,18.7
2026-06-01 02:00,22.0,53,11.9,13.9,0.1,0,,,3,18.2
2026-06-01 03:00,20.8,49,9.6,11.9,0.6,270,,,8,17.7
2026-06-01 04:00,20.3,52,10.1,12.4,0.0,0,,,8,17.1
2026-06-01 05:00,19.6,58,11.1,13.2,0.1,0,,,8,16.8
2026-06-01 06:00,19.0,66,12.4,14.4,0.4,0,0.01,0.0,9,17.5
2026-06-01 07:00,19.7,62,12.2,14.2,0.5,250,0.35,0.2,7,20.2
2026-06-01 08:00,22.2,53,12.1,14.1,1.2,140,1.19,0.9,8,25.5
2026-06-01 09:00,24.2,49,12.8,14.8,0.3,0,1.66,0.8,7,30.0
2026-06-01 10:00,26.0,42,12.0,14.0,1.6,230,2.52,1.0,4,35.7
2026-06-01 11:00,28.3,32,10.0,12.3,2.3,270,3.42,1.0,6,41.5
2026-06-01 12:00,28.4,34,11.0,13.1,2.7,270,3.07,0.7,7,39.1
2026-06-01 13:00,29.5,29,9.5,11.9,2.4,290,3.0,0.7,6,40.5
2026-06-01 14:00,29.0,32,10.6,12.8,2.6,270,2.98,0.8,8,39.4
2026-06-01 15:00,28.7,33,10.8,12.9,1.9,270,2.6,0.9,8,37.8
2026-06-01 16:00,28.7,33,10.8,12.9,0.8,250,1.57,0.3,9,33.8
2026-06-01 17:00,29.0,33,11.0,13.1,1.9,290,1.25,0.4,8,31.8
2026-06-01 18:00,28.8,34,11.3,13.4,1.8,290,1.08,0.7,5,28.9
2026-06-01 19:00,27.2,41,12.7,14.7,1.4,70,0.34,0.2,8,26.2
2026-06-01 20:00,26.2,41,11.8,13.8,1.0,90,0.01,0.0,10,24.3
2026-06-01 21:00,25.7,42,11.8,13.8,0.9,50,,,9,23.3
2026-06-01 22:00,25.5,41,11.2,13.3,1.3,50,,,10,22.7
2026-06-01 23:00,24.7,46,12.2,14.2,0.7,320,,,10,22.2
2026-06-02 00:00,23.7,51,12.9,14.9,0.7,90,,,9,21.5
2026-06-02 01:00,23.2,53,13.0,15.0,1.0,50,,,10,21.2
2026-06-02 02:00,22.7,55,13.1,15.1,1.0,70,,,10,20.7
2026-06-02 03:00,22.3,55,12.8,14.8,1.8,70,,,9,20.5
2026-06-02 04:00,21.7,58,13.0,15.0,1.7,70,,,8,20.2
2026-06-02 05:00,21.3,62,13.7,15.7,2.0,50,,,9,19.7
2026-06-02 06:00,21.1,62,13.5,15.5,2.1,50,0.02,0.0,7,19.8
2026-06-02 07:00,21.4,61,13.5,15.5,1.5,70,0.29,0.0,9,21.7
2026-06-02 08:00,22.3,59,13.8,15.8,0.9,90,0.46,0.0,10,22.8
2026-06-02 09:00,23.0,56,13.7,15.7,1.9,70,0.7,0.0,10,24.9
2026-06-02 10:00,24.0,57,14.9,16.9,2.3,90,1.1,0.0,10,28.2
2026-06-02 11:00,26.1,52,15.4,17.5,1.2,230,1.89,0.3,9,33.8
2026-06-02 12:00,27.0,53,16.5,18.8,2.2,140,2.69,1.0,9,38.8
2026-06-02 13:00,28.8,52,17.9,20.5,2.0,110,3.12,1.0,8,41.9
2026-06-02 14:00,28.5,53,17.9,20.5,2.2,160,2.83,0.7,8,40.0
2026-06-02 15:00,28.7,50,17.2,19.6,1.7,140,1.9,0.1,8,37.9
2026-06-02 16:00,28.8,46,16.0,18.2,2.7,140,2.37,0.5,7,37.7
2026-06-02 17:00,28.7,47,16.2,18.4,2.4,160,1.7,0.6,6,33.6
2026-06-02 18:00,27.7,52,16.9,19.2,2.5,110,0.94,0.4,3,30.3
2026-06-02 19:00,26.7,54,16.6,18.9,1.8,140,0.39,0.5,2,27.2
2026-06-02 20:00,25.5,58,16.6,18.9,1.4,140,0.04,0.1,0,24.6
2026-06-02 21:00,25.1,59,16.5,18.8,0.6,180,,,0,23.1
2026-06-02 22:00,24.7,60,16.4,18.6,0.6,270,,,0,22.1
2026-06-02 23:00,24.0,63,16.5,18.8,0.2,0,,,0,21.2
2026-06-03 00:00,23.5,67,17.0,19.4,0.8,50,,,2,21.0
2026-06-03 01:00,22.7,70,16.9,19.2,0.3,0,,,0,20.7
2026-06-03 02:00,22.0,75,17.3,19.7,0.3,0,,,0,20.1
2026-06-03 03:00,21.7,77,17.4,19.9,0.7,270,,,0,19.6
2026-06-03 04:00,21.2,76,16.7,19.0,0.6,160,,,0,19.2
2026-06-03 05:00,20.6,78,16.6,18.9,0.9,270,,,0,18.8
2026-06-03 06:00,20.7,78,16.7,19.0,0.3,0,0.05,0.1,3,19.6
2026-06-03 07:00,21.9,74,17.0,19.4,0.4,0,0.57,1.0,3,23.1
2026-06-03 08:00,23.4,69,17.3,19.7,0.8,250,1.25,1.0,1,28.2
2026-06-03 09:00,24.4,65,17.3,19.7,1.3,230,1.87,1.0,4,32.6
2026-06-03 10:00,26.4,60,18.0,20.6,1.3,250,2.22,0.9,3,37.0
2026-06-03 11:00,28.4,51,17.2,19.6,1.4,200,3.26,1.0,3,43.9
2026-06-03 12:00,29.3,44,15.7,17.8,2.6,90,3.3,1.0,2,45.2
2026-06-03 13:00,31.0,41,16.1,18.3,1.8,340,3.63,1.0,3,48.0
2026-06-03 14:00,30.9,38,14.9,16.9,1.0,110,2.37,0.5,8,39.8
2026-06-03 15:00,30.6,42,16.2,18.4,1.6,270,1.71,0.3,9,36.9
2026-06-03 16:00,30.6,38,14.6,16.6,1.8,270,1.81,0.5,9,36.9
2026-06-03 17:00,30.7,41,15.9,18.1,1.8,270,1.24,0.4,6,34.4
2026-06-03 18:00,29.9,46,17.0,19.4,1.6,270,0.83,0.1,8,32.0
2026-06-03 19:00,28.8,51,17.6,20.1,1.7,290,0.35,0.0,8,28.7
2026-06-03 20:00,27.6,53,17.1,19.5,1.4,290,0.02,0.0,9,26.2
2026-06-03 21:00,26.8,52,16.1,18.3,1.2,270,,,8,24.8
2026-06-03 22:00,26.3,55,16.5,18.8,1.3,290,,,8,24.5
2026-06-03 23:00,25.2,56,15.7,17.8,0.9,250,,,8,23.7
2026-06-04 00:00,24.6,59,16.0,18.2,0.9,270,,,5,22.7
2026-06-04 01:00,23.8,61,15.8,17.9,1.1,270,,,4,21.8
2026-06-04 02:00,23.2,64,16.0,18.2,1.2,270,,,7,22.2
2026-06-04 03:00,23.5,62,15.7,17.8,0.9,160,,,8,21.7
2026-06-04 04:00,23.2,65,16.2,18.4,0.7,180,,,6,21.6
2026-06-04 05:00,23.2,68,16.9,19.2,0.6,90,,,6,22.1
2026-06-04 06:00,22.7,70,16.9,19.2,0.5,50,0.02,0.0,4,21.7
2026-06-04 07:00,23.8,68,17.5,20.0,0.3,0,0.48,0.3,0,24.6
2026-06-04 08:00,24.8,66,18.0,20.6,2.0,90,0.95,0.7,3,27.6
2026-06-04 09:00,27.0,59,18.2,20.9,1.8,110,1.85,0.8,1,35.5
2026-06-04 10:00,27.5,52,16.7,19.0,3.2,140,2.66,1.0,3,39.9
2026-06-04 11:00,28.7,49,16.9,19.2,3.3,140,2.56,0.6,3,43.0
2026-06-04 12:00,29.8,46,16.9,19.2,2.3,200,3.04,0.8,3,48.0
2026-06-04 13:00,29.7,45,16.4,18.6,2.8,160,3.4,0.8,6,45.0
2026-06-04 14:00,29.8,44,16.2,18.4,3.1,140,2.94,0.7,4,44.6
2026-06-04 15:00,29.5,46,16.6,18.9,2.9,200,1.74,0.4,8,38.5
2026-06-04 16:00,24.7,72,19.3,22.4,0.9,230,0.4,0.0,9,27.4
2026-06-04 17:00,26.0,65,18.9,21.8,1.9,250,0.8,0.0,7,27.8
2026-06-04 18:00,26.6,58,17.6,20.1,3.1,270,0.45,0.1,7,26.2
2026-06-04 19:00,25.7,59,17.0,19.4,3.7,270,0.36,0.3,6,24.8
2026-06-04 20:00,24.3,64,17.0,19.4,2.7,270,0.05,0.1,7,23.3
2026-06-04 21:00,23.7,66,16.9,19.2,1.8,270,,,6,22.7
2026-06-04 22:00,23.1,69,17.0,19.4,1.3,270,,,3,21.7
2026-06-04 23:00,22.6,73,17.5,20.0,1.1,250,,,3,21.7
2026-06-05 00:00,22.5,72,17.1,19.5,2.1,270,,,9,21.7
2026-06-05 01:00,22.2,74,17.3,19.7,1.5,270,,,6,21.3
2026-06-05 02:00,21.7,75,17.0,19.4,1.4,250,,,3,20.7
2026-06-05 03:00,21.2,77,16.9,19.2,1.8,270,,,9,20.4
2026-06-05 04:00,19.8,75,15.2,17.3,1.9,290,,,8,20.3
2026-06-05 05:00,19.0,77,14.8,16.8,1.7,270,,,5,19.0
2026-06-05 06:00,19.0,73,14.0,16.0,1.7,290,0.02,0.0,5,19.7
2026-06-05 07:00,18.5,70,12.9,14.9,2.4,270,0.48,0.4,5,20.7
2026-06-05 08:00,19.8,59,11.5,13.6,2.1,290,1.32,0.9,1,26.0
2026-06-05 09:00,21.2,52,10.9,13.0,2.4,270,2.27,1.0,1,30.3
2026-06-05 10:00,21.6,50,10.7,12.9,2.6,250,2.69,0.8,3,30.2
2026-06-05 11:00,22.6,47,10.7,12.9,2.7,290,2.7,0.8,2,30.8
2026-06-05 12:00,24.5,42,10.7,12.9,3.1,270,3.46,0.9,2,37.4
2026-06-05 13:00,25.7,34,8.6,11.2,3.0,290,3.86,1.0,2,40.9
2026-06-05 14:00,26.1,27,5.6,9.1,3.2,270,3.77,1.0,1,40.8
2026-06-05 15:00,25.6,29,6.2,9.5,3.4,270,3.45,1.0,0,38.5
2026-06-05 16:00,25.6,35,8.9,11.4,2.7,270,2.9,1.0,0,34.8
2026-06-05 17:00,25.3,34,8.2,10.9,3.0,270,2.19,1.0,0,30.5
2026-06-05 18:00,24.5,39,9.6,11.9,2.8,290,1.43,1.0,0,27.2
2026-06-05 19:00,23.5,40,9.1,11.6,2.3,290,0.66,1.0,0,24.1
2026-06-05 20:00,22.5,43,9.2,11.6,1.5,290,0.02,0.1,0,21.5
2026-06-05 21:00,21.4,47,9.6,11.9,1.2,270,,,0,20.0
2026-06-05 22:00,20.6,50,9.8,12.1,1.1,290,,,0,18.8
2026-06-05 23:00,19.8,52,9.6,11.9,0.5,270,,,0,17.8
2026-06-06 00:00,19.7,50,8.9,11.4,1.1,270,,,0,17.2
2026-06-06 01:00,19.0,52,8.9,11.4,1.3,290,,,0,16.6
2026-06-06 02:00,18.5,54,9.0,11.5,0.8,270,,,0,16.0
2026-06-06 03:00,17.5,62,10.1,12.4,0.7,180,,,0,15.3
2026-06-06 04:00,16.3,68,10.3,12.5,0.3,0,,,0,15.0
2026-06-06 05:00,15.7,69,10.0,12.3,0.4,0,,,0,14.3
2026-06-06 06:00,16.2,67,10.0,12.3,0.5,230,0.05,0.2,0,15.1
2026-06-06 07:00,17.1,66,10.6,12.8,0.5,320,0.64,1.0,3,18.8
2026-06-06 08:00,18.7,62,11.2,13.3,1.2,90,1.26,1.0,3,24.2
2026-06-06 09:00,21.4,48,9.9,12.2,1.3,90,2.14,1.0,0,31.0
2026-06-06 10:00,23.0,47,11.0,13.1,1.1,290,2.83,1.0,0,36.9
2026-06-06 11:00,24.6,39,9.7,12.0,1.7,70,3.33,1.0,0,40.3
2026-06-06 12:00,26.5,34,9.3,11.7,1.1,290,3.64,1.0,3,43.8
2026-06-06 13:00,28.0,30,8.7,11.2,1.5,230,3.71,1.0,2,46.1
2026-06-06 14:00,28.4,27,7.5,10.4,2.2,180,3.62,1.0,2,45.4
2026-06-06 15:00,29.6,21,4.9,8.7,2.3,160,3.32,1.0,3,43.1
2026-06-06 16:00,29.3,21,4.6,8.5,3.3,110,2.91,1.0,2,37.8
2026-06-06 17:00,29.3,27,8.3,10.9,1.2,160,2.1,1.0,3,33.4
2026-06-06 18:00,29.0,27,8.0,10.7,2.9,110,1.17,0.9,5,30.1
2026-06-06 19:00,28.2,28,7.9,10.6,1.7,110,0.45,0.5,6,27.2
2026-06-06 20:00,27.5,32,9.3,11.7,2.1,90,0.03,0.0,7,24.8
2026-06-06 21:00,26.2,36,9.9,12.2,2.2,110,,,5,23.5
2026-06-06 22:00,25.3,39,10.3,12.5,2.1,110,,,9,23.2
2026-06-06 23:00,24.0,41,9.9,12.2,3.4,140,,,6,22.0
2026-06-07 00:00,23.2,41,9.2,11.6,3.2,140,,,3,21.1
2026-06-07 01:00,22.8,40,8.4,11.0,2.5,110,,,8,21.2
2026-06-07 02:00,22.2,39,7.5,10.4,2.1,140,,,7,20.6
2026-06-07 03:00,21.7,40,7.4,10.3,1.5,110,,,3,19.7
2026-06-07 04:00,21.2,42,7.7,10.5,2.1,140,,,2,19.0
2026-06-07 05:00,21.1,44,8.3,10.9,1.5,110,,,5,18.7
2026-06-07 06:00,20.6,46,8.5,11.1,1.6,50,0.02,0.0,3,18.7
2026-06-07 07:00,21.2,45,8.7,11.2,2.6,70,0.56,1.0,2,21.9
2026-06-07 08:00,22.5,43,9.2,11.6,2.1,70,1.17,0.9,3,27.4
2026-06-07 09:00,23.9,42,10.1,12.4,1.6,110,2.02,1.0,3,33.9
2026-06-07 10:00,25.1,44,11.9,13.9,1.6,140,2.71,1.0,4,39.9
2026-06-07 11:00,26.5,43,12.8,14.8,2.1,160,3.37,1.0,4,44.6
2026-06-07 12:00,27.1,45,14.1,16.1,2.4,70,2.92,0.6,7,45.8
2026-06-07 13:00,26.5,47,14.2,16.2,2.5,70,1.91,0.0,9,38.5
2026-06-07 14:00,27.5,45,14.4,16.4,2.0,90,2.39,0.3,4,40.6
2026-06-07 15:00,27.9,46,15.2,17.3,0.5,230,2.47,0.6,6,39.3
2026-06-07 16:00,27.8,47,15.4,17.5,1.2,140,1.26,0.1,9,34.2
2026-06-07 17:00,27.5,49,15.8,17.9,2.2,160,0.81,0.0,9,32.6
2026-06-07 18:00,26.6,53,16.2,18.4,1.9,140,0.59,0.0,9,29.6
2026-06-07 19:00,25.1,57,15.9,18.1,3.0,140,0.3,0.0,7,26.5
2026-06-07 20:00,24.2,59,15.6,17.7,2.2,140,0.01,0.0,8,24.3
2026-06-07 21:00,23.7,61,15.7,17.8,1.9,140,,,9,23.6
2026-06-07 22:00,23.8,61,15.8,17.9,0.3,0,,,9,23.8
2026-06-07 23:00,23.3,64,16.0,18.2,1.4,270,,,9,23.2
2026-06-08 00:00,22.7,64,15.5,17.6,0.6,250,,,8,22.2
2026-06-08 01:00,22.2,63,14.8,16.8,0.9,270,,,8,21.7
2026-06-08 02:00,21.7,67,15.2,17.3,1.2,270,,,9,21.1
2026-06-08 03:00,20.7,73,15.6,17.7,0.8,250,,,9,20.7
2026-06-08 04:00,20.7,69,14.8,16.8,1.3,270,,,9,20.2
2026-06-08 05:00,20.2,69,14.3,16.3,1.1,270,,,9,20.0
2026-06-08 06:00,19.9,70,14.2,16.2,1.8,270,0.0,0.0,10,20.1
2026-06-08 07:00,19.7,71,14.2,16.2,2.1,290,0.12,0.0,10,21.2
2026-06-08 08:00,19.2,71,13.8,15.8,1.3,290,0.35,0.0,10,22.8
2026-06-08 09:00,19.4,69,13.5,15.5,1.1,270,0.63,0.0,10,23.9
2026-06-08 10:00,19.9,67,13.5,15.5,1.6,20,0.91,0.0,10,25.7
2026-06-08 11:00,20.7,64,13.6,15.6,1.1,270,0.93,0.0,10,27.4
2026-06-08 12:00,21.7,61,13.8,15.8,2.0,290,2.13,0.2,9,34.9
2026-06-08 13:00,24.0,49,12.6,14.6,1.8,290,3.04,0.7,8,41.8
2026-06-08 14:00,24.1,45,11.4,13.5,2.0,270,2.2,0.4,9,38.6
2026-06-08 15:00,23.7,45,11.0,13.1,2.3,290,1.96,0.2,9,34.5
2026-06-08 16:00,23.8,48,12.1,14.1,2.4,270,1.79,0.3,8,33.8
2026-06-08 17:00,23.7,51,12.9,14.9,1.7,270,1.36,0.3,9,31.0
2026-06-08 18:00,23.8,49,12.4,14.4,1.9,270,0.98,0.4,7,28.8
2026-06-08 19:00,23.3,48,11.6,13.7,2.5,270,0.63,0.5,8,25.7
2026-06-08 20:00,22.5,52,12.1,14.1,1.4,290,0.06,0.0,8,22.7
2026-06-08 21:00,21.8,55,12.3,14.3,1.7,270,,,7,21.2
2026-06-08 22:00,21.2,57,12.3,14.3,1.6,270,,,8,20.5
2026-06-08 23:00,20.6,60,12.5,14.5,0.9,270,,,8,19.7
2026-06-09 00:00,19.8,62,12.3,14.3,1.0,270,,,8,19.0
2026-06-09 01:00,19.6,61,11.8,13.8,1.1,270,,,8,18.3
2026-06-09 02:00,19.1,62,11.6,13.7,1.1,270,,,7,17.7
2026-06-09 03:00,18.2,69,12.4,14.4,0.8,270,,,5,17.0
2026-06-09 04:00,17.7,71,12.3,14.3,0.5,200,,,4,16.2
2026-06-09 05:00,17.2,73,12.3,14.3,0.6,270,,,1,15.8
2026-06-09 06:00,17.5,77,13.4,15.4,0.7,290,0.05,0.3,1,16.7
2026-06-09 07:00,18.3,73,13.3,15.3,0.9,290,0.62,1.0,2,20.9
2026-06-09 08:00,19.8,67,13.4,15.4,1.0,230,1.3,1.0,8,27.1
2026-06-09 09:00,21.8,60,13.6,15.6,0.8,270,2.03,1.0,6,33.7
2026-06-09 10:00,22.4,56,13.1,15.1,1.5,270,2.63,1.0,7,38.0
2026-06-09 11:00,24.6,48,12.8,14.8,1.2,290,3.18,1.0,7,44.2
2026-06-09 12:00,26.0,41,11.7,13.7,1.2,110,3.34,1.0,3,46.2
2026-06-09 13:00,27.1,37,11.1,13.2,2.0,250,3.65,1.0,7,45.8
2026-06-09 14:00,27.2,34,9.9,12.2,1.8,270,3.63,1.0,8,47.9
2026-06-09 15:00,28.4,28,8.1,10.8,2.3,270,3.28,1.0,4,45.5
2026-06-09 16:00,27.8,30,8.6,11.2,1.8,290,2.5,0.8,7,38.2
2026-06-09 17:00,28.1,29,8.3,10.9,2.2,250,1.54,0.5,4,34.0
2026-06-09 18:00,27.0,32,8.8,11.3,2.4,270,0.64,0.2,8,30.6
2026-06-09 19:00,25.2,34,8.2,10.9,2.5,290,0.56,0.9,1,26.5
2026-06-09 20:00,23.8,33,6.5,9.7,1.9,270,0.06,0.1,3,23.3
2026-06-09 21:00,22.7,33,5.5,9.0,2.0,270,,,5,22.2
2026-06-09 22:00,21.7,39,7.1,10.1,1.7,270,,,7,21.6
2026-06-09 23:00,21.6,41,7.7,10.5,0.8,160,,,10,21.5
2026-06-10 00:00,21.2,42,7.7,10.5,0.9,230,,,8,20.1
2026-06-10 01:00,20.7,44,7.9,10.6,0.8,270,,,7,20.1
2026-06-10 02:00,19.6,51,9.1,11.6,1.2,250,,,4,18.8
2026-06-10 03:00,19.7,51,9.2,11.6,0.4,0,,,9,19.3
2026-06-10 04:00,19.6,50,8.8,11.3,0.6,270,,,5,18.5
2026-06-10 05:00,18.8,56,9.8,12.1,0.4,0,,,5,17.7
2026-06-10 06:00,18.6,57,9.9,12.2,1.4,140,0.01,0.0,8,18.8
2026-06-10 07:00,19.2,55,9.9,12.2,0.9,180,0.42,0.3,4,21.9
2026-06-10 08:00,20.9,51,10.3,12.5,1.0,180,1.15,0.7,3,28.1
2026-06-10 09:00,22.0,52,11.6,13.7,2.1,250,1.97,1.0,0,34.6
2026-06-10 10:00,23.1,52,12.6,14.6,2.1,230,2.62,1.0,1,40.5
2026-06-10 11:00,25.2,46,12.7,14.7,1.8,270,3.08,1.0,2,44.4
2026-06-10 12:00,24.5,48,12.7,14.7,2.0,270,2.55,0.6,9,34.8
2026-06-10 13:00,25.0,49,13.5,15.5,1.6,270,1.05,0.1,9,31.4
2026-06-10 14:00,26.7,41,12.3,14.3,2.7,290,1.33,0.2,7,37.7
2026-06-10 15:00,27.8,34,10.4,12.6,3.2,270,2.8,0.7,6,44.3
2026-06-10 16:00,27.3,37,11.3,13.4,2.8,290,2.29,0.7,4,38.5
2026-06-10 17:00,27.1,32,8.9,11.4,3.1,270,2.03,1.0,2,33.5
2026-06-10 18:00,26.4,28,6.4,9.6,2.1,290,1.09,0.9,8,28.7
2026-06-10 19:00,25.2,30,6.3,9.5,1.5,270,0.54,0.7,3,25.2
2026-06-10 20:00,24.1,35,7.6,10.4,1.4,270,0.03,0.0,5,22.4
2026-06-10 21:00,22.7,43,9.4,11.8,2.1,270,,,3,20.7
2026-06-10 22:00,21.3,56,12.1,14.1,1.5,270,,,1,19.5
2026-06-10 23:00,20.8,60,12.7,14.7,0.7,270,,,4,20.5
2026-06-11 00:00,20.2,60,12.1,14.1,1.4,270,,,2,19.2
2026-06-11 01:00,19.5,67,13.2,15.2,1.4,270,,,0,18.0
2026-06-11 02:00,18.8,69,12.9,14.9,0.5,270,,,0,17.2
2026-06-11 03:00,18.7,71,13.3,15.3,0.6,290,,,0,16.6
2026-06-11 04:00,18.0,74,13.2,15.2,1.1,290,,,0,16.5
2026-06-11 05:00,17.7,74,12.9,14.9,0.6,230,,,0,16.2
2026-06-11 06:00,17.8,76,13.5,15.5,0.7,290,0.02,0.0,2,17.7
2026-06-11 07:00,18.9,74,14.1,16.1,0.4,0,0.54,0.8,1,21.9
2026-06-11 08:00,20.1,72,14.8,16.8,0.8,250,1.13,0.9,2,27.5
2026-06-11 09:00,21.2,63,13.8,15.8,1.8,250,2.09,1.0,5,37.3
2026-06-11 10:00,22.5,56,13.2,15.2,1.8,290,2.52,0.9,6,42.0
2026-06-11 11:00,23.9,52,13.4,15.4,1.5,270,2.75,0.9,8,46.3
2026-06-11 12:00,25.1,41,10.9,13.0,2.0,270,2.59,0.7,9,42.7
2026-06-11 13:00,24.9,41,10.7,12.9,2.1,270,2.79,0.7,9,43.1
2026-06-11 14:00,25.5,40,10.8,12.9,2.5,270,2.7,0.6,5,43.7
2026-06-11 15:00,26.0,39,10.9,13.0,2.6,270,2.22,0.4,9,39.7
2026-06-11 16:00,26.2,39,11.1,13.2,2.3,270,2.38,0.8,6,36.6
2026-06-11 17:00,26.3,44,13.0,15.0,2.8,270,2.23,1.0,5,35.0
2026-06-11 18:00,25.3,46,12.8,14.8,2.3,270,1.36,0.9,3,29.8
2026-06-11 19:00,24.5,49,13.0,15.0,2.4,270,0.68,0.9,3,26.9
2026-06-11 20:00,23.1,51,12.4,14.4,2.0,270,0.06,0.1,1,23.0
2026-06-11 21:00,22.0,52,11.6,13.7,1.6,270,,,0,20.7
2026-06-11 22:00,20.8,55,11.4,13.5,1.3,270,,,0,19.3
2026-06-11 23:00,20.2,56,11.1,13.2,1.1,270,,,0,18.2
2026-06-12 00:00,19.3,58,10.8,12.9,1.4,250,,,0,17.6
2026-06-12 01:00,18.7,61,11.0,13.1,1.0,250,,,0,17.0
2026-06-12 02:00,18.3,63,11.1,13.2,0.9,270,,,0,16.3
2026-06-12 03:00,18.0,65,11.3,13.4,1.0,270,,,0,16.1
2026-06-12 04:00,17.3,68,11.3,13.4,1.3,290,,,0,15.6
2026-06-12 05:00,17.0,71,11.6,13.7,0.1,0,,,0,15.1
2026-06-12 06:00,17.2,72,12.1,14.1,1.0,140,0.05,0.2,0,16.2
2026-06-12 07:00,18.5,69,12.6,14.6,0.2,0,0.57,1.0,0,21.3
2026-06-12 08:00,19.6,67,13.2,15.2,1.0,230,1.24,1.0,0,28.5
2026-06-12 09:00,20.9,65,14.0,16.0,1.2,270,1.59,0.7,2,31.6
2026-06-12 10:00,23.3,55,13.7,15.7,1.0,250,2.55,0.9,0,43.7
2026-06-12 11:00,24.3,51,13.5,15.5,1.8,270,3.14,0.9,2,48.2
2026-06-12 12:00,24.7,47,12.6,14.6,1.6,200,3.45,1.0,0,52.5
2026-06-12 13:00,25.5,47,13.3,15.3,1.9,290,3.3,0.9,3,47.9
2026-06-12 14:00,27.1,44,13.7,15.7,2.3,270,2.62,0.6,4,46.8
2026-06-12 15:00,27.9,41,13.4,15.4,1.5,270,2.7,0.7,1,47.7
2026-06-12 16:00,27.7,37,11.6,13.7,1.3,290,2.42,0.8,2,38.1
2026-06-12 17:00,28.5,36,11.9,13.9,2.7,270,1.76,0.7,2,35.8
2026-06-12 18:00,28.2,39,12.9,14.9,1.8,290,1.48,1.0,2,33.0
2026-06-12 19:00,27.0,39,11.8,13.8,1.9,290,0.68,1.0,1,27.5
2026-06-12 20:00,25.7,44,12.5,14.5,1.5,270,0.07,0.1,4,24.0
2026-06-12 21:00,24.7,49,13.2,15.2,0.9,270,,,0,21.8
2026-06-12 22:00,23.5,52,13.0,15.0,0.8,270,,,0,20.6
2026-06-12 23:00,23.0,53,12.8,14.8,1.1,250,,,1,19.3
2026-06-13 00:00,22.1,55,12.6,14.6,0.5,290,,,0,18.2
2026-06-13 01:00,21.2,57,12.3,14.3,0.2,0,,,0,17.2
2026-06-13 02:00,20.1,62,12.5,14.5,0.7,230,,,0,16.6
2026-06-13 03:00,19.5,63,12.2,14.2,0.5,230,,,0,16.0
2026-06-13 04:00,18.8,65,12.0,14.0,0.3,0,,,0,15.0
2026-06-13 05:00,18.0,69,12.2,14.2,0.1,0,,,0,14.5
2026-06-13 06:00,17.7,76,13.4,15.4,0.2,0,0.07,0.3,1,16.0
2026-06-13 07:00,19.6,69,13.7,15.7,0.0,0,0.65,1.0,2,21.6
2026-06-13 08:00,21.3,59,12.9,14.9,0.4,0,1.39,1.0,0,31.0
2026-06-13 09:00,23.7,44,10.7,12.9,1.1,250,2.19,1.0,0,39.9
2026-06-13 10:00,25.7,32,7.7,10.5,1.3,90,,,0,47.0
2026-06-13 11:00,27.4,28,7.2,10.2,1.3,290,3.37,1.0,0,52.2
2026-06-13 12:00,28.8,25,6.8,9.9,1.6,270,3.71,1.0,0,55.5
2026-06-13 13:00,29.6,23,6.2,9.5,1.0,250,3.81,1.0,0,57.2
2026-06-13 14:00,30.4,19,4.1,8.2,1.8,230,3.74,1.0,0,55.5
2026-06-13 15:00,31.7,18,4.4,8.4,2.2,140,3.44,1.0,0,51.7
2026-06-13 16:00,31.7,16,2.7,7.4,1.7,230,2.94,1.0,0,45.4
2026-06-13 17:00,31.8,15,1.9,7.0,1.7,290,2.31,1.0,2,37.6
2026-06-13 18:00,31.3,19,4.9,8.7,1.2,230,1.47,1.0,0,32.5
2026-06-13 19:00,30.2,24,7.3,10.2,1.8,270,0.69,1.0,0,28.5
2026-06-13 20:00,28.8,26,7.3,10.2,0.8,270,0.06,0.1,0,24.8
2026-06-13 21:00,26.6,47,14.3,16.3,1.4,270,,,1,23.8
2026-06-13 22:00,25.2,52,14.6,16.6,1.0,250,,,1,22.9
2026-06-13 23:00,24.5,57,15.4,17.5,1.5,270,,,3,22.2
2026-06-14 00:00,23.8,58,15.0,17.0,1.5,270,,,4,21.6
2026-06-14 01:00,23.7,60,15.4,17.5,0.5,270,,,8,21.8
2026-06-14 02:00,23.7,61,15.7,17.8,0.4,0,,,6,21.9
2026-06-14 03:00,23.5,62,15.7,17.8,0.8,140,,,7,21.7
2026-06-14 04:00,22.7,65,15.7,17.8,0.1,0,,,8,21.2
2026-06-14 05:00,22.1,67,15.6,17.7,0.1,0,,,8,20.1
2026-06-14 06:00,21.6,69,15.6,17.7,0.2,0,0.01,0.0,5,20.6
2026-06-14 07:00,22.7,64,15.5,17.6,1.4,70,0.49,0.3,8,25.6
2026-06-14 08:00,23.5,63,16.0,18.2,0.4,0,0.62,0.0,7,27.9
2026-06-14 09:00,24.5,62,16.7,19.0,0.7,320,1.1,0.0,8,34.5
2026-06-14 10:00,25.6,58,16.7,19.0,1.0,70,1.54,0.3,7,44.9
2026-06-14 11:00,27.3,50,15.9,18.1,2.6,90,2.74,0.9,4,51.3
2026-06-14 12:00,28.7,44,15.2,17.3,1.3,230,3.53,1.0,2,56.6
2026-06-14 13:00,29.7,41,15.0,17.0,1.7,290,3.61,1.0,2,56.9
2026-06-14 14:00,30.0,39,14.5,16.5,2.2,90,3.34,0.9,2,50.1
2026-06-14 15:00,31.6,33,13.3,15.3,2.2,20,2.61,0.7,6,53.7
2026-06-14 16:00,28.9,41,14.3,16.3,1.8,180,1.37,0.3,8,35.8
2026-06-14 17:00,26.8,49,15.1,17.2,2.1,250,0.29,0.0,9,29.8
2026-06-14 18:00,21.6,74,16.7,19.0,1.0,250,0.02,0.0,9,23.0
2026-06-14 19:00,20.1,72,14.8,16.8,3.4,50,0.0,0.0,10,19.4
2026-06-14 20:00,20.2,74,15.4,17.5,3.3,110,0.0,0.0,9,19.6
2026-06-14 21:00,20.2,77,16.0,18.2,3.8,50,,,9,19.8
2026-06-14 22:00,20.6,73,15.5,17.6,0.1,0,,,7,20.6
2026-06-14 23:00,20.0,80,16.4,18.6,0.9,250,,,8,20.3
2026-06-15 00:00,19.5,83,16.5,18.8,0.1,0,,,3,19.2
2026-06-15 01:00,19.1,84,16.3,18.5,1.5,50,,,3,18.6
2026-06-15 02:00,18.7,87,16.4,18.6,1.8,50,,,3,18.2
2026-06-15 03:00,19.0,85,16.4,18.6,1.0,50,,,0,18.0
2026-06-15 04:00,18.6,87,16.3,18.5,0.1,0,,,0,17.6
2026-06-15 05:00,17.8,89,15.9,18.1,0.6,50,,,3,17.4
2026-06-15 06:00,18.3,88,16.2,18.4,0.6,50,0.07,0.3,6,18.7
2026-06-15 07:00,19.6,82,16.4,18.6,0.4,0,0.66,1.0,8,23.1
2026-06-15 08:00,19.7,81,16.3,18.5,2.2,50,1.23,0.8,4,28.4
2026-06-15 09:00,22.6,65,15.6,17.7,1.5,70,2.04,1.0,0,34.4
2026-06-15 10:00,24.7,63,17.1,19.5,1.6,290,2.67,1.0,0,40.8
2026-06-15 11:00,26.9,47,14.6,16.6,1.2,270,3.25,1.0,0,46.7
2026-06-15 12:00,28.7,44,15.2,17.3,1.4,180,3.6,1.0,1,51.7
2026-06-15 13:00,30.1,39,14.6,16.6,1.3,160,3.75,1.0,1,54.7
2026-06-15 14:00,30.4,34,12.7,14.7,1.9,270,3.41,0.9,2,48.3
2026-06-15 15:00,30.4,34,12.7,14.7,1.5,180,1.87,0.3,3,41.4
2026-06-15 16:00,30.3,35,13.1,15.1,1.6,90,1.96,0.6,2,39.7
2026-06-15 17:00,31.1,28,10.4,12.6,1.4,160,2.04,0.9,1,38.4
2026-06-15 18:00,31.0,32,12.3,14.3,1.8,290,1.32,1.0,1,33.5
2026-06-15 19:00,30.4,36,13.6,15.6,1.3,270,0.68,1.0,2,29.5
2026-06-15 20:00,29.1,40,14.1,16.1,0.8,50,0.08,0.1,4,25.7
2026-06-15 21:00,28.3,45,15.2,17.3,1.1,70,,,5,24.2
2026-06-15 22:00,26.7,48,14.7,16.7,0.6,270,,,6,23.2
2026-06-15 23:00,26.7,45,13.7,15.7,0.9,160,,,7,22.6
2026-06-16 00:00,25.6,51,14.7,16.7,1.0,230,,,4,22.1
2026-06-16 01:00,24.7,55,15.0,17.0,0.4,0,,,0,21.3
2026-06-16 02:00,24.3,57,15.2,17.3,0.2,0,,,7,20.7
2026-06-16 03:00,23.8,58,15.0,17.0,0.9,140,,,6,20.3
2026-06-16 04:00,23.0,66,16.2,18.4,0.1,0,,,6,19.7
2026-06-16 05:00,22.7,62,15.0,17.0,1.5,270,,,7,19.7
2026-06-16 06:00,22.7,60,14.5,16.5,0.4,0,0.05,0.0,7,21.0
2026-06-16 07:00,23.5,56,14.2,16.2,0.6,110,0.41,0.4,4,24.7
2026-06-16 08:00,24.8,53,14.5,16.5,1.9,70,1.24,1.0,3,32.5
2026-06-16 09:00,26.2,50,14.9,16.9,0.8,90,1.97,1.0,5,40.1
2026-06-16 10:00,27.6,39,12.3,14.3,2.0,110,2.54,1.0,1,48.3
2026-06-16 11:00,29.4,35,12.3,14.3,2.1,110,3.27,1.0,1,52.9
2026-06-16 12:00,30.0,34,12.4,14.4,2.1,160,3.66,1.0,3,56.0
2026-06-16 13:00,30.7,34,13.0,15.0,2.8,160,3.48,1.0,3,55.3
2026-06-16 14:00,31.8,30,12.0,14.0,2.8,110,3.68,1.0,3,54.1
2026-06-16 15:00,32.6,28,11.7,13.7,2.2,160,3.39,1.0,1,55.0
2026-06-16 16:00,32.0,31,12.7,14.7,2.5,140,2.86,1.0,0,49.1
2026-06-16 17:00,31.8,32,13.0,15.0,3.1,140,2.15,1.0,0,40.5
2026-06-16 18:00,31.7,33,13.4,15.4,2.2,90,1.42,1.0,0,34.5
2026-06-16 19:00,31.2,34,13.4,15.4,2.0,90,0.67,1.0,2,31.1
2026-06-16 20:00,30.3,35,13.1,15.1,2.1,110,0.08,0.1,0,27.6
2026-06-16 21:00,29.7,37,13.4,15.4,1.1,140,,,0,25.7
2026-06-16 22:00,28.3,43,14.5,16.5,1.9,140,,,0,24.8
2026-06-16 23:00,27.6,47,15.2,17.3,1.3,140,,,0,24.0
2026-06-17 00:00,26.7,50,15.4,17.5,1.7,140,,,0,23.3
2026-06-17 01:00,26.0,53,15.6,17.7,0.5,140,,,0,22.5
2026-06-17 02:00,25.2,56,15.7,17.8,0.7,180,,,0,21.8
2026-06-17 03:00,24.7,58,15.8,17.9,0.7,140,,,2,21.8
2026-06-17 04:00,24.3,60,16.0,18.2,1.3,140,,,4,22.3
2026-06-17 05:00,24.3,60,16.0,18.2,0.4,0,,,8,22.7
2026-06-17 06:00,24.4,59,15.8,17.9,0.6,140,0.05,0.2,5,23.0
2026-06-17 07:00,24.8,62,17.0,19.4,0.3,0,0.55,0.9,1,27.4
2026-06-17 08:00,25.4,56,15.9,18.1,1.9,160,1.03,0.4,8,31.0
2026-06-17 09:00,26.0,56,16.5,18.8,1.0,180,1.11,0.1,8,33.4
2026-06-17 10:00,27.8,50,16.4,18.6,1.7,140,2.08,0.4,7,40.2
2026-06-17 11:00,29.1,48,16.9,19.2,1.2,180,2.41,0.4,6,42.7
2026-06-17 12:00,31.7,43,17.5,20.0,1.9,270,3.63,1.0,3,55.5
2026-06-17 13:00,31.6,40,16.3,18.5,1.8,250,3.67,0.9,4,54.1
2026-06-17 14:00,33.1,34,15.1,17.2,2.1,200,3.52,1.0,2,56.0
2026-06-17 15:00,32.7,35,15.2,17.3,1.6,140,2.96,0.7,9,49.8
2026-06-17 16:00,30.1,51,18.8,21.7,1.0,230,0.95,0.0,9,35.8
2026-06-17 17:00,30.2,45,16.9,19.2,1.3,270,0.54,0.0,9,30.0
2026-06-17 18:00,27.3,58,18.3,21.0,2.7,230,0.13,0.0,9,27.2
2026-06-17 19:00,23.5,84,20.6,24.3,1.6,270,0.01,0.0,9,25.0
2026-06-17 20:00,23.2,87,20.9,24.7,1.1,250,0.0,0.0,10,24.5
2026-06-17 21:00,22.9,86,20.4,24.0,1.3,200,,,9,24.1
2026-06-17 22:00,23.3,82,20.0,23.4,1.1,140,,,9,23.7
2026-06-17 23:00,23.3,82,20.0,23.4,0.3,0,,,7,23.7
2026-06-18 00:00,23.0,87,20.7,24.4,0.8,270,,,7,23.3
2026-06-18 01:00,22.8,87,20.5,24.1,0.7,270,,,7,23.7
2026-06-18 02:00,23.3,84,20.4,24.0,0.3,0,,,9,23.7
2026-06-18 03:00,22.7,87,20.4,24.0,1.2,270,,,8,23.7
2026-06-18 04:00,22.8,84,19.9,23.2,0.9,270,,,7,23.5
2026-06-18 05:00,22.7,86,20.2,23.7,0.7,250,,,10,23.5
2026-06-18 06:00,22.8,85,20.1,23.5,0.8,270,0.03,0.0,5,23.3
2026-06-18 07:00,23.3,80,19.6,22.8,1.0,290,0.34,0.2,7,24.5
2026-06-18 08:00,24.1,77,19.8,23.1,0.5,230,0.73,0.0,9,27.2
2026-06-18 09:00,25.3,71,19.6,22.8,1.3,270,1.23,0.0,9,30.5
2026-06-18 10:00,26.3,66,19.4,22.5,0.8,270,1.45,0.0,9,30.4
2026-06-18 11:00,27.5,63,19.8,23.1,1.4,320,1.64,0.0,9,33.2
2026-06-18 12:00,29.3,56,19.6,22.8,1.1,360,2.42,0.2,7,37.7
2026-06-18 13:00,29.6,52,18.6,21.4,1.9,270,3.34,0.8,3,41.5
2026-06-18 14:00,30.6,49,18.6,21.4,1.1,340,3.34,0.9,4,42.2
2026-06-18 15:00,31.1,45,17.7,20.2,1.6,270,3.21,0.9,3,43.5
2026-06-18 16:00,31.7,44,17.9,20.5,2.2,290,2.79,1.0,2,39.9
2026-06-18 17:00,31.8,45,18.3,21.0,2.0,270,2.11,1.0,4,36.4
2026-06-18 18:00,30.8,50,19.1,22.1,1.8,270,1.1,0.8,7,33.0
2026-06-18 19:00,29.3,54,19.0,22.0,2.1,290,0.42,0.0,7,30.1
2026-06-18 20:00,28.0,56,18.3,21.0,1.4,290,0.06,0.0,7,27.2
2026-06-18 21:00,27.2,57,17.9,20.5,1.1,290,,,5,25.7
2026-06-18 22:00,26.5,57,17.2,19.6,1.1,270,,,5,24.7
2026-06-18 23:00,25.9,60,17.5,20.0,1.3,270,,,5,23.8
2026-06-19 00:00,25.2,63,17.6,20.1,0.7,270,,,5,23.2
2026-06-19 01:00,25.0,64,17.7,20.2,0.6,270,,,5,22.9
2026-06-19 02:00,24.8,61,16.7,19.0,0.9,270,,,5,23.0
2026-06-19 03:00,24.5,64,17.2,19.6,0.7,250,,,3,22.5
2026-06-19 04:00,23.8,70,17.9,20.5,0.9,250,,,2,22.1
2026-06-19 05:00,23.4,73,18.2,20.9,0.4,0,,,3,21.8
2026-06-19 06:00,23.5,73,18.3,21.0,1.1,50,0.07,0.0,7,22.6
2026-06-19 07:00,24.6,67,18.0,20.6,0.8,70,0.55,0.3,7,24.8
2026-06-19 08:00,25.3,68,18.9,21.8,0.5,340,0.78,0.2,7,27.5
2026-06-19 09:00,27.0,61,18.8,21.7,0.7,270,1.55,0.8,7,34.4
2026-06-19 10:00,29.2,57,19.7,22.9,1.1,250,2.6,1.0,5,41.8
2026-06-19 11:00,31.0,55,20.8,24.6,1.9,140,3.09,1.0,7,45.8
2026-06-19 12:00,32.0,49,19.9,23.2,2.5,230,2.79,0.8,8,46.8
2026-06-19 13:00,31.8,51,20.4,24.0,1.9,180,2.51,0.6,8,44.6
2026-06-19 14:00,31.7,47,18.9,21.8,2.8,140,2.13,0.3,10,40.8
2026-06-19 15:00,30.8,51,19.4,22.5,2.1,140,1.15,0.0,10,36.2
2026-06-19 16:00,30.1,55,20.0,23.4,2.8,140,0.55,0.0,10,33.0
2026-06-19 17:00,29.7,56,19.9,23.2,1.1,160,0.48,0.0,10,31.2
2026-06-19 18:00,29.2,55,19.2,22.2,1.7,110,0.28,0.0,10,29.2
2026-06-19 19:00,29.0,56,19.3,22.4,1.8,140,0.17,0.0,10,28.5
2026-06-19 20:00,28.1,61,19.8,23.1,3.5,110,0.0,0.0,10,27.2
2026-06-19 21:00,27.7,63,20.0,23.4,3.1,90,,,10,26.5
2026-06-19 22:00,26.2,72,20.7,24.4,1.9,110,,,10,25.2
2026-06-19 23:00,24.5,83,21.4,25.5,2.7,90,,,10,24.2
2026-06-20 00:00,24.1,82,20.8,24.6,1.9,110,,,10,23.7
2026-06-20 01:00,23.6,82,20.3,23.8,1.8,140,,,10,23.7
2026-06-20 02:00,22.7,84,19.8,23.1,1.5,140,,,10,23.2
2026-06-20 03:00,22.3,84,19.4,22.5,1.4,140,,,10,23.0
2026-06-20 04:00,21.8,87,19.5,22.7,1.4,90,,,10,22.5
2026-06-20 05:00,21.7,90,19.9,23.2,0.6,340,,,10,22.7
2026-06-20 06:00,22.2,90,20.4,24.0,0.3,0,0.0,0.0,10,22.7
2026-06-20 07:00,22.3,90,20.5,24.1,0.9,140,0.0,0.0,10,23.0
2026-06-20 08:00,22.7,90,20.9,24.7,0.5,200,0.11,0.0,10,23.7
2026-06-20 09:00,23.5,90,21.7,26.0,0.4,0,0.29,0.0,10,25.3
2026-06-20 10:00,23.7,90,21.9,26.3,1.4,250,0.47,0.0,10,26.0
2026-06-20 11:00,24.6,84,21.7,26.0,3.1,270,0.66,0.0,10,27.8
2026-06-20 12:00,24.0,86,21.5,25.6,2.8,270,0.49,0.0,10,25.8
2026-06-20 13:00,24.3,81,20.8,24.6,3.0,270,0.69,0.0,10,26.6
2026-06-20 14:00,24.0,81,20.5,24.1,2.5,270,0.36,0.0,10,25.5
2026-06-20 15:00,24.2,79,20.3,23.8,3.8,270,0.44,0.0,10,25.6
2026-06-20 16:00,24.2,78,20.1,23.5,2.9,270,0.29,0.0,10,25.2
2026-06-20 17:00,23.7,77,19.4,22.5,3.3,270,0.21,0.0,10,24.2
2026-06-20 18:00,23.2,77,18.9,21.8,3.5,270,0.04,0.0,10,23.2
2026-06-20 19:00,22.9,77,18.6,21.4,3.3,270,0.04,0.0,10,22.8
2026-06-20 20:00,22.7,77,18.4,21.2,2.2,270,0.0,0.0,9,22.7
2026-06-20 21:00,22.3,78,18.2,20.9,1.8,270,,,10,22.5
2026-06-20 22:00,20.1,91,18.5,21.3,1.3,250,,,10,21.8
2026-06-20 23:00,20.2,90,18.5,21.3,1.2,270,,,10,21.8
2026-06-21 00:00,20.6,89,18.7,21.6,0.4,0,,,9,21.8
2026-06-21 01:00,20.7,89,18.8,21.7,0.9,250,,,10,22.0
2026-06-21 02:00,20.7,88,18.6,21.4,0.6,270,,,10,21.8
2026-06-21 03:00,20.6,89,18.7,21.6,1.0,270,,,7,21.2
2026-06-21 04:00,20.4,89,18.5,21.3,0.9,250,,,8,21.5
2026-06-21 05:00,21.0,75,16.3,18.5,1.2,90,,,9,21.0
2026-06-21 06:00,20.8,74,15.9,18.1,1.9,50,0.03,0.0,9,21.1
2026-06-21 07:00,21.2,69,15.2,17.3,2.5,70,0.47,0.0,9,22.2
2026-06-21 08:00,21.6,69,15.6,17.7,3.0,50,0.76,0.1,9,23.0
2026-06-21 09:00,23.1,62,15.4,17.5,2.9,50,1.58,0.7,9,29.0
2026-06-21 10:00,23.6,60,15.3,17.4,2.5,70,1.85,0.4,9,28.7
2026-06-21 11:00,24.9,55,15.2,17.3,2.4,70,2.36,0.8,9,30.9
2026-06-21 12:00,25.7,52,15.0,17.0,2.5,50,2.76,0.7,8,34.2
2026-06-21 13:00,26.5,52,15.8,17.9,1.5,290,2.8,0.7,8,33.0
2026-06-21 14:00,28.1,46,15.3,17.4,2.9,70,3.24,0.8,6,35.1
2026-06-21 15:00,28.0,47,15.6,17.7,2.8,70,2.66,0.7,8,31.7
2026-06-21 16:00,27.5,47,15.1,17.2,2.0,50,1.55,0.2,9,30.0
2026-06-21 17:00,27.1,48,15.1,17.2,3.3,70,0.9,0.0,9,27.6
2026-06-21 18:00,26.6,52,15.9,18.1,2.8,50,0.64,0.0,9,26.2
2026-06-21 19:00,25.8,56,16.3,18.5,2.8,50,0.29,0.0,8,24.5
2026-06-21 20:00,25.3,58,16.4,18.6,2.4,50,0.08,0.0,8,23.4
2026-06-21 21:00,25.1,59,16.5,18.8,1.5,70,,,8,22.9
2026-06-21 22:00,24.8,59,16.2,18.4,0.7,20,,,8,22.7
2026-06-21 23:00,24.1,68,17.8,20.4,0.3,0,,,9,22.7
2026-06-22 00:00,23.4,69,17.3,19.7,1.7,50,,,9,22.2
2026-06-22 01:00,23.0,73,17.8,20.4,1.2,50,,,9,22.1
2026-06-22 02:00,22.3,76,17.8,20.4,1.4,50,,,10,22.0
2026-06-22 03:00,22.2,75,17.5,20.0,0.6,70,,,10,21.8
2026-06-22 04:00,22.2,76,17.7,20.2,1.6,50,,,10,21.7
2026-06-22 05:00,21.5,79,17.6,20.1,1.5,50,,,10,21.3
2026-06-22 06:00,21.5,77,17.2,19.6,1.5,50,0.02,0.0,10,21.7
2026-06-22 07:00,22.0,75,17.3,19.7,0.1,0,0.13,0.0,10,22.3
2026-06-22 08:00,22.8,74,17.9,20.5,0.7,250,0.41,0.0,10,24.1
2026-06-22 09:00,23.6,71,18.0,20.6,1.5,270,0.89,0.0,10,26.3
2026-06-22 10:00,25.3,61,17.2,19.6,1.1,230,1.5,0.0,10,29.5
2026-06-22 11:00,25.7,59,17.0,19.4,1.5,160,2.51,0.8,10,33.0
2026-06-22 12:00,26.6,56,17.0,19.4,0.7,230,1.92,0.1,10,31.9
2026-06-22 13:00,25.9,61,17.7,20.2,0.8,270,0.93,0.0,10,28.5
2026-06-22 14:00,25.7,63,18.1,20.8,1.7,50,0.49,0.0,10,26.6
2026-06-22 15:00,25.3,63,17.7,20.2,0.8,290,0.27,0.0,10,25.9
2026-06-22 16:00,26.4,59,17.7,20.2,0.9,270,0.49,0.0,9,27.1
2026-06-22 17:00,25.9,64,18.5,21.3,1.2,200,0.79,0.0,9,27.3
2026-06-22 18:00,25.9,62,18.0,20.6,1.7,230,0.72,0.0,9,26.3
2026-06-22 19:00,25.7,60,17.3,19.7,1.5,140,0.7,0.8,8,24.9
2026-06-22 20:00,24.7,62,16.9,19.2,1.6,140,0.05,0.0,8,23.2
2026-06-22 21:00,23.7,63,16.2,18.4,1.1,140,,,9,22.2
2026-06-22 22:00,23.5,64,16.2,18.4,1.5,140,,,9,22.2
2026-06-22 23:00,23.0,67,16.5,18.8,0.6,140,,,9,22.0
2026-06-23 00:00,22.8,66,16.1,18.3,1.0,160,,,9,21.6
2026-06-23 01:00,22.2,68,16.0,18.2,1.1,140,,,7,20.7
2026-06-23 02:00,21.5,71,16.0,18.2,0.4,0,,,7,20.2
2026-06-23 03:00,21.2,71,15.7,17.8,1.1,70,,,3,19.7
2026-06-23 04:00,20.9,71,15.4,17.5,1.4,110,,,2,19.5
2026-06-23 05:00,20.5,73,15.4,17.5,1.4,110,,,2,19.2
2026-06-23 06:00,20.5,72,15.2,17.3,1.3,90,0.07,0.2,8,19.7
2026-06-23 07:00,21.3,67,14.9,16.9,2.0,110,0.6,0.8,5,21.6
2026-06-23 08:00,22.8,61,14.8,16.8,3.3,110,1.24,1.0,8,25.8
2026-06-23 09:00,23.2,58,14.4,16.4,2.8,90,1.77,0.8,8,26.8
2026-06-23 10:00,24.7,55,15.0,17.0,1.9,140,2.2,0.7,8,31.0
2026-06-23 11:00,25.8,50,14.5,16.5,2.8,90,3.51,0.9,7,34.2
2026-06-23 12:00,26.3,47,14.0,16.0,2.3,160,3.26,0.9,7,33.9
2026-06-23 13:00,26.4,46,13.8,15.8,2.6,180,3.69,1.0,6,35.4
2026-06-23 14:00,27.4,44,14.0,16.0,2.7,140,3.67,1.0,3,35.5
2026-06-23 15:00,27.3,44,13.9,15.9,3.0,110,3.29,1.0,1,33.7
2026-06-23 16:00,28.2,43,14.4,16.4,2.3,140,2.93,1.0,0,32.9
2026-06-23 17:00,28.1,43,14.3,16.3,2.8,140,2.27,1.0,2,30.0
2026-06-23 18:00,27.0,44,13.6,15.6,2.3,140,1.45,1.0,8,26.9
2026-06-23 19:00,25.6,47,13.4,15.4,2.7,110,0.48,0.4,7,24.3
2026-06-23 20:00,24.5,50,13.3,15.3,3.1,140,0.05,0.0,8,22.5
2026-06-23 21:00,23.7,53,13.5,15.5,2.9,110,,,8,21.4
2026-06-23 22:00,22.7,56,13.4,15.4,3.2,90,,,7,20.7
2026-06-23 23:00,21.8,58,13.1,15.1,4.2,90,,,8,20.1
2026-06-24 00:00,21.3,57,12.4,14.4,1.9,110,,,5,19.5
2026-06-24 01:00,20.8,60,12.7,14.7,3.1,90,,,6,19.0
2026-06-24 02:00,20.6,61,12.8,14.8,2.3,90,,,3,18.7
2026-06-24 03:00,20.5,60,12.4,14.4,2.5,110,,,6,18.2
2026-06-24 04:00,20.0,61,12.2,14.2,2.2,70,,,3,18.1
2026-06-24 05:00,19.8,62,12.3,14.3,1.4,70,,,4,18.0
2026-06-24 06:00,19.8,63,12.5,14.5,2.1,50,0.05,0.2,1,18.2
2026-06-24 07:00,21.2,59,12.8,14.8,2.3,50,0.77,0.9,6,22.1
2026-06-24 08:00,22.5,53,12.4,14.4,2.8,110,1.28,1.0,7,23.8
2026-06-24 09:00,23.5,50,12.4,14.4,2.8,110,1.95,0.9,8,26.9
2026-06-24 10:00,23.7,50,12.6,14.6,4.0,110,2.16,0.7,8,28.5
2026-06-24 11:00,24.7,47,12.6,14.6,3.0,110,2.46,0.7,9,29.1
2026-06-24 12:00,25.3,47,13.1,15.1,3.6,90,2.33,0.5,9,28.7
2026-06-24 13:00,25.8,45,12.9,14.9,2.6,110,2.73,0.7,8,31.4
2026-06-24 14:00,26.6,43,12.9,14.9,3.3,90,2.95,0.9,8,32.1
2026-06-24 15:00,26.5,43,12.8,14.8,4.0,90,1.63,0.0,9,29.0
2026-06-24 16:00,25.5,44,12.3,14.3,3.8,110,0.96,0.0,9,26.2
2026-06-24 17:00,25.3,45,12.5,14.5,3.3,90,0.92,0.1,8,25.9
2026-06-24 18:00,25.2,46,12.7,14.7,3.0,90,0.68,0.0,9,24.7
2026-06-24 19:00,24.7,49,13.2,15.2,2.6,90,0.22,0.0,10,23.4
2026-06-24 20:00,24.0,50,12.9,14.9,4.2,90,0.11,0.0,9,22.2
2026-06-24 21:00,23.5,52,13.0,15.0,3.1,90,,,8,21.3
2026-06-24 22:00,23.1,54,13.2,15.2,2.3,70,,,4,21.1
2026-06-24 23:00,22.6,55,13.0,15.0,2.3,90,,,9,20.8
2026-06-25 00:00,22.5,57,13.5,15.5,2.2,110,,,9,20.7
2026-06-25 01:00,22.1,59,13.7,15.7,1.5,140,,,8,20.7
2026-06-25 02:00,22.0,59,13.6,15.6,1.7,70,,,10,20.6
2026-06-25 03:00,21.7,61,13.8,15.8,2.3,90,,,9,20.3
2026-06-25 04:00,21.6,63,14.2,16.2,2.1,110,,,9,20.2
2026-06-25 05:00,21.5,63,14.1,16.1,1.9,90,,,9,20.2
2026-06-25 06:00,21.6,63,14.2,16.2,1.3,90,0.0,0.0,9,20.5
2026-06-25 07:00,21.7,63,14.3,16.3,1.4,70,0.11,0.0,10,21.1
2026-06-25 08:00,21.2,67,14.8,16.8,2.5,70,0.38,0.0,10,22.0
2026-06-25 09:00,22.2,64,15.0,17.0,2.1,90,1.23,0.1,10,25.9
2026-06-25 10:00,22.7,64,15.5,17.6,0.8,200,1.17,0.0,9,26.6
2026-06-25 11:00,23.4,63,15.9,18.1,1.0,110,1.16,0.0,10,27.8
2026-06-25 12:00,24.3,60,16.0,18.2,1.6,90,1.71,0.0,9,30.1
2026-06-25 13:00,26.1,57,16.9,19.2,1.7,90,3.74,0.8,8,36.4
2026-06-25 14:00,26.5,58,17.5,20.0,1.4,270,1.55,0.2,9,32.6
2026-06-25 15:00,26.2,59,17.5,20.0,1.0,110,1.29,0.0,9,30.3
2026-06-25 16:00,26.4,59,17.7,20.2,1.6,270,0.84,0.0,9,29.2
2026-06-25 17:00,26.0,60,17.6,20.1,1.4,270,0.5,0.0,8,27.6
2026-06-25 18:00,26.4,60,18.0,20.6,0.8,270,0.42,0.1,8,27.0
2026-06-25 19:00,26.1,61,17.9,20.5,1.1,250,0.62,0.6,6,26.2
2026-06-25 20:00,25.4,63,17.8,20.4,1.1,270,0.04,0.0,6,24.2
2026-06-25 21:00,24.0,68,17.7,20.2,1.9,290,,,7,23.2
2026-06-25 22:00,23.3,67,16.8,19.1,1.9,290,,,6,22.6
2026-06-25 23:00,22.7,65,15.7,17.8,2.1,270,,,7,22.2
2026-06-26 00:00,22.5,66,15.8,17.9,1.5,270,,,9,22.0
2026-06-26 01:00,21.7,70,15.9,18.1,1.3,270,,,3,21.3
2026-06-26 02:00,21.3,70,15.5,17.6,1.6,270,,,3,21.1
2026-06-26 03:00,21.1,72,15.8,17.9,1.5,270,,,8,21.0
2026-06-26 04:00,20.6,74,15.7,17.8,1.7,270,,,3,20.1
2026-06-26 05:00,20.2,76,15.8,17.9,1.3,290,,,3,19.5
2026-06-26 06:00,20.2,75,15.6,17.7,0.3,0,0.02,0.0,2,19.5
2026-06-26 07:00,20.9,71,15.4,17.5,1.4,270,0.41,0.2,2,21.8
2026-06-26 08:00,21.8,69,15.8,17.9,1.8,270,0.92,0.6,3,25.5
2026-06-26 09:00,23.2,64,16.0,18.2,1.4,270,1.72,0.8,5,29.8
2026-06-26 10:00,24.3,59,15.7,17.8,1.7,270,2.12,0.7,3,33.2
2026-06-26 11:00,26.3,50,15.0,17.0,0.7,140,3.24,1.0,2,39.2
2026-06-26 12:00,27.0,47,14.7,16.7,1.4,360,2.88,0.7,3,39.7
2026-06-26 13:00,27.0,49,15.3,17.4,1.4,270,2.05,0.4,5,35.5
2026-06-26 14:00,27.2,47,14.9,16.9,1.6,20,2.48,0.6,5,34.3
2026-06-26 15:00,27.2,44,13.8,15.8,1.9,70,1.47,0.2,5,32.4
2026-06-26 16:00,28.7,42,14.5,16.5,1.6,290,2.09,0.6,2,36.4
2026-06-26 17:00,29.0,40,14.0,16.0,2.9,70,2.3,1.0,2,33.0
2026-06-26 18:00,28.8,40,13.8,15.8,2.7,70,1.36,0.9,0,29.5
2026-06-26 19:00,27.9,42,13.7,15.7,2.3,70,0.71,1.0,0,26.7
2026-06-26 20:00,26.3,53,15.9,18.1,1.8,290,0.04,0.1,5,24.7
2026-06-26 21:00,25.3,58,16.4,18.6,1.6,290,,,7,23.2
2026-06-26 22:00,24.3,62,16.5,18.8,0.8,270,,,8,22.5
2026-06-26 23:00,23.6,65,16.6,18.9,0.8,270,,,7,21.7
2026-06-27 00:00,22.9,69,16.9,19.2,0.4,0,,,8,21.2
2026-06-27 01:00,22.1,72,16.8,19.1,0.5,70,,,7,20.6
2026-06-27 02:00,21.7,74,16.8,19.1,0.8,70,,,7,20.2
2026-06-27 03:00,21.2,75,16.5,18.8,1.0,70,,,8,19.7
2026-06-27 04:00,21.0,76,16.6,18.9,1.1,70,,,9,19.7
2026-06-27 05:00,20.6,77,16.4,18.6,1.2,70,,,8,19.5
2026-06-27 06:00,20.6,75,16.0,18.2,1.0,70,0.03,0.1,8,19.6
2026-06-27 07:00,21.2,72,15.9,18.1,1.5,70,0.55,0.7,9,22.5
2026-06-27 08:00,22.6,62,14.9,16.9,2.0,70,0.92,0.4,7,25.9
2026-06-27 09:00,24.0,52,13.5,15.5,2.9,70,1.57,1.0,6,29.1
2026-06-27 10:00,25.1,47,12.9,14.9,2.4,50,1.98,0.9,6,30.7
2026-06-27 11:00,27.7,44,14.3,16.3,3.0,70,3.33,1.0,7,38.9
2026-06-27 12:00,29.3,41,14.6,16.6,3.0,70,3.18,1.0,3,41.5
2026-06-27 13:00,30.4,40,15.2,17.3,1.7,340,3.82,1.0,2,44.9
2026-06-27 14:00,31.2,37,14.7,16.7,2.8,70,3.66,1.0,2,45.0
2026-06-27 15:00,32.5,32,13.6,15.6,2.8,70,3.36,1.0,2,43.9
2026-06-27 16:00,32.4,32,13.5,15.5,1.5,70,2.3,1.0,6,39.5
2026-06-27 17:00,32.6,27,11.1,13.2,2.6,70,2.25,1.0,2,36.4
2026-06-27 18:00,32.0,34,14.1,16.1,2.3,50,1.16,1.0,6,32.9
2026-06-27 19:00,31.3,37,14.8,16.8,1.9,70,0.86,1.0,3,31.1
2026-06-27 20:00,29.8,39,14.3,16.3,2.5,140,0.1,0.1,0,28.3
2026-06-27 21:00,28.3,51,17.1,19.5,1.5,290,,,2,26.5
2026-06-27 22:00,27.1,50,15.7,17.8,1.4,270,,,0,24.7
2026-06-27 23:00,26.0,52,15.3,17.4,1.0,270,,,0,23.6
2026-06-28 00:00,25.3,56,15.8,17.9,0.5,250,,,0,22.7
2026-06-28 01:00,24.5,59,15.9,18.1,0.9,250,,,1,22.0
2026-06-28 02:00,23.6,63,16.1,18.3,1.2,250,,,0,21.4
2026-06-28 03:00,23.2,64,16.0,18.2,1.1,270,,,0,21.0
2026-06-28 04:00,22.7,67,16.2,18.4,1.3,270,,,0,20.6
2026-06-28 05:00,21.8,73,16.7,19.0,0.7,270,,,0,20.2
2026-06-28 06:00,21.7,74,16.8,19.1,1.1,270,0.03,0.2,0,20.6
2026-06-28 07:00,22.9,67,16.4,18.6,0.8,110,0.54,1.0,0,24.1
2026-06-28 08:00,24.1,61,16.1,18.3,1.2,200,1.25,1.0,0,29.2
2026-06-28 09:00,25.1,60,16.7,19.0,1.3,290,1.99,1.0,0,34.7
2026-06-28 10:00,27.4,54,17.2,19.6,1.0,90,2.67,1.0,0,39.9
2026-06-28 11:00,28.2,50,16.7,19.0,1.7,290,3.2,1.0,1,44.4
2026-06-28 12:00,29.3,47,16.8,19.1,2.0,320,3.59,1.0,1,47.0
2026-06-28 13:00,30.7,44,17.0,19.4,1.2,270,3.45,0.9,3,48.0
2026-06-28 14:00,31.3,42,16.8,19.1,1.1,250,2.9,0.7,4,42.8
2026-06-28 15:00,32.3,38,16.1,18.3,1.4,290,2.52,0.7,3,43.5
2026-06-28 16:00,31.8,39,16.1,18.3,1.9,270,2.95,1.0,3,43.7
2026-06-28 17:00,32.0,41,17.0,19.4,2.4,270,2.28,1.0,2,39.9
2026-06-28 18:00,31.2,44,17.4,19.9,2.0,290,1.47,1.0,2,34.8
2026-06-28 19:00,29.3,47,16.8,19.1,2.2,290,0.7,1.0,4,31.1
2026-06-28 20:00,27.7,48,15.6,17.7,1.3,110,0.09,0.1,0,27.7
2026-06-28 21:00,26.8,43,13.1,15.1,1.0,290,,,5,25.6
2026-06-28 22:00,25.7,46,13.2,15.2,1.7,270,,,7,24.4
2026-06-28 23:00,25.2,47,13.0,15.0,1.0,250,,,7,23.7
2026-06-29 00:00,24.6,52,14.0,16.0,1.0,250,,,7,23.7
2026-06-29 01:00,24.3,53,14.1,16.1,1.0,270,,,7,23.7
2026-06-29 02:00,23.4,60,15.1,17.2,1.0,250,,,6,22.7
2026-06-29 03:00,23.1,63,15.6,17.7,1.0,270,,,8,22.2
2026-06-29 04:00,22.7,68,16.4,18.6,0.9,270,,,3,21.6
2026-06-29 05:00,22.3,71,16.7,19.0,0.9,180,,,1,21.2
2026-06-29 06:00,22.4,66,15.7,17.8,0.6,160,0.03,0.1,0,21.4
2026-06-29 07:00,23.4,66,16.6,18.9,0.5,200,0.53,1.0,3,25.0
2026-06-29 08:00,24.5,66,17.7,20.2,1.4,20,1.14,1.0,0,29.7
2026-06-29 09:00,25.7,63,18.1,20.8,1.3,320,1.8,1.0,2,34.6
2026-06-29 10:00,27.6,52,16.8,19.1,1.3,160,2.46,1.0,1,40.6
2026-06-29 11:00,29.2,42,14.9,16.9,1.3,290,3.1,1.0,1,45.2
2026-06-29 12:00,30.4,43,16.4,18.6,1.7,270,3.5,1.0,1,48.0
2026-06-29 13:00,31.2,42,16.7,19.0,1.8,20,3.48,1.0,5,48.2
2026-06-29 14:00,31.3,40,16.0,18.2,1.6,50,3.22,1.0,6,48.1
2026-06-29 15:00,31.5,41,16.6,18.9,2.7,290,2.84,0.8,6,45.2
2026-06-29 16:00,32.3,40,16.9,19.2,2.0,290,2.27,0.9,6,42.6
2026-06-29 17:00,31.8,43,17.6,20.1,1.9,290,1.82,0.7,5,39.7
2026-06-29 18:00,32.1,41,17.1,19.5,2.2,270,1.27,0.6,7,37.2
2026-06-29 19:00,28.5,58,19.4,22.5,3.0,90,0.56,0.3,8,30.0
2026-06-29 20:00,28.2,59,19.4,22.5,0.9,90,0.03,0.0,4,26.5
2026-06-29 21:00,27.3,49,15.6,17.7,1.7,290,,,3,24.7
2026-06-29 22:00,26.2,48,14.3,16.3,1.3,270,,,7,23.8
2026-06-29 23:00,25.7,50,14.4,16.4,1.4,270,,,8,23.5
2026-06-30 00:00,24.8,56,15.4,17.5,1.3,270,,,7,23.3
2026-06-30 01:00,24.2,60,15.9,18.1,1.1,270,,,7,22.7
2026-06-30 02:00,24.1,60,15.8,17.9,0.8,250,,,6,22.3
2026-06-30 03:00,24.0,64,16.7,19.0,0.8,270,,,7,22.5
2026-06-30 04:00,23.7,70,17.8,20.4,0.7,250,,,6,22.6
2026-06-30 05:00,23.3,71,17.7,20.2,0.9,270,,,3,21.8
2026-06-30 06:00,23.3,65,16.3,18.5,1.0,140,0.03,0.0,3,22.1
2026-06-30 07:00,23.8,67,17.2,19.6,0.5,200,0.47,1.0,2,25.1
2026-06-30 08:00,25.1,64,17.8,20.4,0.8,270,1.13,1.0,1,30.7
2026-06-30 09:00,27.0,53,16.5,18.8,1.4,160,1.96,1.0,1,36.8
2026-06-30 10:00,27.6,54,17.4,19.9,1.5,270,2.02,0.7,2,38.5
2026-06-30 11:00,29.4,44,15.8,17.9,1.5,340,3.06,1.0,3,45.0
2026-06-30 12:00,29.5,45,16.3,18.5,1.4,70,3.09,1.0,7,45.7
2026-06-30 13:00,30.5,42,16.1,18.3,2.3,70,3.26,1.0,3,48.5
2026-06-30 14:00,31.0,43,16.9,19.2,2.4,270,2.83,0.7,1,45.7
2026-06-30 15:00,31.9,40,16.6,18.9,1.5,270,2.43,0.7,7,43.2
2026-06-30 16:00,32.6,40,17.2,19.6,1.8,270,2.23,0.8,6,43.0
2026-06-30 17:00,32.3,40,16.9,19.2,2.0,270,2.12,1.0,3,39.6
2026-06-30 18:00,32.4,39,16.6,18.9,1.5,270,1.37,0.9,2,36.0
2026-06-30 19:00,30.8,45,17.4,19.9,2.0,290,0.51,0.4,6,32.4
2026-06-30 20:00,28.3,53,17.7,20.2,2.0,290,0.04,0.0,10,29.3
2026-06-30 21:00,27.8,53,17.3,19.7,1.1,270,,,7,28.3
2026-06-30 22:00,27.2,53,16.7,19.0,2.4,270,,,9,27.4
2026-06-30 23:00,26.5,52,15.8,17.9,1.1,250,,,8,26.5
2026-07-01 00:00,26.0,53,15.6,17.7,1.0,290,,,9,26.0
2026-07-01 01:00,25.6,55,15.8,17.9,1.0,270,,,9,25.2
2026-07-01 02:00,25.2,54,15.2,17.3,1.2,270,,,9,25.0
2026-07-01 03:00,24.6,74,19.6,22.8,0.9,250,,,9,24.7
2026-07-01 04:00,24.6,71,18.9,21.8,1.1,160,,,9,24.3
2026-07-01 05:00,24.2,67,17.6,20.1,1.3,70,,,9,24.1
2026-07-01 06:00,24.5,67,17.9,20.5,0.7,90,0.0,0.0,10,24.0
2026-07-01 07:00,23.7,73,18.5,21.3,1.7,110,0.0,0.0,10,23.2
2026-07-01 08:00,23.5,74,18.5,21.3,1.6,70,0.1,0.0,10,23.3
2026-07-01 09:00,23.2,76,18.7,21.6,2.6,70,0.21,0.0,10,23.3
2026-07-01 10:00,23.6,74,18.6,21.4,1.7,70,0.61,0.0,10,26.0
2026-07-01 11:00,23.9,72,18.5,21.3,2.3,110,0.74,0.0,10,25.7
2026-07-01 12:00,25.1,64,17.8,20.4,2.9,90,1.32,0.0,10,29.1
2026-07-01 13:00,26.1,55,16.3,18.5,3.2,90,1.92,0.0,9,30.1
2026-07-01 14:00,27.5,49,15.8,17.9,3.8,90,2.94,0.7,6,37.1
2026-07-01 15:00,27.5,46,14.8,16.8,3.6,90,3.18,1.0,8,37.2
2026-07-01 16:00,28.7,43,14.8,16.8,3.1,110,2.65,1.0,5,36.7
2026-07-01 17:00,28.7,43,14.8,16.8,3.2,110,2.18,1.0,2,33.3
2026-07-01 18:00,27.2,51,16.1,18.3,2.6,140,1.19,0.7,7,30.6
2026-07-01 19:00,26.5,54,16.4,18.6,1.8,250,0.78,1.0,7,28.3
2026-07-01 20:00,25.2,59,16.6,18.9,0.8,160,0.11,0.2,3,25.5
2026-07-01 21:00,24.5,59,15.9,18.1,2.2,140,,,0,23.8
2026-07-01 22:00,23.7,63,16.2,18.4,2.6,140,,,1,23.0
2026-07-01 23:00,23.6,64,16.3,18.5,1.2,110,,,4,23.0
2026-07-02 00:00,23.5,64,16.2,18.4,1.7,110,,,8,22.8
2026-07-02 01:00,23.3,64,16.0,18.2,1.5,110,,,4,22.3
2026-07-02 02:00,23.2,65,16.2,18.4,1.0,90,,,5,21.7
2026-07-02 03:00,22.2,69,16.2,18.4,1.1,160,,,5,21.2
2026-07-02 04:00,21.7,70,15.9,18.1,0.7,200,,,2,20.7
2026-07-02 05:00,21.7,70,15.9,18.1,0.6,160,,,8,20.7
2026-07-02 06:00,22.1,69,16.1,18.3,0.4,0,0.03,0.1,7,21.3
2026-07-02 07:00,22.5,66,15.8,17.9,0.8,180,0.38,0.4,6,23.2
2026-07-02 08:00,24.0,61,16.0,18.2,0.2,0,0.84,0.4,4,27.3
2026-07-02 09:00,25.4,56,15.9,18.1,1.7,230,1.94,1.0,1,35.6
2026-07-02 10:00,26.5,55,16.7,19.0,1.9,250,2.59,1.0,3,40.5
2026-07-02 11:00,28.1,52,17.3,19.7,1.2,270,3.03,0.8,5,45.4
2026-07-02 12:00,28.3,50,16.8,19.1,1.6,230,2.66,0.6,5,44.3
2026-07-02 13:00,30.2,43,16.2,18.4,1.8,270,3.18,0.6,6,46.0
2026-07-02 14:00,29.0,49,17.1,19.5,2.1,270,2.25,0.4,9,39.4
2026-07-02 15:00,28.8,54,18.5,21.3,2.0,270,1.22,0.1,8,38.9
2026-07-02 16:00,29.3,49,17.4,19.9,1.6,250,2.09,0.5,9,38.7
2026-07-02 17:00,27.6,59,18.8,21.7,2.5,290,0.83,0.1,10,32.8
2026-07-02 18:00,26.0,65,18.9,21.8,1.2,250,0.22,0.0,9,29.8
2026-07-02 19:00,25.8,67,19.1,22.1,1.5,270,0.25,0.0,8,28.7
2026-07-02 20:00,25.1,73,19.9,23.2,1.3,140,0.05,0.0,6,25.5
2026-07-02 21:00,24.7,78,20.5,24.1,0.7,230,,,3,24.5
2026-07-02 22:00,24.5,77,20.1,23.5,0.9,250,,,4,24.3
2026-07-02 23:00,24.2,77,19.9,23.2,1.2,250,,,7,24.6
2026-07-03 00:00,23.6,76,19.1,22.1,0.7,270,,,6,23.6
2026-07-03 01:00,23.3,77,19.0,22.0,1.3,270,,,6,23.2
2026-07-03 02:00,23.0,80,19.3,22.4,1.0,290,,,8,22.7
2026-07-03 03:00,23.1,78,19.0,22.0,1.2,270,,,8,23.2
2026-07-03 04:00,23.2,78,19.1,22.1,0.7,230,,,9,23.5
2026-07-03 05:00,23.1,76,18.6,21.4,1.2,200,,,9,23.3
2026-07-03 06:00,23.2,77,18.9,21.8,0.8,200,0.0,0.0,9,23.7
2026-07-03 07:00,23.5,79,19.6,22.8,0.6,180,0.18,0.0,9,24.7
2026-07-03 08:00,24.5,73,19.3,22.4,1.0,180,0.69,0.2,8,28.8
2026-07-03 09:00,26.1,65,18.9,21.8,1.2,180,1.62,0.6,8,35.3
2026-07-03 10:00,26.0,63,18.4,21.2,1.3,230,1.93,0.5,8,37.0
2026-07-03 11:00,26.7,61,18.5,21.3,1.6,180,1.75,0.2,9,36.7
2026-07-03 12:00,28.2,59,19.4,22.5,1.1,230,1.52,0.1,9,38.1
2026-07-03 13:00,29.1,55,19.1,22.1,1.8,270,2.75,0.6,9,47.2
2026-07-03 14:00,29.4,54,19.1,22.1,2.2,270,2.58,0.8,9,43.8
2026-07-03 15:00,29.4,55,19.4,22.5,1.8,270,1.96,0.2,9,40.3
2026-07-03 16:00,29.8,54,19.4,22.5,2.0,270,2.0,0.8,9,40.2
2026-07-03 17:00,30.0,54,19.6,22.8,2.3,270,1.81,0.7,6,37.5
2026-07-03 18:00,29.7,52,18.7,21.6,3.1,270,1.39,0.8,3,34.9
2026-07-03 19:00,28.6,56,18.9,21.8,2.0,270,0.45,0.5,7,30.4
2026-07-03 20:00,27.7,61,19.4,22.5,1.4,270,0.04,0.0,9,28.0
2026-07-03 21:00,26.7,65,19.5,22.7,2.1,270,,,9,26.7
2026-07-03 22:00,25.9,70,20.0,23.4,1.6,270,,,9,26.5
2026-07-03 23:00,25.5,72,20.0,23.4,1.3,270,,,10,25.6
2026-07-04 00:00,24.7,74,19.7,22.9,1.2,270,,,9,24.8
2026-07-04 01:00,24.3,76,19.7,22.9,1.5,290,,,10,25.2
2026-07-04 02:00,24.1,76,19.5,22.7,1.1,290,,,10,24.8
2026-07-04 03:00,24.1,76,19.5,22.7,0.5,270,,,10,24.6
2026-07-04 04:00,23.8,76,19.3,22.4,1.4,70,,,10,24.2
2026-07-04 05:00,24.0,76,19.5,22.7,0.9,50,,,9,24.3
2026-07-04 06:00,24.1,75,19.3,22.4,1.9,50,0.0,0.0,8,24.5
2026-07-04 07:00,24.7,73,19.5,22.7,2.1,90,0.41,0.1,7,27.6
2026-07-04 08:00,25.7,69,19.5,22.7,2.6,50,1.21,0.6,8,32.2
2026-07-04 09:00,26.3,66,19.4,22.5,1.7,90,1.58,0.6,9,33.9
2026-07-04 10:00,27.0,63,19.3,22.4,1.4,250,1.1,0.1,9,35.0
2026-07-04 11:00,28.7,57,19.3,22.4,1.0,250,2.87,0.8,6,44.2
2026-07-04 12:00,29.4,55,19.4,22.5,1.9,290,2.8,0.7,9,44.8
2026-07-04 13:00,30.9,51,19.5,22.7,1.8,290,3.03,0.8,8,50.2
2026-07-04 14:00,31.5,47,18.8,21.7,2.2,290,3.43,1.0,8,51.7
2026-07-04 15:00,31.2,46,18.1,20.8,1.9,270,1.92,0.4,9,43.5
2026-07-04 16:00,31.5,46,18.4,21.2,1.9,290,2.44,0.7,6,44.0
2026-07-04 17:00,31.8,46,18.7,21.6,2.1,270,1.9,0.8,8,39.7
2026-07-04 18:00,30.2,53,19.5,22.7,2.1,290,1.09,0.6,9,35.3
2026-07-04 19:00,30.0,56,20.2,23.7,1.0,290,0.36,0.0,9,32.3
2026-07-04 20:00,27.8,66,20.8,24.6,2.2,290,0.05,0.0,8,29.2
2026-07-04 21:00,27.0,69,20.8,24.6,1.0,290,,,7,27.5
2026-07-04 22:00,26.7,70,20.7,24.4,1.0,250,,,8,26.7
2026-07-04 23:00,25.8,72,20.3,23.8,2.2,270,,,7,26.3
2026-07-05 00:00,25.4,74,20.4,24.0,1.3,250,,,9,26.2
2026-07-05 01:00,25.2,75,20.4,24.0,0.7,290,,,7,25.9
2026-07-05 02:00,25.2,75,20.4,24.0,1.4,270,,,10,26.0
2026-07-05 03:00,25.6,74,20.6,24.3,0.6,250,,,10,25.7
2026-07-05 04:00,25.7,74,20.7,24.4,0.7,140,,,10,25.7
2026-07-05 05:00,25.6,74,20.6,24.3,0.9,110,,,10,25.7
2026-07-05 06:00,24.0,85,21.3,25.3,1.6,140,0.0,0.0,10,24.5
2026-07-05 07:00,23.9,87,21.5,25.6,1.1,250,0.05,0.0,10,25.0
2026-07-05 08:00,24.2,86,21.7,26.0,0.9,230,0.26,0.0,10,26.1
2026-07-05 09:00,24.4,88,22.2,26.8,1.1,200,0.37,0.0,9,26.9
2026-07-05 10:00,25.3,84,22.3,26.9,0.6,180,0.69,0.0,10,27.9
2026-07-05 11:00,25.5,83,22.3,26.9,1.0,230,0.64,0.0,10,28.4
2026-07-05 12:00,26.0,81,22.4,27.1,1.4,250,0.49,0.0,10,28.1
2026-07-05 13:00,26.8,77,22.4,27.1,1.7,230,1.01,0.0,9,30.2
2026-07-05 14:00,27.1,75,22.2,26.8,2.6,200,1.16,0.1,10,31.0
2026-07-05 15:00,27.1,77,22.7,27.6,1.3,200,0.96,0.0,9,30.4
2026-07-05 16:00,28.7,68,22.2,26.8,1.5,250,1.71,0.3,8,33.2
2026-07-05 17:00,28.7,71,22.9,27.9,1.6,270,1.02,0.2,8,30.8
2026-07-05 18:00,28.6,70,22.5,27.2,1.2,270,0.77,0.3,8,29.8
2026-07-05 19:00,27.7,73,22.4,27.1,2.2,270,0.22,0.0,9,28.1
2026-07-05 20:00,26.2,81,22.6,27.4,1.5,200,0.03,0.0,9,26.7
2026-07-05 21:00,26.2,79,22.2,26.8,1.7,230,,,7,25.6
2026-07-05 22:00,26.1,82,22.7,27.6,0.6,160,,,10,25.7
2026-07-05 23:00,25.7,81,22.1,26.6,1.3,290,,,10,25.6
2026-07-06 00:00,25.7,82,22.3,26.9,0.7,180,,,7,25.5
2026-07-06 01:00,25.5,83,22.3,26.9,1.4,230,,,8,25.2
2026-07-06 02:00,25.2,83,22.0,26.4,1.0,180,,,7,25.1
2026-07-06 03:00,25.2,83,22.0,26.4,0.8,160,,,8,24.9
2026-07-06 04:00,25.2,82,21.9,26.3,0.7,160,,,8,24.7
2026-07-06 05:00,25.1,83,22.0,26.4,1.1,140,,,8,24.5
2026-07-06 06:00,25.1,82,21.8,26.1,1.4,140,0.02,0.0,7,24.7
2026-07-06 07:00,25.2,81,21.6,25.8,1.2,180,0.18,0.0,10,25.2
2026-07-06 08:00,25.5,81,21.9,26.3,0.8,250,0.23,0.0,7,26.2
2026-07-06 09:00,26.7,76,22.1,26.6,1.4,250,1.17,0.2,8,30.0
2026-07-06 10:00,27.8,71,22.0,26.4,1.9,230,1.78,0.2,9,32.6
2026-07-06 11:00,27.9,74,22.8,27.7,1.6,230,1.35,0.1,7,34.0
2026-07-06 12:00,29.1,66,22.0,26.4,1.4,230,1.71,0.2,7,33.2
2026-07-06 13:00,29.8,66,22.7,27.6,1.6,200,1.52,0.1,8,33.0
2026-07-06 14:00,30.7,59,21.7,26.0,3.4,230,2.36,0.4,8,34.5
2026-07-06 15:00,28.0,79,24.0,29.8,2.9,270,1.27,0.2,9,31.3
2026-07-06 16:00,29.2,71,23.3,28.6,2.4,270,2.08,0.5,8,33.7
2026-07-06 17:00,29.5,69,23.2,28.4,1.6,200,0.96,0.1,8,31.5
2026-07-06 18:00,29.6,69,23.3,28.6,1.3,180,0.64,0.0,8,30.3
2026-07-06 19:00,29.2,71,23.3,28.6,1.0,250,0.25,0.0,8,29.1
2026-07-06 20:00,28.8,73,23.4,28.8,0.7,250,0.07,0.0,4,27.6
2026-07-06 21:00,28.5,74,23.4,28.8,1.3,270,,,9,27.2
2026-07-06 22:00,27.7,75,22.8,27.7,1.8,270,,,9,26.7
2026-07-06 23:00,27.2,77,22.8,27.7,1.0,270,,,3,26.0
2026-07-07 00:00,26.7,79,22.7,27.6,1.1,270,,,7,25.2
2026-07-07 01:00,26.8,79,22.8,27.7,0.6,200,,,8,25.8
2026-07-07 02:00,27.0,80,23.2,28.4,0.9,200,,,7,26.0
2026-07-07 03:00,27.0,81,23.4,28.8,0.8,140,,,9,25.7
2026-07-07 04:00,26.8,82,23.4,28.8,0.4,0,,,10,25.7
2026-07-07 05:00,26.3,84,23.3,28.6,0.7,290,,,10,25.8
2026-07-07 06:00,25.2,91,23.6,29.1,0.9,270,0.0,0.0,10,25.4
2026-07-07 07:00,24.0,89,22.0,26.4,0.6,270,0.0,0.0,10,24.7
2026-07-07 08:00,24.0,89,22.0,26.4,1.3,50,0.05,0.0,10,25.0
2026-07-07 09:00,24.8,88,22.6,27.4,0.1,0,0.26,0.0,9,26.0
2026-07-07 10:00,26.7,80,22.9,27.9,1.1,160,1.41,0.2,7,32.8
2026-07-07 11:00,28.8,73,23.4,28.8,1.3,160,2.81,0.8,8,36.4
2026-07-07 12:00,30.7,65,23.3,28.6,1.7,200,2.68,0.7,7,38.6
2026-07-07 13:00,30.5,64,22.9,27.9,2.0,230,2.73,0.6,7,37.0
2026-07-07 14:00,31.2,62,23.0,28.1,2.3,250,2.09,0.1,8,36.2
2026-07-07 15:00,32.3,61,23.8,29.5,1.2,180,2.25,0.5,4,36.7
2026-07-07 16:00,32.2,61,23.7,29.3,1.7,250,2.01,0.6,8,34.5
2026-07-07 17:00,32.3,60,23.5,28.9,1.3,270,1.41,0.5,8,33.8
2026-07-07 18:00,33.0,57,23.3,28.6,1.6,180,1.45,0.8,8,32.7
2026-07-07 19:00,31.8,64,24.1,30.0,2.2,140,0.55,0.3,8,30.1
2026-07-07 20:00,30.7,67,23.8,29.5,2.3,140,0.03,0.0,9,28.6
2026-07-07 21:00,30.2,69,23.8,29.5,2.2,140,,,9,27.7
2026-07-07 22:00,30.1,69,23.7,29.3,2.6,140,,,9,27.2
2026-07-07 23:00,29.4,71,23.5,28.9,1.2,140,,,10,27.0
2026-07-08 00:00,28.8,72,23.2,28.4,2.4,140,,,9,26.5
2026-07-08 01:00,28.1,73,22.7,27.6,1.4,140,,,8,26.0
2026-07-08 02:00,27.6,71,21.8,26.1,2.8,140,,,8,25.3
2026-07-08 03:00,26.9,72,21.4,25.5,1.0,160,,,3,24.7
2026-07-08 04:00,26.5,70,20.5,24.1,1.2,180,,,6,24.2
2026-07-08 05:00,26.7,65,19.5,22.7,1.1,230,,,7,24.3
2026-07-08 06:00,26.7,63,19.0,22.0,1.7,160,0.0,0.0,9,24.3
2026-07-08 07:00,27.2,60,18.7,21.6,0.6,140,0.07,0.0,10,25.1
2026-07-08 08:00,25.0,78,20.8,24.6,1.1,160,0.07,0.0,10,25.0
2026-07-08 09:00,24.2,84,21.3,25.3,1.1,200,0.14,0.0,10,25.2
2026-07-08 10:00,24.9,84,22.0,26.4,0.8,180,0.34,0.0,10,26.6
2026-07-08 11:00,24.7,88,22.5,27.2,1.5,200,0.27,0.0,10,25.9
2026-07-08 12:00,24.7,89,22.7,27.6,1.7,270,0.26,0.0,10,25.8
2026-07-08 13:00,24.8,91,23.2,28.4,0.4,0,0.15,0.0,10,25.7
2026-07-08 14:00,24.7,90,22.9,27.9,0.9,230,0.04,0.0,10,25.2
2026-07-08 15:00,24.5,91,22.9,27.9,1.6,230,0.02,0.0,10,25.1
2026-07-08 16:00,24.1,90,22.3,26.9,0.8,270,0.25,0.0,10,25.6
2026-07-08 17:00,25.0,87,22.6,27.4,1.2,230,0.57,0.0,10,27.3
2026-07-08 18:00,25.0,86,22.4,27.1,1.1,160,0.18,0.0,10,26.1
2026-07-08 19:00,25.2,87,22.8,27.7,0.3,0,0.1,0.0,10,26.1
2026-07-08 20:00,24.7,89,22.7,27.6,1.6,110,0.07,0.0,10,25.1
2026-07-08 21:00,24.8,90,23.0,28.1,1.0,160,,,10,25.1
2026-07-08 22:00,24.9,89,22.9,27.9,0.2,0,,,10,25.2
2026-07-08 23:00,25.3,89,23.3,28.6,0.4,0,,,10,25.2
2026-07-09 00:00,25.2,89,23.2,28.4,1.0,270,,,10,25.2
2026-07-09 01:00,25.2,90,23.4,28.8,0.5,160,,,10,25.2
2026-07-09 02:00,25.5,89,23.5,28.9,0.3,0,,,10,25.2
2026-07-09 03:00,25.7,88,23.5,28.9,1.2,110,,,10,25.2
2026-07-09 04:00,25.3,91,23.7,29.3,0.0,0,,,10,25.3
2026-07-09 05:00,25.0,91,23.4,28.8,1.2,160,,,10,25.1
2026-07-09 06:00,23.8,91,22.2,26.8,2.0,140,0.0,0.0,10,24.0
2026-07-09 07:00,23.5,92,22.1,26.6,1.7,110,0.0,0.0,10,23.6
2026-07-09 08:00,23.5,92,22.1,26.6,1.2,360,0.0,0.0,10,23.5
2026-07-09 09:00,23.2,89,21.2,25.2,1.9,70,0.0,0.0,10,23.6
2026-07-09 10:00,23.1,89,21.1,25.0,1.5,70,0.15,0.0,10,23.8
2026-07-09 11:00,23.1,89,21.1,25.0,1.6,50,0.13,0.0,10,24.0
2026-07-09 12:00,23.6,91,22.0,26.4,0.6,270,0.13,0.0,10,24.6
2026-07-09 13:00,23.7,88,21.5,25.6,2.1,270,0.39,0.0,10,25.3
2026-07-09 14:00,24.2,83,21.1,25.0,1.7,110,0.57,0.0,10,25.9
2026-07-09 15:00,24.8,80,21.1,25.0,1.3,230,1.05,0.0,9,29.0
2026-07-09 16:00,25.7,76,21.1,25.0,1.1,230,1.3,0.0,9,29.5
2026-07-09 17:00,26.3,76,21.7,26.0,0.6,200,0.85,0.0,9,28.6
2026-07-09 18:00,26.6,72,21.1,25.0,1.0,160,0.62,0.0,10,27.7
2026-07-09 19:00,26.5,74,21.4,25.5,0.1,0,0.32,0.0,8,26.6
2026-07-09 20:00,26.2,77,21.8,26.1,0.5,180,0.02,0.0,9,25.8
2026-07-09 21:00,25.2,84,22.2,26.8,0.5,180,,,9,25.2
2026-07-09 22:00,25.2,84,22.2,26.8,0.5,200,,,9,25.1
2026-07-09 23:00,25.1,84,22.1,26.6,0.8,230,,,7,24.8
2026-07-10 00:00,24.8,85,22.0,26.4,0.3,0,,,4,24.3
2026-07-10 01:00,24.8,84,21.9,26.3,0.7,230,,,3,24.0
2026-07-10 02:00,24.8,84,21.9,26.3,1.1,230,,,7,24.0
2026-07-10 03:00,24.6,84,21.7,26.0,0.7,270,,,4,23.5
2026-07-10 04:00,24.6,84,21.7,26.0,0.9,160,,,7,23.3
2026-07-10 05:00,24.3,85,21.6,25.8,0.3,0,,,8,23.5
2026-07-10 06:00,24.5,84,21.6,25.8,0.3,0,0.0,0.0,8,23.8
2026-07-10 07:00,25.6,78,21.4,25.5,0.6,250,0.4,0.5,2,25.7
2026-07-10 08:00,27.0,72,21.5,25.6,0.6,180,0.88,0.5,9,28.3
2026-07-10 09:00,28.1,71,22.3,26.9,1.2,140,1.03,0.1,9,30.2
2026-07-10 10:00,28.7,68,22.2,26.8,1.3,250,1.27,0.0,9,31.6
2026-07-10 11:00,28.6,72,23.0,28.1,2.1,250,1.82,0.3,9,34.9
2026-07-10 12:00,29.2,70,23.1,28.3,1.3,230,1.9,0.3,9,32.6
2026-07-10 13:00,29.5,70,23.4,28.8,0.7,230,0.8,0.0,10,31.3
2026-07-10 14:00,30.5,67,23.6,29.1,1.0,180,1.75,0.0,10,33.7
2026-07-10 15:00,31.1,63,23.2,28.4,1.5,230,1.66,0.1,9,35.2
2026-07-10 16:00,31.7,62,23.5,28.9,1.0,290,1.37,0.2,9,33.4
2026-07-10 17:00,31.8,63,23.8,29.5,1.1,320,1.39,0.3,9,32.9
2026-07-10 18:00,31.9,61,23.4,28.8,2.0,250,1.25,0.6,8,32.5
2026-07-10 19:00,30.6,69,24.2,30.2,1.3,290,0.29,0.0,7,29.8
2026-07-10 20:00,26.2,82,22.8,27.7,1.7,90,0.03,0.0,9,26.6
2026-07-10 21:00,26.0,82,22.6,27.4,1.9,50,,,8,26.2
2026-07-10 22:00,26.1,84,23.1,28.3,0.6,20,,,7,26.3
2026-07-10 23:00,25.2,86,22.6,27.4,1.4,50,,,7,25.5
2026-07-11 00:00,25.7,84,22.7,27.6,0.3,0,,,6,25.7
2026-07-11 01:00,25.6,86,23.0,28.1,0.2,0,,,7,25.3
2026-07-11 02:00,25.6,89,23.6,29.1,0.2,0,,,6,25.0
2026-07-11 03:00,24.9,89,22.9,27.9,0.0,0,,,7,24.5
2026-07-11 04:00,24.3,91,22.7,27.6,0.5,270,,,7,24.1
2026-07-11 05:00,24.3,90,22.5,27.2,0.5,20,,,6,23.7
2026-07-11 06:00,24.3,91,22.7,27.6,1.0,50,0.0,0.0,3,24.3
2026-07-11 07:00,24.7,92,23.3,28.6,0.4,0,0.28,0.0,2,26.0
2026-07-11 08:00,26.3,84,23.3,28.6,0.4,0,0.96,0.4,2,30.8
2026-07-11 09:00,29.0,70,22.9,27.9,0.8,110,2.02,1.0,3,34.5
2026-07-11 10:00,30.2,61,21.8,26.1,1.7,110,2.58,1.0,6,36.7
2026-07-11 11:00,32.2,60,23.4,28.8,1.0,110,3.04,1.0,6,39.5
2026-07-11 12:00,32.4,56,22.4,27.1,0.8,140,3.73,1.0,6,41.9
2026-07-11 13:00,33.0,55,22.7,27.6,2.4,270,3.23,0.9,7,41.5
2026-07-11 14:00,33.7,53,22.7,27.6,2.0,270,3.2,1.0,7,41.4
2026-07-11 15:00,33.9,53,22.9,27.9,0.9,200,2.84,1.0,7,39.9
2026-07-11 16:00,34.5,51,22.8,27.7,2.0,290,2.87,1.0,6,38.2
2026-07-11 17:00,34.2,51,22.6,27.4,1.5,270,1.9,1.0,4,35.2
2026-07-11 18:00,34.2,52,22.9,27.9,0.8,50,1.35,1.0,3,33.2
2026-07-11 19:00,33.5,54,22.9,27.9,1.0,290,0.64,1.0,0,31.8
2026-07-11 20:00,32.9,55,22.6,27.4,1.7,70,0.11,0.2,0,29.2
2026-07-11 21:00,32.2,60,23.4,28.8,0.5,320,,,1,29.2
2026-07-11 22:00,31.4,66,24.2,30.2,1.1,270,,,4,29.0
2026-07-11 23:00,30.6,69,24.2,30.2,0.2,0,,,0,28.3
2026-07-12 00:00,30.1,65,22.7,27.6,0.9,270,,,0,27.7
2026-07-12 01:00,29.3,69,23.0,28.1,1.0,270,,,0,27.1
2026-07-12 02:00,28.5,78,24.2,30.2,1.1,140,,,4,26.7
2026-07-12 03:00,27.8,79,23.8,29.5,0.9,20,,,0,26.2
2026-07-12 04:00,27.5,81,23.9,29.7,0.5,270,,,0,25.8
2026-07-12 05:00,26.7,84,23.7,29.3,0.6,20,,,0,25.7
2026-07-12 06:00,26.7,84,23.7,29.3,0.2,0,0.03,0.2,0,25.9
2026-07-12 07:00,28.1,78,23.8,29.5,0.2,0,0.53,1.0,0,28.4
2026-07-12 08:00,29.5,72,23.9,29.7,1.2,70,1.21,1.0,1,31.9
2026-07-12 09:00,31.0,62,22.8,27.7,1.2,250,1.98,1.0,2,35.9
2026-07-12 10:00,32.9,54,22.3,26.9,1.6,180,2.57,1.0,3,38.5
2026-07-12 11:00,32.8,55,22.5,27.2,2.2,250,2.43,0.6,4,37.0
2026-07-12 12:00,33.0,54,22.4,27.1,1.9,200,2.61,0.6,4,40.9
2026-07-12 13:00,34.5,52,23.2,28.4,1.9,270,3.74,1.0,3,43.5
2026-07-12 14:00,34.5,50,22.5,27.2,1.4,290,2.94,0.7,4,38.8
2026-07-12 15:00,34.9,52,23.5,28.9,1.7,160,2.5,0.6,4,38.0
2026-07-12 16:00,35.1,51,23.4,28.8,0.9,230,1.82,0.3,5,36.4
2026-07-12 17:00,35.4,48,22.7,27.6,2.1,270,2.04,0.8,5,35.5
2026-07-12 18:00,34.8,48,22.1,26.6,2.8,270,1.41,1.0,4,32.7
2026-07-12 19:00,33.8,52,22.5,27.2,1.8,270,0.66,1.0,0,31.2
2026-07-12 20:00,32.7,53,21.8,26.1,2.0,270,0.12,0.3,0,29.2
2026-07-12 21:00,32.0,54,21.5,25.6,1.3,270,,,2,28.3
2026-07-12 22:00,31.5,54,21.0,24.9,1.2,230,,,0,27.7
2026-07-12 23:00,30.8,58,21.5,25.6,0.6,230,,,0,27.2
2026-07-13 00:00,30.2,61,21.8,26.1,1.0,200,,,0,27.0
2026-07-13 01:00,29.5,65,22.2,26.8,1.1,200,,,0,26.7
2026-07-13 02:00,28.7,69,22.4,27.1,0.6,200,,,0,26.3
2026-07-13 03:00,28.2,72,22.6,27.4,0.6,160,,,0,26.1
2026-07-13 04:00,27.7,74,22.6,27.4,0.9,140,,,0,25.8
2026-07-13 05:00,27.4,75,22.5,27.2,0.4,0,,,0,25.6
2026-07-13 06:00,27.3,75,22.4,27.1,0.3,0,0.02,0.2,0,25.8
2026-07-13 07:00,28.5,70,22.4,27.1,0.9,160,0.54,1.0,0,28.1
2026-07-13 08:00,29.7,66,22.6,27.4,1.0,160,1.21,1.0,0,32.0
2026-07-13 09:00,30.8,61,22.4,27.1,1.5,160,1.97,1.0,0,35.7
2026-07-13 10:00,31.5,58,22.2,26.8,2.5,200,2.41,0.9,4,36.4
2026-07-13 11:00,31.7,57,22.1,26.6,2.1,200,2.24,0.5,7,35.2
2026-07-13 12:00,32.5,56,22.5,27.2,2.3,270,1.83,0.2,8,36.3
2026-07-13 13:00,33.9,51,22.3,26.9,2.3,250,2.34,0.4,8,39.1
2026-07-13 14:00,34.6,49,22.3,26.9,2.4,270,2.71,0.6,6,41.2
2026-07-13 15:00,34.4,48,21.7,26.0,3.1,270,2.8,0.7,7,37.7
2026-07-13 16:00,35.0,48,22.3,26.9,2.8,270,2.64,0.9,5,37.7
2026-07-13 17:00,35.2,47,22.1,26.6,2.8,250,2.51,1.0,5,36.0
2026-07-13 18:00,34.5,48,21.8,26.1,2.0,160,1.32,0.7,3,32.4
2026-07-13 19:00,33.6,51,22.0,26.4,1.8,250,0.69,1.0,0,30.7
2026-07-13 20:00,32.5,53,21.6,25.8,1.7,290,0.09,0.3,0,29.1
2026-07-13 21:00,31.6,57,22.0,26.4,1.4,250,,,0,28.2
2026-07-13 22:00,31.1,57,21.5,25.6,1.8,270,,,0,27.3
2026-07-13 23:00,30.6,56,20.8,24.6,2.0,250,,,0,26.7
2026-07-14 00:00,29.6,60,21.0,24.9,1.7,290,,,0,26.3
2026-07-14 01:00,29.5,61,21.1,25.0,1.5,230,,,3,26.7
2026-07-14 02:00,29.0,63,21.2,25.2,1.4,200,,,3,26.3
2026-07-14 03:00,28.8,64,21.3,25.3,0.4,0,,,9,26.7
2026-07-14 04:00,28.6,64,21.1,25.0,1.5,140,,,9,26.3
2026-07-14 05:00,28.5,65,21.2,25.2,1.3,200,,,9,26.5
2026-07-14 06:00,28.3,66,21.3,25.3,0.4,0,0.0,0.0,9,26.7
2026-07-14 07:00,28.5,67,21.7,26.0,1.7,140,0.21,0.0,9,27.2
2026-07-14 08:00,29.5,66,22.4,27.1,0.5,200,0.81,0.2,9,30.0
2026-07-14 09:00,31.3,60,22.5,27.2,2.2,200,1.84,0.9,5,35.4
2026-07-14 10:00,31.9,59,22.8,27.7,2.1,200,2.65,0.8,7,38.3
2026-07-14 11:00,32.4,56,22.4,27.1,2.0,250,2.49,0.6,8,36.8
2026-07-14 12:00,32.7,54,22.1,26.6,2.7,230,1.65,0.1,9,35.6
2026-07-14 13:00,33.8,51,22.2,26.8,2.9,200,2.87,0.5,8,39.2
2026-07-14 14:00,33.5,53,22.6,27.4,2.9,230,1.91,0.2,9,36.2
2026-07-14 15:00,33.6,54,23.0,28.1,3.0,250,2.1,0.3,8,37.1
2026-07-14 16:00,32.5,56,22.5,27.2,2.6,230,0.92,0.1,9,32.7
2026-07-14 17:00,32.0,57,22.4,27.1,2.9,230,0.49,0.0,10,31.3
2026-07-14 18:00,31.7,59,22.6,27.4,1.9,230,0.27,0.0,10,30.2
2026-07-14 19:00,31.3,60,22.5,27.2,1.5,200,0.1,0.0,10,29.1
2026-07-14 20:00,31.0,60,22.3,26.9,2.9,250,0.0,0.0,10,28.2
2026-07-14 21:00,30.1,65,22.7,27.6,3.3,250,,,10,27.5
2026-07-14 22:00,27.5,79,23.5,28.9,3.0,230,,,10,26.8
2026-07-14 23:00,26.7,85,23.9,29.7,2.6,230,,,10,26.5
2026-07-15 00:00,26.7,85,23.9,29.7,2.4,230,,,10,26.5
2026-07-15 01:00,26.6,86,24.0,29.8,3.4,270,,,10,26.4
2026-07-15 02:00,26.2,88,24.0,29.8,3.1,270,,,10,26.2
2026-07-15 03:00,26.2,89,24.2,30.2,3.1,250,,,10,26.2
2026-07-15 04:00,26.6,87,24.2,30.2,2.8,270,,,10,26.3
2026-07-15 05:00,26.7,85,23.9,29.7,2.3,270,,,10,26.3
2026-07-15 06:00,26.7,85,23.9,29.7,2.0,250,0.0,0.0,10,26.3
2026-07-15 07:00,26.8,84,23.8,29.5,2.5,270,0.0,0.0,10,26.5
2026-07-15 08:00,26.8,84,23.8,29.5,2.3,270,0.09,0.0,10,27.0
2026-07-15 09:00,27.5,80,23.7,29.3,2.8,270,0.31,0.0,9,27.8
2026-07-15 10:00,28.2,76,23.5,28.9,2.7,270,0.6,0.0,8,28.7
2026-07-15 11:00,29.8,61,21.4,25.5,4.4,270,2.64,0.6,5,36.5
2026-07-15 12:00,29.0,61,20.7,24.4,3.2,270,2.99,0.6,9,35.7
2026-07-15 13:00,29.7,61,21.3,25.3,3.1,270,2.97,0.6,8,36.9
2026-07-15 14:00,29.8,59,20.9,24.7,2.4,270,2.67,0.5,8,36.7
2026-07-15 15:00,31.4,51,20.0,23.4,2.8,270,2.76,0.6,5,38.1
2026-07-15 16:00,31.3,53,20.5,24.1,2.1,270,2.34,0.7,5,35.0
2026-07-15 17:00,31.4,51,20.0,23.4,2.6,290,2.16,0.9,4,32.9
2026-07-15 18:00,30.0,54,19.6,22.8,2.3,270,1.39,0.9,7,30.4
2026-07-15 19:00,29.0,60,20.4,24.0,1.8,270,0.65,0.6,6,29.0
2026-07-15 20:00,28.1,63,20.3,23.8,1.5,270,0.05,0.0,9,27.3
2026-07-15 21:00,27.3,65,20.1,23.5,1.2,270,,,10,26.3
2026-07-15 22:00,26.6,69,20.4,24.0,1.3,250,,,10,26.0
2026-07-15 23:00,26.0,72,20.5,24.1,1.8,270,,,8,25.3
2026-07-16 00:00,25.5,74,20.5,24.1,1.7,270,,,9,25.0
2026-07-16 01:00,25.2,75,20.4,24.0,1.4,270,,,10,24.8
2026-07-16 02:00,25.2,76,20.6,24.3,0.8,270,,,10,25.0
2026-07-16 03:00,25.1,77,20.7,24.4,1.0,290,,,10,25.0
2026-07-16 04:00,25.0,78,20.8,24.6,0.7,290,,,10,24.7
2026-07-16 05:00,24.8,79,20.9,24.7,0.7,270,,,7,24.2
2026-07-16 06:00,24.7,80,21.0,24.9,0.4,0,0.01,0.0,6,24.5
2026-07-16 07:00,25.2,77,20.8,24.6,0.8,320,0.24,0.1,8,25.7
2026-07-16 08:00,26.2,74,21.1,25.0,0.8,290,0.74,0.2,9,28.3
2026-07-16 09:00,27.7,65,20.5,24.1,1.3,90,1.29,0.2,8,32.0
2026-07-16 10:00,28.2,65,20.9,24.7,1.2,180,1.97,0.7,7,33.7
2026-07-16 11:00,28.7,62,20.6,24.3,1.9,270,1.73,0.0,9,34.3
2026-07-16 12:00,29.4,63,21.6,25.8,2.2,270,2.42,0.4,10,35.2
2026-07-16 13:00,29.2,67,22.4,27.1,1.6,290,1.24,0.0,9,34.5
2026-07-16 14:00,30.1,65,22.7,27.6,1.8,270,1.82,0.0,9,36.2
2026-07-16 15:00,29.8,66,22.7,27.6,2.0,250,1.35,0.0,10,34.1
2026-07-16 16:00,29.3,70,23.2,28.4,2.1,270,1.03,0.0,10,31.8
2026-07-16 17:00,28.6,71,22.8,27.7,1.9,290,0.43,0.0,10,30.3
2026-07-16 18:00,28.8,71,23.0,28.1,1.2,270,0.45,0.0,10,29.8
2026-07-16 19:00,28.1,73,22.7,27.6,1.2,290,0.2,0.0,10,28.6
2026-07-16 20:00,27.5,68,21.0,24.9,1.5,290,0.0,0.0,9,27.2
2026-07-16 21:00,27.3,67,20.6,24.3,0.7,290,,,7,26.4
2026-07-16 22:00,26.9,69,20.7,24.4,0.8,270,,,9,26.3
2026-07-16 23:00,26.7,71,20.9,24.7,0.5,70,,,10,26.1
2026-07-17 00:00,26.2,74,21.1,25.0,0.7,250,,,10,26.1
2026-07-17 01:00,24.6,87,22.2,26.8,0.2,0,,,10,25.6
2026-07-17 02:00,24.8,85,22.0,26.4,0.5,270,,,10,25.6
2026-07-17 03:00,24.7,86,22.1,26.6,1.5,270,,,8,25.4
2026-07-17 04:00,24.9,83,21.8,26.1,0.4,0,,,9,25.3
2026-07-17 05:00,24.7,86,22.1,26.6,0.7,290,,,9,25.3
2026-07-17 06:00,24.7,85,22.0,26.4,0.2,0,0.0,0.0,9,25.5
2026-07-17 07:00,24.8,88,22.6,27.4,0.1,0,0.03,0.0,9,26.0
2026-07-17 08:00,25.2,86,22.6,27.4,0.4,0,0.18,0.0,10,26.2
2026-07-17 09:00,25.2,86,22.6,27.4,1.5,50,0.17,0.0,10,26.3
2026-07-17 10:00,25.0,90,23.2,28.4,0.4,0,0.26,0.0,10,26.9
2026-07-17 11:00,24.9,90,23.1,28.3,0.1,0,0.36,0.0,10,27.3
2026-07-17 12:00,26.6,82,23.2,28.4,0.7,140,1.13,0.0,9,31.9
2026-07-17 13:00,26.8,80,23.0,28.1,0.9,180,1.41,0.0,10,31.0
2026-07-17 14:00,26.7,86,24.1,30.0,0.7,180,0.63,0.0,10,30.5
2026-07-17 15:00,28.7,74,23.5,28.9,1.5,200,2.27,0.5,9,35.3
2026-07-17 16:00,28.7,74,23.5,28.9,1.5,140,1.48,0.2,9,32.8
2026-07-17 17:00,29.4,72,23.8,29.5,0.7,160,1.1,0.2,10,31.7
2026-07-17 18:00,29.2,73,23.8,29.5,1.0,140,0.55,0.0,10,30.3
2026-07-17 19:00,28.6,78,24.3,30.4,0.8,160,0.11,0.0,10,28.8
2026-07-17 20:00,27.6,86,25.0,31.7,0.6,200,0.0,0.0,10,28.3
2026-07-17 21:00,27.6,86,25.0,31.7,0.2,0,,,10,27.8
2026-07-17 22:00,27.0,89,25.0,31.7,0.3,0,,,10,27.3
2026-07-17 23:00,26.8,86,24.2,30.2,1.5,140,,,10,26.8
2026-07-18 00:00,26.4,88,24.2,30.2,0.4,0,,,10,26.8
2026-07-18 01:00,26.2,87,23.8,29.5,0.3,0,,,10,26.8
2026-07-18 02:00,26.1,84,23.1,28.3,1.2,140,,,10,26.2
2026-07-18 03:00,26.0,84,23.0,28.1,0.6,200,,,10,26.3
2026-07-18 04:00,25.8,84,22.8,27.7,1.0,230,,,10,26.1
2026-07-18 05:00,26.3,84,23.3,28.6,0.7,140,,,10,26.0
2026-07-18 06:00,26.6,84,23.6,29.1,0.7,230,0.0,0.0,10,26.0
2026-07-18 07:00,26.1,87,23.7,29.3,1.2,230,0.0,0.0,10,26.0
2026-07-18 08:00,26.2,89,24.2,30.2,0.7,250,0.02,0.0,10,26.3
2026-07-18 09:00,26.7,87,24.3,30.4,1.3,230,0.12,0.0,10,27.0
2026-07-18 10:00,26.7,86,24.1,30.0,1.6,250,0.14,0.0,9,27.0
2026-07-18 11:00,27.1,86,24.5,30.7,1.7,230,0.28,0.0,10,28.0
2026-07-18 12:00,28.7,78,24.4,30.6,1.6,230,1.19,0.0,9,31.4
2026-07-18 13:00,28.8,78,24.5,30.7,1.5,230,0.75,0.0,9,30.2
2026-07-18 14:00,28.7,82,25.3,32.2,0.7,270,0.28,0.0,9,30.0
2026-07-18 15:00,29.5,77,25.0,31.7,0.7,270,0.97,0.0,10,31.1
2026-07-18 16:00,29.0,79,24.9,31.5,1.2,270,0.38,0.0,10,29.6
2026-07-18 17:00,29.1,77,24.6,30.9,2.0,270,0.52,0.0,10,30.2
2026-07-18 18:00,28.6,78,24.3,30.4,1.4,270,0.19,0.0,9,28.8
2026-07-18 19:00,28.2,79,24.2,30.2,1.4,270,0.14,0.0,9,28.3
2026-07-18 20:00,28.0,81,24.4,30.6,1.1,270,0.02,0.0,10,27.7
2026-07-18 21:00,27.7,84,24.7,31.1,0.4,0,,,10,27.5
2026-07-18 22:00,26.8,89,24.8,31.3,1.2,270,,,10,27.1
2026-07-18 23:00,26.2,90,24.4,30.6,1.7,270,,,10,26.8
2026-07-19 00:00,26.1,89,24.1,30.0,1.2,250,,,10,26.7
2026-07-19 01:00,26.1,89,24.1,30.0,0.9,270,,,6,26.6
2026-07-19 02:00,25.8,89,23.8,29.5,0.8,270,,,6,26.5
2026-07-19 03:00,25.5,87,23.1,28.3,0.6,290,,,10,26.2
2026-07-19 04:00,24.8,90,23.0,28.1,0.9,250,,,10,26.1
2026-07-19 05:00,24.3,90,22.5,27.2,1.7,270,,,10,25.7
2026-07-19 06:00,24.6,89,22.6,27.4,0.9,200,0.0,0.0,10,25.7
2026-07-19 07:00,24.6,88,22.4,27.1,1.2,250,0.11,0.0,9,26.3
2026-07-19 08:00,25.1,85,22.3,26.9,0.8,250,0.46,0.1,7,28.5
2026-07-19 09:00,26.0,78,21.8,26.1,1.0,250,0.98,0.2,6,31.5
2026-07-19 10:00,26.7,76,22.1,26.6,1.4,250,1.76,0.3,6,32.7
2026-07-19 11:00,28.2,64,20.7,24.4,1.6,230,2.84,0.7,3,39.7
2026-07-19 12:00,29.3,61,20.9,24.7,1.7,250,2.95,1.0,5,40.1
2026-07-19 13:00,30.5,60,21.8,26.1,2.3,270,3.59,1.0,4,41.5
2026-07-19 14:00,31.2,54,20.7,24.4,2.3,290,3.42,1.0,6,40.6
2026-07-19 15:00,31.6,54,21.1,25.0,1.7,270,3.01,1.0,3,38.9
2026-07-19 16:00,31.3,53,20.5,24.1,2.2,250,2.34,0.7,7,35.0
2026-07-19 17:00,31.1,57,21.5,25.6,1.6,290,1.18,0.1,7,33.5
2026-07-19 18:00,30.5,60,21.8,26.1,1.4,270,0.71,0.0,8,31.6
2026-07-19 19:00,29.7,62,21.6,25.8,1.9,270,0.33,0.0,7,29.6
2026-07-19 20:00,28.7,63,20.9,24.7,1.4,270,0.02,0.0,6,27.8
2026-07-19 21:00,27.5,71,21.7,26.0,1.0,290,,,6,27.1
2026-07-19 22:00,27.0,73,21.7,26.0,0.5,270,,,7,26.6
2026-07-19 23:00,26.6,74,21.5,25.6,0.3,0,,,10,26.3
2026-07-20 00:00,26.1,78,21.9,26.3,0.1,0,,,8,26.2
2026-07-20 01:00,25.2,82,21.9,26.3,0.4,0,,,8,25.8
2026-07-20 02:00,25.5,79,21.5,25.6,0.0,0,,,6,25.3
2026-07-20 03:00,25.2,83,22.0,26.4,0.5,250,,,8,25.6
2026-07-20 04:00,25.2,82,21.9,26.3,0.7,50,,,8,25.7
2026-07-20 05:00,25.1,86,22.5,27.2,0.6,290,,,10,25.7
2026-07-20 06:00,24.3,87,21.9,26.3,1.7,70,0.0,0.0,10,25.3
2026-07-20 07:00,23.7,89,21.7,26.0,0.8,250,0.01,0.0,10,25.3
2026-07-20 08:00,23.1,84,20.2,23.7,1.4,230,0.09,0.0,10,25.1
2026-07-20 09:00,22.2,88,20.1,23.5,3.0,50,0.05,0.0,10,23.3
2026-07-20 10:00,22.7,88,20.6,24.3,2.3,70,0.06,0.0,10,23.7
2026-07-20 11:00,22.6,90,20.8,24.6,1.5,110,0.16,0.0,10,23.7
2026-07-20 12:00,24.5,83,21.4,25.5,1.3,320,1.22,0.0,10,28.7
2026-07-20 13:00,26.5,77,22.1,26.6,3.0,50,2.22,0.3,5,34.1
2026-07-20 14:00,28.3,69,22.0,26.4,3.1,70,3.22,0.8,8,33.9
2026-07-20 15:00,29.3,66,22.2,26.8,3.8,70,2.65,0.4,4,34.0
2026-07-20 16:00,30.3,65,22.9,27.9,2.6,50,2.71,1.0,3,32.7
2026-07-20 17:00,30.4,67,23.5,28.9,2.3,50,1.91,0.9,4,31.4
2026-07-20 18:00,29.7,70,23.6,29.1,1.4,50,0.67,0.2,7,29.8
2026-07-20 19:00,29.3,72,23.7,29.3,0.9,70,0.39,0.1,8,29.1
2026-07-20 20:00,28.1,78,23.8,29.5,1.5,140,0.02,0.0,1,27.9
2026-07-20 21:00,28.1,80,24.3,30.4,0.3,0,,,6,27.6
2026-07-20 22:00,28.0,79,24.0,29.8,1.2,230,,,7,27.3
2026-07-20 23:00,27.5,81,23.9,29.7,0.4,0,,,5,26.7
2026-07-21 00:00,27.4,80,23.6,29.1,0.5,230,,,0,26.3
2026-07-21 01:00,27.2,79,23.2,28.4,0.9,230,,,8,26.5
2026-07-21 02:00,27.1,80,23.3,28.6,0.4,0,,,8,26.5
2026-07-21 03:00,26.8,81,23.2,28.4,0.2,0,,,9,26.3
2026-07-21 04:00,27.2,76,22.5,27.2,0.3,0,,,9,26.3
2026-07-21 05:00,27.2,76,22.5,27.2,0.5,230,,,9,26.2
2026-07-21 06:00,27.2,75,22.3,26.9,0.4,0,0.01,0.0,8,26.3
2026-07-21 07:00,27.7,73,22.4,27.1,0.9,140,0.27,0.3,9,27.7
2026-07-21 08:00,28.3,71,22.5,27.2,0.6,160,0.52,0.1,8,28.3
2026-07-21 09:00,29.7,65,22.4,27.1,1.3,250,1.17,0.1,9,30.2
2026-07-21 10:00,30.1,65,22.7,27.6,1.9,180,0.98,0.0,9,31.3
2026-07-21 11:00,30.3,65,22.9,27.9,1.8,200,0.71,0.0,9,30.6
2026-07-21 12:00,31.4,63,23.5,28.9,2.2,270,1.45,0.0,10,33.8
2026-07-21 13:00,30.1,68,23.5,28.9,2.5,270,1.25,0.0,10,32.7
2026-07-21 14:00,30.2,68,23.6,29.1,3.5,270,1.62,0.1,10,33.3
2026-07-21 15:00,29.8,75,24.8,31.3,1.5,270,1.28,0.1,10,32.5
2026-07-21 16:00,29.4,78,25.1,31.9,1.5,250,0.89,0.1,9,32.5
2026-07-21 17:00,29.6,78,25.3,32.2,1.8,270,0.82,0.0,9,31.5
2026-07-21 18:00,29.2,75,24.3,30.4,2.2,270,0.55,0.0,9,30.0
2026-07-21 19:00,28.8,75,23.9,29.7,2.0,270,0.04,0.0,8,28.7
2026-07-21 20:00,28.6,77,24.1,30.0,1.5,270,0.04,0.0,8,28.2
2026-07-21 21:00,28.5,77,24.0,29.8,1.5,270,,,8,27.7
2026-07-21 22:00,28.2,78,23.9,29.7,1.6,270,,,8,27.5
2026-07-21 23:00,28.0,80,24.2,30.2,1.4,270,,,8,27.5
2026-07-22 00:00,27.8,81,24.2,30.2,1.1,270,,,9,27.3
2026-07-22 01:00,27.7,82,24.3,30.4,0.9,270,,,10,27.2
2026-07-22 02:00,27.6,82,24.2,30.2,0.9,270,,,8,27.1
2026-07-22 03:00,27.7,80,23.9,29.7,0.8,270,,,7,27.0
2026-07-22 04:00,27.7,81,24.1,30.0,0.3,0,,,6,27.0
2026-07-22 05:00,27.2,83,24.0,29.8,0.7,290,,,8,26.8
2026-07-22 06:00,26.3,89,24.3,30.4,1.0,250,0.0,0.0,10,26.5
2026-07-22 07:00,26.6,90,24.8,31.3,0.6,160,0.0,0.0,6,26.7
2026-07-22 08:00,27.4,86,24.8,31.3,0.8,200,0.63,0.2,8,29.7
2026-07-22 09:00,28.2,82,24.8,31.3,1.3,200,0.89,0.1,8,30.3
2026-07-22 10:00,28.8,80,24.9,31.5,1.7,230,1.23,0.0,9,32.7
2026-07-22 11:00,30.2,73,24.8,31.3,1.4,250,1.88,0.3,9,35.4
2026-07-22 12:00,31.5,65,24.1,30.0,2.8,270,3.35,0.8,8,40.9
2026-07-22 13:00,31.5,66,24.3,30.4,2.4,270,2.62,0.7,9,37.1
2026-07-22 14:00,30.6,71,24.7,31.1,2.1,290,2.62,0.5,8,38.2
2026-07-22 15:00,29.6,81,25.9,33.4,2.4,270,2.13,0.6,10,33.5
2026-07-22 16:00,31.3,70,25.1,31.9,3.2,270,2.5,0.7,9,35.9
2026-07-22 17:00,31.5,67,24.6,30.9,1.8,230,2.12,0.9,3,34.2
2026-07-22 18:00,31.2,68,24.5,30.7,1.8,250,1.26,0.8,3,33.0
2026-07-22 19:00,28.3,80,24.5,30.7,0.9,200,0.39,0.2,10,30.8
2026-07-22 20:00,27.5,87,25.1,31.9,0.9,250,0.08,0.0,10,29.2
2026-07-22 21:00,27.4,86,24.8,31.3,0.7,200,,,9,28.7
2026-07-22 22:00,27.3,85,24.5,30.7,0.6,160,,,7,28.0
2026-07-22 23:00,27.2,84,24.2,30.2,1.1,200,,,8,27.7
2026-07-23 00:00,26.8,87,24.4,30.6,0.6,270,,,6,27.3
2026-07-23 01:00,26.7,87,24.3,30.4,0.2,0,,,5,27.2
2026-07-23 02:00,26.6,88,24.4,30.6,0.2,0,,,6,27.0
2026-07-23 03:00,26.7,86,24.1,30.0,0.7,160,,,5,27.1
2026-07-23 04:00,26.5,87,24.1,30.0,0.6,230,,,5,26.6
2026-07-23 05:00,26.7,85,23.9,29.7,0.6,160,,,9,26.8
2026-07-23 06:00,26.7,84,23.7,29.3,0.9,230,0.0,0.0,9,27.0
2026-07-23 07:00,27.1,82,23.7,29.3,0.4,0,0.1,0.0,9,27.6
2026-07-23 08:00,28.1,78,23.8,29.5,0.9,180,0.52,0.0,9,29.2
2026-07-23 09:00,28.5,75,23.6,29.1,0.7,180,0.58,0.0,9,29.7
2026-07-23 10:00,29.3,72,23.7,29.3,1.1,250,0.85,0.0,8,31.1
2026-07-23 11:00,29.5,71,23.6,29.1,2.0,200,0.71,0.0,9,30.9
2026-07-23 12:00,30.5,68,23.9,29.7,2.0,250,1.81,0.2,9,33.2
2026-07-23 13:00,31.6,64,23.9,29.7,2.3,270,1.87,0.3,8,37.6
2026-07-23 14:00,28.6,84,25.6,32.8,1.8,270,1.78,0.3,6,34.8
2026-07-23 15:00,32.5,64,24.8,31.3,2.4,270,3.3,1.0,4,37.7
2026-07-23 16:00,32.8,62,24.5,30.7,2.7,270,2.95,1.0,3,36.6
2026-07-23 17:00,32.0,62,23.7,29.3,2.6,270,1.72,0.7,3,33.7
2026-07-23 18:00,31.6,66,24.4,30.6,1.9,270,0.71,0.2,7,32.2
2026-07-23 19:00,31.0,70,24.8,31.3,2.5,270,0.47,0.4,3,31.0
2026-07-23 20:00,29.5,66,22.4,27.1,2.5,270,0.06,0.1,3,29.0
2026-07-23 21:00,28.7,70,22.6,27.4,1.2,290,,,2,28.1
2026-07-23 22:00,28.6,70,22.5,27.2,1.9,270,,,1,27.5
2026-07-23 23:00,28.2,72,22.6,27.4,1.1,290,,,1,27.1
2026-07-24 00:00,28.0,76,23.3,28.6,0.9,160,,,1,26.7
2026-07-24 01:00,27.5,78,23.3,28.6,0.4,0,,,1,26.5
2026-07-24 02:00,27.3,79,23.3,28.6,0.9,230,,,1,26.5
2026-07-24 03:00,27.0,80,23.2,28.4,0.3,0,,,1,26.2
2026-07-24 04:00,26.8,80,23.0,28.1,0.3,0,,,0,25.8
2026-07-24 05:00,26.1,84,23.1,28.3,0.6,290,,,2,25.7
2026-07-24 06:00,26.2,83,23.0,28.1,0.4,0,0.0,0.0,1,25.7
2026-07-24 07:00,27.1,80,23.3,28.6,0.7,200,0.36,0.6,7,27.5
2026-07-24 08:00,28.4,74,23.3,28.6,1.3,140,0.76,0.4,6,30.3
2026-07-24 09:00,28.7,71,22.9,27.9,1.5,200,0.93,0.1,8,31.0
2026-07-24 10:00,30.2,67,23.3,28.6,2.1,230,1.79,0.4,5,36.4
2026-07-24 11:00,31.2,61,22.7,27.6,2.3,270,2.44,0.6,4,36.8
2026-07-24 12:00,31.9,62,23.7,29.3,2.5,270,2.07,0.3,6,38.9
2026-07-24 13:00,32.5,57,22.8,27.7,2.8,250,3.08,0.8,4,41.3
2026-07-24 14:00,32.5,58,23.1,28.3,2.0,250,2.85,0.7,3,37.7
2026-07-24 15:00,33.4,56,23.4,28.8,2.2,270,2.73,0.7,4,37.4
2026-07-24 16:00,33.6,55,23.3,28.6,2.3,270,2.53,0.8,3,36.2
2026-07-24 17:00,34.0,53,23.0,28.1,1.5,250,2.16,1.0,2,34.4
2026-07-24 18:00,33.5,54,22.9,27.9,1.8,270,1.42,1.0,1,32.8
2026-07-24 19:00,33.0,56,23.0,28.1,1.6,270,0.67,1.0,2,31.7
2026-07-24 20:00,32.0,60,23.2,28.4,1.6,290,0.08,0.1,1,30.1
2026-07-24 21:00,30.7,65,23.3,28.6,1.7,270,,,1,29.1
2026-07-24 22:00,29.7,68,23.1,28.3,1.1,270,,,0,28.3
2026-07-24 23:00,29.2,69,22.9,27.9,1.2,270,,,6,28.0
2026-07-25 00:00,28.7,73,23.3,28.6,1.5,250,,,7,28.0
2026-07-25 01:00,28.5,74,23.4,28.8,0.6,270,,,6,28.1
2026-07-25 02:00,28.3,74,23.2,28.4,1.3,270,,,8,27.7
2026-07-25 03:00,28.0,76,23.3,28.6,1.3,270,,,9,27.3
2026-07-25 04:00,27.6,78,23.4,28.8,0.8,290,,,8,27.0
2026-07-25 05:00,27.6,79,23.6,29.1,0.7,230,,,10,26.8
2026-07-25 06:00,27.5,79,23.5,28.9,0.4,0,0.0,0.0,8,26.7
2026-07-25 07:00,27.7,79,23.7,29.3,0.7,200,0.2,0.0,6,27.7
2026-07-25 08:00,29.0,71,23.2,28.4,1.5,200,1.14,0.7,7,32.6
2026-07-25 09:00,29.6,70,23.5,28.9,1.9,270,1.31,0.4,8,34.2
2026-07-25 10:00,30.7,63,22.8,27.7,2.6,250,2.19,0.6,4,38.7
2026-07-25 11:00,31.2,61,22.7,27.6,2.3,270,2.85,0.8,5,39.3
2026-07-25 12:00,32.7,55,22.4,27.1,2.2,250,3.12,0.8,7,42.5
2026-07-25 13:00,32.5,56,22.5,27.2,2.4,270,2.16,0.4,8,37.6
2026-07-25 14:00,32.4,58,23.0,28.1,2.5,270,2.22,0.3,8,37.7
2026-07-25 15:00,33.2,58,23.8,29.5,2.3,270,3.15,0.9,8,38.7
2026-07-25 16:00,33.7,53,22.7,27.6,2.0,290,2.21,0.5,8,37.0
2026-07-25 17:00,33.2,55,22.9,27.9,2.2,290,1.74,0.8,6,34.2
2026-07-25 18:00,32.7,54,22.1,26.6,1.7,270,1.21,1.0,6,32.5
2026-07-25 19:00,32.0,54,21.5,25.6,1.7,270,0.64,0.9,6,31.1
2026-07-25 20:00,31.3,59,22.3,26.9,1.0,270,0.12,0.1,7,29.5
2026-07-25 21:00,30.7,62,22.5,27.2,1.5,270,,,8,28.6
2026-07-25 22:00,29.4,70,23.3,28.6,1.3,270,,,0,28.0
2026-07-25 23:00,29.1,73,23.7,29.3,1.0,270,,,2,27.8
2026-07-26 00:00,28.6,76,23.9,29.7,0.9,270,,,8,27.8
2026-07-26 01:00,28.2,76,23.5,28.9,1.3,270,,,5,27.7
2026-07-26 02:00,27.7,78,23.5,28.9,1.6,270,,,5,27.6
2026-07-26 03:00,27.8,79,23.8,29.5,0.8,250,,,9,27.3
2026-07-26 04:00,28.1,78,23.8,29.5,0.8,230,,,9,27.5
2026-07-26 05:00,27.7,80,23.9,29.7,0.7,270,,,8,27.2
2026-07-26 06:00,27.3,81,23.7,29.3,1.0,200,0.0,0.0,8,27.2
2026-07-26 07:00,27.9,78,23.7,29.3,1.1,140,0.28,0.2,7,28.3
2026-07-26 08:00,28.9,78,24.6,30.9,0.9,200,0.6,0.1,4,30.5
2026-07-26 09:00,29.7,74,24.5,30.7,1.6,290,1.32,0.4,6,33.0
2026-07-26 10:00,31.2,65,23.8,29.5,1.6,230,2.06,0.7,4,38.5
2026-07-26 11:00,31.6,58,22.3,26.9,2.0,270,2.77,0.8,3,38.6
2026-07-26 12:00,32.7,56,22.7,27.6,2.3,270,2.61,0.7,2,40.2
2026-07-26 13:00,33.3,53,22.4,27.1,2.5,250,3.38,0.9,2,41.0
2026-07-26 14:00,34.3,50,22.3,26.9,2.6,230,3.23,0.8,2,41.5
2026-07-26 15:00,34.7,49,22.4,27.1,1.9,270,3.04,0.9,2,39.5
2026-07-26 16:00,34.8,48,22.1,26.6,2.2,200,2.69,0.9,2,37.1
2026-07-26 17:00,34.3,50,22.3,26.9,2.7,270,1.84,0.8,2,34.4
2026-07-26 18:00,34.2,54,23.5,28.9,1.9,290,1.43,1.0,1,33.0
2026-07-26 19:00,33.0,57,23.3,28.6,2.0,270,0.65,1.0,0,31.4
2026-07-26 20:00,31.6,62,23.4,28.8,2.3,270,0.05,0.0,3,30.1
2026-07-26 21:00,30.5,67,23.6,29.1,1.3,290,,,4,29.2
2026-07-26 22:00,30.0,68,23.4,28.8,1.0,320,,,3,28.7
2026-07-26 23:00,29.6,70,23.5,28.9,1.0,270,,,3,28.7
2026-07-27 00:00,29.1,71,23.2,28.4,1.4,270,,,6,28.1
2026-07-27 01:00,28.7,73,23.3,28.6,1.3,270,,,6,28.2
2026-07-27 02:00,28.2,75,23.3,28.6,1.3,290,,,7,27.7
2026-07-27 03:00,28.0,77,23.5,28.9,1.3,270,,,6,27.7
2026-07-27 04:00,27.7,79,23.7,29.3,1.5,270,,,6,27.2
2026-07-27 05:00,27.7,80,23.9,29.7,0.5,250,,,8,27.2
2026-07-27 06:00,27.5,80,23.7,29.3,0.9,270,0.0,0.0,5,26.8
2026-07-27 07:00,27.8,79,23.8,29.5,1.1,250,0.34,0.3,6,28.5
2026-07-27 08:00,28.7,75,23.8,29.5,0.8,250,0.91,0.5,9,30.6
2026-07-27 09:00,29.5,71,23.6,29.1,1.5,270,1.2,0.4,9,32.5
2026-07-27 10:00,30.3,66,23.2,28.4,2.2,270,1.66,0.5,9,34.9
2026-07-27 11:00,30.7,66,23.6,29.1,2.3,270,1.77,0.3,9,37.0
2026-07-27 12:00,31.6,61,23.1,28.3,2.0,250,2.5,0.7,9,39.7
2026-07-27 13:00,32.1,58,22.7,27.6,2.3,270,2.87,0.8,9,40.6
2026-07-27 14:00,33.2,55,22.9,27.9,2.1,270,2.94,0.8,9,39.6
2026-07-27 15:00,33.2,54,22.6,27.4,2.6,270,2.76,0.8,7,38.7
2026-07-27 16:00,33.6,53,22.6,27.4,3.0,270,2.32,0.7,6,36.6
2026-07-27 17:00,33.8,49,21.5,25.6,2.6,270,1.91,0.8,6,34.4
2026-07-27 18:00,32.4,52,21.2,25.2,3.0,270,0.94,0.4,8,32.2
2026-07-27 19:00,31.7,56,21.8,26.1,2.2,270,0.35,0.1,7,30.7
2026-07-27 20:00,30.8,60,22.1,26.6,1.9,270,0.06,0.0,7,29.2
2026-07-27 21:00,30.1,64,22.5,27.2,1.6,270,,,7,28.2
2026-07-27 22:00,29.2,68,22.6,27.4,1.9,270,,,6,27.7
2026-07-27 23:00,28.7,71,22.9,27.9,1.7,270,,,3,27.2
2026-07-28 00:00,28.2,74,23.1,28.3,1.6,270,,,4,27.1
2026-07-28 01:00,27.7,76,23.0,28.1,1.0,270,,,5,27.2
2026-07-28 02:00,27.6,79,23.6,29.1,0.5,290,,,4,26.9
2026-07-28 03:00,27.2,81,23.6,29.1,1.4,270,,,8,26.8
2026-07-28 04:00,27.3,82,23.9,29.7,1.4,270,,,8,27.2
2026-07-28 05:00,27.2,82,23.8,29.5,1.8,250,,,8,27.1
2026-07-28 06:00,27.2,82,23.8,29.5,1.1,270,0.0,0.0,9,27.2
2026-07-28 07:00,27.3,83,24.1,30.0,1.6,270,0.05,0.0,10,27.7
2026-07-28 08:00,28.5,78,24.2,30.2,1.8,250,0.75,0.4,4,31.5
2026-07-28 09:00,29.0,75,24.1,30.0,1.9,250,0.98,0.2,9,31.7
2026-07-28 10:00,30.3,70,24.2,30.2,2.5,270,1.55,0.3,8,35.7
2026-07-28 11:00,30.8,69,24.4,30.6,1.4,290,1.74,0.3,8,34.9
2026-07-28 12:00,31.6,64,23.9,29.7,1.9,270,2.37,0.4,8,38.2
2026-07-28 13:00,32.2,65,24.7,31.1,2.3,250,2.08,0.3,8,38.5
2026-07-28 14:00,33.7,59,24.5,30.7,2.3,270,2.7,0.5,8,41.1
2026-07-28 15:00,32.8,61,24.2,30.2,3.2,250,2.25,0.4,8,37.7
2026-07-28 16:00,32.7,61,24.1,30.0,3.0,270,1.88,0.5,7,35.4
2026-07-28 17:00,32.4,62,24.1,30.0,2.7,290,1.02,0.3,8,34.0
2026-07-28 18:00,31.4,64,23.7,29.3,2.6,290,0.64,0.0,8,32.1
2026-07-28 19:00,30.7,68,24.1,30.0,1.5,270,0.31,0.0,7,30.7
2026-07-28 20:00,29.7,70,23.6,29.1,2.0,270,0.05,0.0,7,29.1
2026-07-28 21:00,29.0,73,23.6,29.1,1.8,250,,,7,28.2
2026-07-28 22:00,28.2,74,23.1,28.3,2.1,250,,,6,27.6
2026-07-28 23:00,27.8,76,23.1,28.3,2.1,270,,,8,27.2
2026-07-29 00:00,27.2,78,23.0,28.1,1.7,270,,,7,26.8
2026-07-29 01:00,27.0,80,23.2,28.4,1.7,270,,,10,26.8
2026-07-29 02:00,26.7,82,23.3,28.6,1.2,270,,,6,26.5
2026-07-29 03:00,26.5,83,23.3,28.6,0.9,270,,,5,26.2
2026-07-29 04:00,26.6,82,23.2,28.4,0.9,250,,,4,26.6
2026-07-29 05:00,26.7,82,23.3,28.6,0.8,250,,,6,26.7
2026-07-29 06:00,26.3,84,23.3,28.6,1.2,230,0.0,0.0,4,26.6
2026-07-29 07:00,26.7,82,23.3,28.6,0.6,270,0.12,0.0,4,27.1
2026-07-29 08:00,27.8,75,22.9,27.9,1.8,290,0.5,0.1,5,29.6
2026-07-29 09:00,29.0,71,23.2,28.4,2.0,270,1.13,0.3,9,32.5
2026-07-29 10:00,29.6,68,23.0,28.1,1.4,270,1.31,0.3,9,33.4
2026-07-29 11:00,30.4,62,22.2,26.8,2.6,290,2.2,0.5,7,37.7
2026-07-29 12:00,31.1,62,22.9,27.9,2.1,270,2.92,0.7,7,42.2
2026-07-29 13:00,31.8,58,22.5,27.2,2.2,290,2.88,0.7,6,42.8
2026-07-29 14:00,33.3,53,22.4,27.1,2.4,270,3.25,0.8,4,44.2
2026-07-29 15:00,33.2,53,22.3,26.9,2.9,290,3.13,0.9,4,41.5
2026-07-29 16:00,33.7,51,22.1,26.6,2.3,270,2.94,1.0,5,39.4
2026-07-29 17:00,33.5,53,22.6,27.4,1.8,290,2.05,0.9,5,36.7
2026-07-29 18:00,32.5,57,22.8,27.7,2.8,290,1.49,1.0,2,34.5
2026-07-29 19:00,31.0,63,23.1,28.3,2.5,270,0.69,0.9,5,32.5
2026-07-29 20:00,29.7,65,22.4,27.1,2.5,290,0.06,0.0,4,29.8
2026-07-29 21:00,29.1,69,22.8,27.7,1.2,290,,,2,28.7
2026-07-29 22:00,28.5,72,22.9,27.9,1.1,270,,,3,27.8
2026-07-29 23:00,27.8,74,22.7,27.6,1.5,270,,,0,27.3
2026-07-30 00:00,27.1,77,22.7,27.6,1.5,270,,,2,26.7
2026-07-30 01:00,26.6,78,22.4,27.1,1.2,270,,,3,26.2
2026-07-30 02:00,26.2,79,22.2,26.8,1.1,270,,,0,25.8
2026-07-30 03:00,26.0,80,22.2,26.8,1.0,250,,,1,25.6
2026-07-30 04:00,26.2,79,22.2,26.8,0.9,270,,,5,26.0
2026-07-30 05:00,26.1,79,22.1,26.6,1.1,270,,,4,26.0
2026-07-30 06:00,25.5,82,22.1,26.6,1.4,270,0.0,0.0,5,25.7
2026-07-30 07:00,25.7,83,22.5,27.2,0.5,230,0.1,0.0,8,26.7
2026-07-30 08:00,27.3,75,22.4,27.1,1.2,250,0.78,0.3,7,30.8
2026-07-30 09:00,28.0,72,22.4,27.1,1.8,270,1.32,0.1,7,34.1
2026-07-30 10:00,28.5,69,22.3,26.9,1.7,290,1.54,,9,33.3
2026-07-30 11:00,29.4,65,22.1,26.6,2.0,270,1.43,,9,34.5
2026-07-30 12:00,29.9,66,22.8,27.7,1.7,250,2.08,0.2,6,36.3
2026-07-30 13:00,31.4,59,22.4,27.1,1.7,270,2.81,0.6,5,39.7
2026-07-30 14:00,32.7,56,22.7,27.6,2.5,270,3.08,0.7,4,43.8
2026-07-30 15:00,33.4,51,21.8,26.1,1.9,290,2.97,0.8,3,44.5
2026-07-30 16:00,33.3,54,22.7,27.6,2.1,270,1.84,0.5,2,39.8
2026-07-30 17:00,32.5,57,22.8,27.7,2.2,270,1.0,0.3,3,36.1
2026-07-30 18:00,32.4,59,23.3,28.6,2.1,270,1.0,0.7,2,33.7
2026-07-30 19:00,31.2,65,23.8,29.5,2.4,270,0.5,0.8,0,31.7
2026-07-30 20:00,30.2,68,23.6,29.1,2.1,270,0.03,0.0,0,29.8
2026-07-30 21:00,29.5,71,23.6,29.1,1.5,270,,,0,28.7
2026-07-30 22:00,28.6,73,23.2,28.4,2.1,270,,,0,27.8
2026-07-30 23:00,28.0,75,23.1,28.3,1.1,270,,,0,27.2
2026-07-31 00:00,27.6,76,22.9,27.9,1.0,290,,,0,26.7
2026-07-31 01:00,27.1,77,22.7,27.6,0.8,270,,,0,26.2
2026-07-31 02:00,26.4,82,23.0,28.1,1.1,290,,,0,26.0
2026-07-31 03:00,26.1,84,23.1,28.3,1.1,270,,,0,25.7
2026-07-31 04:00,26.1,84,23.1,28.3,0.7,250,,,9,26.2
2026-07-31 05:00,25.2,88,23.0,28.1,1.5,250,,,8,25.7
2026-07-31 06:00,24.8,89,22.8,27.7,0.9,270,0.0,0.0,7,25.5
2026-07-31 07:00,25.6,86,23.0,28.1,0.4,0,0.15,0.2,7,26.2
2026-07-31 08:00,26.6,81,23.0,28.1,0.8,270,0.55,0.0,4,28.7
2026-07-31 09:00,28.0,69,21.7,26.0,1.1,230,1.49,0.6,2,34.3
2026-07-31 10:00,29.7,64,22.1,26.6,1.8,270,2.34,0.9,2,40.2
2026-07-31 11:00,30.8,64,23.1,28.3,2.0,270,3.08,1.0,2,44.8
2026-07-31 12:00,31.8,62,23.6,29.1,1.9,290,3.28,0.9,2,46.5
2026-07-31 13:00,32.4,60,23.6,29.1,1.2,270,2.55,0.5,4,45.8
2026-07-31 14:00,33.8,55,23.4,28.8,1.0,320,3.35,0.9,4,47.7
2026-07-31 15:00,34.8,53,23.8,29.5,2.7,270,2.88,0.8,3,47.5
2026-07-31 16:00,34.1,55,23.7,29.3,2.0,270,1.44,0.2,5,40.4
2026-07-31 17:00,34.7,51,23.0,28.1,2.5,270,1.86,0.9,4,38.4
2026-07-31 18:00,33.4,57,23.7,29.3,2.2,270,1.09,0.8,2,35.3
2026-07-31 19:00,32.2,62,23.9,29.7,2.3,270,0.53,0.9,1,33.2
2026-07-31 20:00,31.2,67,24.3,30.4,1.7,270,0.04,0.0,0,31.2
2026-07-31 21:00,30.3,69,23.9,29.7,1.9,270,,,3,30.0
2026-07-31 22:00,29.8,71,23.9,29.7,1.4,270,,,1,29.2
2026-07-31 23:00,29.2,73,23.8,29.5,1.7,270,,,0,28.6
2026-08-01 00:00,28.7,76,24.0,29.8,1.2,290,,,0,28.0
2026-08-01 01:00,28.2,79,24.2,30.2,0.9,270,,,0,27.5
2026-08-01 02:00,28.1,79,24.1,30.0,0.8,290,,,0,27.2
2026-08-01 03:00,27.7,81,24.1,30.0,1.5,270,,,2,26.9
2026-08-01 04:00,27.6,84,24.6,30.9,1.1,270,,,4,27.0
2026-08-01 05:00,27.5,85,24.7,31.1,1.0,250,,,4,27.1
2026-08-01 06:00,27.5,86,24.9,31.5,0.7,270,0.0,0.0,1,26.8
2026-08-01 07:00,28.1,82,24.7,31.1,1.2,270,0.23,0.1,2,28.1
2026-08-01 08:00,28.6,80,24.8,31.3,2.3,270,0.71,0.4,4,30.8
2026-08-01 09:00,29.9,74,24.7,31.1,1.7,250,1.41,0.6,6,34.4
2026-08-01 10:00,31.5,70,25.3,32.2,2.1,250,2.45,0.9,4,41.3
2026-08-01 11:00,32.1,67,25.1,31.9,2.2,270,2.2,0.5,4,40.7
2026-08-01 12:00,33.6,60,24.7,31.1,2.2,270,2.71,0.7,3,46.1
2026-08-01 13:00,34.5,60,25.5,32.6,1.9,290,2.56,0.6,2,47.3
2026-08-01 14:00,35.4,54,24.6,30.9,1.9,270,3.36,0.9,1,49.4
2026-08-01 15:00,35.0,52,23.6,29.1,2.3,270,2.52,0.6,5,44.2
2026-08-01 16:00,35.2,52,23.8,29.5,2.3,270,2.05,0.6,4,41.9
2026-08-01 17:00,34.6,55,24.2,30.2,2.6,270,1.82,0.8,1,38.9
2026-08-01 18:00,34.1,56,24.0,29.8,1.8,290,1.02,0.6,2,37.0
2026-08-01 19:00,33.0,59,23.9,29.7,2.1,270,0.56,0.8,0,34.2
2026-08-01 20:00,31.8,64,24.1,30.0,1.9,270,0.03,0.0,0,31.7
2026-08-01 21:00,31.1,68,24.4,30.6,1.4,270,,,0,30.3
2026-08-01 22:00,30.0,73,24.6,30.9,1.0,250,,,0,29.5
2026-08-01 23:00,29.7,73,24.3,30.4,1.5,270,,,0,28.8
2026-08-02 00:00,29.2,76,24.5,30.7,0.9,250,,,0,28.3
2026-08-02 01:00,29.0,77,24.5,30.7,1.2,270,,,0,28.7
2026-08-02 02:00,28.2,80,24.4,30.6,1.1,290,,,0,27.8
2026-08-02 03:00,28.0,80,24.2,30.2,1.3,270,,,0,27.4
2026-08-02 04:00,27.7,81,24.1,30.0,0.8,290,,,0,27.1
2026-08-02 05:00,27.6,82,24.2,30.2,1.0,200,,,0,26.7
2026-08-02 06:00,27.0,84,24.0,29.8,1.1,270,0.0,0.0,1,26.7
2026-08-02 07:00,27.1,86,24.5,30.7,1.5,270,0.23,0.2,5,27.7
2026-08-02 08:00,27.8,81,24.2,30.2,1.4,230,0.64,0.1,3,31.4
2026-08-02 09:00,29.2,72,23.6,29.1,0.4,0,1.52,0.8,3,35.4
2026-08-02 10:00,31.2,64,23.5,28.9,1.7,320,1.93,0.7,1,40.1
2026-08-02 11:00,31.6,62,23.4,28.8,1.8,70,3.12,0.9,3,44.2
2026-08-02 12:00,32.2,60,23.4,28.8,1.3,290,2.73,0.6,5,42.3
2026-08-02 13:00,34.4,52,23.1,28.3,1.5,290,2.92,0.7,3,48.2
2026-08-02 14:00,34.8,50,22.8,27.7,1.9,270,3.43,0.9,3,51.0
2026-08-02 15:00,35.2,51,23.5,28.9,1.8,290,3.41,1.0,2,49.5
2026-08-02 16:00,35.9,48,23.1,28.3,1.3,290,2.77,1.0,2,44.8
2026-08-02 17:00,34.8,50,22.8,27.7,2.1,290,1.61,0.8,1,39.2
2026-08-02 18:00,34.7,50,22.7,27.6,1.6,290,1.24,1.0,1,36.5
2026-08-02 19:00,33.5,54,22.9,27.9,1.5,250,0.55,0.9,0,33.9
2026-08-02 20:00,32.0,56,22.1,26.6,1.8,290,0.03,0.0,0,31.6
2026-08-02 21:00,31.2,58,21.9,26.3,0.8,270,,,0,30.2
2026-08-02 22:00,30.7,62,22.5,27.2,0.6,70,,,0,29.2
2026-08-02 23:00,30.1,63,22.2,26.8,0.8,270,,,0,28.5
2026-08-03 00:00,29.6,64,22.0,26.4,0.7,250,,,0,27.8
2026-08-03 01:00,28.7,68,22.2,26.8,0.9,290,,,0,27.3
2026-08-03 02:00,28.0,71,22.2,26.8,0.7,270,,,0,26.8
2026-08-03 03:00,27.6,75,22.7,27.6,0.1,0,,,0,26.5
2026-08-03 04:00,26.7,78,22.5,27.2,1.0,270,,,0,26.2
2026-08-03 05:00,26.3,82,22.9,27.9,0.2,0,,,0,25.8
2026-08-03 06:00,26.5,81,22.9,27.9,0.2,0,0.0,0.0,0,25.8
2026-08-03 07:00,27.2,77,22.8,27.7,0.4,0,0.34,0.9,0,27.6
2026-08-03 08:00,28.7,73,23.3,28.6,0.9,270,1.06,1.0,0,32.6
2026-08-03 09:00,30.3,69,23.9,29.7,1.5,270,1.78,1.0,0,38.1
2026-08-03 10:00,31.7,61,23.2,28.4,0.9,290,2.45,1.0,0,43.7
2026-08-03 11:00,33.1,56,23.1,28.3,2.5,70,3.01,1.0,0,47.0
2026-08-03 12:00,34.3,54,23.6,29.1,2.5,90,3.47,1.0,1,49.9
2026-08-03 13:00,35.0,51,23.3,28.6,2.2,70,2.96,0.8,1,47.0
2026-08-03 14:00,36.3,47,23.1,28.3,2.3,70,2.44,0.6,1,46.5
2026-08-03 15:00,36.6,46,23.0,28.1,1.6,270,2.76,0.8,1,48.4
2026-08-03 16:00,37.1,44,22.8,27.7,1.8,340,2.73,1.0,0,44.6
2026-08-03 17:00,36.6,44,22.3,26.9,2.2,290,2.04,1.0,0,40.0
2026-08-03 18:00,36.2,44,22.0,26.4,2.2,270,1.35,1.0,2,37.0
2026-08-03 19:00,35.0,50,23.0,28.1,1.7,270,0.58,0.9,0,34.5
2026-08-03 20:00,33.2,63,25.1,31.9,1.3,290,0.04,0.0,0,32.5
2026-08-03 21:00,32.2,67,25.2,32.1,1.5,270,,,0,31.3
2026-08-03 22:00,31.8,68,25.1,31.9,0.7,200,,,0,30.7
2026-08-03 23:00,31.1,72,25.4,32.4,1.3,290,,,0,30.0
2026-08-04 00:00,30.7,72,25.0,31.7,0.3,0,,,2,29.5
2026-08-04 01:00,30.0,73,24.6,30.9,0.8,270,,,0,29.0
2026-08-04 02:00,29.5,74,24.3,30.4,1.0,270,,,0,28.5
2026-08-04 03:00,29.0,76,24.3,30.4,0.5,270,,,0,28.1
2026-08-04 04:00,29.2,76,24.5,30.7,0.0,0,,,0,27.7
2026-08-04 05:00,28.6,77,24.1,30.0,0.5,270,,,0,27.6
2026-08-04 06:00,28.1,83,24.9,31.5,0.2,0,0.0,0.0,0,27.5
2026-08-04 07:00,29.3,76,24.6,30.9,0.2,0,0.31,0.8,1,29.2
2026-08-04 08:00,31.0,69,24.6,30.9,0.5,20,0.97,1.0,0,33.8
2026-08-04 09:00,31.9,62,23.7,29.3,1.0,110,1.71,1.0,0,38.9
2026-08-04 10:00,33.1,58,23.7,29.3,2.0,90,2.39,1.0,0,44.0
2026-08-04 11:00,33.6,60,24.7,31.1,1.3,290,2.68,0.9,0,45.1
2026-08-04 12:00,34.2,60,25.3,32.2,1.6,250,1.96,0.4,4,43.7
2026-08-04 13:00,34.6,56,24.5,30.7,1.0,230,2.28,0.5,4,45.0
2026-08-04 14:00,37.0,49,24.5,30.7,2.0,70,3.1,0.8,5,50.0
2026-08-04 15:00,37.0,48,24.1,30.0,2.8,90,2.96,0.8,6,47.7
2026-08-04 16:00,35.5,57,25.6,32.8,1.4,160,1.93,0.5,7,42.3
2026-08-04 17:00,34.7,60,25.7,33.0,1.6,230,0.75,0.1,6,38.3
2026-08-04 18:00,34.2,58,24.7,31.1,1.7,140,0.41,0.0,7,36.4
2026-08-04 19:00,32.5,63,24.5,30.7,2.3,160,0.14,0.0,6,34.0
2026-08-04 20:00,31.0,70,24.8,31.3,2.4,110,0.03,0.0,8,29.7
2026-08-04 21:00,31.0,72,25.3,32.2,1.3,110,,,8,29.4
2026-08-04 22:00,29.8,78,25.5,32.6,0.6,70,,,8,29.3
2026-08-04 23:00,30.1,76,25.3,32.2,0.7,290,,,9,29.0
2026-08-05 00:00,30.1,77,25.6,32.8,0.7,270,,,7,28.7
2026-08-05 01:00,30.3,66,23.2,28.4,1.7,110,,,7,27.8
2026-08-05 02:00,30.0,64,22.4,27.1,1.6,90,,,4,27.2
2026-08-05 03:00,29.8,64,22.2,26.8,2.4,90,,,4,27.1
2026-08-05 04:00,29.5,65,22.2,26.8,2.2,90,,,3,26.8
2026-08-05 05:00,29.0,67,22.2,26.8,1.6,110,,,2,26.7
2026-08-05 06:00,29.0,67,22.2,26.8,1.4,90,0.0,0.0,4,27.1
2026-08-05 07:00,29.3,67,22.5,27.2,0.7,140,0.28,0.3,0,28.3
2026-08-05 08:00,30.3,61,21.9,26.3,2.4,90,1.07,1.0,0,32.4
2026-08-05 09:00,31.5,58,22.2,26.8,1.8,70,1.81,1.0,0,37.8
2026-08-05 10:00,32.2,56,22.3,26.9,1.4,200,2.51,1.0,0,44.4
2026-08-05 11:00,34.0,51,22.4,27.1,2.1,90,2.9,1.0,3,47.8
2026-08-05 12:00,33.2,56,23.2,28.4,0.9,320,2.73,0.6,4,43.8
2026-08-05 13:00,34.0,53,23.0,28.1,2.0,50,1.66,0.2,4,42.1
2026-08-05 14:00,35.0,50,23.0,28.1,1.4,250,1.68,0.2,4,42.8
2026-08-05 15:00,35.3,52,23.9,29.7,1.1,270,1.28,0.2,4,43.4
2026-08-05 16:00,35.4,49,23.0,28.1,1.1,110,1.25,0.2,4,39.1
2026-08-05 17:00,35.6,50,23.5,28.9,1.1,140,0.87,0.3,2,37.5
2026-08-05 18:00,35.2,48,22.5,27.2,1.6,90,0.5,0.2,2,34.4
2026-08-05 19:00,34.7,51,23.0,28.1,0.7,110,0.27,0.4,2,33.0
2026-08-05 20:00,33.9,56,23.8,29.5,0.4,0,0.04,0.0,2,31.6
2026-08-05 21:00,33.7,58,24.2,30.2,0.4,0,,,0,30.7
2026-08-05 22:00,32.8,62,24.5,30.7,0.7,230,,,2,30.1
2026-08-05 23:00,31.9,68,25.2,32.1,0.0,0,,,2,29.7
2026-08-06 00:00,31.6,62,23.4,28.8,1.1,140,,,2,29.2
2026-08-06 01:00,31.1,64,23.4,28.8,0.6,180,,,4,28.8
2026-08-06 02:00,30.7,64,23.1,28.3,1.4,140,,,4,28.7
2026-08-06 03:00,30.2,63,22.3,26.9,1.5,140,,,3,28.3
2026-08-06 04:00,29.7,63,21.8,26.1,1.4,140,,,4,28.2
2026-08-06 05:00,28.7,67,21.9,26.3,0.8,200,,,4,27.7
2026-08-06 06:00,28.4,68,21.9,26.3,1.2,160,0.0,0.0,4,27.7
2026-08-06 07:00,28.4,69,22.1,26.6,1.4,160,0.12,0.0,5,28.7
2026-08-06 08:00,29.5,66,22.4,27.1,1.1,250,0.81,0.6,1,33.0
2026-08-06 09:00,31.0,59,22.0,26.4,1.3,160,1.79,1.0,1,39.5
2026-08-06 10:00,32.0,57,22.4,27.1,1.7,160,2.47,1.0,0,45.7
2026-08-06 11:00,32.4,55,22.1,26.6,1.6,160,3.09,1.0,1,50.4
2026-08-06 12:00,34.2,50,22.2,26.8,2.2,110,2.94,0.8,0,51.7
2026-08-06 13:00,34.8,50,22.8,27.7,1.7,70,3.67,1.0,0,54.6
2026-08-06 14:00,34.4,47,21.4,25.5,1.5,90,2.31,0.5,4,44.5
2026-08-06 15:00,36.2,44,22.0,26.4,1.5,90,2.39,0.6,2,48.4
2026-08-06 16:00,35.9,45,22.1,26.6,1.4,180,2.34,0.9,0,42.6
2026-08-06 17:00,36.4,42,21.4,25.5,2.2,70,1.45,0.7,1,38.4
2026-08-06 18:00,36.4,41,21.0,24.9,2.4,90,0.68,0.5,0,35.7
2026-08-06 19:00,35.0,47,21.9,26.3,1.5,160,0.54,0.9,0,33.7
2026-08-06 20:00,34.5,47,21.5,25.6,1.4,110,0.02,0.0,0,31.7
2026-08-06 21:00,34.0,48,21.4,25.5,0.8,110,,,0,30.6
2026-08-06 22:00,32.0,60,23.2,28.4,0.5,290,,,0,29.7
2026-08-06 23:00,31.1,61,22.6,27.4,0.4,0,,,0,29.1
2026-08-07 00:00,30.2,65,22.8,27.7,0.2,0,,,0,28.7
2026-08-07 01:00,31.3,57,21.7,26.0,0.7,140,,,0,28.3
2026-08-07 02:00,31.0,56,21.1,25.0,1.1,160,,,0,28.1
2026-08-07 03:00,28.6,71,22.8,27.7,0.9,270,,,0,27.5
2026-08-07 04:00,28.7,70,22.6,27.4,0.4,0,,,0,26.8
2026-08-07 05:00,28.6,67,21.8,26.1,0.3,0,,,0,26.5
2026-08-07 06:00,27.5,74,22.4,27.1,0.3,0,0.0,0.0,0,26.3
2026-08-07 07:00,28.6,69,22.3,26.9,0.7,290,0.36,0.8,0,28.2
2026-08-07 08:00,30.4,55,20.3,23.8,1.0,110,1.06,1.0,0,32.7
2026-08-07 09:00,31.3,53,20.5,24.1,0.8,290,1.85,1.0,0,40.2
2026-08-07 10:00,32.5,54,21.9,26.3,1.6,290,2.51,1.0,0,46.9
2026-08-07 11:00,34.3,49,22.0,26.4,1.5,70,3.06,1.0,0,50.8
2026-08-07 12:00,36.0,40,20.2,23.7,1.9,110,3.43,1.0,0,54.1
2026-08-07 13:00,36.3,40,20.5,24.1,2.5,140,3.58,1.0,0,55.5
2026-08-07 14:00,37.3,41,21.8,26.1,1.7,290,3.5,1.0,0,55.3
2026-08-07 15:00,37.5,38,20.7,24.4,1.5,20,3.13,1.0,0,50.5
2026-08-07 16:00,37.6,35,19.5,22.7,2.5,70,2.45,1.0,5,44.7
2026-08-07 17:00,37.5,36,19.8,23.1,2.8,90,1.93,1.0,1,40.0
2026-08-07 18:00,37.3,37,20.1,23.5,3.2,70,1.26,1.0,0,37.2
2026-08-07 19:00,36.4,40,20.6,24.3,2.6,70,0.51,0.8,0,34.9
2026-08-07 20:00,35.7,44,21.5,25.6,2.2,50,0.02,0.0,2,33.2
2026-08-07 21:00,34.9,47,21.9,26.3,1.8,50,,,0,32.2
2026-08-07 22:00,33.2,55,22.9,27.9,0.2,0,,,2,31.1
2026-08-07 23:00,32.4,59,23.3,28.6,1.5,20,,,2,30.5
2026-08-08 00:00,32.8,52,21.6,25.8,0.9,70,,,2,30.0
2026-08-08 01:00,31.7,59,22.6,27.4,0.1,0,,,3,29.2
2026-08-08 02:00,31.3,58,22.0,26.4,0.9,230,,,3,28.8
2026-08-08 03:00,31.0,58,21.7,26.0,1.0,140,,,2,28.5
2026-08-08 04:00,30.8,58,21.5,25.6,0.2,0,,,3,28.3
2026-08-08 05:00,29.8,64,22.2,26.8,1.5,50,,,3,28.2
2026-08-08 06:00,30.0,59,21.1,25.0,1.9,50,0.0,0.0,3,28.0
2026-08-08 07:00,30.5,56,20.7,24.4,2.3,70,0.37,0.8,2,29.3
2026-08-08 08:00,31.2,54,20.7,24.4,2.3,70,1.08,1.0,0,33.1
2026-08-08 09:00,32.5,52,21.3,25.3,2.1,90,1.83,1.0,0,40.8
2026-08-08 10:00,33.7,50,21.8,26.1,1.4,50,2.5,1.0,0,47.1
2026-08-08 11:00,34.8,51,23.1,28.3,2.3,90,3.08,1.0,2,51.4
2026-08-08 12:00,35.0,48,22.3,26.9,2.3,50,2.36,0.5,6,44.8
2026-08-08 13:00,36.7,43,22.0,26.4,2.7,110,2.01,0.4,7,49.0
2026-08-08 14:00,37.0,41,21.5,25.6,1.5,140,2.98,0.7,7,51.1
2026-08-08 15:00,36.0,44,21.8,26.1,3.4,50,2.44,0.5,9,46.2
2026-08-08 16:00,24.4,89,22.4,27.1,1.4,290,0.08,0.0,10,27.2
2026-08-08 17:00,25.7,83,22.5,27.2,1.3,50,0.05,0.0,9,27.7
2026-08-08 18:00,26.7,81,23.1,28.3,2.6,70,0.31,0.0,9,27.7
2026-08-08 19:00,26.3,82,22.9,27.9,1.7,50,0.14,0.0,9,27.7
2026-08-08 20:00,26.6,80,22.8,27.7,2.9,50,0.02,0.0,8,26.7
2026-08-08 21:00,26.7,79,22.7,27.6,2.9,50,,,8,26.5
2026-08-08 22:00,26.6,79,22.6,27.4,2.5,50,,,8,26.1
2026-08-08 23:00,26.2,77,21.8,26.1,3.4,50,,,7,25.6
2026-08-09 00:00,25.7,74,20.7,24.4,4.8,50,,,8,25.1
2026-08-09 01:00,25.5,73,20.2,23.7,3.8,50,,,8,24.7
2026-08-09 02:00,25.2,72,19.7,22.9,3.6,50,,,7,24.3
2026-08-09 03:00,25.1,72,19.6,22.8,2.9,50,,,6,24.2
2026-08-09 04:00,25.0,73,19.8,23.1,2.0,50,,,7,24.1
2026-08-09 05:00,24.7,74,19.7,22.9,2.4,50,,,8,24.0
2026-08-09 06:00,24.3,75,19.5,22.7,2.7,50,0.0,0.0,9,24.0
2026-08-09 07:00,24.7,73,19.5,22.7,3.1,70,0.1,0.0,9,24.3
2026-08-09 08:00,25.0,73,19.8,23.1,3.0,70,0.46,0.0,9,25.0
2026-08-09 09:00,26.3,69,20.1,23.5,3.5,50,0.77,0.0,9,26.3
2026-08-09 10:00,27.3,66,20.3,23.8,3.0,70,1.02,0.0,9,27.7
2026-08-09 11:00,29.0,61,20.7,24.4,3.6,70,1.76,0.0,9,30.2
2026-08-09 12:00,30.4,58,21.2,25.2,3.2,90,2.65,1.0,9,33.4
2026-08-09 13:00,31.2,57,21.6,25.8,3.7,70,2.38,0.7,9,33.0
2026-08-09 14:00,32.2,52,21.0,24.9,3.7,90,1.62,0.2,9,31.7
2026-08-09 15:00,33.4,50,21.5,25.6,3.5,90,2.6,0.9,8,32.5
2026-08-09 16:00,32.2,55,22.0,26.4,4.2,90,1.57,0.3,9,30.7
2026-08-09 17:00,32.8,50,21.0,24.9,4.4,90,1.69,0.7,8,29.2
2026-08-09 18:00,31.5,53,20.7,24.4,4.1,110,1.22,0.6,8,28.2
2026-08-09 19:00,30.5,54,20.1,23.5,4.4,90,0.36,0.1,8,26.9
2026-08-09 20:00,29.7,58,20.5,24.1,3.8,90,0.0,0.0,9,26.2
2026-08-09 21:00,29.2,59,20.3,23.8,3.2,90,,,9,25.8
2026-08-09 22:00,28.8,61,20.5,24.1,2.5,90,,,10,25.7
2026-08-09 23:00,28.6,64,21.1,25.0,3.1,90,,,8,25.5
2026-08-10 00:00,27.6,66,20.6,24.3,3.5,50,,,8,25.3
2026-08-10 01:00,27.2,66,20.2,23.7,2.7,50,,,8,25.2
2026-08-10 02:00,26.7,68,20.2,23.7,2.9,50,,,7,25.0
2026-08-10 03:00,26.3,69,20.1,23.5,2.6,50,,,3,24.6
2026-08-10 04:00,26.0,70,20.0,23.4,2.9,50,,,7,24.2
2026-08-10 05:00,25.7,70,19.8,23.1,3.1,50,,,5,24.1
2026-08-10 06:00,26.2,67,19.5,22.7,2.1,70,0.0,0.0,5,24.0
2026-08-10 07:00,27.0,61,18.8,21.7,3.0,70,0.31,0.6,8,24.8
2026-08-10 08:00,27.7,55,17.8,20.4,2.5,110,0.81,0.9,8,26.4
2026-08-10 09:00,28.3,50,16.8,19.1,3.3,90,1.48,1.0,8,29.2
2026-08-10 10:00,28.7,47,16.2,18.4,3.8,90,2.38,1.0,8,30.3
2026-08-10 11:00,29.8,49,17.9,20.5,2.7,110,2.44,1.0,8,33.2
2026-08-10 12:00,30.0,51,18.7,21.6,2.9,140,2.65,1.0,9,33.6
2026-08-10 13:00,30.7,49,18.7,21.6,2.5,160,2.96,1.0,9,35.9
2026-08-10 14:00,31.3,50,19.6,22.8,2.8,140,3.02,1.0,9,35.1
2026-08-10 15:00,31.1,49,19.1,22.1,3.5,160,2.77,1.0,9,33.9
2026-08-10 16:00,31.5,49,19.4,22.5,3.3,110,1.8,0.8,9,31.2
2026-08-10 17:00,30.9,50,19.2,22.2,3.3,90,1.24,0.6,9,29.7
2026-08-10 18:00,30.6,51,19.3,22.4,2.8,90,0.76,0.1,9,28.2
2026-08-10 19:00,30.0,52,19.0,22.0,3.1,90,0.27,0.0,8,26.7
2026-08-10 20:00,29.1,55,19.1,22.1,3.0,90,0.01,0.0,9,25.7
2026-08-10 21:00,28.3,57,18.9,21.8,4.1,90,,,9,25.0
2026-08-10 22:00,27.7,58,18.6,21.4,2.8,90,,,7,24.6
2026-08-10 23:00,27.0,58,18.0,20.6,2.3,110,,,8,24.1
2026-08-11 00:00,26.5,59,17.8,20.4,2.8,90,,,8,23.7
2026-08-11 01:00,26.0,59,17.3,19.7,1.1,110,,,9,23.8
2026-08-11 02:00,25.6,60,17.2,19.6,1.9,90,,,9,23.2
2026-08-11 03:00,25.0,60,16.6,18.9,2.5,90,,,8,22.7
2026-08-11 04:00,24.6,61,16.5,18.8,2.5,110,,,9,22.5
2026-08-11 05:00,24.5,61,16.4,18.6,2.2,90,,,9,22.2
2026-08-11 06:00,24.5,61,16.4,18.6,2.1,70,0.0,0.0,9,22.2
2026-08-11 07:00,24.3,61,16.2,18.4,3.0,70,0.12,0.0,9,22.7
2026-08-11 08:00,24.9,60,16.5,18.8,2.7,70,0.73,0.4,9,24.9
2026-08-11 09:00,25.2,59,16.6,18.9,2.0,110,0.92,0.1,9,25.7
2026-08-11 10:00,26.6,55,16.8,19.1,1.4,140,1.63,0.4,9,29.9
2026-08-11 11:00,28.1,50,16.6,18.9,2.1,110,2.58,1.0,7,33.4
2026-08-11 12:00,28.7,51,17.5,20.0,1.4,160,2.87,0.9,6,33.9
2026-08-11 13:00,30.2,46,17.2,19.6,3.5,90,3.36,1.0,5,35.4
2026-08-11 14:00,31.1,44,17.4,19.9,3.1,90,3.81,1.0,6,38.5
2026-08-11 15:00,31.5,42,17.0,19.4,3.0,90,3.21,1.0,2,36.0
2026-08-11 16:00,31.4,42,16.9,19.2,3.1,90,2.75,1.0,3,34.0
2026-08-11 17:00,31.3,42,16.8,19.1,2.7,110,2.12,1.0,3,31.5
2026-08-11 18:00,31.4,43,17.3,19.7,2.8,90,1.1,0.9,2,29.7
2026-08-11 19:00,30.5,46,17.5,20.0,2.1,110,0.5,0.6,2,28.3
2026-08-11 20:00,29.3,50,17.7,20.2,0.6,140,0.01,0.0,1,27.1
2026-08-11 21:00,29.1,47,16.6,18.9,2.4,70,,,9,26.3
2026-08-11 22:00,27.7,48,15.6,17.7,3.1,90,,,1,25.3
2026-08-11 23:00,26.2,51,15.2,17.3,2.5,90,,,1,24.2
2026-08-12 00:00,25.1,52,14.5,16.5,2.6,70,,,0,23.2
2026-08-12 01:00,24.3,54,14.3,16.3,2.4,70,,,0,22.5
2026-08-12 02:00,23.1,57,14.1,16.1,2.0,50,,,0,21.7
2026-08-12 03:00,22.5,57,13.5,15.5,2.8,50,,,0,21.2
2026-08-12 04:00,22.3,57,13.3,15.3,2.0,50,,,0,20.7
2026-08-12 05:00,21.2,62,13.6,15.6,2.4,70,,,0,20.3
2026-08-12 06:00,21.1,63,13.7,15.7,0.8,50,0.0,0.0,0,20.2
2026-08-12 07:00,21.3,65,14.4,16.4,1.8,50,0.31,0.7,0,21.2
2026-08-12 08:00,22.8,60,14.6,16.6,2.3,70,1.06,1.0,0,24.8
2026-08-12 09:00,25.0,53,14.7,16.7,2.9,50,1.84,1.0,0,30.0
2026-08-12 10:00,26.2,48,14.3,16.3,2.9,70,2.52,1.0,0,34.7
2026-08-12 11:00,27.4,46,14.7,16.7,2.3,70,2.99,1.0,0,36.9
2026-08-12 12:00,28.6,46,15.8,17.9,1.6,70,3.13,0.9,2,38.8
2026-08-12 13:00,30.1,44,16.5,18.8,2.9,70,2.82,0.6,3,41.0
2026-08-12 14:00,30.2,44,16.5,18.8,3.3,70,2.21,0.3,9,37.8
2026-08-12 15:00,30.1,45,16.8,19.1,3.0,70,1.77,0.0,9,37.4
2026-08-12 16:00,29.7,47,17.1,19.5,3.6,70,1.14,0.0,9,34.4
2026-08-12 17:00,29.5,49,17.6,20.1,3.3,50,0.84,0.0,9,32.7
2026-08-12 18:00,29.3,50,17.7,20.2,3.0,90,0.4,0.0,9,30.1
2026-08-12 19:00,28.7,50,17.2,19.6,4.5,70,0.12,0.0,10,28.3
2026-08-12 20:00,28.1,52,17.3,19.7,3.0,90,0.0,0.0,6,26.7
2026-08-12 21:00,27.2,55,17.3,19.7,2.6,50,,,2,25.3
2026-08-12 22:00,26.7,57,17.4,19.9,2.5,70,,,6,25.2
2026-08-12 23:00,25.6,62,17.7,20.2,3.1,50,,,1,24.1
2026-08-13 00:00,24.9,65,17.8,20.4,3.0,50,,,0,23.3
2026-08-13 01:00,24.2,67,17.6,20.1,3.1,50,,,1,22.8
2026-08-13 02:00,23.7,69,17.6,20.1,1.7,70,,,2,22.5
2026-08-13 03:00,22.9,72,17.5,20.0,2.3,50,,,0,22.1
2026-08-13 04:00,22.6,73,17.5,20.0,2.0,70,,,3,21.8
2026-08-13 05:00,22.5,74,17.6,20.1,2.1,50,,,4,21.8
2026-08-13 06:00,22.2,74,17.3,19.7,2.2,70,0.0,0.0,4,21.6
2026-08-13 07:00,22.8,73,17.6,20.1,2.7,50,0.31,0.8,4,23.1
2026-08-13 08:00,23.7,69,17.6,20.1,3.1,90,0.56,0.0,7,25.5
2026-08-13 09:00,24.8,66,18.0,20.6,2.0,70,0.9,0.1,8,27.7
2026-08-13 10:00,27.1,61,18.9,21.8,1.8,70,1.84,0.3,8,38.9
2026-08-13 11:00,27.6,61,19.3,22.4,1.8,70,1.77,0.1,7,36.0
2026-08-13 12:00,28.9,58,19.8,23.1,1.5,290,2.29,0.6,7,39.9
2026-08-13 13:00,30.2,53,19.5,22.7,2.4,70,2.6,0.9,7,45.0
2026-08-13 14:00,31.3,50,19.6,22.8,1.5,140,3.15,0.8,7,47.1
2026-08-13 15:00,30.8,49,18.8,21.7,2.1,70,1.68,0.1,9,39.6
2026-08-13 16:00,30.9,49,18.9,21.8,2.3,70,1.3,0.2,8,39.0
2026-08-13 17:00,30.7,51,19.3,22.4,2.0,70,0.98,0.1,9,34.7
2026-08-13 18:00,30.4,53,19.7,22.9,1.5,70,0.74,0.2,9,32.3
2026-08-13 19:00,30.0,55,19.9,23.2,1.9,50,0.22,0.1,9,30.0
2026-08-13 20:00,29.3,56,19.6,22.8,2.2,70,0.01,0.0,7,27.7
2026-08-13 21:00,28.8,59,19.9,23.2,1.2,50,,,3,26.7
2026-08-13 22:00,28.1,62,20.1,23.5,0.7,70,,,3,26.0
2026-08-13 23:00,27.2,66,20.2,23.7,1.1,50,,,3,25.3
2026-08-14 00:00,27.1,66,20.1,23.5,1.2,50,,,9,25.7
2026-08-14 01:00,26.8,65,19.6,22.8,1.5,50,,,8,25.7
2026-08-14 02:00,26.2,67,19.5,22.7,1.4,70,,,7,24.6
2026-08-14 03:00,25.6,71,19.9,23.2,0.8,70,,,2,24.1
2026-08-14 04:00,25.2,73,20.0,23.4,0.0,0,,,5,23.7
2026-08-14 05:00,25.1,76,20.5,24.1,0.1,0,,,9,24.3
2026-08-14 06:00,24.7,78,20.5,24.1,0.0,0,0.0,0.0,9,24.7
2026-08-14 07:00,25.2,72,19.7,22.9,1.2,70,0.11,0.0,9,25.5
2026-08-14 08:00,26.0,72,20.5,24.1,0.1,0,0.44,0.0,9,28.0
2026-08-14 09:00,27.1,70,21.1,25.0,1.2,290,0.82,0.0,9,32.0
2026-08-14 10:00,28.6,63,20.8,24.6,0.9,250,1.92,0.6,9,39.0
2026-08-14 11:00,29.8,59,20.9,24.7,1.3,250,1.99,0.6,9,41.2
2026-08-14 12:00,30.9,53,20.2,23.7,1.5,270,2.56,0.5,9,43.8
2026-08-14 13:00,30.9,53,20.2,23.7,1.3,290,1.87,0.0,9,41.5
2026-08-14 14:00,30.7,54,20.3,23.8,1.8,290,1.43,0.0,10,37.9
2026-08-14 15:00,30.7,52,19.7,22.9,1.2,320,0.76,0.0,10,34.9
2026-08-14 16:00,30.2,56,20.4,24.0,0.8,290,0.56,0.0,9,32.7
2026-08-14 17:00,29.9,61,21.5,25.6,0.8,250,0.5,0.0,9,31.7
2026-08-14 18:00,29.7,58,20.5,24.1,0.7,340,0.35,0.0,9,30.2
2026-08-14 19:00,29.3,62,21.2,25.2,1.1,290,0.12,0.0,9,28.7
2026-08-14 20:00,29.2,63,21.4,25.5,1.3,70,0.0,0.0,10,27.7
2026-08-14 21:00,28.7,67,21.9,26.3,0.7,270,,,9,27.5
2026-08-14 22:00,28.5,67,21.7,26.0,0.2,0,,,9,26.8
2026-08-14 23:00,27.7,71,21.9,26.3,0.3,0,,,9,26.6
2026-08-15 00:00,27.6,72,22.0,26.4,0.5,270,,,9,26.3
2026-08-15 01:00,27.2,73,21.9,26.3,0.5,270,,,10,26.5
2026-08-15 02:00,26.8,78,22.6,27.4,1.2,140,,,10,26.2
2026-08-15 03:00,26.6,78,22.4,27.1,1.1,110,,,10,25.7
2026-08-15 04:00,26.6,76,22.0,26.4,1.1,160,,,10,25.6
2026-08-15 05:00,26.2,75,21.4,25.5,0.7,230,,,9,25.6
2026-08-15 06:00,26.1,76,21.5,25.6,0.9,160,0.0,0.0,7,25.3
2026-08-15 07:00,26.3,76,21.7,26.0,0.9,140,0.23,0.0,9,26.7
2026-08-15 08:00,26.6,72,21.1,25.0,1.2,140,0.52,0.0,9,28.5
2026-08-15 09:00,27.1,71,21.3,25.3,0.8,160,0.8,0.1,10,29.2
2026-08-15 10:00,26.5,80,22.7,27.6,1.1,250,0.4,0.0,10,29.2
2026-08-15 11:00,27.2,74,22.1,26.6,0.6,160,0.79,0.0,10,29.0
2026-08-15 12:00,27.8,70,21.8,26.1,1.0,180,1.01,0.0,10,30.8
2026-08-15 13:00,28.5,65,21.2,25.2,0.7,110,1.23,0.0,10,31.6
2026-08-15 14:00,28.7,63,20.9,24.7,0.9,270,1.0,0.0,10,31.2
2026-08-15 15:00,28.1,72,22.5,27.2,0.8,270,0.65,0.0,9,31.3
2026-08-15 16:00,28.9,61,20.6,24.3,1.2,70,0.98,0.0,10,30.5
2026-08-15 17:00,28.5,66,21.5,25.6,1.2,110,0.54,0.0,10,29.2
2026-08-15 18:00,28.3,65,21.0,24.9,1.2,70,0.41,0.0,9,28.5
2026-08-15 19:00,28.2,70,22.2,26.8,0.6,270,0.19,0.0,10,28.0
2026-08-15 20:00,27.7,71,21.9,26.3,0.9,70,0.0,0.0,10,26.6
2026-08-15 21:00,27.8,69,21.5,25.6,1.1,90,,,10,26.1
2026-08-15 22:00,27.2,76,22.5,27.2,0.6,270,,,10,26.2
2026-08-15 23:00,27.1,75,22.2,26.8,0.5,200,,,10,26.1
2026-08-16 00:00,26.0,82,22.6,27.4,0.4,0,,,10,25.7
2026-08-16 01:00,25.2,87,22.8,27.7,1.2,270,,,10,25.3
2026-08-16 02:00,24.8,87,22.4,27.1,0.4,0,,,10,25.2
2026-08-16 03:00,24.2,88,22.0,26.4,1.0,270,,,10,24.8
2026-08-16 04:00,23.8,91,22.2,26.8,1.0,290,,,10,24.6
2026-08-16 05:00,23.1,91,21.5,25.6,2.1,50,,,10,24.0
2026-08-16 06:00,23.1,92,21.7,26.0,2.4,50,0.0,0.0,10,23.7
2026-08-16 07:00,23.1,92,21.7,26.0,2.4,70,0.0,0.0,10,23.6
2026-08-16 08:00,23.0,92,21.6,25.8,2.4,50,0.02,0.0,10,23.7
2026-08-16 09:00,23.2,90,21.4,25.5,1.9,70,0.09,0.0,10,24.1
2026-08-16 10:00,23.8,89,21.8,26.1,3.3,50,0.5,0.0,10,25.4
2026-08-16 11:00,24.6,88,22.4,27.1,3.1,50,0.72,0.0,10,26.9
2026-08-16 12:00,25.8,80,22.0,26.4,2.8,70,1.19,0.0,10,28.3
2026-08-16 13:00,27.6,67,20.9,24.7,3.3,110,1.49,0.0,10,29.8
2026-08-16 14:00,27.1,68,20.6,24.3,3.8,90,1.33,0.0,9,28.8
2026-08-16 15:00,28.3,62,20.3,23.8,2.7,110,1.66,0.0,9,30.7
2026-08-16 16:00,27.8,64,20.3,23.8,3.1,90,0.98,0.0,9,28.2
2026-08-16 17:00,27.4,63,19.7,22.9,2.8,140,1.17,0.2,9,28.7
2026-08-16 18:00,26.8,66,19.9,23.2,2.4,140,1.03,0.3,8,27.3
2026-08-16 19:00,26.3,67,19.6,22.8,2.1,110,0.43,0.2,8,26.3
2026-08-16 20:00,25.8,68,19.4,22.5,2.8,90,0.02,0.0,8,25.1
2026-08-16 21:00,25.6,69,19.4,22.5,2.0,140,,,8,24.7
2026-08-16 22:00,25.3,70,19.4,22.5,1.5,110,,,8,24.7
2026-08-16 23:00,25.2,72,19.7,22.9,0.6,140,,,7,24.7
2026-08-17 00:00,25.1,72,19.6,22.8,1.0,110,,,8,24.6
2026-08-17 01:00,25.1,73,19.9,23.2,0.9,160,,,9,24.7
2026-08-17 02:00,24.8,74,19.8,23.1,0.2,0,,,6,24.6
2026-08-17 03:00,24.7,75,19.9,23.2,1.2,140,,,2,24.3
2026-08-17 04:00,24.3,78,20.2,23.7,0.8,250,,,8,24.6
2026-08-17 05:00,23.5,88,21.3,25.3,0.1,0,,,9,24.5
2026-08-17 06:00,23.2,90,21.4,25.5,0.0,0,0.0,0.0,9,24.2
2026-08-17 07:00,23.5,87,21.2,25.2,0.1,0,0.0,0.0,9,24.5
2026-08-17 08:00,25.2,82,21.9,26.3,0.3,0,0.56,0.1,7,27.3
2026-08-17 09:00,25.7,77,21.3,25.3,0.8,140,0.97,0.2,6,28.7
2026-08-17 10:00,26.3,75,21.5,25.6,1.3,160,1.41,0.2,9,29.7
2026-08-17 11:00,27.1,74,22.0,26.4,1.2,110,1.11,0.0,9,30.2
2026-08-17 12:00,28.2,69,21.9,26.3,1.9,160,1.52,0.0,9,31.6
2026-08-17 13:00,27.3,74,22.2,26.8,0.9,140,0.87,0.0,10,29.5
2026-08-17 14:00,28.9,69,22.6,27.4,2.8,140,2.56,0.6,6,35.0
2026-08-17 15:00,28.3,73,22.9,27.9,1.7,140,2.07,0.3,9,32.0
2026-08-17 16:00,29.1,71,23.2,28.4,1.6,160,1.6,0.3,8,31.7
2026-08-17 17:00,29.0,70,22.9,27.9,1.3,160,1.05,0.2,8,30.6
2026-08-17 18:00,28.5,73,23.1,28.3,1.2,230,0.3,0.0,10,29.3
2026-08-17 19:00,27.0,81,23.4,28.8,1.3,140,0.21,0.1,8,28.0
2026-08-17 20:00,26.7,83,23.5,28.9,1.1,180,0.0,0.0,4,27.2
2026-08-17 21:00,26.6,83,23.4,28.8,0.9,200,,,3,26.6
2026-08-17 22:00,26.6,83,23.4,28.8,0.8,200,,,3,26.3
2026-08-17 23:00,26.3,84,23.3,28.6,1.2,140,,,1,26.2
2026-08-18 00:00,26.2,85,23.4,28.8,0.9,180,,,8,26.2
2026-08-18 01:00,26.2,85,23.4,28.8,1.4,230,,,3,26.0
2026-08-18 02:00,26.1,85,23.3,28.6,1.0,270,,,3,25.7
2026-08-18 03:00,25.8,86,23.2,28.4,1.1,270,,,8,25.7
2026-08-18 04:00,25.7,88,23.5,28.9,0.8,270,,,8,25.6
2026-08-18 05:00,25.6,88,23.4,28.8,0.9,250,,,6,25.3
2026-08-18 06:00,25.6,87,23.2,28.4,0.7,270,0.0,0.0,6,25.7
2026-08-18 07:00,25.3,83,22.1,26.6,0.6,250,0.07,0.0,6,25.7
2026-08-18 08:00,26.3,80,22.5,27.2,0.7,320,0.49,0.1,6,27.0
2026-08-18 09:00,27.9,74,22.8,27.7,0.8,200,1.01,0.3,5,29.4
2026-08-18 10:00,28.7,66,21.7,26.0,1.3,270,2.11,0.8,4,32.5
2026-08-18 11:00,30.6,56,20.8,24.6,1.0,20,2.55,0.7,4,36.3
2026-08-18 12:00,30.9,52,19.8,23.1,1.8,250,3.3,0.9,4,37.6
2026-08-18 13:00,31.8,53,21.0,24.9,1.8,270,3.03,0.7,3,38.5
2026-08-18 14:00,31.6,53,20.8,24.6,1.9,270,2.54,0.6,4,36.2
2026-08-18 15:00,31.9,54,21.4,25.5,1.9,290,1.83,0.4,3,34.9
2026-08-18 16:00,31.9,53,21.1,25.0,1.6,320,2.44,0.9,3,34.6
2026-08-18 17:00,31.5,54,21.0,24.9,1.1,270,1.17,0.4,2,32.4
2026-08-18 18:00,31.5,54,21.0,24.9,1.3,270,0.61,0.3,3,30.8
2026-08-18 19:00,30.3,63,22.4,27.1,2.0,270,0.1,0.0,8,29.2
2026-08-18 20:00,29.0,65,21.7,26.0,1.1,270,0.0,0.0,7,28.1
2026-08-18 21:00,28.5,67,21.7,26.0,0.3,0,,,0,27.2
2026-08-18 22:00,28.1,67,21.3,25.3,0.2,0,,,4,26.7
2026-08-18 23:00,27.7,69,21.4,25.5,0.7,270,,,2,26.2
2026-08-19 00:00,26.8,74,21.7,26.0,0.4,0,,,2,25.7
2026-08-19 01:00,26.0,78,21.8,26.1,1.0,270,,,8,25.3
2026-08-19 02:00,25.5,81,21.9,26.3,1.1,270,,,5,25.1
2026-08-19 03:00,25.2,82,21.9,26.3,0.2,0,,,2,24.7
2026-08-19 04:00,25.2,82,21.9,26.3,0.0,0,,,8,24.7
2026-08-19 05:00,24.7,85,22.0,26.4,0.4,0,,,7,24.5
2026-08-19 06:00,24.6,85,21.9,26.3,0.7,290,0.0,0.0,8,24.6
2026-08-19 07:00,24.7,84,21.8,26.1,1.3,50,0.12,0.0,8,24.8
2026-08-19 08:00,26.4,79,22.4,27.1,0.9,290,0.9,0.7,8,27.9
2026-08-19 09:00,27.4,73,22.1,26.6,1.0,250,1.4,1.0,7,31.2
2026-08-19 10:00,29.2,62,21.1,25.0,1.2,230,2.15,0.9,7,34.4
2026-08-19 11:00,30.7,56,20.9,24.7,1.2,290,2.87,1.0,5,36.9
2026-08-19 12:00,32.0,51,20.5,24.1,1.4,140,3.17,0.9,7,38.2
2026-08-19 13:00,32.4,54,21.8,26.1,1.8,290,2.33,0.4,8,36.8
2026-08-19 14:00,32.0,52,20.9,24.7,1.8,270,2.03,0.2,9,35.7
2026-08-19 15:00,31.5,53,20.7,24.4,1.6,290,1.48,0.0,9,33.9
2026-08-19 16:00,31.9,51,20.4,24.0,1.3,270,1.31,0.1,9,34.0
2026-08-19 17:00,31.8,49,19.7,22.9,1.7,270,1.27,0.3,8,32.5
2026-08-19 18:00,30.7,58,21.4,25.5,2.1,270,0.53,0.1,8,30.3
2026-08-19 19:00,30.2,57,20.7,24.4,1.6,250,0.17,0.0,8,28.8
2026-08-19 20:00,29.6,66,22.5,27.2,0.9,270,0.0,0.0,8,28.2
2026-08-19 21:00,29.3,67,22.5,27.2,0.5,270,,,9,27.7
2026-08-19 22:00,28.2,73,22.8,27.7,1.0,250,,,8,27.2
2026-08-19 23:00,27.7,77,23.2,28.4,0.9,270,,,8,26.8
2026-08-20 00:00,27.6,77,23.1,28.3,0.8,250,,,9,27.0
2026-08-20 01:00,27.6,74,22.5,27.2,1.0,270,,,10,26.8
2026-08-20 02:00,27.1,77,22.7,27.6,0.5,270,,,9,26.8
2026-08-20 03:00,27.1,75,22.2,26.8,0.6,180,,,9,26.5
2026-08-20 04:00,26.7,80,22.9,27.9,0.4,0,,,9,26.2
2026-08-20 05:00,26.5,82,23.1,28.3,0.3,0,,,9,26.2
2026-08-20 06:00,26.1,86,23.5,28.9,0.6,160,0.0,0.0,9,26.2
2026-08-20 07:00,26.0,87,23.6,29.1,1.2,140,0.02,0.0,10,26.2
2026-08-20 08:00,26.0,87,23.6,29.1,0.2,0,0.23,0.0,10,27.3
2026-08-20 09:00,26.6,85,23.8,29.5,0.3,0,0.38,0.0,9,27.8
2026-08-20 10:00,27.8,78,23.6,29.1,0.7,290,0.86,0.0,9,29.8
2026-08-20 11:00,28.4,76,23.7,29.3,1.1,20,1.07,0.0,10,30.3
2026-08-20 12:00,28.6,76,23.9,29.7,1.0,290,0.97,0.0,10,31.0
2026-08-20 13:00,29.8,66,22.7,27.6,1.3,270,1.48,0.0,9,33.0
2026-08-20 14:00,30.5,63,22.6,27.4,1.1,270,2.0,0.2,9,34.5
2026-08-20 15:00,31.2,61,22.7,27.6,1.4,320,1.83,0.3,8,35.7
2026-08-20 16:00,30.6,60,21.9,26.3,1.9,50,1.38,0.3,8,32.0
2026-08-20 17:00,31.0,58,21.7,26.0,2.2,70,1.45,0.7,8,30.8
2026-08-20 18:00,30.2,61,21.8,26.1,2.2,70,0.6,0.1,9,29.6
2026-08-20 19:00,29.3,69,23.0,28.1,2.3,70,0.17,0.0,9,28.3
2026-08-20 20:00,28.5,74,23.4,28.8,1.9,70,0.0,0.0,10,27.5
2026-08-20 21:00,28.1,76,23.4,28.8,1.6,50,,,8,27.1
2026-08-20 22:00,27.8,77,23.3,28.6,1.2,70,,,9,26.7
2026-08-20 23:00,27.5,79,23.5,28.9,0.8,50,,,7,26.6
2026-08-21 00:00,27.2,80,23.4,28.8,1.6,50,,,8,26.5
2026-08-21 01:00,27.3,80,23.5,28.9,0.3,0,,,10,26.7
2026-08-21 02:00,26.7,78,22.5,27.2,0.1,0,,,8,26.2
2026-08-21 03:00,26.3,84,23.3,28.6,0.9,180,,,8,26.2
2026-08-21 04:00,26.2,84,23.2,28.4,0.2,0,,,9,26.2
2026-08-21 05:00,26.2,84,23.2,28.4,0.7,160,,,9,26.1
2026-08-21 06:00,26.2,82,22.8,27.7,0.5,180,0.0,0.0,9,26.0
2026-08-21 07:00,26.4,82,23.0,28.1,0.3,0,0.07,0.0,10,26.5
2026-08-21 08:00,26.2,84,23.2,28.4,0.4,0,0.2,0.0,10,27.0
2026-08-21 09:00,25.7,86,23.1,28.3,2.2,90,0.2,0.0,10,26.5
2026-08-21 10:00,25.7,88,23.5,28.9,1.4,70,0.28,0.0,10,26.8
2026-08-21 11:00,26.0,87,23.6,29.1,1.3,70,0.44,0.0,10,27.2
2026-08-21 12:00,26.2,87,23.8,29.5,0.8,70,0.26,0.0,10,27.2
2026-08-21 13:00,26.7,87,24.3,30.4,0.6,290,0.55,0.0,10,28.5
2026-08-21 14:00,25.8,82,22.4,27.1,1.9,50,0.34,0.0,10,28.0
2026-08-21 15:00,25.7,81,22.1,26.6,2.0,70,0.84,0.0,10,28.5
2026-08-21 16:00,26.9,77,22.5,27.2,0.5,250,0.68,0.0,10,29.0
2026-08-21 17:00,27.6,77,23.1,28.3,0.5,270,0.69,0.0,9,29.2
2026-08-21 18:00,27.3,80,23.5,28.9,0.5,70,0.35,0.0,10,28.6
2026-08-21 19:00,27.2,83,24.0,29.8,0.7,290,0.06,0.0,10,27.7
2026-08-21 20:00,26.3,85,23.5,28.9,1.5,50,0.0,0.0,10,26.8
2026-08-21 21:00,26.2,85,23.4,28.8,2.2,50,,,10,26.2
2026-08-21 22:00,26.0,88,23.8,29.5,1.8,50,,,7,26.1
2026-08-21 23:00,25.7,88,23.5,28.9,2.4,50,,,9,25.8
2026-08-22 00:00,25.7,89,23.7,29.3,2.1,50,,,9,25.7
2026-08-22 01:00,25.6,88,23.4,28.8,1.7,50,,,10,25.7
2026-08-22 02:00,25.7,87,23.3,28.6,0.5,50,,,10,25.7
2026-08-22 03:00,25.7,87,23.3,28.6,0.5,70,,,10,25.6
2026-08-22 04:00,25.7,88,23.5,28.9,0.0,0,,,10,25.7
2026-08-22 05:00,25.5,87,23.1,28.3,1.3,70,,,10,25.5
2026-08-22 06:00,25.1,89,23.1,28.3,3.0,70,0.0,0.0,8,25.2
2026-08-22 07:00,25.6,87,23.2,28.4,2.3,50,0.07,0.0,7,25.6
2026-08-22 08:00,26.2,83,23.0,28.1,2.4,70,0.51,0.0,9,26.8
2026-08-22 09:00,27.7,78,23.5,28.9,1.6,50,0.91,0.0,8,29.0
2026-08-22 10:00,29.5,70,23.4,28.8,1.6,90,2.32,0.8,8,34.0
2026-08-22 11:00,31.3,65,23.9,29.7,1.7,110,2.84,0.9,7,36.2
2026-08-22 12:00,32.9,58,23.5,28.9,1.9,200,3.33,1.0,8,38.5
2026-08-22 13:00,33.0,54,22.4,27.1,2.1,140,2.74,0.6,8,37.1
2026-08-22 14:00,32.2,60,23.4,28.8,1.1,180,1.63,0.3,10,34.0
2026-08-22 15:00,31.4,63,23.5,28.9,0.9,230,0.82,0.0,10,33.2
2026-08-22 16:00,25.4,85,22.6,27.4,1.5,270,0.1,0.0,10,28.8
2026-08-22 17:00,24.0,90,22.2,26.8,3.3,270,0.08,0.0,10,25.7
2026-08-22 18:00,24.3,87,21.9,26.3,2.4,70,0.04,0.0,10,25.2
2026-08-22 19:00,24.8,84,21.9,26.3,1.0,140,0.01,0.0,10,25.5
2026-08-22 20:00,24.8,85,22.0,26.4,1.2,140,0.0,0.0,9,25.5
2026-08-22 21:00,24.4,87,22.0,26.4,1.1,270,,,9,25.5
2026-08-22 22:00,24.7,86,22.1,26.6,0.0,0,,,10,25.5
2026-08-22 23:00,24.7,87,22.3,26.9,0.3,0,,,5,25.2
2026-08-23 00:00,24.1,89,22.1,26.6,0.9,50,,,7,24.7
2026-08-23 01:00,23.7,90,21.9,26.3,1.8,70,,,8,24.5
2026-08-23 02:00,23.7,91,22.1,26.6,0.0,0,,,3,24.3
2026-08-23 03:00,23.7,91,22.1,26.6,0.0,0,,,4,24.2
2026-08-23 04:00,23.5,92,22.1,26.6,0.1,0,,,3,24.2
2026-08-23 05:00,23.5,92,22.1,26.6,0.5,50,,,0,24.4
2026-08-23 06:00,23.2,93,21.9,26.3,1.1,90,0.0,0.0,0,24.5
2026-08-23 07:00,23.2,92,21.8,26.1,0.8,70,0.07,0.0,0,25.0
2026-08-23 08:00,23.8,90,22.0,26.4,0.5,70,0.49,0.0,2,26.6
2026-08-23 09:00,26.6,79,22.6,27.4,0.7,230,1.71,1.0,3,31.5
2026-08-23 10:00,28.7,70,22.6,27.4,0.8,290,2.23,1.0,5,34.5
2026-08-23 11:00,30.2,65,22.8,27.7,1.7,160,2.69,1.0,3,36.2
2026-08-23 12:00,32.2,63,24.2,30.2,1.1,200,3.38,1.0,0,39.2
2026-08-23 13:00,32.6,61,24.0,29.8,1.9,230,3.49,1.0,2,40.4
2026-08-23 14:00,33.1,57,23.4,28.8,2.1,250,3.16,0.9,0,40.1
2026-08-23 15:00,33.9,54,23.2,28.4,1.5,270,3.15,1.0,3,39.0
2026-08-23 16:00,34.3,51,22.7,27.6,1.9,250,2.6,1.0,0,36.7
2026-08-23 17:00,34.2,50,22.2,26.8,1.7,270,1.85,1.0,0,34.2
2026-08-23 18:00,33.5,55,23.2,28.4,1.2,290,1.08,1.0,0,32.7
2026-08-23 19:00,32.2,61,23.7,29.3,1.1,270,0.27,0.3,0,31.0
2026-08-23 20:00,31.1,69,24.7,31.1,1.0,290,0.0,0.0,0,29.7
2026-08-23 21:00,30.2,69,23.8,29.5,0.9,270,,,0,29.0
2026-08-23 22:00,29.7,71,23.8,29.5,1.5,70,,,5,28.2
2026-08-23 23:00,29.5,72,23.9,29.7,1.1,70,,,3,27.8
2026-08-24 00:00,29.0,75,24.1,30.0,1.0,20,,,5,27.6
2026-08-24 01:00,28.2,78,23.9,29.7,0.6,270,,,0,27.5
2026-08-24 02:00,27.7,78,23.5,28.9,1.0,270,,,0,27.2
2026-08-24 03:00,27.2,82,23.8,29.5,0.1,0,,,5,26.8
2026-08-24 04:00,27.4,81,23.8,29.5,0.6,250,,,9,27.0
2026-08-24 05:00,27.2,83,24.0,29.8,0.4,0,,,8,26.8
2026-08-24 06:00,26.8,84,23.8,29.5,0.6,290,0.0,0.0,0,26.3
2026-08-24 07:00,27.0,83,23.8,29.5,0.0,0,0.17,0.2,0,27.1
2026-08-24 08:00,28.2,79,24.2,30.2,1.0,320,0.85,1.0,0,29.7
2026-08-24 09:00,29.5,71,23.6,29.1,1.2,180,1.67,1.0,0,33.2
2026-08-24 10:00,31.4,64,23.7,29.3,0.8,320,2.34,0.9,6,35.5
2026-08-24 11:00,31.1,64,23.4,28.8,0.8,250,1.06,0.1,6,33.2
2026-08-24 12:00,32.2,58,22.8,27.7,1.1,50,1.98,0.4,5,35.9
2026-08-24 13:00,33.4,56,23.4,28.8,2.6,270,2.86,0.7,4,38.5
2026-08-24 14:00,33.6,54,23.0,28.1,1.9,250,3.04,0.8,3,39.5
2026-08-24 15:00,33.6,53,22.6,27.4,1.9,250,2.35,0.7,2,37.0
2026-08-24 16:00,34.4,51,22.7,27.6,2.3,270,2.45,1.0,0,35.7
2026-08-24 17:00,34.0,53,23.0,28.1,2.1,270,1.74,1.0,2,33.7
2026-08-24 18:00,32.4,61,23.9,29.7,2.1,270,0.89,0.9,0,31.9
2026-08-24 19:00,31.1,63,23.2,28.4,2.2,270,0.23,0.3,0,30.1
2026-08-24 20:00,30.2,65,22.8,27.7,0.8,270,0.0,0.0,0,28.8
2026-08-24 21:00,29.7,66,22.6,27.4,1.3,270,,,0,28.1
2026-08-24 22:00,28.9,69,22.6,27.4,1.2,270,,,0,27.6
2026-08-24 23:00,28.2,72,22.6,27.4,1.2,270,,,0,27.1
2026-08-25 00:00,27.6,75,22.7,27.6,1.4,270,,,0,26.7
2026-08-25 01:00,27.2,77,22.8,27.7,1.1,250,,,0,26.2
2026-08-25 02:00,26.5,81,22.9,27.9,0.8,250,,,0,26.1
2026-08-25 03:00,26.2,82,22.8,27.7,0.8,230,,,0,25.7
2026-08-25 04:00,26.1,82,22.7,27.6,0.6,290,,,1,25.6
2026-08-25 05:00,25.7,84,22.7,27.6,0.7,290,,,0,25.3
2026-08-25 06:00,25.3,86,22.7,27.6,0.4,0,0.0,0.0,3,25.2
2026-08-25 07:00,25.6,85,22.8,27.7,1.0,270,0.17,0.1,6,26.1
2026-08-25 08:00,26.4,81,22.8,27.7,1.3,200,0.41,0.1,6,27.6
2026-08-25 09:00,27.3,78,23.1,28.3,1.2,270,1.11,0.4,6,29.7
2026-08-25 10:00,29.8,70,23.7,29.3,1.5,270,2.56,0.9,4,35.2
2026-08-25 11:00,29.8,65,22.5,27.2,1.0,200,1.84,0.4,7,33.9
2026-08-25 12:00,30.0,67,23.1,28.3,2.4,50,1.87,0.2,8,34.5
2026-08-25 13:00,31.0,63,23.1,28.3,2.6,70,3.43,0.8,4,36.7
2026-08-25 14:00,31.3,62,23.1,28.3,1.0,250,1.92,0.3,8,34.9
2026-08-25 15:00,32.1,60,23.3,28.6,1.1,270,1.65,0.2,8,35.4
2026-08-25 16:00,32.3,60,23.5,28.9,0.9,320,1.96,0.5,5,35.2
2026-08-25 17:00,32.3,60,23.5,28.9,1.5,50,1.78,0.9,2,32.6
2026-08-25 18:00,32.1,60,23.3,28.6,0.6,270,1.05,1.0,2,31.6
2026-08-25 19:00,31.2,63,23.3,28.6,0.7,20,0.2,0.3,2,30.0
2026-08-25 20:00,30.2,70,24.1,30.0,1.8,50,0.0,0.0,3,28.7
2026-08-25 21:00,29.7,68,23.1,28.3,1.2,70,,,0,28.0
2026-08-25 22:00,29.2,69,22.9,27.9,1.0,290,,,0,27.7
2026-08-25 23:00,28.4,74,23.3,28.6,0.9,290,,,0,27.3
2026-08-26 00:00,28.0,74,22.9,27.9,0.5,270,,,9,27.1
2026-08-26 01:00,27.6,75,22.7,27.6,0.4,0,,,0,26.6
2026-08-26 02:00,26.8,82,23.4,28.8,0.1,0,,,0,26.2
2026-08-26 03:00,26.5,81,22.9,27.9,0.7,270,,,6,26.1
2026-08-26 04:00,26.2,83,23.0,28.1,0.1,0,,,6,26.1
2026-08-26 05:00,25.8,86,23.2,28.4,0.1,0,,,3,25.7
2026-08-26 06:00,25.8,86,23.2,28.4,0.1,0,0.0,0.0,5,26.0
2026-08-26 07:00,26.3,84,23.3,28.6,1.2,70,0.12,0.2,8,26.5
2026-08-26 08:00,27.8,77,23.3,28.6,0.5,250,0.86,0.9,3,29.3
2026-08-26 09:00,29.3,72,23.7,29.3,0.8,320,1.77,1.0,5,33.4
2026-08-26 10:00,29.6,71,23.7,29.3,1.0,140,1.48,0.5,5,32.0
2026-08-26 11:00,31.4,65,24.0,29.8,1.5,290,2.94,0.9,6,37.1
2026-08-26 12:00,32.4,60,23.6,29.1,1.7,270,1.98,0.4,7,37.5
2026-08-26 13:00,33.9,52,22.6,27.4,2.2,270,3.36,0.8,6,40.6
2026-08-26 14:00,33.9,49,21.6,25.8,2.4,270,2.8,0.7,8,39.3
2026-08-26 15:00,33.2,51,21.6,25.8,1.7,250,2.14,0.4,8,36.2
2026-08-26 16:00,33.2,56,23.2,28.4,1.9,290,1.25,0.1,8,34.6
2026-08-26 17:00,33.0,58,23.6,29.1,1.1,290,1.07,0.2,7,33.7
2026-08-26 18:00,32.0,56,22.1,26.6,2.1,270,0.95,0.7,6,31.7
2026-08-26 19:00,31.0,63,23.1,28.3,0.5,230,0.16,0.0,9,30.0
2026-08-26 20:00,29.9,70,23.8,29.5,1.3,290,0.0,0.0,10,29.0
2026-08-26 21:00,29.3,71,23.4,28.8,0.7,270,,,6,28.5
2026-08-26 22:00,29.2,69,22.9,27.9,1.0,270,,,10,28.2
2026-08-26 23:00,28.7,70,22.6,27.4,0.9,270,,,10,27.8
2026-08-27 00:00,28.2,71,22.4,27.1,1.0,270,,,8,27.6
2026-08-27 01:00,28.1,72,22.5,27.2,1.0,290,,,8,27.2
2026-08-27 02:00,27.6,74,22.5,27.2,1.3,270,,,10,27.1
2026-08-27 03:00,27.3,78,23.1,28.3,0.9,20,,,8,26.8
2026-08-27 04:00,27.1,77,22.7,27.6,1.2,270,,,9,26.7
2026-08-27 05:00,27.1,77,22.7,27.6,0.1,0,,,9,26.7
2026-08-27 06:00,26.7,80,22.9,27.9,1.7,70,0.0,0.0,9,26.5
2026-08-27 07:00,27.1,78,22.9,27.9,0.9,250,0.03,0.0,9,27.0
2026-08-27 08:00,27.2,78,23.0,28.1,1.4,270,0.28,0.0,10,27.7
2026-08-27 09:00,27.8,75,22.9,27.9,0.9,250,0.54,0.0,10,29.1
2026-08-27 10:00,29.2,71,23.3,28.6,1.1,250,1.15,0.0,10,31.7
2026-08-27 11:00,29.8,69,23.4,28.8,0.8,250,1.41,0.2,10,32.5
2026-08-27 12:00,30.3,68,23.7,29.3,1.0,250,1.12,0.0,10,32.7
2026-08-27 13:00,31.2,61,22.7,27.6,1.2,270,1.37,0.0,9,33.8
2026-08-27 14:00,31.7,54,21.2,25.2,1.5,250,1.75,0.0,9,34.4
2026-08-27 15:00,32.3,54,21.7,26.0,1.7,290,2.16,0.8,9,35.2
2026-08-27 16:00,32.4,55,22.1,26.6,1.8,230,1.84,0.7,9,33.7
2026-08-27 17:00,31.8,59,22.7,27.6,1.9,20,1.2,0.5,8,32.2
2026-08-27 18:00,31.5,60,22.7,27.6,2.7,70,0.88,0.8,5,30.6
2026-08-27 19:00,30.8,61,22.4,27.1,1.6,70,0.2,0.2,3,29.2
2026-08-27 20:00,30.3,64,22.7,27.6,1.7,70,0.0,0.0,3,28.1
2026-08-27 21:00,30.0,65,22.6,27.4,0.7,290,,,3,27.7
2026-08-27 22:00,29.2,69,22.9,27.9,0.8,250,,,6,27.5
2026-08-27 23:00,27.8,75,22.9,27.9,0.8,20,,,7,27.1
2026-08-28 00:00,27.7,78,23.5,28.9,0.0,0,,,1,26.7
2026-08-28 01:00,27.3,78,23.1,28.3,0.7,270,,,3,26.6
2026-08-28 02:00,27.0,79,23.0,28.1,0.7,360,,,9,26.6
2026-08-28 03:00,27.1,78,22.9,27.9,0.4,0,,,9,26.8
2026-08-28 04:00,26.5,79,22.5,27.2,2.1,50,,,10,26.5
2026-08-28 05:00,27.1,80,23.3,28.6,0.5,50,,,10,26.7
2026-08-28 06:00,26.8,83,23.6,29.1,0.1,0,0.0,0.0,10,26.8
2026-08-28 07:00,27.0,84,24.0,29.8,1.0,290,0.1,0.0,8,27.5
2026-08-28 08:00,28.3,76,23.6,29.1,0.9,160,0.5,0.0,10,29.0
2026-08-28 09:00,29.1,72,23.5,28.9,1.0,180,0.89,0.2,10,30.2
2026-08-28 10:00,30.8,66,23.7,29.3,1.9,110,1.83,0.6,9,33.8
2026-08-28 11:00,31.1,65,23.7,29.3,2.1,140,1.81,0.1,9,34.2
2026-08-28 12:00,30.6,68,24.0,29.8,2.5,140,1.67,0.2,10,32.9
2026-08-28 13:00,31.8,61,23.3,28.6,2.3,140,2.71,0.6,8,35.6
2026-08-28 14:00,31.1,63,23.2,28.4,2.0,140,1.16,0.0,10,32.8
2026-08-28 15:00,26.3,90,24.5,30.7,2.1,230,0.23,0.0,10,28.5
2026-08-28 16:00,25.2,92,23.8,29.5,0.7,320,0.04,0.0,10,26.3
2026-08-28 17:00,25.7,90,23.9,29.7,1.3,140,0.29,0.0,10,27.4
2026-08-28 18:00,26.2,87,23.8,29.5,0.7,160,0.25,0.0,10,27.7
2026-08-28 19:00,25.8,90,24.0,29.8,0.3,0,0.03,0.0,10,27.3
2026-08-28 20:00,25.4,91,23.8,29.5,1.1,140,0.0,0.0,10,27.0
2026-08-28 21:00,25.7,90,23.9,29.7,0.7,160,,,9,26.7
2026-08-28 22:00,25.5,91,23.9,29.7,0.3,0,,,10,26.2
2026-08-28 23:00,25.6,90,23.8,29.5,1.3,90,,,10,26.2
2026-08-29 00:00,25.3,91,23.7,29.3,0.8,270,,,10,26.2
2026-08-29 01:00,25.6,90,23.8,29.5,0.7,230,,,8,26.2
2026-08-29 02:00,25.6,92,24.1,30.0,0.7,270,,,10,26.3
2026-08-29 03:00,25.6,93,24.3,30.4,0.3,0,,,10,26.3
2026-08-29 04:00,25.9,92,24.4,30.6,0.6,290,,,10,26.5
2026-08-29 05:00,26.0,92,24.5,30.7,1.1,270,,,10,26.5
2026-08-29 06:00,26.1,91,24.5,30.7,1.1,270,0.0,0.0,8,26.5
2026-08-29 07:00,26.0,90,24.2,30.2,1.6,290,0.0,0.0,8,26.6
2026-08-29 08:00,25.7,91,24.1,30.0,0.9,270,0.12,0.0,10,26.7
2026-08-29 09:00,26.5,89,24.5,30.7,0.8,290,0.38,0.0,10,27.6
2026-08-29 10:00,25.4,92,23.9,29.7,0.5,250,0.26,0.0,10,27.3
2026-08-29 11:00,27.0,84,24.0,29.8,0.8,230,1.43,0.0,10,31.2
2026-08-29 12:00,28.7,76,24.0,29.8,1.7,270,2.36,0.4,8,34.4
2026-08-29 13:00,29.9,71,24.0,29.8,1.0,200,3.18,0.9,6,37.5
2026-08-29 14:00,31.7,64,24.0,29.8,1.4,290,3.32,0.8,8,37.7
2026-08-29 15:00,30.4,71,24.5,30.7,1.3,250,1.17,0.2,8,34.6
2026-08-29 16:00,30.7,69,24.3,30.4,1.5,230,1.84,0.4,8,34.2
2026-08-29 17:00,27.2,88,25.0,31.7,0.8,160,0.33,0.0,10,31.1
2026-08-29 18:00,27.3,86,24.7,31.1,1.0,140,0.36,0.1,8,30.1
2026-08-29 19:00,27.3,85,24.5,30.7,1.1,140,0.18,0.0,7,29.1
2026-08-29 20:00,27.6,85,24.8,31.3,0.1,0,0.0,0.0,8,28.5
2026-08-29 21:00,27.3,85,24.5,30.7,1.1,140,,,8,28.2
2026-08-29 22:00,27.5,80,23.7,29.3,0.2,0,,,10,28.1
2026-08-29 23:00,26.7,74,21.6,25.8,0.8,290,,,10,27.5
2026-08-30 00:00,26.6,71,20.9,24.7,0.8,270,,,10,27.2
2026-08-30 01:00,24.8,82,21.5,25.6,1.1,270,,,10,26.7
2026-08-30 02:00,24.7,85,22.0,26.4,0.2,0,,,10,26.3
2026-08-30 03:00,23.7,89,21.7,26.0,0.6,90,,,10,25.8
2026-08-30 04:00,23.6,92,22.2,26.8,0.3,0,,,10,25.7
2026-08-30 05:00,24.0,91,22.4,27.1,0.1,0,,,10,25.7
2026-08-30 06:00,24.2,91,22.6,27.4,0.2,0,0.0,0.0,10,25.7
2026-08-30 07:00,24.3,91,22.7,27.6,0.2,0,0.05,0.0,10,26.2
2026-08-30 08:00,24.1,91,22.5,27.2,0.8,270,0.12,0.0,10,26.6
2026-08-30 09:00,24.5,92,23.1,28.3,0.1,0,0.21,0.0,10,27.3
2026-08-30 10:00,24.4,89,22.4,27.1,2.1,70,0.39,0.0,10,26.8
2026-08-30 11:00,27.2,77,22.8,27.7,1.5,110,2.12,0.5,8,33.5
2026-08-30 12:00,28.1,74,23.0,28.1,1.7,290,2.49,0.4,8,33.7
2026-08-30 13:00,28.7,70,22.6,27.4,1.0,290,1.29,0.0,10,32.5
2026-08-30 14:00,28.8,69,22.5,27.2,1.5,70,0.88,0.0,10,31.2
2026-08-30 15:00,28.8,69,22.5,27.2,1.5,70,0.68,0.0,10,30.5
2026-08-30 16:00,29.1,70,23.0,28.1,0.2,0,0.83,0.0,10,30.8
2026-08-30 17:00,28.7,75,23.8,29.5,1.3,50,0.5,0.0,10,29.7
2026-08-30 18:00,28.3,73,22.9,27.9,1.7,50,0.41,0.0,8,28.8
2026-08-30 19:00,27.8,76,23.1,28.3,1.5,70,0.08,0.0,10,27.8
2026-08-30 20:00,27.5,79,23.5,28.9,0.7,50,0.0,0.0,8,27.3
2026-08-30 21:00,27.2,81,23.6,29.1,1.0,70,,,8,27.1
2026-08-30 22:00,27.1,82,23.7,29.3,0.3,0,,,9,27.0
2026-08-30 23:00,26.7,84,23.7,29.3,0.6,250,,,9,26.7
2026-08-31 00:00,26.7,85,23.9,29.7,0.3,0,,,10,26.7
2026-08-31 01:00,25.6,90,23.8,29.5,0.7,230,,,10,26.5
2026-08-31 02:00,25.5,90,23.7,29.3,0.3,0,,,10,26.3
2026-08-31 03:00,25.2,90,23.4,28.8,0.5,140,,,10,26.2
2026-08-31 04:00,25.1,91,23.5,28.9,0.1,0,,,10,26.1
2026-08-31 05:00,25.0,89,23.0,28.1,1.0,110,,,10,25.7
2026-08-31 06:00,24.8,90,23.0,28.1,0.9,140,,,10,25.7
2026-08-31 07:00,24.7,88,22.5,27.2,1.3,110,0.0,0.0,10,25.5
2026-08-31 08:00,24.7,88,22.5,27.2,0.6,230,0.17,0.0,10,26.2
2026-08-31 09:00,24.7,85,22.0,26.4,1.1,110,0.17,0.0,10,26.0
2026-08-31 10:00,25.0,88,22.8,27.7,2.7,50,0.26,0.0,10,26.2
2026-08-31 11:00,24.9,88,22.7,27.6,2.6,70,0.25,0.0,10,26.1
2026-08-31 12:00,25.1,89,23.1,28.3,1.9,140,0.22,0.0,10,25.8
2026-08-31 13:00,25.4,88,23.2,28.4,0.3,0,0.43,0.0,10,27.0
2026-08-31 14:00,25.1,91,23.5,28.9,0.9,230,0.3,0.0,10,27.0
2026-08-31 15:00,25.2,85,22.4,27.1,0.6,90,0.41,0.0,10,27.2
2026-08-31 16:00,24.9,90,23.1,28.3,0.9,270,0.29,0.0,10,26.8
2026-08-31 17:00,24.6,90,22.8,27.7,1.7,70,0.27,0.0,10,26.1
2026-08-31 18:00,24.8,88,22.6,27.4,2.6,50,0.2,0.0,10,26.0
2026-08-31 19:00,24.7,87,22.3,26.9,1.1,70,0.03,0.0,7,25.7
2026-08-31 20:00,24.7,87,22.3,26.9,1.9,50,0.0,0.0,10,25.2
2026-08-31 21:00,24.8,89,22.8,27.7,1.3,50,,,10,25.3
2026-08-31 22:00,24.8,88,22.6,27.4,2.1,70,,,10,25.2
2026-08-31 23:00,24.6,92,23.2,28.4,0.3,0,,,10,25.2
2026-09-01 00:00,24.6,88,22.4,27.1,0.7,180,,,10,25.2
2026-09-01 01:00,24.4,89,22.4,27.1,0.7,140,,,9,25.0
2026-09-01 02:00,24.6,89,22.6,27.4,0.2,0,,,8,25.1
2026-09-01 03:00,24.5,90,22.7,27.6,1.1,50,,,8,25.0
2026-09-01 04:00,24.2,92,22.8,27.7,0.0,0,,,10,25.0
2026-09-01 05:00,24.3,91,22.7,27.6,0.1,0,,,10,24.8
2026-09-01 06:00,24.3,90,22.5,27.2,1.2,90,,,10,24.7
2026-09-01 07:00,24.2,91,22.6,27.4,0.7,160,0.0,0.0,10,24.8
2026-09-01 08:00,24.8,90,23.0,28.1,0.1,0,0.2,0.0,10,25.8
2026-09-01 09:00,25.5,85,22.7,27.6,0.5,160,0.47,0.0,9,26.8
2026-09-01 10:00,27.0,78,22.8,27.7,1.1,160,0.98,0.0,9,28.7
2026-09-01 11:00,28.0,73,22.6,27.4,0.4,0,1.63,0.1,9,31.0
2026-09-01 12:00,30.0,61,21.6,25.8,2.9,110,2.02,0.2,8,32.8
2026-09-01 13:00,30.7,58,21.4,25.5,2.2,140,1.87,0.2,8,32.5
2026-09-01 14:00,26.1,88,23.9,29.7,1.2,270,0.63,0.0,9,29.5
2026-09-01 15:00,28.0,77,23.5,28.9,0.7,20,1.17,0.1,9,30.7
2026-09-01 16:00,27.9,80,24.1,30.0,2.1,50,1.05,0.0,9,30.3
2026-09-01 17:00,27.6,80,23.8,29.5,2.0,50,0.78,0.0,8,29.5
2026-09-01 18:00,27.2,80,23.4,28.8,1.7,50,0.46,0.0,8,28.6
2026-09-01 19:00,26.7,81,23.1,28.3,0.3,0,0.05,0.0,8,27.5
2026-09-01 20:00,27.3,75,22.4,27.1,0.8,290,,,9,26.8
2026-09-01 21:00,27.0,76,22.3,26.9,0.6,270,,,9,26.6
2026-09-01 22:00,26.2,79,22.2,26.8,1.4,270,,,9,26.1
2026-09-01 23:00,25.6,83,22.4,27.1,1.0,270,,,7,25.7
2026-09-02 00:00,25.2,84,22.2,26.8,0.8,250,,,7,25.3
2026-09-02 01:00,24.8,85,22.0,26.4,0.7,290,,,8,25.1
2026-09-02 02:00,24.4,86,21.8,26.1,0.6,250,,,8,24.8
2026-09-02 03:00,24.2,87,21.8,26.1,0.9,270,,,10,24.8
2026-09-02 04:00,24.1,88,21.9,26.3,0.4,0,,,10,25.0
2026-09-02 05:00,24.2,86,21.7,26.0,1.3,270,,,10,25.1
2026-09-02 06:00,23.6,91,22.0,26.4,0.8,270,,,10,24.7
2026-09-02 07:00,23.6,91,22.0,26.4,0.5,290,0.0,0.0,10,24.7
2026-09-02 08:00,24.2,89,22.2,26.8,0.3,0,0.14,0.0,10,25.2
2026-09-02 09:00,24.2,88,22.0,26.4,0.3,0,0.32,0.0,10,26.3
2026-09-02 10:00,24.7,87,22.3,26.9,0.5,250,0.45,0.0,10,26.7
2026-09-02 11:00,25.1,82,21.8,26.1,0.5,270,0.62,0.0,10,27.6
2026-09-02 12:00,25.8,70,19.9,23.2,0.7,250,0.87,0.0,10,28.5
2026-09-02 13:00,26.2,72,20.7,24.4,1.0,250,0.99,0.0,10,29.0
2026-09-02 14:00,26.3,72,20.8,24.6,1.6,250,1.03,0.0,10,29.2
2026-09-02 15:00,27.0,70,21.0,24.9,1.1,250,1.04,0.0,10,29.7
2026-09-02 16:00,27.2,67,20.5,24.1,0.7,270,0.84,0.0,10,29.1
2026-09-02 17:00,27.2,67,20.5,24.1,0.9,90,0.75,0.0,9,28.2
2026-09-02 18:00,26.7,68,20.2,23.7,2.0,70,0.35,0.0,9,26.7
2026-09-02 19:00,26.3,71,20.6,24.3,1.0,70,0.08,0.0,9,26.1
2026-09-02 20:00,26.1,72,20.6,24.3,1.1,70,,,8,25.5
2026-09-02 21:00,25.6,77,21.2,25.2,1.2,70,,,8,25.1
2026-09-02 22:00,25.3,77,20.9,24.7,0.8,20,,,8,24.8
2026-09-02 23:00,24.7,85,22.0,26.4,0.1,0,,,8,24.8
2026-09-03 00:00,24.1,87,21.7,26.0,1.5,70,,,8,24.5
2026-09-03 01:00,23.7,88,21.5,25.6,1.9,50,,,9,24.2
2026-09-03 02:00,23.7,87,21.4,25.5,1.0,50,,,9,24.1
2026-09-03 03:00,23.6,87,21.3,25.3,1.3,70,,,9,24.0
2026-09-03 04:00,23.1,89,21.1,25.0,2.1,50,,,9,23.8
2026-09-03 05:00,22.9,90,21.1,25.0,1.5,50,,,10,23.7
2026-09-03 06:00,23.1,90,21.3,25.3,1.8,50,,,10,23.8
2026-09-03 07:00,23.2,89,21.2,25.2,1.3,70,0.01,0.0,10,24.1
2026-09-03 08:00,23.8,85,21.1,25.0,2.0,70,0.33,0.0,10,24.8
2026-09-03 09:00,24.1,83,21.0,24.9,2.1,70,0.51,0.0,8,25.2
2026-09-03 10:00,25.3,77,20.9,24.7,1.8,70,1.23,0.4,7,28.2
2026-09-03 11:00,26.6,70,20.6,24.3,2.1,70,2.01,0.5,7,30.3
2026-09-03 12:00,27.5,67,20.8,24.6,2.7,70,2.79,0.8,7,32.5
2026-09-03 13:00,28.4,64,20.9,24.7,2.5,70,2.13,0.4,6,32.7
2026-09-03 14:00,28.7,63,20.9,24.7,3.0,70,1.96,0.5,7,31.5
2026-09-03 15:00,28.7,64,21.2,25.2,2.8,70,1.76,0.3,8,31.0
2026-09-03 16:00,29.3,61,20.9,24.7,2.7,70,1.48,0.4,8,30.2
2026-09-03 17:00,29.8,60,21.1,25.0,2.3,70,0.92,0.2,8,29.2
2026-09-03 18:00,29.2,63,21.4,25.5,2.6,70,0.44,0.0,8,27.8
2026-09-03 19:00,28.3,63,20.5,24.1,2.5,90,0.11,0.0,8,26.6
2026-09-03 20:00,27.2,63,19.5,22.7,1.6,140,,,9,25.7
2026-09-03 21:00,26.8,61,18.6,21.4,2.9,90,,,6,24.7
2026-09-03 22:00,26.2,62,18.3,21.0,2.1,70,,,6,24.3
2026-09-03 23:00,25.6,64,18.2,20.9,2.3,70,,,7,23.7
2026-09-04 00:00,24.9,66,18.1,20.8,2.0,70,,,4,23.5
2026-09-04 01:00,24.4,67,17.8,20.4,1.7,70,,,5,23.1
2026-09-04 02:00,23.7,70,17.8,20.4,1.7,50,,,5,22.7
2026-09-04 03:00,23.2,71,17.6,20.1,1.8,50,,,3,22.5
2026-09-04 04:00,22.7,74,17.8,20.4,2.1,50,,,4,22.2
2026-09-04 05:00,22.2,76,17.7,20.2,2.8,50,,,5,21.8
2026-09-04 06:00,22.0,75,17.3,19.7,1.8,50,,,1,21.6
2026-09-04 07:00,22.2,74,17.3,19.7,2.6,50,0.12,0.3,0,21.7
2026-09-04 08:00,23.7,66,16.9,19.2,2.6,50,0.88,1.0,0,23.6
2026-09-04 09:00,25.8,48,13.9,15.9,2.9,70,1.68,1.0,0,27.2
2026-09-04 10:00,27.2,38,11.6,13.7,3.2,110,2.41,1.0,0,29.6
2026-09-04 11:00,28.0,36,11.5,13.6,4.3,110,2.97,1.0,0,30.5
2026-09-04 12:00,28.8,36,12.2,14.2,5.1,90,3.33,1.0,0,31.6
2026-09-04 13:00,29.6,37,13.3,15.3,4.5,70,3.43,1.0,0,32.7
2026-09-04 14:00,30.3,36,13.5,15.5,4.6,90,3.33,1.0,0,32.2
2026-09-04 15:00,30.6,36,13.8,15.8,4.1,90,3.05,1.0,0,30.1
2026-09-04 16:00,30.3,36,13.5,15.5,3.4,90,2.47,1.0,0,28.4
2026-09-04 17:00,29.4,39,13.9,15.9,4.1,90,1.7,1.0,0,26.5
2026-09-04 18:00,28.2,41,13.6,15.6,3.1,90,0.85,1.0,0,25.1
2026-09-04 19:00,26.6,45,13.6,15.6,2.5,140,0.14,0.3,0,23.7
2026-09-04 20:00,25.8,45,12.9,14.9,3.0,110,,,0,22.6
2026-09-04 21:00,25.2,44,12.0,14.0,3.5,90,,,0,21.7
2026-09-04 22:00,24.7,44,11.6,13.7,3.8,90,,,0,21.1
2026-09-04 23:00,24.1,46,11.7,13.7,2.6,70,,,0,20.7
2026-09-05 00:00,22.5,54,12.7,14.7,3.2,50,,,0,20.7
2026-09-05 01:00,21.5,62,13.9,15.9,2.8,70,,,4,20.2
2026-09-05 02:00,20.7,64,13.6,15.6,2.6,50,,,0,20.0
2026-09-05 03:00,20.6,64,13.5,15.5,1.9,50,,,0,19.8
2026-09-05 04:00,19.6,69,13.7,15.7,1.5,50,,,0,19.6
2026-09-05 05:00,19.2,72,14.0,16.0,2.3,70,,,0,19.2
2026-09-05 06:00,19.1,73,14.1,16.1,2.0,50,,,0,19.1
2026-09-05 07:00,19.3,72,14.1,16.1,3.0,50,0.15,0.5,3,19.6
2026-09-05 08:00,21.2,65,14.3,16.3,3.5,50,0.89,1.0,1,21.8
2026-09-05 09:00,23.1,59,14.6,16.6,3.8,50,1.66,1.0,0,25.5
2026-09-05 10:00,25.0,51,14.1,16.1,4.3,70,2.37,1.0,5,28.3
2026-09-05 11:00,26.3,46,13.7,15.7,3.9,70,2.95,1.0,4,30.7
2026-09-05 12:00,27.2,44,13.8,15.8,3.6,70,2.59,0.8,5,30.4
2026-09-05 13:00,29.4,39,13.9,15.9,3.2,90,3.58,0.9,5,34.5
2026-09-05 14:00,28.7,38,12.9,14.9,4.2,70,2.9,0.8,5,31.7
2026-09-05 15:00,28.7,40,13.7,15.7,3.0,90,1.7,0.3,5,29.6
2026-09-05 16:00,29.3,38,13.5,15.5,3.0,70,1.49,0.4,6,28.3
2026-09-05 17:00,28.7,40,13.7,15.7,3.6,90,1.03,0.5,5,26.5
2026-09-05 18:00,28.1,42,13.9,15.9,2.6,70,0.36,0.2,6,25.2
2026-09-05 19:00,27.2,45,14.2,16.2,3.3,70,0.1,0.2,4,24.1
2026-09-05 20:00,26.4,45,13.5,15.5,2.4,90,,,1,22.8
2026-09-05 21:00,25.6,45,12.7,14.7,3.3,90,,,1,22.0
2026-09-05 22:00,23.6,56,14.3,16.3,3.5,50,,,0,21.3
2026-09-05 23:00,23.0,59,14.5,16.5,2.0,50,,,0,21.0
2026-09-06 00:00,22.0,62,14.3,16.3,3.0,50,,,0,20.7
2026-09-06 01:00,21.3,65,14.4,16.4,2.2,50,,,0,20.2
2026-09-06 02:00,21.2,64,14.1,16.1,1.5,50,,,0,20.2
2026-09-06 03:00,20.3,68,14.1,16.1,3.3,50,,,0,19.7
2026-09-06 04:00,20.1,69,14.2,16.2,3.1,50,,,1,19.5
2026-09-06 05:00,19.7,70,14.0,16.0,1.8,70,,,2,19.3
2026-09-06 06:00,20.2,70,14.5,16.5,2.8,70,,,10,20.1
2026-09-06 07:00,20.6,68,14.4,16.4,1.5,70,0.0,0.0,10,20.6
2026-09-06 08:00,21.6,67,15.2,17.3,1.3,50,0.27,0.0,10,22.4
2026-09-06 09:00,23.0,61,15.0,17.0,2.7,70,1.21,0.2,6,24.9
2026-09-06 10:00,24.2,61,16.1,18.3,3.2,50,1.57,0.3,5,27.9
2026-09-06 11:00,25.7,55,15.9,18.1,3.6,70,2.56,0.8,3,29.5
2026-09-06 12:00,27.4,49,15.7,17.8,3.6,70,2.37,0.4,7,30.9
2026-09-06 13:00,28.2,46,15.4,17.5,4.2,70,2.74,0.9,4,31.5
2026-09-06 14:00,28.7,42,14.5,16.5,4.0,90,2.89,0.8,4,31.4
2026-09-06 15:00,29.0,41,14.4,16.4,4.3,70,2.02,0.5,6,29.1
2026-09-06 16:00,28.5,42,14.3,16.3,4.5,70,1.77,0.6,5,28.0
2026-09-06 17:00,28.6,42,14.4,16.4,4.2,50,1.33,0.7,3,26.1
2026-09-06 18:00,27.7,44,14.3,16.3,3.5,70,0.75,0.8,2,24.6
2026-09-06 19:00,26.8,48,14.8,16.8,3.3,50,0.14,0.2,6,24.0
2026-09-06 20:00,25.3,53,15.0,17.0,2.6,70,,,6,22.9
2026-09-06 21:00,24.3,57,15.2,17.3,2.6,20,,,3,22.2
2026-09-06 22:00,23.7,58,14.9,16.9,1.5,50,,,1,21.7
2026-09-06 23:00,22.6,62,14.9,16.9,1.3,50,,,0,21.2
2026-09-07 00:00,22.3,61,14.4,16.4,2.0,70,,,0,20.7
2026-09-07 01:00,22.1,59,13.7,15.7,0.9,50,,,0,20.2
2026-09-07 02:00,20.7,68,14.5,16.5,0.9,20,,,0,19.8
2026-09-07 03:00,20.2,72,14.9,16.9,1.3,50,,,0,19.6
2026-09-07 04:00,19.8,73,14.8,16.8,1.9,50,,,0,19.2
2026-09-07 05:00,19.5,72,14.3,16.3,2.0,50,,,0,19.1
2026-09-07 06:00,18.8,76,14.4,16.4,1.8,50,,,0,18.8
2026-09-07 07:00,19.5,73,14.5,16.5,2.3,70,0.12,0.4,0,19.1
2026-09-07 08:00,21.3,65,14.4,16.4,2.3,50,0.82,1.0,1,21.6
2026-09-07 09:00,23.1,59,14.6,16.6,3.3,90,1.46,1.0,2,25.0
2026-09-07 10:00,24.3,53,14.1,16.1,2.1,90,2.15,1.0,1,27.9
2026-09-07 11:00,25.5,48,13.6,15.6,1.4,110,2.87,1.0,0,31.4
2026-09-07 12:00,26.7,48,14.7,16.7,3.4,50,3.26,1.0,0,32.7
2026-09-07 13:00,27.8,42,13.7,15.7,2.4,70,3.34,1.0,0,34.9
2026-09-07 14:00,28.2,41,13.6,15.6,2.8,70,3.26,1.0,0,35.4
2026-09-07 15:00,29.2,40,14.2,16.2,2.1,70,2.9,1.0,0,33.7
2026-09-07 16:00,29.1,42,14.8,16.8,3.2,70,2.32,1.0,1,30.5
2026-09-07 17:00,29.1,43,15.2,17.3,2.0,70,1.54,1.0,1,28.2
2026-09-07 18:00,28.3,44,14.8,16.8,2.3,70,0.77,0.9,0,26.2
2026-09-07 19:00,27.5,48,15.5,17.6,1.5,50,0.11,0.3,1,24.5
2026-09-07 20:00,26.6,52,15.9,18.1,1.6,70,,,0,23.3
2026-09-07 21:00,25.5,56,16.0,18.2,0.2,0,,,1,22.7
2026-09-07 22:00,24.3,61,16.2,18.4,0.8,50,,,0,22.0
2026-09-07 23:00,23.7,63,16.2,18.4,1.2,70,,,0,21.3
2026-09-08 00:00,22.2,71,16.6,18.9,1.6,50,,,0,20.8
2026-09-08 01:00,21.7,69,15.7,17.8,0.8,50,,,2,20.5
2026-09-08 02:00,21.1,70,15.4,17.5,1.6,70,,,0,20.0
2026-09-08 03:00,20.4,73,15.3,17.4,0.6,50,,,0,19.7
2026-09-08 04:00,20.0,74,15.2,17.3,1.1,50,,,0,19.3
2026-09-08 05:00,19.5,77,15.3,17.4,1.2,50,,,0,19.1
2026-09-08 06:00,18.9,78,14.9,16.9,1.6,50,,,0,18.7
2026-09-08 07:00,19.0,77,14.8,16.8,1.7,70,0.12,0.4,0,19.0
2026-09-08 08:00,20.3,73,15.2,17.3,2.0,90,0.82,1.0,0,22.0
2026-09-08 09:00,22.0,67,15.5,17.6,1.9,70,1.58,1.0,2,26.1
2026-09-08 10:00,23.9,61,15.9,18.1,2.0,50,2.3,1.0,0,29.8
2026-09-08 11:00,25.2,56,15.7,17.8,2.2,50,2.87,1.0,2,33.0
2026-09-08 12:00,26.7,49,15.0,17.0,2.8,70,3.27,1.0,0,35.4
2026-09-08 13:00,27.6,42,13.5,15.5,1.6,70,3.38,1.0,1,37.5
2026-09-08 14:00,29.0,31,10.1,12.4,2.7,70,3.27,1.0,1,37.4
2026-09-08 15:00,29.7,29,9.7,12.0,2.6,70,2.93,1.0,0,35.2
2026-09-08 16:00,29.8,29,9.8,12.1,2.5,50,2.34,1.0,1,31.5
2026-09-08 17:00,29.6,29,9.6,11.9,2.3,70,1.63,1.0,1,28.8
2026-09-08 18:00,28.9,32,10.5,12.7,3.0,50,0.78,0.9,1,27.0
2026-09-08 19:00,28.0,40,13.1,15.1,1.9,70,0.08,0.3,1,25.2
2026-09-08 20:00,26.9,46,14.2,16.2,1.7,50,,,1,24.1
2026-09-08 21:00,25.6,45,12.7,14.7,2.1,50,,,0,23.2
2026-09-08 22:00,24.6,53,14.3,16.3,0.6,360,,,1,22.5
2026-09-08 23:00,23.1,50,12.1,14.1,2.9,50,,,1,21.6
2026-09-09 00:00,22.5,52,12.1,14.1,2.7,70,,,0,21.1
2026-09-09 01:00,21.8,56,12.6,14.6,2.4,50,,,4,20.6
2026-09-09 02:00,21.3,57,12.4,14.4,2.4,50,,,4,20.2
2026-09-09 03:00,21.5,61,13.6,15.6,2.0,50,,,0,20.1
2026-09-09 04:00,21.4,63,14.0,16.0,3.2,50,,,7,20.3
2026-09-09 05:00,20.7,63,13.3,15.3,2.6,50,,,3,19.8
2026-09-09 06:00,20.1,61,12.3,14.3,3.1,70,,,6,19.3
2026-09-09 07:00,20.6,58,12.0,14.0,2.6,70,0.1,0.3,3,19.6
2026-09-09 08:00,21.6,54,11.8,13.8,3.9,70,0.71,1.0,4,22.1
2026-09-09 09:00,22.6,50,11.6,13.7,4.2,90,1.49,1.0,3,26.2
2026-09-09 10:00,23.7,49,12.3,14.3,3.5,90,2.21,1.0,5,29.9
2026-09-09 11:00,24.2,47,12.1,14.1,3.0,70,2.54,0.9,5,31.8
2026-09-09 12:00,25.4,45,12.5,14.5,3.5,70,2.84,0.9,4,34.6
2026-09-09 13:00,25.9,44,12.7,14.7,4.0,70,2.84,0.8,7,33.6
2026-09-09 14:00,25.3,49,13.8,15.8,1.4,110,1.05,0.0,9,30.0
2026-09-09 15:00,25.1,48,13.3,15.3,3.9,70,0.49,0.0,9,27.7
2026-09-09 16:00,24.3,51,13.5,15.5,4.5,70,0.45,0.0,9,26.2
2026-09-09 17:00,24.0,52,13.5,15.5,3.4,90,0.39,0.0,9,25.6
2026-09-09 18:00,23.0,53,12.8,14.8,4.0,90,0.14,0.0,9,24.1
2026-09-09 19:00,22.1,53,12.0,14.0,3.3,90,0.0,0.0,10,23.0
2026-09-09 20:00,21.5,53,11.5,13.6,3.9,90,,,9,22.1
2026-09-09 21:00,20.8,52,10.5,12.7,3.2,90,,,9,21.0
2026-09-09 22:00,20.2,53,10.3,12.5,2.8,70,,,3,19.8
2026-09-09 23:00,19.2,58,10.7,12.9,1.9,50,,,3,19.2
2026-09-10 00:00,18.8,58,10.3,12.5,1.1,50,,,1,18.6
2026-09-10 01:00,18.2,61,10.5,12.7,1.9,50,,,3,18.1
2026-09-10 02:00,17.5,63,10.3,12.5,2.3,50,,,3,17.5
2026-09-10 03:00,16.7,65,10.0,12.3,3.8,50,,,3,17.0
2026-09-10 04:00,16.3,68,10.3,12.5,2.5,50,,,1,16.7
2026-09-10 05:00,15.8,69,10.1,12.4,3.0,50,,,1,16.3
2026-09-10 06:00,16.0,67,9.8,12.1,3.1,50,,,7,16.2
2026-09-10 07:00,16.3,64,9.4,11.8,2.4,50,0.02,0.0,10,17.3
2026-09-10 08:00,16.9,63,9.8,12.1,2.5,70,0.23,0.0,9,18.7
2026-09-10 09:00,17.7,61,10.0,12.3,2.7,50,0.58,0.0,10,20.2
2026-09-10 10:00,18.7,58,10.2,12.4,3.1,70,0.68,0.0,10,21.2
2026-09-10 11:00,19.3,55,10.0,12.3,3.9,50,0.81,0.0,10,22.7
2026-09-10 12:00,20.5,53,10.5,12.7,3.3,50,1.37,0.0,10,25.3
2026-09-10 13:00,21.5,51,10.9,13.0,2.5,70,1.23,0.0,9,25.7
2026-09-10 14:00,21.5,53,11.5,13.6,3.2,70,1.06,0.0,10,25.8
2026-09-10 15:00,21.3,54,11.6,13.7,3.1,50,0.86,0.0,10,24.7
2026-09-10 16:00,21.3,54,11.6,13.7,4.4,50,0.69,0.0,10,24.1
2026-09-10 17:00,21.2,55,11.7,13.7,2.9,70,0.33,0.0,10,22.7
2026-09-10 18:00,20.6,58,12.0,14.0,3.4,50,0.1,0.0,10,21.6
2026-09-10 19:00,20.2,60,12.1,14.1,3.1,70,0.0,0.0,10,20.7
2026-09-10 20:00,20.1,61,12.3,14.3,2.7,70,,,10,20.2
2026-09-10 21:00,19.7,63,12.4,14.4,1.8,70,,,10,19.7
2026-09-10 22:00,19.6,64,12.5,14.5,1.7,70,,,10,19.6
2026-09-10 23:00,19.5,65,12.7,14.7,2.1,50,,,10,19.3
2026-09-11 00:00,19.0,67,12.7,14.7,1.5,50,,,8,19.0
2026-09-11 01:00,18.3,71,12.9,14.9,1.8,50,,,7,18.5
2026-09-11 02:00,17.6,74,12.9,14.9,2.2,50,,,4,17.6
2026-09-11 03:00,17.2,75,12.7,14.7,2.2,50,,,7,17.2
2026-09-11 04:00,16.5,78,12.6,14.6,2.0,50,,,5,16.8
2026-09-11 05:00,16.1,80,12.6,14.6,2.1,50,,,3,16.5
2026-09-11 06:00,15.7,80,12.2,14.2,1.9,50,,,2,16.1
2026-09-11 07:00,16.0,79,12.3,14.3,2.3,50,0.11,0.6,2,16.3
2026-09-11 08:00,17.3,73,12.4,14.4,2.4,70,0.81,1.0,2,19.3
2026-09-11 09:00,19.2,66,12.6,14.6,2.0,70,1.61,1.0,2,24.7
2026-09-11 10:00,21.7,58,13.0,15.0,2.3,70,2.35,1.0,3,29.0
2026-09-11 11:00,23.3,47,11.3,13.4,1.9,70,2.83,1.0,3,32.0
2026-09-11 12:00,24.5,36,8.4,11.0,3.4,50,3.31,1.0,0,35.0
2026-09-11 13:00,25.7,29,6.3,9.5,2.1,70,3.49,1.0,4,37.4
2026-09-11 14:00,25.4,31,7.0,10.0,2.9,70,2.72,0.9,6,33.6
2026-09-11 15:00,25.8,32,7.8,10.6,3.2,70,2.23,0.7,8,31.2
2026-09-11 16:00,25.7,28,5.8,9.2,3.2,70,1.04,0.2,9,28.8
2026-09-11 17:00,25.2,32,7.3,10.2,2.8,70,0.7,0.0,9,26.7
2026-09-11 18:00,24.7,35,8.1,10.8,0.9,180,0.3,0.0,9,25.0
2026-09-11 19:00,23.8,41,9.7,12.0,0.9,90,0.03,0.0,9,23.2
2026-09-11 20:00,22.9,48,11.2,13.3,0.4,0,,,7,21.8
2026-09-11 21:00,22.2,56,12.9,14.9,0.4,0,,,8,20.7
2026-09-11 22:00,21.2,60,13.1,15.1,1.2,50,,,10,20.5
2026-09-11 23:00,20.7,59,12.3,14.3,1.3,50,,,8,20.0
2026-09-12 00:00,20.5,59,12.2,14.2,1.0,50,,,10,20.0
2026-09-12 01:00,19.6,64,12.5,14.5,0.1,0,,,8,19.6
2026-09-12 02:00,19.0,65,12.2,14.2,1.1,50,,,8,18.7
2026-09-12 03:00,18.7,66,12.2,14.2,1.2,50,,,10,18.7
2026-09-12 04:00,17.7,71,12.3,14.3,1.9,70,,,10,18.5
2026-09-12 05:00,17.5,75,13.0,15.0,1.6,70,,,10,18.3
2026-09-12 06:00,17.2,76,12.9,14.9,1.5,70,,,9,18.3
2026-09-12 07:00,17.6,73,12.6,14.6,1.8,50,0.0,0.0,9,18.6
2026-09-12 08:00,18.4,70,12.8,14.8,0.4,0,0.37,0.0,9,20.6
2026-09-12 09:00,20.0,65,13.2,15.2,0.2,0,0.98,0.1,9,23.7
2026-09-12 10:00,21.8,61,13.9,15.9,0.8,230,1.59,0.3,6,29.2
2026-09-12 11:00,24.2,53,14.0,16.0,1.1,90,2.77,1.0,6,33.1
2026-09-12 12:00,26.5,41,12.1,14.1,1.4,270,3.07,1.0,4,36.5
2026-09-12 13:00,27.1,38,11.5,13.6,1.3,180,3.19,1.0,7,37.4
2026-09-12 14:00,28.0,37,11.9,13.9,2.1,140,3.14,1.0,4,38.9
2026-09-12 15:00,28.2,36,11.7,13.7,1.8,270,2.7,1.0,6,36.1
2026-09-12 16:00,28.0,34,10.6,12.8,1.3,270,1.82,0.8,5,33.0
2026-09-12 17:00,27.6,38,11.9,13.9,2.4,70,1.12,0.6,6,29.3
2026-09-12 18:00,24.7,52,14.1,16.1,2.5,50,0.43,0.3,5,26.4
2026-09-12 19:00,23.7,58,14.9,16.9,1.6,70,0.02,0.0,8,24.3
2026-09-12 20:00,23.1,60,14.9,16.9,1.7,50,,,8,23.3
2026-09-12 21:00,22.6,62,14.9,16.9,1.8,50,,,7,22.7
2026-09-12 22:00,21.8,65,14.9,16.9,1.9,50,,,4,21.7
2026-09-12 23:00,21.3,68,15.1,17.2,1.3,70,,,7,21.1
2026-09-13 00:00,21.0,70,15.3,17.4,1.2,50,,,6,20.7
2026-09-13 01:00,20.2,75,15.6,17.7,1.1,70,,,7,20.2
2026-09-13 02:00,20.1,76,15.7,17.8,0.5,200,,,7,19.8
2026-09-13 03:00,19.9,76,15.5,17.6,0.0,0,,,7,19.3
2026-09-13 04:00,19.1,80,15.5,17.6,0.0,0,,,3,18.8
2026-09-13 05:00,19.2,79,15.4,17.5,0.1,0,,,7,18.6
2026-09-13 06:00,18.7,81,15.3,17.4,0.2,0,,,7,18.3
2026-09-13 07:00,19.1,80,15.5,17.6,0.6,270,0.12,0.3,7,19.5
2026-09-13 08:00,20.1,78,16.1,18.3,1.2,290,0.83,1.0,3,22.7
2026-09-13 09:00,22.6,65,15.6,17.7,0.4,0,1.41,1.0,6,27.0
2026-09-13 10:00,23.9,59,15.3,17.4,0.9,110,1.92,0.8,2,30.5
2026-09-13 11:00,25.8,54,15.7,17.8,1.7,250,2.66,1.0,2,34.8
2026-09-13 12:00,26.5,45,13.5,15.5,1.8,290,3.12,1.0,8,37.3
2026-09-13 13:00,27.1,41,12.7,14.7,0.8,290,2.45,0.8,8,37.0
2026-09-13 14:00,27.7,43,13.9,15.9,2.0,230,2.83,1.0,8,38.0
2026-09-13 15:00,27.8,45,14.7,16.7,1.5,290,2.47,1.0,8,36.2
2026-09-13 16:00,27.1,51,16.0,18.2,2.2,290,1.71,0.8,6,32.8
2026-09-13 17:00,26.6,54,16.5,18.8,2.2,270,1.19,0.9,7,30.2
2026-09-13 18:00,25.2,56,15.7,17.8,1.9,270,0.48,0.4,8,27.2
2026-09-13 19:00,24.3,57,15.2,17.3,2.0,50,0.03,0.0,7,24.8
2026-09-13 20:00,23.6,59,15.1,17.2,0.7,20,,,8,23.6
2026-09-13 21:00,23.2,59,14.7,16.7,1.2,70,,,7,22.9
2026-09-13 22:00,22.7,63,15.2,17.3,0.1,0,,,7,22.0
2026-09-13 23:00,21.6,68,15.4,17.5,0.6,70,,,7,21.5
2026-09-14 00:00,21.0,72,15.7,17.8,0.0,0,,,3,20.5
2026-09-14 01:00,20.1,77,15.9,18.1,0.1,0,,,3,19.7
2026-09-14 02:00,19.8,78,15.8,17.9,0.1,0,,,3,19.5
2026-09-14 03:00,19.7,79,15.9,18.1,0.0,0,,,3,19.5
2026-09-14 04:00,19.4,81,16.0,18.2,0.6,270,,,7,19.2
2026-09-14 05:00,19.0,82,15.8,17.9,0.1,0,,,7,19.2
2026-09-14 06:00,18.8,85,16.2,18.4,0.5,270,,,7,19.0
2026-09-14 07:00,19.1,84,16.3,18.5,0.1,0,0.1,0.0,6,20.0
2026-09-14 08:00,20.2,78,16.2,18.4,0.4,0,0.69,0.5,8,22.6
2026-09-14 09:00,21.7,75,17.0,19.4,0.6,250,0.95,0.2,9,25.4
2026-09-14 10:00,22.7,71,17.1,19.5,1.0,290,1.24,0.1,8,27.7
2026-09-14 11:00,23.4,69,17.3,19.7,0.5,320,1.02,0.0,9,27.7
2026-09-14 12:00,23.7,69,17.6,20.1,1.1,270,0.75,0.0,10,27.5
2026-09-14 13:00,24.2,66,17.4,19.9,1.4,270,0.84,0.0,10,28.1
2026-09-14 14:00,24.8,62,17.0,19.4,1.0,270,1.27,0.0,10,29.8
2026-09-14 15:00,25.1,61,17.0,19.4,1.0,250,1.1,0.0,9,29.7
2026-09-14 16:00,25.8,55,16.0,18.2,1.3,270,1.31,0.1,9,29.7
2026-09-14 17:00,25.9,54,15.8,17.9,1.5,270,1.13,0.8,5,28.1
2026-09-14 18:00,25.1,59,16.5,18.8,1.6,270,0.56,0.9,4,25.7
2026-09-14 19:00,23.8,60,15.5,17.6,2.0,290,0.05,0.0,3,23.6
2026-09-14 20:00,22.7,52,12.3,14.3,0.9,270,,,1,21.8
2026-09-14 21:00,22.0,49,10.7,12.9,0.7,270,,,1,20.7
2026-09-14 22:00,22.2,50,11.2,13.3,0.5,250,,,6,20.8
2026-09-14 23:00,21.6,51,11.0,13.1,0.0,0,,,4,20.1
2026-09-15 00:00,20.7,54,11.0,13.1,0.8,270,,,1,19.6
2026-09-15 01:00,19.8,60,11.8,13.8,0.3,0,,,0,18.6
2026-09-15 02:00,18.5,66,12.0,14.0,0.5,270,,,0,18.0
2026-09-15 03:00,17.8,72,12.6,14.6,0.4,0,,,0,17.6
2026-09-15 04:00,17.2,77,13.1,15.1,0.0,0,,,2,17.2
2026-09-15 05:00,17.2,80,13.7,15.7,0.2,0,,,0,17.6
2026-09-15 06:00,17.0,80,13.5,15.5,0.5,290,,,0,17.2
2026-09-15 07:00,16.7,78,12.8,14.8,0.4,0,0.03,0.0,0,17.5
2026-09-15 08:00,18.0,76,13.6,15.6,1.0,50,0.44,0.6,5,19.7
2026-09-15 09:00,19.8,65,13.0,15.0,1.6,70,1.37,0.9,1,24.7
2026-09-15 10:00,21.4,63,14.0,16.0,1.5,270,1.94,0.9,1,28.1
2026-09-15 11:00,23.9,57,14.8,16.8,0.8,270,2.54,0.9,0,33.0
2026-09-15 12:00,25.1,44,11.9,13.9,2.3,70,3.12,1.0,0,35.9
2026-09-15 13:00,26.5,43,12.8,14.8,1.8,340,3.27,1.0,1,38.7
2026-09-15 14:00,27.4,38,11.8,13.8,1.9,290,3.06,1.0,0,39.1
2026-09-15 15:00,26.7,37,10.7,12.9,2.0,250,2.7,1.0,0,36.1
2026-09-15 16:00,27.2,29,7.6,10.4,2.1,290,2.17,1.0,0,31.6
2026-09-15 17:00,27.1,26,5.9,9.3,2.0,290,1.48,1.0,0,28.2
2026-09-15 18:00,25.2,33,7.7,10.5,2.7,290,0.69,1.0,0,25.5
2026-09-15 19:00,23.6,41,9.5,11.9,2.6,270,0.05,0.2,0,23.0
2026-09-15 20:00,21.8,46,9.6,11.9,1.7,70,,,0,21.4
2026-09-15 21:00,21.7,47,9.8,12.1,1.2,70,,,0,20.5
2026-09-15 22:00,21.0,52,10.7,12.9,1.1,290,,,0,19.6
2026-09-15 23:00,19.6,57,10.8,12.9,1.1,50,,,0,19.0
2026-09-16 00:00,19.0,61,11.2,13.3,0.4,0,,,0,18.3
2026-09-16 01:00,18.3,63,11.1,13.2,0.3,0,,,5,17.8
2026-09-16 02:00,17.2,70,11.6,13.7,0.7,290,,,5,17.3
2026-09-16 03:00,17.0,68,11.0,13.1,0.9,50,,,4,17.1
2026-09-16 04:00,16.1,73,11.2,13.3,1.7,70,,,5,16.8
2026-09-16 05:00,15.6,76,11.3,13.4,2.3,50,,,3,16.6
2026-09-16 06:00,15.1,77,11.0,13.1,1.8,70,,,0,16.3
2026-09-16 07:00,14.8,77,10.7,12.9,2.3,70,0.02,0.1,0,16.5
2026-09-16 08:00,16.5,69,10.7,12.9,2.2,50,0.68,1.0,0,19.3
2026-09-16 09:00,19.2,61,11.4,13.5,1.6,90,1.45,1.0,0,25.0
2026-09-16 10:00,21.5,59,13.1,15.1,1.7,70,2.17,1.0,0,29.4
2026-09-16 11:00,24.0,55,14.3,16.3,1.7,90,2.71,1.0,0,33.7
2026-09-16 12:00,26.7,47,14.4,16.4,1.5,250,3.12,1.0,0,37.7
2026-09-16 13:00,26.7,44,13.4,15.4,1.1,50,2.62,0.7,2,35.5
2026-09-16 14:00,28.3,29,8.5,11.1,2.6,90,2.95,0.8,1,38.9
2026-09-16 15:00,28.7,31,9.8,12.1,1.8,90,2.88,1.0,1,36.4
2026-09-16 16:00,28.3,30,9.0,11.5,2.4,110,1.95,0.9,0,31.2
2026-09-16 17:00,28.5,28,8.2,10.9,3.1,110,1.48,1.0,0,28.5
2026-09-16 18:00,27.7,31,9.0,11.5,2.3,110,0.67,1.0,0,26.3
2026-09-16 19:00,26.7,36,10.3,12.5,1.8,90,0.03,0.2,0,24.3
2026-09-16 20:00,25.3,43,11.8,13.8,0.6,160,,,0,22.8
2026-09-16 21:00,24.2,48,12.4,14.4,2.4,110,,,0,22.1
2026-09-16 22:00,23.1,51,12.4,14.4,2.7,140,,,0,21.5
2026-09-16 23:00,22.2,50,11.2,13.3,2.1,110,,,0,20.7
2026-09-17 00:00,22.0,48,10.4,12.6,1.2,140,,,0,20.1
2026-09-17 01:00,21.7,47,9.8,12.1,1.2,90,,,2,19.3
2026-09-17 02:00,20.8,53,10.8,12.9,0.6,50,,,6,19.1
2026-09-17 03:00,20.2,55,10.8,12.9,1.4,20,,,6,18.6
2026-09-17 04:00,19.2,60,11.2,13.3,0.9,20,,,5,18.1
2026-09-17 05:00,18.3,64,11.3,13.4,0.8,20,,,4,17.6
2026-09-17 06:00,18.0,66,11.5,13.6,0.9,50,,,6,17.5
2026-09-17 07:00,18.2,66,11.7,13.7,2.0,20,0.09,0.3,4,17.8
2026-09-17 08:00,19.9,62,12.3,14.3,1.3,50,0.73,1.0,2,20.8
2026-09-17 09:00,21.4,59,13.0,15.0,3.0,70,1.51,1.0,1,26.3
2026-09-17 10:00,23.9,53,13.7,15.7,1.9,70,2.22,1.0,2,30.9
2026-09-17 11:00,25.7,49,14.1,16.1,1.8,70,2.46,0.8,7,35.0
2026-09-17 12:00,27.2,35,10.3,12.5,3.2,110,3.01,0.9,7,37.0
2026-09-17 13:00,27.6,38,11.9,13.9,3.4,110,2.76,0.9,8,37.6
2026-09-17 14:00,26.2,44,12.9,14.9,2.5,110,1.03,0.0,10,31.2
2026-09-17 15:00,26.2,45,13.3,15.3,2.9,90,0.71,0.0,6,29.0
2026-09-17 16:00,26.5,42,12.5,14.5,4.6,90,1.11,0.1,10,29.1
2026-09-17 17:00,25.8,43,12.2,14.2,5.0,90,0.49,0.0,10,26.8
2026-09-17 18:00,25.3,44,12.1,14.1,4.8,90,0.27,0.0,9,25.3
2026-09-17 19:00,24.7,45,11.9,13.9,3.6,90,0.01,0.0,8,23.7
2026-09-17 20:00,24.0,49,12.6,14.6,3.2,90,,,8,22.8
2026-09-17 21:00,23.5,49,12.1,14.1,2.2,90,,,7,21.9
2026-09-17 22:00,23.2,49,11.8,13.8,3.2,110,,,10,21.8
2026-09-17 23:00,23.0,50,12.0,14.0,3.4,90,,,9,21.6
2026-09-18 00:00,22.7,52,12.3,14.3,3.0,70,,,7,21.3
2026-09-18 01:00,21.8,57,12.8,14.8,1.5,20,,,10,21.0
2026-09-18 02:00,20.6,64,13.5,15.5,2.0,50,,,10,20.6
2026-09-18 03:00,20.3,64,13.2,15.2,1.8,70,,,9,20.5
2026-09-18 04:00,20.0,66,13.4,15.4,2.8,50,,,10,20.2
2026-09-18 05:00,19.8,66,13.2,15.2,3.0,50,,,10,20.0
2026-09-18 06:00,19.5,68,13.4,15.4,2.0,70,,,7,19.6
2026-09-18 07:00,19.2,70,13.5,15.5,2.1,50,0.01,0.0,7,19.3
2026-09-18 08:00,20.6,64,13.5,15.5,2.0,70,0.4,0.4,4,21.5
2026-09-18 09:00,21.8,62,14.1,16.1,2.6,50,1.16,0.8,3,25.2
2026-09-18 10:00,25.7,51,14.7,16.7,1.7,90,2.21,1.0,2,31.7
2026-09-18 11:00,27.1,43,13.4,15.4,4.6,90,2.33,0.8,4,32.7
2026-09-18 12:00,26.9,44,13.6,15.6,5.5,90,2.54,0.8,4,33.4
2026-09-18 13:00,27.7,43,13.9,15.9,3.4,90,2.74,0.8,6,35.8
2026-09-18 14:00,28.0,45,14.9,16.9,1.9,140,2.0,0.5,6,35.7
2026-09-18 15:00,28.1,43,14.3,16.3,3.2,90,1.54,0.3,7,32.3
2026-09-18 16:00,28.7,43,14.8,16.8,1.6,140,1.43,0.5,6,31.7
2026-09-18 17:00,27.4,45,14.4,16.4,1.9,140,0.76,0.2,5,28.7
2026-09-18 18:00,26.5,50,15.2,17.3,0.6,160,0.22,0.0,1,26.1
2026-09-18 19:00,26.2,50,14.9,16.9,2.3,110,0.02,0.0,1,24.3
2026-09-18 20:00,25.4,53,15.1,17.2,1.3,110,,,4,23.7
2026-09-18 21:00,24.6,55,14.9,16.9,0.7,110,,,1,22.7
2026-09-18 22:00,24.2,55,14.5,16.5,3.7,90,,,1,22.2
2026-09-18 23:00,23.7,55,14.1,16.1,1.7,90,,,3,21.6
2026-09-19 00:00,21.9,63,14.5,16.5,1.8,50,,,2,20.7
2026-09-19 01:00,21.5,64,14.3,16.3,1.0,50,,,5,20.1
2026-09-19 02:00,21.0,63,13.6,15.6,2.3,70,,,7,20.0
2026-09-19 03:00,20.4,67,14.0,16.0,1.6,50,,,9,19.7
2026-09-19 04:00,20.1,68,14.0,16.0,1.2,50,,,8,19.5
2026-09-19 05:00,19.2,71,13.8,15.8,1.5,50,,,9,19.5
2026-09-19 06:00,18.6,73,13.6,15.6,2.6,50,,,9,19.3
2026-09-19 07:00,18.7,73,13.7,15.7,2.3,50,0.0,0.0,9,19.6
2026-09-19 08:00,20.2,68,14.0,16.0,2.3,50,0.43,0.2,8,22.3
2026-09-19 09:00,20.6,67,14.2,16.2,2.8,70,0.77,0.1,8,23.3
2026-09-19 10:00,23.5,58,14.7,16.7,2.0,70,2.04,0.8,3,30.3
2026-09-19 11:00,25.2,54,15.2,17.3,1.2,90,2.66,1.0,2,34.5
2026-09-19 12:00,26.5,49,14.9,16.9,1.8,50,3.03,0.9,7,37.5
2026-09-19 13:00,27.5,47,15.1,17.2,3.1,110,2.17,0.4,5,38.3
2026-09-19 14:00,28.3,45,15.2,17.3,2.5,110,2.99,0.9,4,39.5
2026-09-19 15:00,28.3,45,15.2,17.3,3.0,70,1.89,0.6,6,35.4
2026-09-19 16:00,27.4,45,14.4,16.4,2.8,90,0.96,0.2,7,30.3
2026-09-19 17:00,27.7,48,15.6,17.7,3.7,90,1.35,0.8,5,29.7
2026-09-19 18:00,26.7,52,16.0,18.2,2.8,50,0.18,0.1,1,26.6
2026-09-19 19:00,26.1,54,16.0,18.2,2.2,90,0.03,0.0,1,24.8
2026-09-19 20:00,25.5,56,16.0,18.2,2.3,110,,,0,23.7
2026-09-19 21:00,24.7,58,15.8,17.9,1.3,90,,,0,22.8
2026-09-19 22:00,24.1,59,15.5,17.6,1.3,90,,,0,22.1
2026-09-19 23:00,23.2,62,15.5,17.6,2.0,90,,,4,21.6
2026-09-20 00:00,22.6,65,15.6,17.7,0.4,0,,,0,21.0
2026-09-20 01:00,21.7,70,15.9,18.1,0.6,50,,,0,20.5
2026-09-20 02:00,20.6,74,15.7,17.8,1.2,50,,,0,20.1
2026-09-20 03:00,19.8,77,15.6,17.7,1.1,50,,,0,19.5
2026-09-20 04:00,19.2,80,15.6,17.7,1.5,50,,,0,19.1
2026-09-20 05:00,18.7,80,15.1,17.2,1.4,70,,,0,18.7
2026-09-20 06:00,18.2,79,14.4,16.4,1.1,70,,,0,18.3
2026-09-20 07:00,18.2,78,14.2,16.2,1.5,50,0.07,0.2,2,18.6
2026-09-20 08:00,19.3,75,14.7,16.7,2.0,90,0.61,0.8,0,21.2
2026-09-20 09:00,21.2,66,14.5,16.5,2.4,50,1.46,1.0,0,26.3
2026-09-20 10:00,22.7,61,14.7,16.7,1.1,90,2.18,1.0,0,30.7
2026-09-20 11:00,25.1,51,14.2,16.2,2.3,70,2.71,1.0,0,34.7
2026-09-20 12:00,26.5,42,12.5,14.5,2.0,70,3.08,1.0,0,37.9
2026-09-20 13:00,26.5,41,12.1,14.1,2.6,70,3.2,1.0,0,39.5
2026-09-20 14:00,27.8,36,11.3,13.4,3.2,70,3.03,1.0,1,39.3
2026-09-20 15:00,28.0,35,11.1,13.2,3.4,70,2.6,1.0,1,35.9
2026-09-20 16:00,28.8,31,9.9,12.2,1.6,340,2.09,1.0,0,31.7
2026-09-20 17:00,28.1,33,10.3,12.5,1.9,70,1.35,1.0,0,28.8
2026-09-20 18:00,27.1,32,8.9,11.4,2.7,50,0.55,0.8,0,26.2
2026-09-20 19:00,25.3,55,15.6,17.7,0.9,270,0.01,0.0,0,24.2
2026-09-20 20:00,24.2,59,15.6,17.7,1.6,270,,,0,23.0
2026-09-20 21:00,23.0,65,16.0,18.2,0.9,270,,,0,22.0
2026-09-20 22:00,22.5,69,16.5,18.8,0.5,290,,,0,21.2
2026-09-20 23:00,22.1,72,16.8,19.1,0.3,0,,,0,20.8
2026-09-21 00:00,22.0,74,17.1,19.5,0.6,90,,,0,20.7
2026-09-21 01:00,21.0,71,15.5,17.6,0.0,0,,,4,19.7
2026-09-21 02:00,20.2,73,15.1,17.2,0.8,140,,,0,19.3
2026-09-21 03:00,19.5,76,15.1,17.2,0.1,0,,,0,18.7
2026-09-21 04:00,18.8,78,14.8,16.8,1.1,20,,,0,18.7
2026-09-21 05:00,18.2,80,14.6,16.6,1.2,50,,,4,18.3
2026-09-21 06:00,18.2,80,14.6,16.6,1.8,70,,,0,18.1
2026-09-21 07:00,17.7,80,14.1,16.1,1.3,50,0.05,0.2,0,18.2
2026-09-21 08:00,19.5,73,14.5,16.5,0.3,0,0.59,0.8,0,21.0
2026-09-21 09:00,21.2,64,14.1,16.1,1.6,70,1.43,1.0,0,26.0
2026-09-21 10:00,23.1,58,14.3,16.3,1.2,90,2.16,1.0,0,30.7
2026-09-21 11:00,24.4,53,14.1,16.1,1.2,290,2.67,1.0,0,34.9
2026-09-21 12:00,25.3,49,13.8,15.8,1.2,320,3.0,1.0,0,38.2
2026-09-21 13:00,27.6,46,14.9,16.9,1.4,270,3.07,1.0,1,40.7
2026-09-21 14:00,27.5,44,14.1,16.1,1.9,270,2.88,1.0,0,40.5
2026-09-21 15:00,28.8,37,12.6,14.6,2.9,70,2.58,1.0,0,36.4
2026-09-21 16:00,28.8,34,11.3,13.4,2.4,90,2.02,1.0,0,32.0
2026-09-21 17:00,28.5,34,11.1,13.2,2.4,70,1.31,1.0,0,29.2
2026-09-21 18:00,27.9,34,10.5,12.7,1.9,50,0.5,0.7,0,26.9
2026-09-21 19:00,27.1,36,10.7,12.9,1.3,50,0.01,0.0,0,24.7
2026-09-21 20:00,26.1,45,13.2,15.2,0.8,90,,,3,23.2
2026-09-21 21:00,24.3,51,13.5,15.5,0.1,0,,,0,22.0
2026-09-21 22:00,23.1,55,13.5,15.5,0.4,0,,,1,21.6
2026-09-21 23:00,22.7,58,14.0,16.0,0.3,0,,,2,21.0
2026-09-22 00:00,21.5,64,14.3,16.3,0.2,0,,,4,20.3
2026-09-22 01:00,20.7,65,13.8,15.8,0.7,270,,,3,19.7
2026-09-22 02:00,20.3,66,13.7,15.7,0.1,0,,,3,19.0
2026-09-22 03:00,19.7,65,12.9,14.9,1.7,50,,,0,19.0
2026-09-22 04:00,19.1,68,13.0,15.0,0.9,50,,,0,18.7
2026-09-22 05:00,18.8,67,12.5,14.5,1.2,50,,,0,18.2
2026-09-22 06:00,18.5,67,12.2,14.2,2.0,50,,,0,18.1
2026-09-22 07:00,18.7,66,12.2,14.2,0.3,0,0.05,0.2,3,18.4
2026-09-22 08:00,19.9,61,12.1,14.1,2.2,70,0.53,0.7,0,20.8
2026-09-22 09:00,22.2,56,12.9,14.9,1.6,90,1.39,1.0,0,25.9
2026-09-22 10:00,24.3,52,13.8,15.8,0.7,320,2.08,1.0,0,31.0
2026-09-22 11:00,26.0,50,14.7,16.7,1.3,160,2.62,1.0,0,35.4
2026-09-22 12:00,27.1,44,13.7,15.7,1.4,140,2.98,1.0,0,38.5
2026-09-22 13:00,27.7,41,13.2,15.2,1.1,230,3.11,1.0,0,41.2
2026-09-22 14:00,28.3,42,14.1,16.1,1.3,50,2.74,0.9,2,40.2
2026-09-22 15:00,29.1,36,12.4,14.4,3.2,70,1.95,0.7,2,35.2
2026-09-22 16:00,28.7,36,12.1,14.1,3.2,90,1.75,0.5,7,33.0
2026-09-22 17:00,28.1,38,12.4,14.4,2.8,70,0.87,0.0,7,30.5
2026-09-22 18:00,27.7,41,13.2,15.2,1.8,110,0.28,0.0,8,28.2
2026-09-22 19:00,26.7,42,12.7,14.7,1.3,140,0.01,0.0,8,25.8
2026-09-22 20:00,26.2,43,12.6,14.6,0.8,140,,,6,24.3
2026-09-22 21:00,25.3,49,13.8,15.8,0.7,50,,,8,23.6
2026-09-22 22:00,24.2,53,14.0,16.0,1.8,140,,,5,22.7
2026-09-22 23:00,23.6,56,14.3,16.3,1.3,110,,,0,21.8
2026-09-23 00:00,23.1,56,13.8,15.8,0.8,160,,,0,21.1
2026-09-23 01:00,22.5,58,13.8,15.8,0.2,0,,,0,20.3
2026-09-23 02:00,21.7,63,14.3,16.3,0.3,0,,,0,19.8
2026-09-23 03:00,20.7,67,14.3,16.3,0.3,0,,,0,19.2
2026-09-23 04:00,19.7,72,14.5,16.5,0.5,270,,,0,18.8
2026-09-23 05:00,19.2,76,14.8,16.8,0.3,0,,,0,18.2
2026-09-23 06:00,18.8,76,14.4,16.4,0.6,340,,,0,18.2
2026-09-23 07:00,19.2,74,14.4,16.4,0.6,270,0.05,0.2,0,18.6
2026-09-23 08:00,21.0,66,14.3,16.3,0.2,0,0.5,0.6,0,21.2
2026-09-23 09:00,22.4,61,14.5,16.5,1.2,200,1.35,1.0,0,26.4
2026-09-23 10:00,23.8,59,15.2,17.3,1.1,250,2.09,1.0,0,31.1
2026-09-23 11:00,25.6,53,15.3,17.4,1.3,200,2.6,1.0,1,35.3
2026-09-23 12:00,26.4,50,15.1,17.2,1.6,180,2.92,1.0,4,39.5
2026-09-23 13:00,26.7,50,15.4,17.5,0.8,320,2.09,0.6,4,36.2
2026-09-23 14:00,28.1,46,15.3,17.4,1.7,320,2.62,0.8,5,40.4
2026-09-23 15:00,28.4,43,14.6,16.6,1.8,270,2.57,1.0,3,37.5
2026-09-23 16:00,28.0,44,14.6,16.6,1.4,270,1.56,0.8,3,32.0
2026-09-23 17:00,27.9,44,14.5,16.5,2.3,290,1.03,0.9,7,30.2
2026-09-23 18:00,27.0,46,14.3,16.3,1.9,290,0.3,0.1,6,27.6
2026-09-23 19:00,25.7,54,15.6,17.7,1.8,290,0.02,0.0,7,25.3
2026-09-23 20:00,24.8,59,16.2,18.4,1.8,270,,,5,24.2
2026-09-23 21:00,24.0,61,16.0,18.2,1.1,250,,,0,22.8
2026-09-23 22:00,23.5,65,16.5,18.8,1.6,270,,,0,22.2
2026-09-23 23:00,23.2,68,16.9,19.2,0.3,0,,,0,21.5
2026-09-24 00:00,22.5,71,16.9,19.2,0.9,270,,,0,21.0
2026-09-24 01:00,22.2,72,16.9,19.2,0.3,0,,,0,21.6
2026-09-24 02:00,21.7,74,16.8,19.1,1.1,270,,,0,21.1
2026-09-24 03:00,20.9,77,16.7,19.0,1.0,270,,,6,20.7
2026-09-24 04:00,20.6,80,17.0,19.4,0.6,250,,,3,20.0
2026-09-24 05:00,20.5,81,17.1,19.5,0.6,270,,,7,20.2
2026-09-24 06:00,19.7,82,16.5,18.8,1.3,50,,,8,20.3
2026-09-24 07:00,20.3,79,16.5,18.8,0.1,0,0.07,0.0,9,21.2
2026-09-24 08:00,21.2,78,17.2,19.6,0.6,230,0.53,0.3,5,23.4
2026-09-24 09:00,22.8,75,18.1,20.8,1.4,200,1.22,0.7,5,27.7
2026-09-24 10:00,23.2,70,17.4,19.9,1.0,270,1.09,0.3,7,28.0
2026-09-24 11:00,24.3,64,17.0,19.4,0.8,250,1.64,0.6,6,31.5
2026-09-24 12:00,25.2,55,15.5,17.6,1.7,70,2.31,0.7,6,35.3
2026-09-24 13:00,25.9,52,15.2,17.3,1.9,70,1.94,0.6,8,34.0
2026-09-24 14:00,26.8,52,16.1,18.3,1.3,70,1.72,0.1,8,34.6
2026-09-24 15:00,27.1,49,15.4,17.5,2.1,70,1.62,0.2,8,32.8
2026-09-24 16:00,27.0,46,14.3,16.3,2.2,70,0.91,0.1,9,30.3
2026-09-24 17:00,26.2,49,14.6,16.6,2.5,70,0.55,0.0,9,28.0
2026-09-24 18:00,25.7,51,14.7,16.7,1.0,50,0.08,0.0,10,26.1
2026-09-24 19:00,24.8,58,15.9,18.1,1.4,290,0.0,0.0,10,24.7
2026-09-24 20:00,23.9,63,16.4,18.6,0.2,0,,,9,23.8
2026-09-24 21:00,23.6,62,15.8,17.9,0.7,270,,,7,23.0
2026-09-24 22:00,22.8,67,16.3,18.5,1.0,50,,,5,21.7
2026-09-24 23:00,22.6,69,16.6,18.9,2.3,50,,,10,22.0
2026-09-25 00:00,21.7,74,16.8,19.1,0.3,0,,,8,21.5
2026-09-25 01:00,21.5,72,16.2,18.4,0.9,90,,,10,21.6
2026-09-25 02:00,20.9,75,16.2,18.4,1.1,50,,,9,21.2
2026-09-25 03:00,20.8,74,15.9,18.1,1.7,50,,,8,21.1
2026-09-25 04:00,20.2,77,16.0,18.2,1.8,50,,,10,20.7
2026-09-25 05:00,19.7,78,15.7,17.8,1.6,70,,,9,20.3
2026-09-25 06:00,19.7,78,15.7,17.8,1.9,70,,,9,20.2
2026-09-25 07:00,19.8,76,15.4,17.5,0.9,20,0.0,0.0,10,20.3
2026-09-25 08:00,20.6,74,15.7,17.8,1.5,70,0.18,0.0,9,21.9
2026-09-25 09:00,21.8,70,16.0,18.2,0.6,290,0.38,0.0,10,23.4
2026-09-25 10:00,22.7,66,16.0,18.2,1.3,70,0.61,0.0,10,25.2
2026-09-25 11:00,24.4,55,14.7,16.7,0.6,200,0.82,0.0,10,27.2
2026-09-25 12:00,24.5,56,15.1,17.2,1.0,160,0.73,0.0,10,26.8
2026-09-25 13:00,25.2,56,15.7,17.8,1.4,140,0.79,0.0,10,28.2
2026-09-25 14:00,24.2,63,16.7,19.0,1.8,140,0.54,0.0,10,25.9
2026-09-25 15:00,23.5,67,17.0,19.4,1.6,110,0.46,0.0,10,24.3
2026-09-25 16:00,22.5,74,17.6,20.1,1.7,50,0.24,0.0,10,23.0
2026-09-25 17:00,21.2,86,18.7,21.6,0.1,0,0.07,0.0,10,22.5
2026-09-25 18:00,20.8,80,17.2,19.6,0.6,270,0.02,0.0,10,22.0
2026-09-25 19:00,20.6,84,17.7,20.2,0.9,110,0.0,0.0,10,21.3
2026-09-25 20:00,20.3,88,18.2,20.9,1.6,50,,,10,20.8
2026-09-25 21:00,19.7,89,17.8,20.4,2.2,70,,,10,20.7
2026-09-25 22:00,19.6,90,17.9,20.5,1.2,50,,,10,20.5
2026-09-25 23:00,19.7,84,16.9,19.2,1.5,90,,,10,20.2
2026-09-26 00:00,19.7,79,15.9,18.1,1.1,70,,,10,20.1
2026-09-26 01:00,19.2,85,16.6,18.9,1.4,50,,,10,19.9
2026-09-26 02:00,19.2,81,15.8,17.9,0.8,140,,,10,19.8
2026-09-26 03:00,19.3,79,15.5,17.6,0.2,0,,,10,19.8
2026-09-26 04:00,19.2,79,15.4,17.5,0.6,50,,,10,19.7
2026-09-26 05:00,19.1,79,15.3,17.4,0.8,50,,,10,19.5
2026-09-26 06:00,19.2,79,15.4,17.5,0.3,0,,,10,19.6
2026-09-26 07:00,19.6,75,15.0,17.0,0.5,70,0.0,0.0,10,19.6
2026-09-26 08:00,19.5,76,15.1,17.2,1.5,50,0.15,0.0,10,20.3
2026-09-26 09:00,20.2,74,15.4,17.5,2.0,50,0.55,0.0,9,22.0
2026-09-26 10:00,20.6,74,15.7,17.8,1.9,50,0.67,0.0,9,23.0
2026-09-26 11:00,21.7,70,15.9,18.1,2.9,50,1.46,0.2,9,26.2
2026-09-26 12:00,23.8,61,15.8,17.9,2.8,70,2.68,0.8,7,29.8
2026-09-26 13:00,23.1,64,15.9,18.1,3.4,50,1.83,0.2,9,28.3
2026-09-26 14:00,24.1,60,15.8,17.9,3.1,50,2.3,0.8,8,30.1
2026-09-26 15:00,24.5,60,16.2,18.4,2.3,70,1.82,0.6,8,28.4
2026-09-26 16:00,24.6,60,16.3,18.5,1.8,70,0.97,0.3,9,26.7
2026-09-26 17:00,24.7,59,16.1,18.3,0.8,90,0.53,0.0,9,25.5
2026-09-26 18:00,24.2,58,15.4,17.5,0.8,180,0.09,0.1,9,24.2
2026-09-26 19:00,23.6,61,15.6,17.7,0.6,110,0.0,0.0,8,22.7
2026-09-26 20:00,23.0,64,15.8,17.9,0.7,140,,,8,21.7
2026-09-26 21:00,22.7,66,16.0,18.2,0.5,160,,,7,20.8
2026-09-26 22:00,21.7,72,16.4,18.6,0.1,0,,,9,20.2
2026-09-26 23:00,20.7,79,16.9,19.2,0.4,0,,,7,19.6
